created_at_utc,card_name,site_price_usd,price_tier,at_least_2h_old,outcome
2026-10-08T07:52:12.000Z,Pokémon Scarlet & Violet Destined Rivals (1 Booster Pack - Art May Vary),10.7,0-25,true,held
2026-10-08T07:52:24.000Z,2024 Panini Donruss #389 Jayden Daniels - Optic Preview-Red Wave (PSA 10 GEM MINT),88.9,25-100,true,held
2026-10-08T07:52:25.000Z,2022 Bowman Chrome Prospect Autographs #CPARR Ryan Reckley - Refractor (PSA 9 MINT),13,0-25,true,sold_back
2026-10-08T07:52:33.000Z,2023 Pokémon Sv2p-Snow Hazard #073 Marill - Art Rare (PSA 10 GEM MINT),58,25-100,true,sold_back
2026-10-08T07:52:37.000Z,2024 High Class Pack: Terastal Fest ex - sv8a #078/187 Iron Crown ex - Holo (CGC 10 PRISTINE),17.2,0-25,true,sold_back
2026-10-08T07:52:37.000Z,2025 Pokémon Simplified CBB2 C-Gem Pack Vol 2 #15 Eevee (PSA 8 NM-MT),69.5,25-100,true,sold_back
2026-10-08T07:52:39.000Z,2022 Pokémon Sword & Shield Vstar Universe #186 Diancie - Full Art (PSA 10 GEM MINT),44.8,25-100,true,sold_back
2026-10-08T07:52:40.000Z,2014 Topps Update #US50 Jacob DeGrom (PSA 10 GEM MINT),33,25-100,true,sold_back
2026-10-08T07:52:42.000Z,2021 Pokémon Asia 25th Anniversary Promo #005 Pikachu V - Holo Golden Box (PSA 10 GEM MINT),44.2,25-100,true,sold_back
2026-10-08T07:52:45.000Z,2024 Bowman Chrome University #39 Kam Jones - Team Logo Variation (PSA 10 GEM MINT),43,25-100,true,held
2026-10-08T07:52:49.000Z,2016 Pokémon XY Pokekyun Collection #009 Froslass - 1st Edition (PSA 9 MINT),36.6,25-100,true,sold_back
2026-10-08T07:52:51.000Z,2026 One Piece Japanese Premium Card Collection Kumamoto Prefecture Special Don!! Card - Brook (PSA 9 MINT),20.9,0-25,true,sold_back
2026-10-08T07:52:54.000Z,2024 Upper Deck #492 Matvei Michkov (PSA 10 GEM MINT),192.1,100-500,true,sold_back
2026-10-08T07:52:55.000Z,2024 Pokémon Sv5a-Crimson Haze #069 Torkoal - Art Rare (PSA 10 GEM MINT),23.2,0-25,true,sold_back
2026-10-08T07:53:06.000Z,1982 Topps #781 Pete Rose - In Action (PSA 9 MINT),40,25-100,true,sold_back
2026-10-08T07:53:07.000Z,2023 Pokémon Sv2a-Pokémon Card 151 #181 Snorlax - Art Rare (PSA 10 GEM MINT),71.8,25-100,true,sold_back
2026-10-08T07:53:10.000Z,2021 Pokémon Swsh Black Star Promo #126 Galarian Slowpoke - Holo Evolving Skies Single Pack Blisters (PSA 9 MINT),89,25-100,true,held
2026-10-08T07:53:18.000Z,2024 Pokémon Sv8a-Terastal Fest EX #195 Friends in Paldea - Super Rare (PSA 10 GEM MINT),58.4,25-100,true,sold_back
2026-10-08T07:53:27.000Z,2024 Topps Now #13 Stephen Curry (PSA 10 GEM MINT),78.1,25-100,true,held
2026-10-08T07:53:30.000Z,1953 Topps #195 Ed McGhee (PSA 4 VG-EX),21.5,0-25,true,sold_back
2026-10-08T07:53:31.000Z,2024 One Piece Japanese OP09-Emperors in the New World #119 Monkey D. Luffy (PSA 9 MINT),20.3,0-25,true,sold_back
2026-10-08T07:53:39.000Z,1999 Pokémon Game #6 Gyarados - Holo (PSA 7 NM),73.5,25-100,true,sold_back
2026-10-08T07:53:39.000Z,2025 Bowman Greatness Loading #GL9 Kevin Mcgonigle (PSA 8 NM-MT),31,25-100,true,sold_back
2026-10-08T07:53:40.000Z,2025 Phantasmal Flames - PFL EN #105/094 Wigglytuff - Illustration Rare Holo (CGC 10 GEM MINT),21.7,0-25,true,sold_back
2026-10-08T07:53:48.000Z,1986 Fleer #91 Doc Rivers (PSA 8 NM-MT),40.4,25-100,true,sold_back
2026-10-08T07:53:48.000Z,"Batman #357 CGC 9.4 White Pages (DC Comics, 3/83) - Universal",179,100-500,true,sold_back
2026-10-08T07:53:52.000Z,2025 Pokémon M2-Inferno X #094 Mega Charizard X EX - Holo Super Rare (PSA 10 GEM MINT),62.7,25-100,true,sold_back
2026-10-08T07:53:57.000Z,1998 Pokémon Gym Deck Potion (PSA 10 GEM MINT),69.7,25-100,true,sold_back
2026-10-08T07:53:58.000Z,2023 Triplet Beat #083/073 Mismagius - Art Rare Holo (CGC 10 GEM MINT),19.9,0-25,true,sold_back
2026-10-08T07:54:04.000Z,2024 Upper Deck #708 Sebastian Cossa (PSA 10 GEM MINT),94.9,25-100,true,sold_back
2026-10-08T07:54:06.000Z,2024 Pokémon Svp EN-SV Black Star Promo #190 Pikachu - World Championships (PSA 9 MINT),31.2,25-100,true,sold_back
2026-10-08T07:54:07.000Z,2025 Mega Dream ex - M2a #126/193 Mega Dragonite ex - Holo (CGC 10 PRISTINE),17.8,0-25,true,sold_back
2026-10-08T07:54:16.000Z,2022 Pokémon Sword & Shield Silver Tempest #196 Serperior Vstar - Full Art Secret (PSA 9 MINT),25.9,25-100,true,sold_back
2026-10-08T07:54:18.000Z,2022 Pokémon Go #028 Pikachu - Holo (PSA 10 GEM MINT),71.9,25-100,true,sold_back
2026-10-08T07:54:19.000Z,2022 Bowman Draft Chrome Sapphire Edition #BDC47 Kevin Parada - Yellow (PSA 9 MINT),15.7,0-25,true,sold_back
2026-10-08T07:54:22.000Z,Pokémon Scarlet & Violet Destined Rivals (1 Booster Pack - Art May Vary),10.7,0-25,true,sold_back
2026-10-08T07:54:31.000Z,2012 SP Authentic #1 Michael Jordan (PSA 8 NM-MT),25.5,25-100,true,sold_back
2026-10-08T07:54:31.000Z,2019 Upper Deck #201 Jack Hughes (PSA 8 NM-MT),88,25-100,true,sold_back
2026-10-08T07:54:31.000Z,2023 Pokémon Clk-Trading Card Game Classic Blastoise & Suicune EX Deck #014 Mewtwo (PSA 10 GEM MINT),111.8,100-500,true,sold_back
2026-10-08T07:54:33.000Z,2021 VMAX Climax #190/184 Kingdra - Character Rare Holo (CGC 10 PRISTINE),30,25-100,true,sold_back
2026-10-08T07:54:34.000Z,1986 Topps #191 Ozzie Newsome (PSA 8 NM-MT),18.9,0-25,true,sold_back
2026-10-08T07:54:34.000Z,Astral Radiance #TG03/TG30 Kingdra - Trainer Gallery Holo (CGC 8 NM-MT),10.9,0-25,true,sold_back
2026-10-08T07:54:36.000Z,2024 Paldean Fates - PAF EN #059/091 Paldean Clodsire ex - Holo (CGC 9 MINT),13.6,0-25,true,sold_back
2026-10-08T07:54:37.000Z,2024 Pokémon Simplified Cs5a C-Gallant Galaxy: Charm #001 Charmander (PSA 10 GEM MINT),55.8,25-100,true,sold_back
2026-10-08T07:54:39.000Z,2024 Pokémon Simplified Cs5a C-Gallant Galaxy: Charm #001 Charmander (PSA 10 GEM MINT),55.8,25-100,true,sold_back
2026-10-08T07:54:42.000Z,2019 Panini Donruss Optic #180 Coby White - Blue (PSA 9 MINT),45,25-100,true,held
2026-10-08T07:54:48.000Z,2023 Pokémon Card 151 #170/165 Squirtle - Art Rare Holo (CGC 8 NM-MT),21.3,0-25,true,sold_back
2026-10-08T07:54:49.000Z,2025 Black Star Promos - Mega Evolution MEP EN #024 Oricorio ex - Mega Charizard X ex Ultra Premium Collection (Holo) (CGC 10 PRISTINE),73.6,25-100,true,redeemed
2026-10-08T07:54:51.000Z,2025 Pokémon Simplified CBB3 C-Gem Pack Vol 3 #07 Morpeko (PSA 10 GEM MINT),54.4,25-100,true,sold_back
2026-10-08T07:54:54.000Z,2019 Panini Prizm #39 Jayson Tatum - Silver Prizm (PSA 9 MINT),21.1,0-25,true,sold_back
2026-10-08T07:54:55.000Z,2025 Pokémon Pre EN-Prismatic Evolutions #060 Umbreon EX - Holo Surprise Box Exclusive (PSA 10 GEM MINT),108.8,100-500,true,held
2026-10-08T07:54:57.000Z,2020 Bowman Draft #BD57 Jordan Walker - Chrome-Refractor (PSA 9 MINT),20.1,0-25,true,sold_back
2026-10-08T07:54:57.000Z,2025 Pokémon M2a-Mega Dream EX #224 Mega Froslass EX - Holo Mega Attack Rare (PSA 10 GEM MINT),30.5,25-100,true,sold_back
2026-10-08T07:54:58.000Z,2021 Pokémon Celebrations #013 Cosmog (PSA 8 NM-MT),17.6,0-25,true,sold_back
2026-10-08T07:55:00.000Z,2024 Upper Deck #499 Macklin Celebrini/Will Smith (PSA 9 MINT),76.3,25-100,true,sold_back
2026-10-08T07:55:00.000Z,2025 Mega Dream ex - M2a #199/193 Psyduck - Art Rare Holo (CGC 10 GEM MINT),22.9,0-25,true,sold_back
2026-10-08T07:55:06.000Z,1992 Ultra #216 Michael Jordan (CGC 8 NM-MT),20.8,0-25,true,held
2026-10-08T07:55:06.000Z,2024 Topps Now Olympic Games #26 Kevin Durant/LeBron James/Steph Curry (PSA 8 NM-MT),23.9,0-25,true,held
2026-10-08T07:55:06.000Z,2025 Topps #201 Cooper Flagg (PSA 9 MINT),23.2,0-25,true,held
2026-10-08T07:55:06.000Z,2025 Topps #201 Cooper Flagg (PSA 9 MINT),23.2,0-25,true,held
2026-10-08T07:55:12.000Z,2025 Pokémon Pfl EN-Phantasmal Flames #056 Mega Gengar EX - Holo (PSA 10 GEM MINT),52.4,25-100,true,sold_back
2026-10-08T07:55:21.000Z,2020 Sword & Shield Promos - Traditional #128/S-P Leafeon V - Holo Brilliant Diamond Pre-Order (CGC 10 PRISTINE),22.3,0-25,true,sold_back
2026-10-08T07:55:28.000Z,2024 Pokémon Sv8a-Terastal Fest EX #200 Leafeon EX - Holo Special Art Rare (PSA 10 GEM MINT),110.7,100-500,true,sold_back
2026-10-08T07:55:28.000Z,2025 Pokémon M1l-Mega Brave #064 Bulbasaur - Art Rare (PSA 10 GEM MINT),48,25-100,true,sold_back
2026-10-08T07:55:30.000Z,2025 Panini Phoenix Color Blast #12 Colston Loveland (PSA 8 NM-MT),201.4,100-500,true,sold_back
2026-10-08T07:55:31.000Z,2023 Clay Burst #079/071 Tyranitar - Art Rare Holo (CGC 10 GEM MINT),23.1,0-25,true,sold_back
2026-10-08T07:55:37.000Z,2024 Topps Now #D1 Caleb Williams (BGS 9.5 GEM MINT),36.8,25-100,true,held
2026-10-08T07:55:45.000Z,2025 Pokémon M2a-Mega Dream EX #207 Medicham - Art Rare (PSA 10 GEM MINT),32.1,25-100,true,sold_back
2026-10-08T07:55:46.000Z,2017 Pokémon Premium Trainer XY Collection Promo #111a Shauna - Full Art (CGC 8.5 NM-MT+),42.1,25-100,true,sold_back
2026-10-08T07:55:48.000Z,1991 Upper Deck #335 Dominik Hasek (PSA 10 GEM MINT),76.7,25-100,true,sold_back
2026-10-08T07:55:48.000Z,2025 Black Bolt - sv11B #116/086 Emolga - Art Rare Holo (CGC 10 PRISTINE),27.8,25-100,true,sold_back
2026-10-08T07:55:51.000Z,2026 Pokémon M3-Nullifying Zero #114 Meowth EX - Holo Special Art Rare (PSA 10 GEM MINT),84.7,25-100,true,sold_back
2026-10-08T07:56:01.000Z,2025 Topps #201 Cooper Flagg (PSA 9 MINT),23.2,0-25,true,sold_back
2026-10-08T07:56:03.000Z,"Amazing Spider-Man #298 CGC 9.6 White Pages (Marvel Comics, 3/88) - Universal",204,100-500,true,sold_back
2026-10-08T07:56:06.000Z,2024 Journey Together - JTG EN #164/159 Lillie's Ribombee - Illustration Rare Holo (CGC 10 GEM MINT),22.4,0-25,true,sold_back
2026-10-08T07:56:07.000Z,Pokémon Scarlet & Violet Prismatic Evolutions (1 Booster Pack - Art May Vary),17.3,0-25,true,sold_back
2026-10-08T07:56:16.000Z,2018 Panini Prizm #251 Lonnie Walker IV (PSA 10 GEM MINT),12.5,0-25,true,sold_back
2026-10-08T07:56:16.000Z,2021-2022 Upper Deck #469 Moritz Seider (PSA 10 GEM MINT),71.9,25-100,true,sold_back
2026-10-08T07:56:24.000Z,2023 Pokémon Card 151 #002/165 Ivysaur - Reverse Holo Master Ball (CGC 10 GEM MINT),17.5,0-25,true,sold_back
2026-10-08T07:56:27.000Z,Pokémon Scarlet & Violet Destined Rivals (1 Booster Pack - Art May Vary),10.7,0-25,true,sold_back
2026-10-08T07:56:28.000Z,2022 Pokémon Swsh Black Star Promo #261 Charizard Vmax - Full Art Sword & Shield Ultra-Premium Collection-Charizard (PSA 9 MINT),71.5,25-100,true,redeemed
2026-10-08T07:56:30.000Z,2021 Topps Chrome MLS Sapphire Edition #115 Caden Clark (PSA 9 MINT),10.9,0-25,true,sold_back
2026-10-08T07:56:30.000Z,2024 Stellar Crown - SCR EN #115/142 Noctowl - Play! Pokémon Prize Pack Series (Cosmos Holo) Holo (CGC 9 MINT),12.9,0-25,true,sold_back
2026-10-08T07:56:31.000Z,"X-Men #134 CGC 9.6 White Pages (Marvel Comics, 6/80) - Universal",217,100-500,true,sold_back
2026-10-08T07:56:36.000Z,2025 Mega Dream ex - M2a #205/193 Team Rocket's Mimikyu - Art Rare Holo (CGC 10 PRISTINE),26.4,25-100,true,sold_back
2026-10-08T07:56:37.000Z,Pokemon Sword & Shield Astral Radiance (1 Booster Pack - Art May Vary),13.6,0-25,true,held
2026-10-08T07:56:42.000Z,1992 Topps Gold #393 Alonzo Mourning (PSA 9 MINT),18.1,0-25,true,sold_back
2026-10-08T07:56:43.000Z,1981 O-Pee-Chee #148 Larry Murphy (BGS 8 NM-MT),81.7,25-100,true,sold_back
2026-10-08T07:56:43.000Z,2023 Pokémon Sv2a-Pokémon Card 151 #183 Mewtwo - Art Rare (PSA 10 GEM MINT),86.7,25-100,true,sold_back
2026-10-08T07:56:43.000Z,Pokémon Scarlet & Violet Destined Rivals (1 Booster Pack - Art May Vary),10.7,0-25,true,sold_back
2026-10-08T07:56:49.000Z,2024 Pokémon Sv8a-Terastal Fest EX #206 Glaceon EX - Holo Special Art Rare (PSA 10 GEM MINT),101.2,100-500,true,held
2026-10-08T07:56:51.000Z,2023 Pokémon Card 151 #184/165 Venusaur ex - Super Rare Holo (CGC 10 PRISTINE),21.6,0-25,true,sold_back
2026-10-08T07:56:54.000Z,2021 VMAX Climax #074/184 Sylveon V - Holo (CGC 10 PRISTINE),23.9,0-25,true,sold_back
2026-10-08T07:56:55.000Z,2025 Black Star Promos - Mega Evolution MEP EN #012 Mega Lucario ex - Mega Lucario ex Figure Collection (Holo) (CGC 9.5 MINT+),18.1,0-25,true,sold_back
2026-10-08T07:56:57.000Z,2025 Black Bolt - BLK EN #038/086 Duosion - Reverse Holo Poké Ball (CGC 10 PRISTINE),32.79,25-100,true,sold_back
2026-10-08T07:57:06.000Z,2025 Mega Dream ex - M2a #092/193 Mega Lucario ex - Holo (CGC 10 GEM MINT),10.8,0-25,true,held
2026-10-08T07:57:12.000Z,1985 O-Pee-Chee #262 Mario Lemieux - Rookie Scoring Leaders (PSA 6 EX-MT),45.9,25-100,true,sold_back
2026-10-08T07:57:15.000Z,2023 Pokémon Card 151 #184/165 Venusaur ex - Super Rare Holo (CGC 9 MINT),12.7,0-25,true,sold_back
2026-10-08T07:57:16.000Z,2019 Fusion Strike #103/264 Boltund V - Holo (CGC 10 GEM MINT),20.9,0-25,true,sold_back
2026-10-08T07:57:16.000Z,2025 Mega Dream ex - M2a #229/193 Mega Hawlucha ex - Mega Attack Rare Holo (CGC 10 PRISTINE),17.8,0-25,true,sold_back
2026-10-08T07:57:19.000Z,2022 Pokémon Sword & Shield Vstar Universe #014 Charizard Vstar (PSA 10 GEM MINT),50.1,25-100,true,sold_back
2026-10-08T07:57:21.000Z,1997 Pokémon Jungle #115 Kangaskhan - Holo (PSA 9 MINT),94.8,25-100,true,redeemed
2026-10-08T07:57:30.000Z,2023 Shiny Treasure ex #337/190 Squawkabilly ex - Shiny Super Rare Holo (CGC 10 PRISTINE),20.3,0-25,true,sold_back
2026-10-08T07:57:34.000Z,2024 Upper Deck #492 Matvei Michkov (PSA 9 MINT),44.9,25-100,true,sold_back
2026-10-08T07:57:36.000Z,2026 Pokémon Asc EN-Ascended Heroes #265 Mega Froslass EX - Holo Mega Attack Rare (PSA 10 GEM MINT),49,25-100,true,sold_back
2026-10-08T07:57:37.000Z,2022 Pokémon GO #027/071 Pikachu (CGC 9 MINT),11,0-25,true,sold_back
2026-10-08T07:57:40.000Z,2020 Darkness Ablaze #187/189 Piers - Ultra Rare Holo (CGC 10 GEM MINT),21.6,0-25,true,held
2026-10-08T07:57:42.000Z,2020 Topps Finest UEFA Champions League #52 Kylian Mbappe - Aqua Refractor (PSA 9 MINT),22.3,0-25,true,held
2026-10-08T07:57:49.000Z,2025 Pokémon Meg EN-Mega Evolution #155 Mega Venusaur EX - Holo Ultra Rare (PSA 10 GEM MINT),65.3,25-100,true,sold_back
2026-10-08T07:57:57.000Z,Astral Radiance #099/189 Darkrai VSTAR - Holo (CGC 10 GEM MINT),21.9,0-25,true,held
2026-10-08T07:58:03.000Z,2024 Bowman Draft #BDC55 Chase Burns - Chrome-Refractor (PSA 9 MINT),26,25-100,true,sold_back
2026-10-08T07:58:04.000Z,2020 Upper Deck #237 Nick Robertson (PSA 10 GEM MINT),35.7,25-100,true,sold_back
2026-10-08T07:58:06.000Z,2021 Parkside Nwsl Premier Edition Stars #54 Trinity Rodman (PSA 9 MINT),22.9,0-25,true,held
2026-10-08T07:58:13.000Z,2025 Pokémon M2a-Mega Dream EX #237 Team Rocket's Mewtwo EX - Holo Special Art Rare (PSA 9 MINT),95.9,25-100,true,sold_back
2026-10-08T07:58:18.000Z,Pokémon Scarlet & Violet Destined Rivals (1 Booster Pack - Art May Vary),10.7,0-25,true,sold_back
2026-10-08T07:58:22.000Z,2025 Pokémon Pfl EN-Phantasmal Flames #056 Mega Gengar EX - Holo (PSA 10 GEM MINT),52.4,25-100,true,sold_back
2026-10-08T07:58:24.000Z,2021 25th Anniversary Collection #008/028 Dialga - Holo (CGC 10 GEM MINT),14.1,0-25,true,held
2026-10-08T07:58:27.000Z,1960 Topps #477 Don Ferrarese (PSA 5 EX),10.3,0-25,true,sold_back
2026-10-08T07:58:28.000Z,2021 Chilling Reign #224/198 Snorlax - Secret Rare Holo (CGC 9.5 MINT+),115.1,100-500,true,sold_back
2026-10-08T07:58:31.000Z,2019 Panini Donruss Optic #180 Coby White - Purple Shock (PSA 9 MINT),13.5,0-25,true,sold_back
2026-10-08T07:58:31.000Z,2022-23 Topps Chrome UEFA Club Competitions Youthquake #YQ31 Alejandro Garnacho (PSA 10 GEM MINT),13.5,0-25,true,sold_back
2026-10-08T07:58:33.000Z,Pokémon Sun & Moon Unbroken Bonds (1 Booster Pack - Art May Vary),73,25-100,true,sold_back
2026-10-08T07:58:36.000Z,2022 Topps Stadium Club Chrome Trophy Hunters #RL4 Vladimir Guerrero Jr (PSA 10 GEM MINT),28.3,25-100,true,held
2026-10-08T07:58:42.000Z,2025 Pokémon M2-Inferno X #094 Mega Charizard X EX - Holo Super Rare (PSA 10 GEM MINT),62.7,25-100,true,sold_back
2026-10-08T07:58:46.000Z,1954 Bowman #69 Clint Courtney (PSA 4 VG-EX),11,0-25,true,sold_back
2026-10-08T07:58:48.000Z,Pokemon Sword & Shield Darkness Ablaze (1 Booster Pack - Art May Vary),11.3,0-25,true,sold_back
2026-10-08T07:58:51.000Z,2018 Topps Update #US200 Gleyber Torres - Pinstripe Jersey (PSA 10 GEM MINT),10.4,0-25,true,sold_back
2026-10-08T07:59:03.000Z,2024 Upper Deck NHL Star Rookies Box Set #13 Macklin Celebrini (PSA 9 MINT),71.1,25-100,true,sold_back
2026-10-08T07:59:12.000Z,1998 SP Top Prospects #2 Vince Carter (PSA 9 MINT),19.5,0-25,true,held
2026-10-08T07:59:13.000Z,"2023 Trading Card Game Classic - CLF, CLL, CLK #009/032 Articuno - Blastoise & Suicune ex Deck - CLK Holo (CGC 10 GEM MINT)",22.8,0-25,true,sold_back
2026-10-08T07:59:15.000Z,2023 Pokémon Cll-Trading Card Game Classic Charizard & HO-Oh EX Deck #001 Charmander (PSA 10 GEM MINT),70.9,25-100,true,sold_back
2026-10-08T07:59:15.000Z,2025 Pokémon Svp EN-SV Black Star Promo #208 Victini - Unova Victini Illustration Collection (PSA 8 NM-MT),19.6,0-25,true,sold_back
2026-10-08T07:59:21.000Z,Pokemon Sun & Moon Tag Team GX Dream League (1 Booster Pack - Art May Vary),42,25-100,true,redeemed
2026-10-08T07:59:24.000Z,2020 Pokémon Swsh Black Star Promo #076 Zacian V - Holo Full Art Ultra Premium Collection (PSA 9 MINT),22.8,0-25,true,held
2026-10-08T07:59:24.000Z,Pokemon Sword & Shield Silver Tempest (1 Booster Pack - Art May Vary),18.2,0-25,true,sold_back
2026-10-08T07:59:25.000Z,2015 Pokémon XY Double Crisis #004 Team Aqua's Sealeo - 1st Edition (PSA 10 GEM MINT),88.9,25-100,true,sold_back
2026-10-08T07:59:31.000Z,1991 Upper Deck #335 Dominik Hasek (PSA 10 GEM MINT),76.7,25-100,true,sold_back
2026-10-08T07:59:34.000Z,Pokémon Scarlet & Violet Destined Rivals (1 Booster Pack - Art May Vary),10.7,0-25,true,held
2026-10-08T07:59:39.000Z,2019 Panini Chronicles Contenders Rookie Ticket #RT4 Ansu Fati - Red (PSA 9 MINT),19.3,0-25,true,sold_back
2026-10-08T07:59:54.000Z,2025 Pokémon Sv11w-White Flare #113 Joltik - Art Rare (PSA 10 GEM MINT),47.1,25-100,true,sold_back
2026-10-08T08:00:06.000Z,2024 Upper Deck #492 Matvei Michkov (PSA 9 MINT),44.9,25-100,true,sold_back
2026-10-08T08:00:10.000Z,"Detective Comics #275 CGC 5.0 Light Tan to Off-white Pages (DC Comics, 1/60) - Universal",293.35,100-500,true,sold_back
2026-10-08T08:00:28.000Z,2023 Upper Deck #711 Adam Fantilli - Outburst (PSA 9 MINT),138,100-500,true,sold_back
2026-10-08T08:00:40.000Z,2019 Panini Colecciones Este La Liga #63 Takefusa Kubo (PSA 10 GEM MINT),11.3,0-25,true,sold_back
2026-10-08T08:00:45.000Z,2019 Cosmic Eclipse #247/236 Steelix - Secret Rare Holo (CGC 9 MINT),24.4,0-25,true,sold_back
2026-10-08T08:00:46.000Z,2025 Pokémon M2a-Mega Dream EX #127 Rayquaza - Reverse Holo (PSA 10 GEM MINT),58.2,25-100,true,sold_back
2026-10-08T08:00:46.000Z,Pokémon Scarlet & Violet 151 (1 Booster Pack - Art May Vary),33.6,25-100,true,sold_back
2026-10-08T08:00:48.000Z,2026 Pokémon Asc EN-Ascended Heroes #269 Mega Gengar EX - Holo Mega Attack Rare (PSA 9 MINT),48.8,25-100,true,redeemed
2026-10-08T08:00:52.000Z,2025 Pokémon Svp EN-SV Black Star Promo #211 Gothitelle - White Flare Tech Sticker Collection (PSA 10 GEM MINT),38.5,25-100,true,sold_back
2026-10-08T08:00:54.000Z,Pokémon Scarlet & Violet Destined Rivals (1 Booster Pack - Art May Vary),10.7,0-25,true,redeemed
2026-10-08T08:01:01.000Z,2024 Upper Deck #499 Macklin Celebrini/Will Smith (PSA 9 MINT),76.3,25-100,true,sold_back
2026-10-08T08:01:01.000Z,2025 Pokémon Pfl EN-Phantasmal Flames #109 Mega Charizard X EX - Holo Ultra Rare (PSA 9 MINT),36.3,25-100,true,held
2026-10-08T08:01:19.000Z,2018 Panini Prizm #251 Lonnie Walker IV (PSA 10 GEM MINT),12.5,0-25,true,sold_back
2026-10-08T08:01:28.000Z,Pokémon Sword & Shield Fusion Strike (1 Booster Pack - Art May Vary),22.2,0-25,true,sold_back
2026-10-08T08:01:36.000Z,2018 Pokémon Sun & Moon Tag Bolt #019 Magikarp & Wailord GX - Holo (PSA 9 MINT),46,25-100,true,sold_back
2026-10-08T08:01:39.000Z,2019 Hidden Fates #SV6/SV94 Charmander - Shiny Vault Holo (CGC 9 MINT),25.8,25-100,true,sold_back
2026-10-08T08:01:40.000Z,2024 Upper Deck #743 Macklin Celebrini (PSA 9 MINT),59.8,25-100,true,sold_back
2026-10-08T08:01:58.000Z,2018 Tag Bolt #013/095 Charizard - Holo (CGC 9.5 MINT+),21.8,0-25,true,sold_back
2026-10-08T08:02:00.000Z,2021 Topps #92 Tarik Skubal (PSA 9 MINT),18.8,0-25,true,sold_back
2026-10-08T08:02:07.000Z,2025 Upper Deck #202 Gabe Perreault (PSA 9 MINT),43,25-100,true,sold_back
2026-10-08T08:02:13.000Z,1972 Topps #245 Len Dawson (PSA 6 EX-MT),23.4,0-25,true,sold_back
2026-10-08T08:02:21.000Z,2022-23 Topps Chrome UEFA Club Competitions #52 Mykhailo Mudryk - Blue Refractor (PSA 10 GEM MINT),20.5,0-25,true,sold_back
2026-10-08T08:02:24.000Z,1973 Topps #90 Brooks Robinson (PSA 5 EX),21.9,0-25,true,sold_back
2026-10-08T08:02:24.000Z,2023 Shrouded Fable - SFA EN #075/064 Zorua - Illustration Rare Holo (CGC 9.5 MINT+),29.6,25-100,true,sold_back
2026-10-08T08:02:24.000Z,2026 Topps Living #15 Kon Knueppel (PSA 9 MINT),19.3,0-25,true,sold_back
2026-10-08T08:02:24.000Z,Pokémon Scarlet & Violet Destined Rivals (1 Booster Pack - Art May Vary),10.7,0-25,true,held
2026-10-08T08:02:28.000Z,2025 One Piece OP13-Carrying on His Will #004 Shanks - 3rd Anniversary-Gold (PSA 10 GEM MINT),1936,500+,true,sold_back
2026-10-08T08:02:33.000Z,1971 Topps #37 Alex Delvecchio (PSA 8 NM-MT),46.5,25-100,true,sold_back
2026-10-08T08:02:33.000Z,2025 White Flare - sv11W #092/086 Sawsbuck - Art Rare Holo (CGC 10 PRISTINE),27.8,25-100,true,sold_back
2026-10-08T08:02:39.000Z,"Star Wars #42 CGC 9.2 White Pages (Marvel Comics, 12/80) - Universal",210,100-500,true,sold_back
2026-10-08T08:02:45.000Z,Pokémon Scarlet & Violet Destined Rivals (1 Booster Pack - Art May Vary),10.7,0-25,true,sold_back
2026-10-08T08:02:46.000Z,2025 Topps Chrome #255 Ace Bailey - Refractor (PSA 10 GEM MINT),284.6,100-500,true,sold_back
2026-10-08T08:02:51.000Z,2022 Silver Tempest #181/195 Skuntank V - Ultra Rare Holo (CGC 10 GEM MINT),22.3,0-25,true,sold_back
2026-10-08T08:02:57.000Z,2024 Surging Sparks - SSP EN #240/191 Hydreigon ex - Special Illustration Rare (Holo) (CGC 10 GEM MINT),55.4,25-100,true,sold_back
2026-10-08T08:02:58.000Z,2023 Shiny Treasure ex #115/190 Charizard ex - Holo (CGC 10 PRISTINE),26.9,25-100,true,sold_back
2026-10-08T08:03:01.000Z,2020 Darkness Ablaze #200/189 Turbo Patch - Secret Rare Holo (CGC 10 GEM MINT),23,0-25,true,held
2026-10-08T08:03:01.000Z,2020 Upper Deck UD Canvas #C91 Alexis Lafreniere (PSA 10 GEM MINT),42.7,25-100,true,sold_back
2026-10-08T08:03:01.000Z,2025 Topps Chrome Power Players #PP16 Elly de La Cruz (PSA 9 MINT),23.8,0-25,true,sold_back
2026-10-08T08:03:19.000Z,2025 White Flare - sv11W #111/086 Blitzle - Art Rare Holo (CGC 10 GEM MINT),22.5,0-25,true,sold_back
2026-10-08T08:03:21.000Z,1966 Topps #91 Harry Howell (PSA 6 EX-MT),40.9,25-100,true,sold_back
2026-10-08T08:03:22.000Z,2018 GX Ultra Shiny #027/150 Glaceon GX - Holo (CGC 10 GEM MINT),17.5,0-25,true,sold_back
2026-10-08T08:03:36.000Z,1986 Fleer #20 Terry Cummings (BGS 9 MINT),41.9,25-100,true,sold_back
2026-10-08T08:03:49.000Z,Pokémon Shining Fates (1 Booster Pack - Art May Vary),19.5,0-25,true,sold_back
2026-10-08T08:03:51.000Z,Pokémon Scarlet & Violet Destined Rivals (1 Booster Pack - Art May Vary),10.7,0-25,true,sold_back
2026-10-08T08:03:57.000Z,2022-23 Topps Merlin Chrome UEFA Club Competitions #103 Neymar Jr (PSA 10 GEM MINT),20,0-25,true,sold_back
2026-10-08T08:04:00.000Z,2024 Pokémon SV-P Promo #197 Pikachu - Gym Event Campaign (PSA 9 MINT),23.4,0-25,true,sold_back
2026-10-08T08:04:06.000Z,2025 Pokémon Mep EN-Me Black Star Promo #024 Oricorio EX - Holo Mega Charizard X EX Ultra-Premium Collection (PSA 10 GEM MINT),69.5,25-100,true,sold_back
2026-10-08T08:04:12.000Z,2024 Topps Heritage #594 Paul Skenes (PSA 9 MINT),19.8,0-25,true,sold_back
2026-10-08T08:04:13.000Z,2024 Pokémon Scr EN-Stellar Crown #143 Bulbasaur - Illustration Rare (PSA 9 MINT),99.2,25-100,true,sold_back
2026-10-08T08:04:15.000Z,Pokémon Scarlet & Violet Destined Rivals (1 Booster Pack - Art May Vary),10.7,0-25,true,sold_back
2026-10-08T08:04:18.000Z,2024 Crimson Haze #069/066 Torkoal - Art Rare Holo (CGC 10 GEM MINT),12.2,0-25,true,held
2026-10-08T08:04:21.000Z,2021 Pokémon 25th Anniversary Collection #001 Pikachu - Full Art (PSA 10 GEM MINT),48.7,25-100,true,sold_back
2026-10-08T08:04:21.000Z,2026 Nihil Zero - M3 #021/080 Mega Starmie ex - Holo (CGC 10 PRISTINE),17.8,0-25,true,sold_back
2026-10-08T08:04:22.000Z,2024 One Piece OP09-Emperors in the New World #051 Buggy - Manga Alternate Art (PSA 10 GEM MINT),1867.5,500+,true,sold_back
2026-10-08T08:04:24.000Z,1981 Topps #68 Eddie Johnson - East (PSA 9 MINT),18.5,0-25,true,sold_back
2026-10-08T08:04:34.000Z,2026 Pokémon Asc EN-Ascended Heroes #222 Ethan's Magcargo - Illustration Rare (PSA 10 GEM MINT),51.8,25-100,true,sold_back
2026-10-08T08:04:37.000Z,2025 Pokémon Jtg EN-Journey Together #183 Iono's Bellibolt EX - Holo Special Illustration Rare (PSA 9 MINT),29.9,25-100,true,sold_back
2026-10-08T08:04:42.000Z,2023 Black Star Promos - Scarlet & Violet SVP EN #174 Eevee ex - Prismatic Evolutions Super-Premium Collection (Holo) (CGC 10 GEM MINT),60.3,25-100,true,held
2026-10-08T08:04:43.000Z,2025 Mega Symphonia - M1S #071/063 Alakazam - Art Rare Holo (CGC 10 PRISTINE),17.2,0-25,true,sold_back
2026-10-08T08:05:00.000Z,2021 Pokémon 25th Anniversary Collection #005 Lugia (PSA 10 GEM MINT),48.7,25-100,true,sold_back
2026-10-08T08:05:01.000Z,2021 Topps All-Star Rookie Cup #48 Luis Robert (PSA 10 GEM MINT),11.6,0-25,true,sold_back
2026-10-08T08:05:04.000Z,2023 Pokémon Sv1v-Violet EX #095 Banette EX - Holo Super Rare (PSA 10 GEM MINT),53.1,25-100,true,sold_back
2026-10-08T08:05:12.000Z,2025 Pokémon M2a-Mega Dream EX #230 Mega Gengar EX - Holo Mega Attack Rare (PSA 10 GEM MINT),50.3,25-100,true,sold_back
2026-10-08T08:05:16.000Z,2023 Panini Prizm Monopoly #3 Jamal Murray - Purple (PSA 9 MINT),18.6,0-25,true,sold_back
2026-10-08T08:05:16.000Z,Pokémon Champions Path (1 Booster Pack - Art May Vary),22.6,0-25,true,held
2026-10-08T08:05:22.000Z,2023 Panini Prizm #136 Victor Wembanyama - Silver Prizm (PSA 10 GEM MINT),2923.4,500+,true,sold_back
2026-10-08T08:05:27.000Z,2023 Pokémon Clf-Trading Card Game Classic Venusaur & Lugia EX Deck #002 Ivysaur (PSA 10 GEM MINT),54.7,25-100,true,sold_back
2026-10-08T08:05:28.000Z,2025 White Flare - WHT EN #075/086 Herdier - Reverse Holo Poké Ball (CGC 10 GEM MINT),20,0-25,true,sold_back
2026-10-08T08:05:33.000Z,2020 Vivid Voltage #138/185 Rayquaza - Amazing Rare Holo (CGC 9 MINT),20.7,0-25,true,sold_back
2026-10-08T08:05:42.000Z,2024 Pokémon Sv8a-Terastal Fest EX #223 Eevee EX - Holo Special Art Rare (PSA 10 GEM MINT),88.3,25-100,true,sold_back
2026-10-08T08:05:57.000Z,2023 Pokémon Sv4a-Shiny Treasure EX #349 Charizard EX - Holo Special Art Rare (PSA 10 GEM MINT),320.8,100-500,true,sold_back
2026-10-08T08:05:57.000Z,2025 Pokémon Meg EN-Mega Evolution #144 Shedinja - Illustration Rare (PSA 10 GEM MINT),48,25-100,true,sold_back
2026-10-08T08:05:58.000Z,1978 Topps #620 Willie Randolph (PSA 8 NM-MT),24.8,0-25,true,sold_back
2026-10-08T08:05:58.000Z,1986 Star Michael Jordan #10 Michael Jordan/The Future (BGS 8 NM-MT),4208,500+,true,sold_back
2026-10-08T08:06:06.000Z,2024 Bowman Chrome Prospect Autographs #CPACD Caleb Durbin (PSA 9 MINT),31.1,25-100,true,sold_back
2026-10-08T08:06:06.000Z,2025 Pokémon M2a-Mega Dream EX #127 Rayquaza - Reverse Holo (PSA 10 GEM MINT),58.2,25-100,true,sold_back
2026-10-08T08:06:10.000Z,2016 Panini Select #151 Marcus Rashford - Multi-Color Prizm (PSA 10 GEM MINT),38.6,25-100,true,held
2026-10-08T08:06:15.000Z,2020 Pokémon Sword & Shield Vivid Voltage #102 Zamazenta (PSA 10 GEM MINT),51.6,25-100,true,sold_back
2026-10-08T08:06:15.000Z,2024 Pokémon SV6-Transformation Mask #113 Chansey - Art Rare (PSA 10 GEM MINT),76,25-100,true,held
2026-10-08T08:06:16.000Z,2026 Pokémon Asc EN-Ascended Heroes #270 Mega Scrafty EX - Holo Mega Attack Rare (PSA 10 GEM MINT),49.1,25-100,true,sold_back
2026-10-08T08:06:24.000Z,2026 Pokémon Asc EN-Ascended Heroes #240 Hitmontop - Illustration Rare (PSA 10 GEM MINT),53.9,25-100,true,sold_back
2026-10-08T08:06:30.000Z,2022 Pokémon Sword & Shield Start Deck 100 Corocoro Comic Version #008 Snorlax (PSA 10 GEM MINT),61.5,25-100,true,sold_back
2026-10-08T08:06:31.000Z,2022 Space Juggler #080/067 Heatran VMAX - Hyper Rare Holo (CGC 10 PRISTINE),23.6,0-25,true,sold_back
2026-10-08T08:06:34.000Z,2020 Bowman Paper Prospects #BP8 Jasson Dominguez (PSA 10 GEM MINT),10.9,0-25,true,held
2026-10-08T08:06:37.000Z,"Superwoman Special #1 CGC 9.8 White Pages (DC Comics, 2/25) - Universal Spears Variant Cover",195,100-500,true,sold_back
2026-10-08T08:06:39.000Z,2023 Crown Zenith #GG48/GG70 Zacian V - Galarian Gallery Holo (CGC 10 GEM MINT),52.9,25-100,true,sold_back
2026-10-08T08:06:55.000Z,Pokémon Scarlet & Violet Destined Rivals (1 Booster Pack - Art May Vary),10.7,0-25,true,held
2026-10-08T08:06:58.000Z,2026 Pokémon Asc EN-Ascended Heroes #243 Mightyena - Illustration Rare (PSA 10 GEM MINT),54.6,25-100,true,sold_back
2026-10-08T08:07:00.000Z,2015 Pokémon XY Double Crisis #004 Team Aqua's Sealeo - 1st Edition (PSA 10 GEM MINT),88.9,25-100,true,sold_back
2026-10-08T08:07:01.000Z,1997 Pokémon Jungle Gloom (CGC 9 MINT),20.1,0-25,true,sold_back
2026-10-08T08:07:03.000Z,2025 One Piece Starter Deck ST21-EX Gear 5 #008 Tony Tony Chopper (PSA 10 GEM MINT),40.2,25-100,true,sold_back
2026-10-08T08:07:10.000Z,2025 Battle Partners - sv9 #102/100 Articuno - Art Rare Holo (CGC 10 GEM MINT),21.4,0-25,true,sold_back
2026-10-08T08:07:13.000Z,2023 Pokémon Sv4m-Future Flash #072 Blitzle - Art Rare (PSA 10 GEM MINT),28.6,25-100,true,sold_back
2026-10-08T08:07:13.000Z,2024 Panini Donruss Optic Uptowns #7 Xavier Worthy (PSA 9 MINT),161,100-500,true,held
2026-10-08T08:07:24.000Z,2024 Pokémon Sv7a-Paradise Dragona #074 Flapple - Art Rare (PSA 10 GEM MINT),38.2,25-100,true,sold_back
2026-10-08T08:07:27.000Z,2022 Pokémon Go #010 Charizard - Holo (PSA 10 GEM MINT),60.9,25-100,true,held
2026-10-08T08:07:33.000Z,2024 Panini Donruss Optic My House! #8 Drake Maye (PSA 9 MINT),22.9,0-25,true,sold_back
2026-10-08T08:07:34.000Z,1992 Topps Gold #393 Alonzo Mourning (PSA 9 MINT),18.1,0-25,true,sold_back
2026-10-08T08:07:34.000Z,2023 Black Star Promos - Scarlet & Violet SVP EN #129 Pecharunt - Shrouded Fable Elite Trainer Box (Holo) (CGC 10 GEM MINT),18.4,0-25,true,sold_back
2026-10-08T08:07:34.000Z,2024 Pokémon Simplified Cs5a C-Gallant Galaxy: Charm #017 Pikachu (PSA 10 GEM MINT),65.9,25-100,true,sold_back
2026-10-08T08:07:34.000Z,2025 Mega Dream ex - M2a #246/193 Mega Dragonite ex - Special Art Rare Holo (CGC 9.5 MINT+),189.9,100-500,true,sold_back
2026-10-08T08:07:45.000Z,2021 Eevee Heroes #100/069 Turffield Gym - Ultra Rare Holo (CGC 10 GEM MINT),18.9,0-25,true,sold_back
2026-10-08T08:07:46.000Z,1999 Pokémon Neo Promo #160 Feraligatr - Holo Premium File (PSA 9 MINT),78.7,25-100,true,sold_back
2026-10-08T08:07:49.000Z,2025 One Piece PRB02-Premium Booster -One Piece Card the Best- Vol.2 #002 Edward Newgate - Alternate Art (PSA 10 GEM MINT),63.2,25-100,true,sold_back
2026-10-08T08:07:54.000Z,2021 Celebrations - Classic Collection #107/123 Donphan - HeartGold & SoulSilver Holo (CGC 10 GEM MINT),19.1,0-25,true,sold_back
2026-10-08T08:08:00.000Z,2025 Pokémon SV-P Promo #242 Pikachu - Illustration Contest 2024 (PSA 10 GEM MINT),84,25-100,true,held
2026-10-08T08:08:07.000Z,2020 Topps Chrome Bundesliga #64 Florian Wirtz (PSA 10 GEM MINT),35.6,25-100,true,sold_back
2026-10-08T08:08:10.000Z,1999 Fossil #11/62 Magneton - Galaxy Star Holo (CGC 8.5 NM-MT+),49.7,25-100,true,sold_back
2026-10-08T08:08:12.000Z,2025 Mega Evolution - MEG EN #164/132 Mega Kangaskhan ex - Ultra Rare Holo (CGC 10 GEM MINT),19.2,0-25,true,held
2026-10-08T08:08:12.000Z,2025 Pokémon Sv11b-Black Bolt #132 Gurdurr - Art Rare (PSA 10 GEM MINT),83.6,25-100,true,sold_back
2026-10-08T08:08:13.000Z,2022 Bowman Draft #BDC80 Elly de La Cruz - Chrome-Refractor (PSA 10 GEM MINT),43.5,25-100,true,held
2026-10-08T08:08:19.000Z,2024 Pokémon Sv8a-Terastal Fest EX #202 Flareon EX - Holo Special Art Rare (PSA 10 GEM MINT),93.9,25-100,true,sold_back
2026-10-08T08:08:22.000Z,"Amazing Spider-Man #375 CGC 9.8 White Pages (Marvel Comics, 3/93) - Universal",195,100-500,true,sold_back
2026-10-08T08:08:27.000Z,1987 Topps #611 Kirby Puckett - All-Star (PSA 9 MINT),15.9,0-25,true,held
2026-10-08T08:08:27.000Z,2026 Topps Mega Celebration Box 8 Bit Ballers #10 Aaron Judge (PSA 9 MINT),25.4,25-100,true,held
2026-10-08T08:08:30.000Z,1958 Topps #276 Bobby Avila (PSA 5 EX),14.7,0-25,true,sold_back
2026-10-08T08:08:30.000Z,2019 Old Maid (Red Back) Pidgey (CGC 10 PRISTINE),13.4,0-25,true,held
2026-10-08T08:08:33.000Z,1967 Philadelphia #87 Maxie Baughan (PSA 6 EX-MT),10,0-25,true,held
2026-10-08T08:08:33.000Z,2024 Crimson Haze #075/066 Hisuian Growlithe - Art Rare Holo (CGC 10 PRISTINE),23.7,0-25,true,held
2026-10-08T08:08:34.000Z,2020 Pokémon Sword & Shield Shiny Star V #071 Gengar - Holo (PSA 10 GEM MINT),84.7,25-100,true,sold_back
2026-10-08T08:08:42.000Z,1999 Pokémon Fossil #15 Zapdos - Holo Cosmos-Thunderstorm Deck (PSA 6 EX-MT),41.8,25-100,true,sold_back
2026-10-08T08:08:46.000Z,2023 Bowman University Chrome #16 Shedeur Sanders (PSA 9 MINT),18.3,0-25,true,sold_back
2026-10-08T08:08:51.000Z,2022 Pokémon Sword & Shield Vstar Universe #192 Thievul - Full Art (PSA 10 GEM MINT),26.4,25-100,true,sold_back
2026-10-08T08:08:51.000Z,2025 Mega Dream ex - M2a #223/193 Mega Charizard X ex - Mega Attack Rare Holo (CGC 10 GEM MINT),37.9,25-100,true,held
2026-10-08T08:08:52.000Z,2011 Upper Deck MLS #198 Alex Morgan (PSA 8 NM-MT),32.6,25-100,true,sold_back
2026-10-08T08:08:55.000Z,2023 Topps Now UEFA Champions League #142 Endrick/6998* (BGS 9.5 GEM MINT),21.2,0-25,true,sold_back
2026-10-08T08:09:03.000Z,2024 Transformation Mask #102/101 Sunflora - Art Rare Holo (CGC 10 GEM MINT),11,0-25,true,held
2026-10-08T08:09:15.000Z,2020 Topps #292 Gavin Lux (PSA 10 GEM MINT),10,0-25,true,held
2026-10-08T08:09:16.000Z,2018 Topps Update #US200 Gleyber Torres - Pinstripe Jersey (PSA 10 GEM MINT),10.4,0-25,true,held
2026-10-08T08:09:16.000Z,"2023 Trading Card Game Classic - CLV, CLC, CLB #009/034 Articuno - Blastoise & Suicune ex Deck - CLB Holo (CGC 9.5 MINT+)",19.2,0-25,true,sold_back
2026-10-08T08:09:16.000Z,2024 Paradise Dragona - sv7a #027/064 Flygon ex - Holo (CGC 10 PRISTINE),18.6,0-25,true,sold_back
2026-10-08T08:09:21.000Z,2025 Pokémon Mep EN-Me Black Star Promo #010 Riolu - Mega Evolution Elite Trainer Box-Mega Lucario (PSA 9 MINT),21.1,0-25,true,sold_back
2026-10-08T08:09:21.000Z,2025 Pokémon Simplified CBB3 C-Gem Pack Vol 3 #02 Cubone (PSA 10 GEM MINT),80,25-100,true,sold_back
2026-10-08T08:09:24.000Z,2022 VSTAR Universe #175/172 Magmortar - Art Rare Holo (CGC 10 GEM MINT),13.1,0-25,true,sold_back
2026-10-08T08:09:25.000Z,2025 Mega Gengar ex Starter Set - mBG #003/021 Mega Gengar ex - Mega Gengar ex Set Holo (CGC 10 PRISTINE),28.9,25-100,true,sold_back
2026-10-08T08:09:27.000Z,1997 Pokémon Rocket #68 Dark Machamp - Holo (PSA 8 NM-MT),80.6,25-100,true,sold_back
2026-10-08T08:09:27.000Z,2023 Scarlet ex #014/078 Gyarados ex - Holo (CGC 10 PRISTINE),19.6,0-25,true,sold_back
2026-10-08T08:09:28.000Z,2022 Pokémon Sword & Shield Vstar Universe #245 Volo - Full Art (PSA 9 MINT),21.8,0-25,true,sold_back
2026-10-08T08:09:31.000Z,2024 Bowman Draft #BD22 Konnor Griffin (PSA 8 NM-MT),13.6,0-25,true,held
2026-10-08T08:09:36.000Z,2025 Mega Dream ex - M2a #225/193 Mega Eelektross ex - Mega Attack Rare Holo (CGC 10 GEM MINT),14.2,0-25,true,held
2026-10-08T08:09:40.000Z,2024 Panini Donruss Optic #248 Jayden Daniels (PSA 9 MINT),18,0-25,true,sold_back
2026-10-08T08:09:42.000Z,2026 Pokémon Mep EN-Me Black Star Promo #031 N's Zekrom - Ascended Heroes Elite Trainer Box (PSA 8 NM-MT),18.6,0-25,true,sold_back
2026-10-08T08:09:48.000Z,2022 Time Gazer #003/067 Leafeon (CGC 10 GEM MINT),24.3,0-25,true,sold_back
2026-10-08T08:09:58.000Z,2026 Pokémon Asc EN-Ascended Heroes #152 Mega Dragonite EX - Holo (PSA 10 GEM MINT),50.6,25-100,true,sold_back
2026-10-08T08:09:58.000Z,2026 Pokémon M3-Nullifying Zero #117 Mega Zygarde EX - Holo Mega Ultra Rare (PSA 9 MINT),94.9,25-100,true,sold_back
2026-10-08T08:10:06.000Z,2020 Stadium Club Chrome UEFA Champions League #26 Pedri (PSA 9 MINT),20.8,0-25,true,sold_back
2026-10-08T08:10:07.000Z,2020 Bowman 1st Edition #BFE100 Jo Adell - Sky Blue Foil (BGS 9.5 GEM MINT),11,0-25,true,held
2026-10-08T08:10:14.000Z,2019 Panini Prizm #250 RJ Barrett - Blue Prizm (BGS 9 MINT),27.5,25-100,true,held
2026-10-08T08:10:22.000Z,2023 Pokémon Sv4a-Shiny Treasure EX #334 Noivern EX - Holo Ssr (PSA 10 GEM MINT),48.3,25-100,true,sold_back
2026-10-08T08:10:22.000Z,2024 Pokémon Simplified Cs5b C-Gallant Galaxy: Brave #003 Venusaur (PSA 10 GEM MINT),48.9,25-100,true,sold_back
2026-10-08T08:10:23.000Z,2025 Panini Donruss Red Hot Rookies #RHR-JXD Jaxson Dart (PSA 8 NM-MT),12.2,0-25,true,held
2026-10-08T08:10:28.000Z,2025 Topps Now #28 Cooper Flagg (PSA 9 MINT),18.7,0-25,true,sold_back
2026-10-08T08:10:29.000Z,2025 Pokémon SV9-Battle Partners #129 Salamence EX - Holo Special Art Rare (PSA 10 GEM MINT),61.4,25-100,true,sold_back
2026-10-08T08:10:34.000Z,Pokémon Scarlet & Violet Destined Rivals (1 Booster Pack - Art May Vary),10.7,0-25,true,sold_back
2026-10-08T08:10:40.000Z,2022 VSTAR Universe #189/172 Solrock - Art Rare Holo (CGC 10 PRISTINE),17.7,0-25,true,sold_back
2026-10-08T08:10:46.000Z,2022 VSTAR Universe #223/172 Deoxys VSTAR - Special Art Rare Holo (CGC 10 PRISTINE),78.1,25-100,true,sold_back
2026-10-08T08:10:46.000Z,2025 Mega Symphonia - M1S #071/063 Alakazam - Art Rare Holo (CGC 10 GEM MINT),12.6,0-25,true,sold_back
2026-10-08T08:10:47.000Z,2023 Obsidian Flames - OBF EN #211/197 Tyranitar ex - Ultra Rare Holo (CGC 10 GEM MINT),23.1,0-25,true,sold_back
2026-10-08T08:10:47.000Z,2023 Pokémon Card 151 #182/165 Dragonair - Art Rare Holo (CGC 10 GEM MINT),20.7,0-25,true,sold_back
2026-10-08T08:10:49.000Z,2022 Paradigm Trigger #115/098 Regieleki VMAX - Hyper Rare Holo (CGC 10 GEM MINT),20.1,0-25,true,held
2026-10-08T08:10:53.000Z,2021 Pokémon Sword & Shield Vmax Climax #221 Ice Rider Calyrex Vmax - Full Art (PSA 10 GEM MINT),42.3,25-100,true,sold_back
2026-10-08T08:10:53.000Z,2024 High Class Pack: Terastal Fest ex - sv8a #221/187 Dragapult ex - Special Art Rare Holo (CGC 10 GEM MINT),20,0-25,true,sold_back
2026-10-08T08:10:59.000Z,2022 Pokémon Sword & Shield Vstar Universe #223 Deoxys Vstar - Full Art (PSA 10 GEM MINT),54,25-100,true,held
2026-10-08T08:11:01.000Z,2022 Topps Gallery #200 Bobby Witt Jr. (PSA 9 MINT),26.8,25-100,true,sold_back
2026-10-08T08:11:01.000Z,2024 Panini Prizm #370 Malik Nabers - Silver Prizm (PSA 8 NM-MT),12.2,0-25,true,held
2026-10-08T08:11:07.000Z,2019 Topps Chrome #202 Eloy Jimenez (PSA 10 GEM MINT),10.3,0-25,true,held
2026-10-08T08:11:13.000Z,2018 Panini Prizm #251 Lonnie Walker IV (PSA 10 GEM MINT),12.5,0-25,true,held
2026-10-08T08:11:14.000Z,2025 Pokémon M2a-Mega Dream EX #245 Steven's Metagross EX - Holo Special Art Rare (PSA 10 GEM MINT),61.1,25-100,true,held
2026-10-08T08:11:16.000Z,2026 One Piece OP14-EB04-the Azure Sea's Seven #040 Jinbe - Alternate Art (PSA 10 GEM MINT),41.2,25-100,true,sold_back
2026-10-08T08:11:20.000Z,2024 Pokémon Sv5a-Crimson Haze #075 Hisuian Growlithe - Art Rare (PSA 10 GEM MINT),42.5,25-100,true,sold_back
2026-10-08T08:11:20.000Z,Pokémon Scarlet & Violet Destined Rivals (1 Booster Pack - Art May Vary),10.7,0-25,true,sold_back
2026-10-08T08:11:25.000Z,1999 Pokémon Game #8 Machamp - 1st Edition Holo (PSA 5 EX),41.3,25-100,true,sold_back
2026-10-08T08:11:32.000Z,2024 Prismatic Evolutions - PRE EN #092/131 Terapagos ex - Holo (CGC 10 GEM MINT),18.2,0-25,true,sold_back
2026-10-08T08:11:35.000Z,Pokémon Mega Dream EX (1 Booster Pack - Art May Vary),14,0-25,true,sold_back
2026-10-08T08:11:38.000Z,2022 Bowman Chrome UEFA U21 European Championship #5 Harvey Elliott (CGC 10 GEM MINT),19.4,0-25,true,held
2026-10-08T08:11:38.000Z,2022-23 Topps Chrome UEFA Club Competitions #52 Mykhailo Mudryk - Aqua Lava (PSA 10 GEM MINT),21.5,0-25,true,sold_back
2026-10-08T08:11:44.000Z,"X-Men #120 CGC 9.6 Off-white to White Pages (Marvel Comics, 4/79) - Universal",466,100-500,true,sold_back
2026-10-08T08:11:50.000Z,2025 Topps 8 Bit Ballers #8B-34 Kon Knueppel (PSA 8 NM-MT),12.5,0-25,true,held
2026-10-08T08:11:53.000Z,2001 Neo Revelation #54/64 Smoochum - 1st Edition 1st Edition (CGC 10 GEM MINT),51.3,25-100,true,sold_back
2026-10-08T08:11:56.000Z,2025 Pokémon Svp EN-SV Black Star Promo #208 Victini - Unova Victini Illustration Collection (PSA 9 MINT),23.9,0-25,true,sold_back
2026-10-08T08:11:58.000Z,2024 Topps Chrome #201 Jayden Daniels (PSA 7 NM),13.6,0-25,true,held
2026-10-08T08:12:07.000Z,2022 Pokémon GO #010/071 Charizard - Holo (CGC 10 GEM MINT),21.9,0-25,true,sold_back
2026-10-08T08:12:08.000Z,1986 Fleer #79 Calvin Natt (PSA 7 NM),25.6,25-100,true,held
2026-10-08T08:12:08.000Z,2021 Evolving Skies #041/203 Glaceon VMAX - Holo (CGC 9.5 MINT+),12.7,0-25,true,sold_back
2026-10-08T08:12:16.000Z,2020 Pokémon Sword & Shield Vivid Voltage #102 Zamazenta (PSA 10 GEM MINT),51.6,25-100,true,sold_back
2026-10-08T08:12:16.000Z,2023 Pokémon Clf-Trading Card Game Classic Venusaur & Lugia EX Deck #003 Venusaur (PSA 10 GEM MINT),86.2,25-100,true,sold_back
2026-10-08T08:12:16.000Z,Pokémon Scarlet & Violet 151 (1 Booster Pack - Art May Vary),33.6,25-100,true,sold_back
2026-10-08T08:12:17.000Z,2024 Topps Chrome UEFA CC #WK-3 Chido Obi (CGC 10 GEM MINT),23,0-25,true,sold_back
2026-10-08T08:12:22.000Z,2017 Black Star Promos - Sword & Shield #SWSH099 Crobat VMAX - Holo Shining Fates Premium Collection - Crobat (CGC 9 MINT),11.7,0-25,true,held
2026-10-08T08:12:25.000Z,2016 Topps Chrome #14 Tyler Naquin (PSA 10 GEM MINT),13.7,0-25,true,held
2026-10-08T08:12:25.000Z,2024 Panini Absolute Introductions #IDME Drake Maye (PSA 9 MINT),29.4,25-100,true,sold_back
2026-10-08T08:12:26.000Z,2020 Panini Mosaic UEFA Euro 2020 #148 Ryan Gravenberch (CGC 10 PRISTINE),22,0-25,true,sold_back
2026-10-08T08:12:29.000Z,2017 Panini Donruss Optic #177 Patrick Mahomes II - Red/Yellow (PSA 10 GEM MINT),3236.5,500+,true,sold_back
2026-10-08T08:12:31.000Z,Pokémon Scarlet & Violet Destined Rivals (1 Booster Pack - Art May Vary),10.7,0-25,true,sold_back
2026-10-08T08:12:32.000Z,1982 Topps #435 Robin Yount (PSA 8 NM-MT),12.5,0-25,true,held
2026-10-08T08:12:40.000Z,2025 Pokémon Meg EN-Mega Evolution #154 Stufful - Illustration Rare (PSA 10 GEM MINT),52.6,25-100,true,sold_back
2026-10-08T08:12:46.000Z,2025 Battle Partners - sv9 #101/100 Maractus - Art Rare Holo (CGC 10 PRISTINE),17.1,0-25,true,sold_back
2026-10-08T08:12:49.000Z,2025 Topps #201 Cooper Flagg (PSA 9 MINT),23.2,0-25,true,sold_back
2026-10-08T08:12:50.000Z,Pokémon Champions Path (1 Booster Pack - Art May Vary),22.6,0-25,true,sold_back
2026-10-08T08:12:55.000Z,2022 Lost Origin #124/196 Radiant Steelix - Holo (CGC 10 GEM MINT),24.2,0-25,true,sold_back
2026-10-08T08:12:56.000Z,2022 Pokémon Sword & Shield Vstar Universe #222 Deoxys Vmax - Full Art (PSA 10 GEM MINT),63.3,25-100,true,held
2026-10-08T08:12:59.000Z,2019 Panini Donruss Optic Highlights #H1 Shohei Ohtani (PSA 8 NM-MT),25.3,25-100,true,sold_back
2026-10-08T08:13:01.000Z,1960 Topps #477 Don Ferrarese (PSA 5 EX),10.3,0-25,true,held
2026-10-08T08:13:01.000Z,Magic: The Gathering Modern Horizons 3 - Collector Booster (1 Booster Pack - Art May Vary),87.7,25-100,true,sold_back
2026-10-08T08:13:02.000Z,2019 Topps Chrome #27 Albert Pujols - Pink Refractor (PSA 10 GEM MINT),23.8,0-25,true,sold_back
2026-10-08T08:13:05.000Z,2023 Scarlet & Violet 151 - MEW EN #136/165 Flareon - Holo (CGC 10 GEM MINT),18.3,0-25,true,sold_back
2026-10-08T08:13:07.000Z,Brilliant Stars (1 Booster Pack - Art May Vary),19.6,0-25,true,held
2026-10-08T08:13:14.000Z,2024 Topps 50/50 Shohei Ohtani #49 Shohei Ohtani (CGC 9 MINT),12.3,0-25,true,held
2026-10-08T08:13:17.000Z,2020 Bowman Draft #BD121 Spencer Torkelson (PSA 9 MINT),11.3,0-25,true,sold_back
2026-10-08T08:13:19.000Z,2025 One Piece OP10-Royal Blood #058 Rebecca (PSA 10 GEM MINT),42.4,25-100,true,redeemed
2026-10-08T08:13:22.000Z,2026 One Piece Japanese Promos #001 Monkey D. Luffy - Ichiban Kuji Purchase Bonus (PSA 9 MINT),13.2,0-25,true,sold_back
2026-10-08T08:13:22.000Z,Pokémon Scarlet & Violet Destined Rivals (1 Booster Pack - Art May Vary),10.7,0-25,true,sold_back
2026-10-08T08:13:23.000Z,2025 Pokémon Pre EN-Prismatic Evolutions #026 Glaceon EX - Holo Surprise Box Exclusive (PSA 8 NM-MT),18.8,0-25,true,sold_back
2026-10-08T08:13:23.000Z,2026 One Piece Starter Deck ST29-Egghead #001 Monkey D. Luffy (PSA 9 MINT),13.1,0-25,true,sold_back
2026-10-08T08:13:34.000Z,2019 Alter Genesis #013/095 Volcarona GX - Holo (CGC 10 PRISTINE),19.2,0-25,true,sold_back
2026-10-08T08:13:34.000Z,Pokémon Celebrations (1 Booster Pack - Art May Vary),37.9,25-100,true,sold_back
2026-10-08T08:13:34.000Z,Pokémon Sword & Shield Fusion Strike (1 Booster Pack - Art May Vary),22.2,0-25,true,held
2026-10-08T08:13:37.000Z,2025 Pokémon Simplified CBB1 C-Gem Pack Vol 1 #02 Captain Pikachu (PSA 10 GEM MINT),60.6,25-100,true,sold_back
2026-10-08T08:13:37.000Z,2025 Topps #201 Cooper Flagg (PSA 9 MINT),23.2,0-25,true,sold_back
2026-10-08T08:13:44.000Z,1999 Black Star Promos #8 Mew - Pokémon League (CGC 8.5 NM-MT+),23.1,0-25,true,sold_back
2026-10-08T08:13:46.000Z,2022 Pokémon Sword & Shield Incandescent Arcana #073 Smeargle - Full Art (PSA 10 GEM MINT),49.1,25-100,true,held
2026-10-08T08:13:47.000Z,Pokémon Japanese Sun & Moon Full Metal Wall (1 Booster Pack - Art May Vary),14.4,0-25,true,sold_back
2026-10-08T08:13:52.000Z,2026 Pokémon Asc EN-Ascended Heroes #288 Fezandipiti EX - Holo Special Illustration Rare (PSA 9 MINT),41.5,25-100,true,sold_back
2026-10-08T08:13:52.000Z,Pokémon Scarlet & Violet 151 (1 Booster Pack - Art May Vary),33.6,25-100,true,sold_back
2026-10-08T08:13:53.000Z,2024 Pokémon Simplified Cs5b C-Gallant Galaxy: Brave #003 Venusaur (PSA 10 GEM MINT),48.9,25-100,true,sold_back
2026-10-08T08:13:53.000Z,Pokémon Sun & Moon Guardians Rising (1 Booster Pack - Art May Vary),39.9,25-100,true,held
2026-10-08T08:14:02.000Z,Pokemon Sword & Shield Darkness Ablaze (1 Booster Pack - Art May Vary),11.3,0-25,true,sold_back
2026-10-08T08:14:07.000Z,2026 Pokémon M4-Ninja Spinner #098 Mega Greninja EX - Holo Super Rare (PSA 10 GEM MINT),35.6,25-100,true,sold_back
2026-10-08T08:14:10.000Z,2026 One Piece Japanese EB04-Extra Booster Egghead Crisis #007 Roronoa Zoro (PSA 9 MINT),23.2,0-25,true,sold_back
2026-10-08T08:14:16.000Z,Pokémon Scarlet & Violet Destined Rivals (1 Booster Pack - Art May Vary),10.7,0-25,true,sold_back
2026-10-08T08:14:19.000Z,2023 Obsidian Flames - OBF EN #222/197 Eiscue ex - Special Illustration Rare (Holo) (CGC 7.5 NM+),19.9,0-25,true,sold_back
2026-10-08T08:14:22.000Z,2023 Scarlet & Violet #088/198 Banette ex - Holo (CGC 10 GEM MINT),21.1,0-25,true,sold_back
2026-10-08T08:14:22.000Z,2023 Shiny Treasure ex #135/190 Noivern ex - Holo (CGC 10 PRISTINE),19.9,0-25,true,sold_back
2026-10-08T08:14:23.000Z,2024 Prismatic Evolutions - PRE EN #168/131 Bloodmoon Ursaluna ex - Special Illustration Rare (Holo) (CGC 10 PRISTINE),194.3,100-500,true,sold_back
2026-10-08T08:14:23.000Z,2025 Panini Select #54 Shedeur Sanders - Silver Prizm (PSA 9 MINT),20.1,0-25,true,sold_back
2026-10-08T08:14:25.000Z,2022 Pokémon S Promo #270 Glaceon V - Holo Ice Glaceon Vstar Special Card Set (PSA 10 GEM MINT),42.5,25-100,true,sold_back
2026-10-08T08:14:26.000Z,1999 Pokémon Jungle #56 Meowth - 1st Edition (PSA 8 NM-MT),40.5,25-100,true,sold_back
2026-10-08T08:14:32.000Z,2004 EX Fire Red & Leaf Green #62/112 Doduo (CGC 10 PRISTINE),125.3,100-500,true,held
2026-10-08T08:14:32.000Z,2023 Pokémon Sv2a-Pokémon Card 151 #173 Pikachu - Art Rare (PSA 10 GEM MINT),98.9,25-100,true,sold_back
2026-10-08T08:14:32.000Z,2025 Pokémon Mbg-Mega Starter Set Mega Gengar EX #022 Haunter (PSA 10 GEM MINT),54.3,25-100,true,sold_back
2026-10-08T08:14:32.000Z,Pokemon Sun & Moon Tag Team GX Dream League (1 Booster Pack - Art May Vary),42,25-100,true,held
2026-10-08T08:14:41.000Z,2018 Topps Living #43 Juan Soto (PSA 9 MINT),14.6,0-25,true,held
2026-10-08T08:14:41.000Z,2024 Panini Donruss Optic #248 Jayden Daniels (PSA 9 MINT),18,0-25,true,sold_back
2026-10-08T08:14:44.000Z,2024 Pokémon Sv8a-Terastal Fest EX #205 Vaporeon EX - Holo Special Art Rare (PSA 10 GEM MINT),97.8,25-100,true,held
2026-10-08T08:14:46.000Z,Pokémon Scarlet & Violet Destined Rivals (1 Booster Pack - Art May Vary),10.7,0-25,true,held
2026-10-08T08:14:52.000Z,Pokémon Scarlet & Violet Destined Rivals (1 Booster Pack - Art May Vary),10.7,0-25,true,sold_back
2026-10-08T08:14:53.000Z,2024 High Class Pack: Terastal Fest ex - sv8a #069/187 Sylveon ex - Holo (CGC 10 GEM MINT),19.5,0-25,true,sold_back
2026-10-08T08:14:53.000Z,Pokémon Scarlet & Violet Destined Rivals (1 Booster Pack - Art May Vary),10.7,0-25,true,held
2026-10-08T08:14:55.000Z,2019 Panini Chronicles #116 Ja Morant (PSA 8 NM-MT),47.5,25-100,true,held
2026-10-08T08:14:59.000Z,2020 Panini Mosaic UEFA Euro 2020 Stained Glass #28 Trincao (PSA 9 MINT),21.5,0-25,true,held
2026-10-08T08:15:01.000Z,2021 Evolving Skies #075/203 Sylveon VMAX - Holo (CGC 9 MINT),19.4,0-25,true,held
2026-10-08T08:15:11.000Z,2023 Crown Zenith #140/159 Raihan - Holo (CGC 10 PRISTINE),50.93,25-100,true,sold_back
2026-10-08T08:15:17.000Z,2025 Pokémon SV-P Promo #289 Fukuoka's Pikachu - Special Box Pokemon Center Fukuoka (PSA 9 MINT),73.6,25-100,true,sold_back
2026-10-08T08:15:23.000Z,2024 High Class Pack: Terastal Fest ex - sv8a #126/187 Eevee ex - Holo (CGC 10 PRISTINE),21.2,0-25,true,held
2026-10-08T08:15:25.000Z,1984 Topps #381 Russ Grimm (PSA 9 MINT),34.5,25-100,true,sold_back
2026-10-08T08:15:25.000Z,2025 Pokémon M2a-Mega Dream EX #204 Hop's Trevenant - Art Rare (PSA 10 GEM MINT),23.5,0-25,true,held
2026-10-08T08:15:28.000Z,2025 Pokémon Wht EN-White Flare #154 Lillipup - Illustration Rare (PSA 9 MINT),39.5,25-100,true,sold_back
2026-10-08T08:15:34.000Z,2023 Panini Select #80 Brandon Miller - Blue (PSA 9 MINT),20.1,0-25,true,held
2026-10-08T08:15:35.000Z,2023 Pokémon Sword and Shield Crown Zenith #GG43 Zeraora Vstar - Full Art (PSA 10 GEM MINT),130.8,100-500,true,sold_back
2026-10-08T08:15:35.000Z,2025 Pokémon M2a-Mega Dream EX #230 Mega Gengar EX - Holo Mega Attack Rare (PSA 10 GEM MINT),50.3,25-100,true,sold_back
2026-10-08T08:15:35.000Z,Pokemon Sun & Moon Tag Team GX Dream League (1 Booster Pack - Art May Vary),42,25-100,true,held
2026-10-08T08:15:37.000Z,2019 Dream League #058/049 Mimikyu - Character Rare (CGC 10 PRISTINE),94.1,25-100,true,held
2026-10-08T08:15:47.000Z,2022 Pokémon Sword & Shield Astral Radiance #215 Trekking Shoes - Full Art Secret (PSA 10 GEM MINT),48.3,25-100,true,sold_back
2026-10-08T08:15:53.000Z,2024 Pokémon Paf EN-Paldean Fates #196 Pidgey - Shiny Rare (PSA 9 MINT),25.5,25-100,true,sold_back
2026-10-08T08:15:55.000Z,1954 Bowman #69 Clint Courtney (PSA 4 VG-EX),11,0-25,true,held
2026-10-08T08:15:56.000Z,Pokémon XY Breakthrough (1 Booster Pack - Art May Vary),69.5,25-100,true,held
2026-10-08T08:15:58.000Z,2025 Battle Partners - sv9 #102/100 Articuno - Art Rare Holo (CGC 10 GEM MINT),21.4,0-25,true,sold_back
2026-10-08T08:16:01.000Z,2025 Pokémon Meg EN-Mega Evolution #133 Bulbasaur - Illustration Rare (PSA 10 GEM MINT),93.4,25-100,true,sold_back
2026-10-08T08:16:19.000Z,2023 Paldea Evolved - PAL EN #201/193 Fuecoco - Illustration Rare Holo (CGC 8.5 NM-MT+),36.9,25-100,true,sold_back
2026-10-08T08:16:20.000Z,2025 Pokémon Sv11b-Black Bolt #099 Darmanitan - Art Rare (PSA 10 GEM MINT),50.1,25-100,true,sold_back
2026-10-08T08:16:25.000Z,2022 Battle Region #073/067 Hoothoot - Character Rare Holo (CGC 10 PRISTINE),20.1,0-25,true,sold_back
2026-10-08T08:16:25.000Z,2022 Silver Tempest #059/195 Radiant Alakazam - Holo (CGC 10 GEM MINT),26.9,25-100,true,sold_back
2026-10-08T08:16:25.000Z,2024 Prismatic Evolutions - PRE EN #168/131 Bloodmoon Ursaluna ex - Special Illustration Rare (Holo) (CGC 10 PRISTINE),194.3,100-500,true,sold_back
2026-10-08T08:16:32.000Z,2026 One Piece Promos #108 Donquixote Rosinante - Illustration Box Vol.6 (PSA 9 MINT),18.7,0-25,true,sold_back
2026-10-08T08:16:37.000Z,2023 Pokémon Card 151 #141/165 Kabutops - Reverse Holo Master Ball (CGC 10 PRISTINE),91.1,25-100,true,sold_back
2026-10-08T08:16:38.000Z,2021 Pokémon Sword & Shield Eevee Heroes #026 Pikachu (PSA 10 GEM MINT),60.6,25-100,true,sold_back
2026-10-08T08:16:38.000Z,2024 Pokémon SV6-Transformation Mask #112 Tatsugiri - Art Rare (PSA 10 GEM MINT),48.6,25-100,true,sold_back
2026-10-08T08:16:40.000Z,2000 Pokémon Rocket #10 Dark Machamp - Holo (PSA 8 NM-MT),102.8,100-500,true,sold_back
2026-10-08T08:16:43.000Z,2024-25 Panini Select FIFA Equalizers #17 Lamine Yamal (PSA 10 GEM MINT),131,100-500,true,held
2026-10-08T08:16:46.000Z,2025 Topps Chrome #253 VJ Edgecombe (PSA 10 GEM MINT),93.9,25-100,true,sold_back
2026-10-08T08:16:50.000Z,2024 High Class Pack: Terastal Fest ex - sv8a #040/187 Glaceon - Poké Ball Holo (CGC 10 PRISTINE),21.4,0-25,true,sold_back
2026-10-08T08:16:56.000Z,1994 Finest #240 Grant Hill - w/Coating (PSA 8 NM-MT),17.8,0-25,true,sold_back
2026-10-08T08:16:56.000Z,2021 Parkside Nwsl Premier Edition Stars #54 Trinity Rodman (PSA 9 MINT),22.9,0-25,true,sold_back
2026-10-08T08:17:01.000Z,2023 Pokémon Cll-Trading Card Game Classic Charizard & HO-Oh EX Deck #001 Charmander (PSA 10 GEM MINT),70.9,25-100,true,held
2026-10-08T08:17:05.000Z,2022 Battle Region #083/067 Starmie V - Character Super Rare Holo (CGC 9.5 MINT+),104.7,100-500,true,sold_back
2026-10-08T08:17:13.000Z,2023 Pokémon Svi EN-Scarlet & Violet #215 Riolu - Illustration Rare (PSA 10 GEM MINT),579.5,500+,true,sold_back
2026-10-08T08:17:13.000Z,2024 Super Electric Breaker - sv8 #114/106 Mesprit - Art Rare Holo (CGC 9 MINT),11,0-25,true,sold_back
2026-10-08T08:17:16.000Z,2019 Panini Select #194 Coby White - Red Disco Prizm (PSA 10 GEM MINT),28.5,25-100,true,sold_back
2026-10-08T08:17:22.000Z,2020 Panini La Liga Megacracks #430 Pedri (PSA 9 MINT),19.2,0-25,true,sold_back
2026-10-08T08:17:23.000Z,2021 Pokémon Sword & Shield Chilling Reign #057 Gengar - Holo (PSA 9 MINT),47.1,25-100,true,sold_back
2026-10-08T08:17:28.000Z,2023 Bowman University Chrome Sapphire #8 Brian Thomas Jr. (PSA 10 GEM MINT),22.7,0-25,true,sold_back
2026-10-08T08:17:31.000Z,2022 VSTAR Universe #108/172 Rayquaza VMAX - Holo (CGC 9 MINT),12.7,0-25,true,sold_back
2026-10-08T08:17:32.000Z,1996 Collector's Choice #267 Kobe Bryant (PSA 8 NM-MT),59.2,25-100,true,held
2026-10-08T08:17:34.000Z,2024 Prismatic Evolutions - PRE EN #122/131 Professor's Research - Poké Ball Holo (CGC 10 PRISTINE),51.1,25-100,true,sold_back
2026-10-08T08:17:35.000Z,2022 Pokémon Sword & Shield Start Deck 100 Corocoro Comic Version #008 Snorlax (PSA 10 GEM MINT),61.5,25-100,true,held
2026-10-08T08:17:38.000Z,2009 Platinum #61/127 Seviper - Reverse Holo (CGC 8 NM-MT),12.1,0-25,true,sold_back
2026-10-08T08:17:38.000Z,Magic: The Gathering Lorwyn Eclipsed - Collector Booster (1 Booster Pack - Art May Vary),41.4,25-100,true,sold_back
2026-10-08T08:17:40.000Z,2026 Pokémon Asc EN-Ascended Heroes #265 Mega Froslass EX - Holo Mega Attack Rare (PSA 10 GEM MINT),49,25-100,true,held
2026-10-08T08:17:49.000Z,2024 Pokémon Ssp EN-Surging Sparks #209 Skarmory - Illustration Rare (PSA 9 MINT),20.8,0-25,true,sold_back
2026-10-08T08:17:52.000Z,2025 Pokémon Pfl EN-Phantasmal Flames #107 Ambipom - Illustration Rare (PSA 10 GEM MINT),44.1,25-100,true,sold_back
2026-10-08T08:17:55.000Z,2016 Pokémon XY Black Star Promo #XY114 Darkrai - Full Art Mythical Pokemon Collection (PSA 8 NM-MT),167.5,100-500,true,sold_back
2026-10-08T08:17:55.000Z,2025 Pokémon Sv11b-Black Bolt #132 Gurdurr - Art Rare (PSA 10 GEM MINT),83.6,25-100,true,sold_back
2026-10-08T08:18:04.000Z,1972 Topps #251 Checklist 264-394 - Large Print on Front (PSA 8 NM-MT),15.9,0-25,true,sold_back
2026-10-08T08:18:07.000Z,2023 Pokémon Card 151 #141/165 Kabutops - Reverse Holo Master Ball (CGC 10 PRISTINE),91.1,25-100,true,sold_back
2026-10-08T08:18:10.000Z,Pokémon Scarlet & Violet Destined Rivals (1 Booster Pack - Art May Vary),10.7,0-25,true,sold_back
2026-10-08T08:18:11.000Z,2019 Unbroken Bonds #210/214 Janine - Ultra Rare Holo (CGC 10 GEM MINT),43.6,25-100,true,sold_back
2026-10-08T08:18:11.000Z,2023 Crown Zenith #GG69/GG70 Giratina VSTAR - Galarian Gallery Holo (CGC 10 GEM MINT),279.3,100-500,true,held
2026-10-08T08:18:23.000Z,2024 Paldean Fates - PAF EN #075/091 Squawkabilly ex - Holo (CGC 10 GEM MINT),17.1,0-25,true,sold_back
2026-10-08T08:18:26.000Z,2023 Obsidian Flames - OBF EN #208/197 Pidgeotto - Illustration Rare Holo (CGC 9 MINT),17.7,0-25,true,sold_back
2026-10-08T08:18:26.000Z,2023 Pokémon Card 151 #179/165 Mr. Mime - Art Rare Holo (CGC 10 GEM MINT),12.7,0-25,true,sold_back
2026-10-08T08:18:26.000Z,2023 Scarlet ex #014/078 Gyarados ex - Holo (CGC 10 PRISTINE),19.6,0-25,true,sold_back
2026-10-08T08:18:26.000Z,2024 Paldean Fates - PAF EN #237/091 Iono - Special Illustration Rare (Holo) (CGC 8.5 NM-MT+),20.9,0-25,true,sold_back
2026-10-08T08:18:26.000Z,2026 Perfect Order - POR EN #106/088 Mega Skarmory ex - Ultra Rare Holo (CGC 10 GEM MINT),18.8,0-25,true,sold_back
2026-10-08T08:18:28.000Z,2023 Black Star Promos - Scarlet & Violet SVP EN #157 Zapdos - Surging Sparks 3-Pack Blister (Cosmos Holo) (CGC 8 NM-MT),13.6,0-25,true,sold_back
2026-10-08T08:18:28.000Z,2025 Panini Donruss the Elite Series Rookies #ESR-CLD Colston Loveland (PSA 9 MINT),26.5,25-100,true,sold_back
2026-10-08T08:18:31.000Z,Pokémon Scarlet & Violet Destined Rivals (1 Booster Pack - Art May Vary),10.7,0-25,true,sold_back
2026-10-08T08:18:32.000Z,2022 Pokémon Sword & Shield Dark Phantasma #076 Spiritomb - Full Art (PSA 10 GEM MINT),37.6,25-100,true,redeemed
2026-10-08T08:18:35.000Z,2005 EX Delta Species #73/113 Larvitar δ - (Non Holo) (CGC 10 GEM MINT),59.4,25-100,true,held
2026-10-08T08:18:35.000Z,2025 Pokémon Dri EN-Destined Rivals #070 Team Rocket's Zapdos (PSA 9 MINT),14.2,0-25,true,held
2026-10-08T08:18:38.000Z,Pokémon Scarlet & Violet Destined Rivals (1 Booster Pack - Art May Vary),10.7,0-25,true,sold_back
2026-10-08T08:18:52.000Z,2023 Shiny Treasure ex #328/190 Gardevoir ex - Shiny Super Rare Holo (CGC 10 PRISTINE),27.4,25-100,true,sold_back
2026-10-08T08:18:55.000Z,1999 Pokémon Game #6 Gyarados - Holo (PSA 7 NM),73.5,25-100,true,sold_back
2026-10-08T08:18:56.000Z,Pokémon Scarlet & Violet 151 (1 Booster Pack - Art May Vary),33.6,25-100,true,held
2026-10-08T08:18:58.000Z,2021 Pokémon 25th Anniversary Collection #005 Lugia (PSA 10 GEM MINT),48.7,25-100,true,sold_back
2026-10-08T08:19:01.000Z,2021 Celebrations - Classic Collection #2/102 Blastoise - Base Set Holo (CGC 10 GEM MINT),45.8,25-100,true,sold_back
2026-10-08T08:19:04.000Z,2026 Pokémon Asc EN-Ascended Heroes #270 Mega Scrafty EX - Holo Mega Attack Rare (PSA 10 GEM MINT),49.1,25-100,true,sold_back
2026-10-08T08:19:19.000Z,Magic: The Gathering Lorwyn Eclipsed - Collector Booster (1 Booster Pack - Art May Vary),41.4,25-100,true,sold_back
2026-10-08T08:19:35.000Z,2019 Sky Legend #001/054 Rowlet & Alolan Exeggutor GX - Holo (CGC 10 PRISTINE),23.5,0-25,true,sold_back
2026-10-08T08:19:35.000Z,2025 Pokémon Svp EN-SV Black Star Promo #196 Charizard EX - Holo Charizard EX Special Collection (PSA 10 GEM MINT),190.4,100-500,true,sold_back
2026-10-08T08:19:44.000Z,2025 Pokémon M2a-Mega Dream EX #230 Mega Gengar EX - Holo Mega Attack Rare (PSA 10 GEM MINT),50.3,25-100,true,redeemed
2026-10-08T08:19:50.000Z,2002 The Town on No Map #075/092 Weakness Guard - 1st Edition (CGC 8 NM-MT),240.5,100-500,true,sold_back
2026-10-08T08:19:56.000Z,2024 Bowman Draft #BD22 Konnor Griffin (PSA 8 NM-MT),13.6,0-25,true,sold_back
2026-10-08T08:19:56.000Z,Ascended Heroes (1 Booster Pack - Art May Vary),16.4,0-25,true,held
2026-10-08T08:19:59.000Z,2018 Topps Living #64 Ryne Sandberg (PSA 9 MINT),20.6,0-25,true,sold_back
2026-10-08T08:20:05.000Z,2024 Topps Update #US100 Paul Skenes (PSA 8 NM-MT),13.6,0-25,true,sold_back
2026-10-08T08:20:07.000Z,2024 High Class Pack: Terastal Fest ex - sv8a #213/187 Iron Valiant ex - Special Art Rare Holo (CGC 10 PRISTINE),20.2,0-25,true,held
2026-10-08T08:20:07.000Z,2024 Prismatic Evolutions - PRE EN #074/131 Eevee - Master Ball Holo (CGC 10 GEM MINT),78.7,25-100,true,sold_back
2026-10-08T08:20:13.000Z,2023 Temporal Forces - TEF EN #212/162 Salvatore - Special Illustration Rare (Holo) (CGC 10 GEM MINT),23.1,0-25,true,held
2026-10-08T08:20:19.000Z,2024 One Piece Premium Card Collection -Live Action Edition #048 Arlong (PSA 9 MINT),20.9,0-25,true,sold_back
2026-10-08T08:20:22.000Z,2025 Pokémon M2-Inferno X #093 Mega Heracross EX - Holo Super Rare (PSA 10 GEM MINT),21.2,0-25,true,sold_back
2026-10-08T08:20:22.000Z,Pokémon Scarlet & Violet Destined Rivals (1 Booster Pack - Art May Vary),10.7,0-25,true,held
2026-10-08T08:20:23.000Z,2024 One Piece OP08-Two Legends #079 Kaido - Alternate Art (PSA 9 MINT),20,0-25,true,sold_back
2026-10-08T08:20:26.000Z,2025 Mega Dream ex - M2a #060/193 Lillie's Clefairy ex - Holo (CGC 10 PRISTINE),20.8,0-25,true,held
2026-10-08T08:20:32.000Z,2021 Bowman Draft #BDC10 Andrew Painter - Chrome (PSA 9 MINT),17.2,0-25,true,held
2026-10-08T08:20:40.000Z,Magic: The Gathering Streets of New Capenna - Collector Booster (1 Booster Pack - Art May Vary),32,25-100,true,sold_back
2026-10-08T08:20:44.000Z,2025 Bowman University Chrome Bowman Chrome Prospect Autographs #FM Francis Mauigoa (PSA 10 GEM MINT),38.4,25-100,true,sold_back
2026-10-08T08:20:49.000Z,2005 EX Emerald #68/106 Taillow (CGC 10 GEM MINT),18.5,0-25,true,sold_back
2026-10-08T08:20:52.000Z,2022 Panini Donruss #171 Jalen Hurts - Press Proof Premium (CGC 10 GEM MINT),18.5,0-25,true,sold_back
2026-10-08T08:20:52.000Z,2023 Black Star Promos - Scarlet & Violet SVPEN #053 Mew ex - 151 Ultra-Premium Collection (Holo) (CGC 9 MINT),77.6,25-100,true,held
2026-10-08T08:20:52.000Z,2024 Bowman Chrome University #16 Cooper Flagg - Black Wave (PSA 10 GEM MINT),168.5,100-500,true,held
2026-10-08T08:20:53.000Z,2025 Pokémon Pfl EN-Phantasmal Flames #110 Oricorio EX - Holo Ultra Rare (PSA 10 GEM MINT),32.4,25-100,true,sold_back
2026-10-08T08:21:01.000Z,"X-Men #44 CGC 9.4 Cream to Off-white Pages (Marvel Comics, 5/68) - Universal",435,100-500,true,sold_back
2026-10-08T08:21:04.000Z,2025 Panini Instant NBA Rated Rookie Retro #RRR-1 Dylan Harper (PSA 9 MINT),26.5,25-100,true,sold_back
2026-10-08T08:21:05.000Z,2025 Pokémon Meg EN-Mega Evolution #178 Mega Gardevoir EX - Holo Special Illustration Rare (PSA 10 GEM MINT),281.4,100-500,true,sold_back
2026-10-08T08:21:11.000Z,Pokemon Sword & Shield Astral Radiance (1 Booster Pack - Art May Vary),13.6,0-25,true,held
2026-10-08T08:21:16.000Z,2023 Pokémon Card 151 #074/165 Geodude - Reverse Holo Master Ball (CGC 9 MINT),22.1,0-25,true,held
2026-10-08T08:21:17.000Z,2024 Pokémon Sv5a-Crimson Haze #069 Torkoal - Art Rare (PSA 10 GEM MINT),23.2,0-25,true,sold_back
2026-10-08T08:21:23.000Z,1988 Topps #66 Brett Hull (PSA 8 NM-MT),25,25-100,true,sold_back
2026-10-08T08:21:25.000Z,2016 Evolutions #15/108 Ninetales - Reverse Holo (CGC 8.5 NM-MT+),19.9,0-25,true,sold_back
2026-10-08T08:21:37.000Z,2023 Pokémon Pal EN-Paldea Evolved #219 Sudowoodo - Illustration Rare (PSA 9 MINT),58,25-100,true,sold_back
2026-10-08T08:21:37.000Z,2023 Pokémon Sv4a-Shiny Treasure EX #334 Noivern EX - Holo Ssr (PSA 10 GEM MINT),48.3,25-100,true,sold_back
2026-10-08T08:21:38.000Z,2019 Pokémon Sun & Moon Tag Team GX All Stars #221 Pikachu & Zekrom GX - Holo Full Art (PSA 10 GEM MINT),592.7,500+,true,sold_back
2026-10-08T08:21:44.000Z,2015 Pokémon XY Breakthrough #63 M Mewtwo EX - Holo (PSA 10 GEM MINT),1074.6,500+,true,held
2026-10-08T08:21:46.000Z,2021 Celebrations #024/025 Professor's Research - Ultra Rare Holo (CGC 9 MINT),13,0-25,true,sold_back
2026-10-08T08:21:50.000Z,2025 One Piece Japanese Let's Start With Friends Campaign Promotion Pack Don!! Card - Luffy (PSA 10 GEM MINT),26.6,25-100,true,sold_back
2026-10-08T08:21:55.000Z,2019 Panini Prizm #39 Jayson Tatum - Silver Prizm (PSA 9 MINT),21.1,0-25,true,sold_back
2026-10-08T08:21:56.000Z,2025 Pokémon Sv9a-Heat Wave Arena #066 Shaymin - Art Rare (PSA 10 GEM MINT),32.7,25-100,true,sold_back
2026-10-08T08:21:58.000Z,Pokémon Scarlet & Violet Destined Rivals (1 Booster Pack - Art May Vary),10.7,0-25,true,held
2026-10-08T08:22:01.000Z,2020 Pokémon Swsh Black Star Promo #076 Zacian V - Holo Full Art Ultra Premium Collection (PSA 9 MINT),22.8,0-25,true,sold_back
2026-10-08T08:22:02.000Z,2025 Panini Donruss Bomb Squad #BS-JDT Jaxson Dart (PSA 9 MINT),28.1,25-100,true,sold_back
2026-10-08T08:22:07.000Z,1948 Leaf #41 Harry Szulborski - Orange Pants (PSA 3 VG),40,25-100,true,sold_back
2026-10-08T08:22:07.000Z,2022 One Piece Starter Deck ST01-Straw Hat Crew #001 Monkey D. Luffy - Super Pre-Release (PSA 10 GEM MINT),1854.3,500+,true,sold_back
2026-10-08T08:22:07.000Z,2024 One Piece OP07-500 Years in the Future #051 Boa Hancock - Manga Alternate Art (PSA 10 GEM MINT),2791,500+,true,sold_back
2026-10-08T08:22:07.000Z,2024 One Piece OP09-Emperors in the New World #051 Buggy - Manga Alternate Art (PSA 10 GEM MINT),1867.5,500+,true,sold_back
2026-10-08T08:22:07.000Z,2024 Premium Booster: The Best (PRB-01) - English #016 Nami - Manga Alt. Art Parallel (BGS 10 PRISTINE),2727.4,500+,true,sold_back
2026-10-08T08:22:07.000Z,2026 One Piece OP14-EB04-the Azure Sea's Seven #051 Buggy - 3rd Anniversary-Gold (PSA 10 GEM MINT),1824.1,500+,true,sold_back
2026-10-08T08:22:11.000Z,2019 Dream League #061/049 Stoutland - Character Rare Holo (CGC 10 PRISTINE),21.1,0-25,true,sold_back
2026-10-08T08:22:14.000Z,2000 Neo Genesis #1/111 Ampharos - Holo (CGC 7.5 NM+),84.1,25-100,true,sold_back
2026-10-08T08:22:17.000Z,1990 Score #302 Junior Seau (PSA 9 MINT),17.5,0-25,true,sold_back
2026-10-08T08:22:20.000Z,2024 Panini Instant NBA Rps First Look #3 Reed Sheppard (PSA 10 GEM MINT),30.7,25-100,true,sold_back
2026-10-08T08:22:20.000Z,2025 Mega Dream ex - M2a #225/193 Mega Eelektross ex - Mega Attack Rare Holo (CGC 10 PRISTINE),20.7,0-25,true,sold_back
2026-10-08T08:22:22.000Z,2017 Pokémon Sun & Moon Burning Shadows #150 Charizard GX - Holo Full Art Secret (PSA 7 NM),399.6,100-500,true,sold_back
2026-10-08T08:22:22.000Z,2024 Crimson Haze #076/066 Probopass - Art Rare Holo (CGC 10 PRISTINE),22.4,0-25,true,sold_back
2026-10-08T08:22:25.000Z,2024 Pokémon Ssp EN-Surging Sparks #246 Lisia's Appeal - Special Illustration Rare (PSA 10 GEM MINT),68.4,25-100,true,sold_back
2026-10-08T08:22:25.000Z,Pokémon Celebrations (1 Booster Pack - Art May Vary),37.9,25-100,true,sold_back
2026-10-08T08:22:25.000Z,Pokémon Japanese Sword & Shield Rebellion Crash (1 Booster Pack - Art May Vary),19.9,0-25,true,sold_back
2026-10-08T08:22:29.000Z,2024 Topps Chrome #207 Jackson Merrill - Raywave (PSA 9 MINT),15,0-25,true,sold_back
2026-10-08T08:22:37.000Z,2021 Topps Chrome MLS 1975/76 Topps Footballers #TF759 Ricardo Pepi (PSA 10 GEM MINT),13.7,0-25,true,sold_back
2026-10-08T08:22:37.000Z,2025 Pokémon Mbg-Mega Starter Set Mega Gengar EX #022 Haunter (PSA 10 GEM MINT),54.3,25-100,true,sold_back
2026-10-08T08:22:40.000Z,2025 Mega Evolution - MEG EN #163/132 Mega Latias ex - Ultra Rare Holo (CGC 10 GEM MINT),21.9,0-25,true,sold_back
2026-10-08T08:22:41.000Z,1997 Pokémon Rocket #68 Dark Machamp - Holo (PSA 8 NM-MT),80.6,25-100,true,sold_back
2026-10-08T08:22:44.000Z,1992 Upper Deck All-Division #AD9 Michael Jordan (CGC 8 NM-MT),18.6,0-25,true,sold_back
2026-10-08T08:22:44.000Z,2025 Inferno X - M2 #087/080 Zacian - Art Rare Holo (CGC 10 PRISTINE),21.2,0-25,true,sold_back
2026-10-08T08:22:50.000Z,2025 Inferno X - M2 #085/080 Piplup - Art Rare Holo (CGC 10 PRISTINE),20.2,0-25,true,sold_back
2026-10-08T08:22:55.000Z,2025 Topps #400 Shohei Ohtani (PSA 9 MINT),29,25-100,true,sold_back
2026-10-08T08:22:59.000Z,1996 Pokémon Basic #26 Raichu - Holo (PSA 9 MINT),282.1,100-500,true,sold_back
2026-10-08T08:23:04.000Z,2019 Panini Prizm #282 Bol Bol (PSA 10 GEM MINT),12,0-25,true,held
2026-10-08T08:23:05.000Z,2023 Panini Prizm #339 CJ Stroud (PSA 10 GEM MINT),31.2,25-100,true,redeemed
2026-10-08T08:23:13.000Z,1999 Base Set #36/102 Magmar (CGC 9 MINT),17.2,0-25,true,sold_back
2026-10-08T08:23:19.000Z,2025 Pokémon Meg EN-Mega Evolution #134 Ivysaur - Illustration Rare (PSA 10 GEM MINT),77.9,25-100,true,held
2026-10-08T08:23:19.000Z,2025 Topps #201 Cooper Flagg (PSA 9 MINT),23.2,0-25,true,sold_back
2026-10-08T08:23:28.000Z,2025 Pokémon Sv11w-White Flare #106 Ducklett - Art Rare (PSA 10 GEM MINT),76.9,25-100,true,held
2026-10-08T08:23:28.000Z,2025 Topps Chrome #254 Kon Knueppel - Refractor (PSA 9 MINT),81.4,25-100,true,sold_back
2026-10-08T08:23:29.000Z,2024 Bowman Draft #BDC98 Kaelen Culpepper - Chrome-Refractor (PSA 9 MINT),27.8,25-100,true,sold_back
2026-10-08T08:23:31.000Z,2025 Mega Evolution - MEG EN #170/132 Lt. Surge's Bargain - Ultra Rare Holo (CGC 10 GEM MINT),17.7,0-25,true,sold_back
2026-10-08T08:23:32.000Z,2021 Pokémon Sword & Shield Evolving Skies #059 Dracozolt Vmax - Full Art (PSA 10 GEM MINT),81.8,25-100,true,sold_back
2026-10-08T08:23:34.000Z,1999 Jungle #3/64 Flareon - 1st Edition Holo (CGC 8.5 NM-MT+),349.5,100-500,true,sold_back
2026-10-08T08:23:35.000Z,2026 Pokémon Asc EN-Ascended Heroes #228 Weavile - Illustration Rare (PSA 10 GEM MINT),49.9,25-100,true,sold_back
2026-10-08T08:23:37.000Z,2025 Topps #201 Cooper Flagg (PSA 9 MINT),23.2,0-25,true,sold_back
2026-10-08T08:23:38.000Z,2026 Pokémon Asc EN-Ascended Heroes #235 Togekiss - Illustration Rare (PSA 10 GEM MINT),49.2,25-100,true,sold_back
2026-10-08T08:23:38.000Z,2026 Pokémon M4-Ninja Spinner #088 Ampharos - Art Rare (PSA 10 GEM MINT),32.2,25-100,true,redeemed
2026-10-08T08:23:43.000Z,2022 VSTAR Universe #226/172 Lucario VSTAR - Special Art Rare Holo (CGC 10 GEM MINT),20.7,0-25,true,sold_back
2026-10-08T08:23:49.000Z,2023 Pokémon Card 151 #181/165 Snorlax - Art Rare Holo (CGC 10 PRISTINE),57.8,25-100,true,sold_back
2026-10-08T08:23:50.000Z,1986 Fleer #117 Kiki Vandeweghe (PSA 5 EX),21.8,0-25,true,sold_back
2026-10-08T08:23:52.000Z,2023 Panini Instant NFL Draft Night #DN2 C.J. Stroud (PSA 10 GEM MINT),22,0-25,true,held
2026-10-08T08:23:52.000Z,2023 Pokémon Sv2p-Snow Hazard #073 Marill - Art Rare (PSA 10 GEM MINT),58,25-100,true,sold_back
2026-10-08T08:23:55.000Z,2019 Fusion Strike #040/264 Chandelure VMAX - Holo (CGC 10 GEM MINT),23.7,0-25,true,sold_back
2026-10-08T08:24:01.000Z,2004 Topps Chrome #205 Eli Manning (PSA 8 NM-MT),148.8,100-500,true,sold_back
2026-10-08T08:24:08.000Z,2024 Panini Donruss #301 Bucky Irving - Optic Preview-Pink (PSA 10 GEM MINT),28.7,25-100,true,sold_back
2026-10-08T08:24:08.000Z,2026 Pokémon Asc EN-Ascended Heroes #152 Mega Dragonite EX - Holo (PSA 10 GEM MINT),50.6,25-100,true,sold_back
2026-10-08T08:24:10.000Z,2022 Pokémon Sword & Shield Dark Phantasma #072 Parasect - Full Art (PSA 10 GEM MINT),28.8,25-100,true,sold_back
2026-10-08T08:24:11.000Z,2019 Pokémon Sun & Moon Tag Team GX All Stars #196 Green's Exploration - Full Art (PSA 9 MINT),461.2,100-500,true,sold_back
2026-10-08T08:24:11.000Z,2025 Pokémon Meg EN-Mega Evolution #133 Bulbasaur - Enhanced Booster Box Topper (PSA 8 NM-MT),18.3,0-25,true,sold_back
2026-10-08T08:24:13.000Z,2025 Pokémon M1l-Mega Brave #070 Garganacl - Art Rare (PSA 9 MINT),20.7,0-25,true,sold_back
2026-10-08T08:24:14.000Z,2025 Mega Dream ex - M2a #228/193 Mega Lucario ex - Mega Attack Rare Holo (CGC 10 GEM MINT),19.3,0-25,true,sold_back
2026-10-08T08:24:20.000Z,2021 VMAX Climax #126/184 Snorlax - Line Holo (CGC 10 GEM MINT),13.9,0-25,true,sold_back
2026-10-08T08:24:22.000Z,2024 Pokémon Sv5m-Cyber Judge #087 Iron Boulder EX - Holo Super Rare (PSA 10 GEM MINT),41.9,25-100,true,sold_back
2026-10-08T08:24:23.000Z,2023 Pokémon Cll-Trading Card Game Classic Charizard & HO-Oh EX Deck #013 Clefairy (PSA 10 GEM MINT),43.7,25-100,true,redeemed
2026-10-08T08:24:25.000Z,2025 Pokémon Simplified CBB1 C-Gem Pack Vol 1 #02 Captain Pikachu (PSA 10 GEM MINT),60.6,25-100,true,sold_back
2026-10-08T08:24:26.000Z,Pokémon Scarlet & Violet Destined Rivals (1 Booster Pack - Art May Vary),10.7,0-25,true,sold_back
2026-10-08T08:24:31.000Z,2026 Pokémon M4-Ninja Spinner #090 Claydol - Art Rare (PSA 10 GEM MINT),27.2,25-100,true,redeemed
2026-10-08T08:24:32.000Z,Pokémon Scarlet & Violet Destined Rivals (1 Booster Pack - Art May Vary),10.7,0-25,true,held
2026-10-08T08:24:38.000Z,2023 Pokémon Pal EN-Paldea Evolved #203 Magikarp - Illustration Rare (PSA 10 GEM MINT),3621.2,500+,true,sold_back
2026-10-08T08:24:40.000Z,2023 Pokémon SV3-Ruler of the Black Flame #125 Charizard EX - Holo Super Rare (PSA 10 GEM MINT),64.3,25-100,true,sold_back
2026-10-08T08:24:43.000Z,2022 Pokémon Sword & Shield Vstar Universe #054 Mew Vmax - Full Art (PSA 10 GEM MINT),50.8,25-100,true,sold_back
2026-10-08T08:24:43.000Z,2025 Destined Rivals - DRI EN #231/182 Team Rocket's Mewtwo ex - Special Illustration Rare (Holo) (CGC 10 GEM MINT),467.8,100-500,true,sold_back
2026-10-08T08:24:44.000Z,Pokémon Mega Dream EX (1 Booster Pack - Art May Vary),14,0-25,true,sold_back
2026-10-08T08:24:44.000Z,Pokémon Scarlet & Violet Destined Rivals (1 Booster Pack - Art May Vary),10.7,0-25,true,sold_back
2026-10-08T08:24:49.000Z,1999 Base Set #92/102 Energy Removal (CGC 5 EX),23.2,0-25,true,sold_back
2026-10-08T08:24:52.000Z,1990 Score #697 Bo Jackson (PSA 9 MINT),93,25-100,true,sold_back
2026-10-08T08:24:52.000Z,2024 Pokémon Scr EN-Stellar Crown #171 Briar - Special Illustration Rare (PSA 9 MINT),32.3,25-100,true,sold_back
2026-10-08T08:24:53.000Z,2024 High Class Pack: Terastal Fest ex - sv8a #201/187 Teal Mask Ogerpon ex - Special Art Rare Holo (CGC 10 PRISTINE),23.9,0-25,true,sold_back
2026-10-08T08:24:55.000Z,2022 VSTAR Universe #185/172 Deoxys - Art Rare Holo (CGC 9 MINT),13.3,0-25,true,sold_back
2026-10-08T08:24:59.000Z,1999 Pokémon Fossil #60 Gambler - 1st Edition (PSA 9 MINT),103.8,100-500,true,held
2026-10-08T08:24:59.000Z,Pokémon Scarlet & Violet Destined Rivals (1 Booster Pack - Art May Vary),10.7,0-25,true,held
2026-10-08T08:25:01.000Z,2023 Bowman University Chrome Sapphire #8 Brian Thomas Jr. (PSA 10 GEM MINT),22.7,0-25,true,sold_back
2026-10-08T08:25:05.000Z,2026 Pokémon Asc EN-Ascended Heroes #222 Ethan's Magcargo - Illustration Rare (PSA 10 GEM MINT),51.8,25-100,true,sold_back
2026-10-08T08:25:08.000Z,Pokémon Scarlet & Violet Destined Rivals (1 Booster Pack - Art May Vary),10.7,0-25,true,sold_back
2026-10-08T08:25:11.000Z,Pokémon Sword & Shield Fusion Strike (1 Booster Pack - Art May Vary),22.2,0-25,true,held
2026-10-08T08:25:14.000Z,"2025 ex Starter Sets (svOD, svOM) #020/019 Marnie's Morpeko - Marnie's Morpeko & Grimmsnarl ex - svOM (Holo) (CGC 10 GEM MINT)",31.5,25-100,true,sold_back
2026-10-08T08:25:17.000Z,2023 Pokémon Sv4a-Shiny Treasure EX #349 Charizard EX - Holo Special Art Rare (PSA 10 GEM MINT),320.8,100-500,true,sold_back
2026-10-08T08:25:20.000Z,2022 Incandescent Arcana #087/068 Alolan Vulpix VSTAR - Hyper Rare Holo (CGC 10 PRISTINE),53.4,25-100,true,sold_back
2026-10-08T08:25:25.000Z,2024 Paldean Fates - PAF EN #123/091 Finizen - Shiny Rare Holo (CGC 10 GEM MINT),21.4,0-25,true,redeemed
2026-10-08T08:25:26.000Z,2025 Topps New School #NS-1 Cooper Flagg (CGC 9 MINT),46.8,25-100,true,held
2026-10-08T08:25:29.000Z,2025 Pokémon Svp EN-SV Black Star Promo #175 Espeon EX - Holo Prismatic Evolutions Premium Figure Collection (PSA 10 GEM MINT),78.6,25-100,true,redeemed
2026-10-08T08:25:31.000Z,Pokémon XY Breakpoint (1 Booster Pack - Art May Vary),52,25-100,true,sold_back
2026-10-08T08:25:34.000Z,2025 Pokémon Pfl EN-Phantasmal Flames #098 Piplup - Illustration Rare (PSA 10 GEM MINT),97.9,25-100,true,sold_back
2026-10-08T08:25:41.000Z,2025 Topps Now #148 Victor Wembanyama (PSA 10 GEM MINT),74.3,25-100,true,sold_back
2026-10-08T08:25:41.000Z,2026 Pokémon Asc EN-Ascended Heroes #262 N's PP Up - Ultra Rare (PSA 10 GEM MINT),85.1,25-100,true,sold_back
2026-10-08T08:25:44.000Z,2025 Pokémon Pfl EN-Phantasmal Flames #105 Wigglytuff - Illustration Rare (PSA 10 GEM MINT),70.6,25-100,true,held
2026-10-08T08:25:50.000Z,2025 Destined Rivals - DRI EN #145/182 Steven's Metagross ex - Holo (CGC 9 MINT),12.5,0-25,true,sold_back
2026-10-08T08:25:53.000Z,2022 Lost Origin #TG08/TG30 Hisuian Arcanine - Trainer Gallery Holo (CGC 9 MINT),21.3,0-25,true,sold_back
2026-10-08T08:26:01.000Z,2023 Pokémon Sv2a-Pokémon Card 151 #181 Snorlax - Art Rare (PSA 10 GEM MINT),71.8,25-100,true,sold_back
2026-10-08T08:26:02.000Z,2026 Pokémon Asc EN-Ascended Heroes #057 Pikachu EX - Holo (PSA 9 MINT),25.5,25-100,true,held
2026-10-08T08:26:05.000Z,2020 Pokémon S Promo #101 Eevee Vmax - Full Art V Start Battle Winner Prize (PSA 10 GEM MINT),65.5,25-100,true,sold_back
2026-10-08T08:26:08.000Z,2023 Pokémon Svp EN-SV Black Star Promo #085 Pikachu With Grey Felt Hat - Pokemon X Van Gogh (PSA 10 GEM MINT),2251,500+,true,sold_back
2026-10-08T08:26:10.000Z,2025 Pokémon M2-Inferno X #111 Oricorio EX - Holo Special Art Rare (PSA 10 GEM MINT),51.8,25-100,true,sold_back
2026-10-08T08:26:14.000Z,2016 Pokémon XY Awakening Psychic King #083 Genesect EX - 1st Edition Holo Full Art (PSA 10 GEM MINT),345.7,100-500,true,sold_back
2026-10-08T08:26:16.000Z,1986 Fleer Sticker #6 Patrick Ewing (SGC 5 EX),33.1,25-100,true,held
2026-10-08T08:26:16.000Z,2000 Gym Heroes #1/132 Blaine's Moltres - Holo (CGC 9 MINT),249.6,100-500,true,redeemed
2026-10-08T08:26:16.000Z,2025 Panini Prizm Draft Picks Fearless #F-CSO Cam Skattebo - Gold Ice (PSA 10 GEM MINT),48.2,25-100,true,sold_back
2026-10-08T08:26:17.000Z,1996 Ultra #266 Kobe Bryant (PSA 8 NM-MT),94.3,25-100,true,held
2026-10-08T08:26:20.000Z,2025 Topps #201 Cooper Flagg (PSA 9 MINT),23.2,0-25,true,held
2026-10-08T08:26:23.000Z,1969 Topps #100 Hank Aaron (PSA 1 PR),38.5,25-100,true,sold_back
2026-10-08T08:26:26.000Z,Pokémon Japanese Sword & Shield Rebellion Crash (1 Booster Pack - Art May Vary),19.9,0-25,true,sold_back
2026-10-08T08:26:28.000Z,2023 Pokémon Sv2a-Pokémon Card 151 #166 Bulbasaur - Art Rare (PSA 10 GEM MINT),77,25-100,true,sold_back
2026-10-08T08:26:28.000Z,Pokémon Japanese Sun & Moon Dragon Storm (1 Booster Pack - Art May Vary),44,25-100,true,sold_back
2026-10-08T08:26:32.000Z,2025 Pokémon M2a-Mega Dream EX #245 Steven's Metagross EX - Holo Special Art Rare (PSA 10 GEM MINT),61.1,25-100,true,held
2026-10-08T08:26:37.000Z,2025 Pokémon Meg EN-Mega Evolution #146 Marshadow - Illustration Rare (PSA 10 GEM MINT),74.5,25-100,true,sold_back
2026-10-08T08:26:40.000Z,1981 Topps #68 Eddie Johnson - East (PSA 9 MINT),18.5,0-25,true,held
2026-10-08T08:26:40.000Z,2026 Pokémon Asc EN-Ascended Heroes #265 Mega Froslass EX - Holo Mega Attack Rare (PSA 10 GEM MINT),49,25-100,true,redeemed
2026-10-08T08:26:50.000Z,2023 Scarlet & Violet 151 - MEW EN #105/165 Marowak - Holo (CGC 9.5 MINT+),20.2,0-25,true,sold_back
2026-10-08T08:26:50.000Z,2025 Heat Wave Arena - sv9a #068/063 Hydrapple - Art Rare Holo (CGC 10 GEM MINT),20.2,0-25,true,sold_back
2026-10-08T08:26:52.000Z,2019 Pokémon Sun & Moon Double Blaze #045 Cubone (PSA 10 GEM MINT),271.9,100-500,true,sold_back
2026-10-08T08:26:53.000Z,2023 Black Star Promos - Scarlet & Violet SVP EN #102 Oddish - Pokémon: Path to the Peak (CGC 10 GEM MINT),13.2,0-25,true,held
2026-10-08T08:26:53.000Z,Pokemon Scarlet & Violet Surging Sparks (1 Booster Pack - Art May Vary),10,0-25,true,sold_back
2026-10-08T08:26:55.000Z,2018 Tag Bolt #001/095 Celebi & Venusaur GX - Holo (CGC 10 PRISTINE),51,25-100,true,sold_back
2026-10-08T08:26:55.000Z,2019 Sky Legend #001/054 Rowlet & Alolan Exeggutor GX - Holo (CGC 10 PRISTINE),23.5,0-25,true,sold_back
2026-10-08T08:26:55.000Z,2024 High Class Pack: Terastal Fest ex - sv8a #052/187 Jolteon ex - Holo (CGC 10 PRISTINE),19.4,0-25,true,sold_back
2026-10-08T08:26:55.000Z,2025 Inferno X - M2 #112/080 Rotom ex - Special Art Rare Holo (CGC 10 PRISTINE),20.6,0-25,true,sold_back
2026-10-08T08:26:56.000Z,2024 Twilight Masquerade - TWM EN #215/167 Cornerstone Mask Ogerpon ex - Special Illustration Rare (CGC 10 PRISTINE),71.6,25-100,true,sold_back
2026-10-08T08:26:56.000Z,Pokémon Scarlet & Violet Destined Rivals (1 Booster Pack - Art May Vary),10.7,0-25,true,sold_back
2026-10-08T08:26:59.000Z,2025 One Piece OP13-Carrying on His Will #108 Jewelry Bonney (PSA 9 MINT),18,0-25,true,sold_back
2026-10-08T08:27:07.000Z,2023 Pokémon Sv1v-Violet EX #087 Greavard - Art Rare (PSA 10 GEM MINT),41.3,25-100,true,sold_back
2026-10-08T08:27:07.000Z,2026 Pokémon Asc EN-Ascended Heroes #267 Mega Diancie EX - Holo Mega Attack Rare (PSA 10 GEM MINT),49,25-100,true,sold_back
2026-10-08T08:27:08.000Z,2020 Vivid Voltage #192 Allister - Rainbow Rare Holo (BGS 9.5 GEM MINT),17.4,0-25,true,sold_back
2026-10-08T08:27:13.000Z,Pokémon Scarlet & Violet Destined Rivals (1 Booster Pack - Art May Vary),10.7,0-25,true,sold_back
2026-10-08T08:27:20.000Z,2021 Dark Phantasma #014/071 Pikachu (CGC 10 GEM MINT),21.5,0-25,true,redeemed
2026-10-08T08:27:20.000Z,2025 One Piece Japanese OP13-Carrying on His Will #009 Benn Beckman - Special Alternate Art (PSA 9 MINT),28.8,25-100,true,sold_back
2026-10-08T08:27:23.000Z,"Batman: The Dark Knight Returns #4 CGC 9.8 White Pages (DC Comics, 1986) - Universal",205,100-500,true,sold_back
2026-10-08T08:27:25.000Z,"2003 EX Dragon (2003 Copyright, w/ ""e"" Symbol) #11/97 Shedinja - Holo (CGC 9 MINT)",118.7,100-500,true,sold_back
2026-10-08T08:27:31.000Z,2022 VSTAR Universe #233/172 Regigigas VSTAR - Special Art Rare Holo (CGC 10 GEM MINT),26.8,25-100,true,sold_back
2026-10-08T08:27:31.000Z,Pokémon XY Breakpoint (1 Booster Pack - Art May Vary),52,25-100,true,sold_back
2026-10-08T08:27:37.000Z,Pokemon Sword & Shield Silver Tempest (1 Booster Pack - Art May Vary),18.2,0-25,true,sold_back
2026-10-08T08:27:40.000Z,2025 Pokémon M2a-Mega Dream EX #199 Psyduck - Art Rare (PSA 10 GEM MINT),57.1,25-100,true,sold_back
2026-10-08T08:27:52.000Z,2024 Stellar Miracle #111/102 Meditite - Art Rare Holo (CGC 10 GEM MINT),20.9,0-25,true,sold_back
2026-10-08T08:27:53.000Z,1984 Donruss #248 Don Mattingly (PSA 7 NM),74.1,25-100,true,sold_back
2026-10-08T08:27:58.000Z,1976 Topps #305 John Riggins (PSA 5 EX),14.1,0-25,true,sold_back
2026-10-08T08:28:02.000Z,2023 Black Star Promos - Scarlet & Violet SVP EN #213 Feraligatr - Illustration Contest 2024 Winner (CGC 10 GEM MINT),15.6,0-25,true,sold_back
2026-10-08T08:28:08.000Z,2025 Pokémon M2-Inferno X #106 Dawn - Super Rare (PSA 9 MINT),19.6,0-25,true,sold_back
2026-10-08T08:28:10.000Z,2025 Pokémon Pfl EN-Phantasmal Flames #128 Mega Lopunny EX - Holo Special Illustration Rare (PSA 10 GEM MINT),52.3,25-100,true,sold_back
2026-10-08T08:28:13.000Z,2022 Pokémon Sword & Shield Incandescent Arcana #073 Smeargle - Full Art (PSA 10 GEM MINT),49.1,25-100,true,sold_back
2026-10-08T08:28:14.000Z,2024 Pokémon Sv5a-Crimson Haze #069 Torkoal - Art Rare (PSA 10 GEM MINT),23.2,0-25,true,sold_back
2026-10-08T08:28:16.000Z,2025 Pokémon M2-Inferno X #111 Oricorio EX - Holo Special Art Rare (PSA 10 GEM MINT),51.8,25-100,true,sold_back
2026-10-08T08:28:17.000Z,2023 Topps Chrome #79 Michael Harris II - Refractor (PSA 10 GEM MINT),44.2,25-100,true,sold_back
2026-10-08T08:28:17.000Z,Pokémon Celebrations (1 Booster Pack - Art May Vary),37.9,25-100,true,sold_back
2026-10-08T08:28:32.000Z,1999 Pokémon Game #47 Diglett - Shadowless (PSA 8 NM-MT),29.8,25-100,true,sold_back
2026-10-08T08:28:34.000Z,2023 Clay Burst #083/071 Farigiraf - Art Rare Holo (CGC 10 GEM MINT),12.3,0-25,true,sold_back
2026-10-08T08:28:43.000Z,2025 Pokémon Meg EN-Mega Evolution #178 Mega Gardevoir EX - Holo Special Illustration Rare (PSA 10 GEM MINT),281.4,100-500,true,sold_back
2026-10-08T08:28:47.000Z,Pokémon Scarlet & Violet Destined Rivals (1 Booster Pack - Art May Vary),10.7,0-25,true,sold_back
2026-10-08T08:28:49.000Z,2023 Scarlet & Violet 151 - MEW EN #115/165 Kangaskhan ex - Holo (CGC 9 MINT),10.6,0-25,true,held
2026-10-08T08:28:49.000Z,2025 One Piece OP12-Legacy of the Master #004 Zoro-Juurou - Special Alternate Art (PSA 10 GEM MINT),273.7,100-500,true,held
2026-10-08T08:28:53.000Z,2020 Bowman Draft #BD107 Zac Veen - Chrome (PSA 10 GEM MINT),21.2,0-25,true,sold_back
2026-10-08T08:28:55.000Z,2023 Obsidian Flames - OBF EN #211/197 Tyranitar ex - Ultra Rare Holo (CGC 10 GEM MINT),23.1,0-25,true,sold_back
2026-10-08T08:28:59.000Z,2023 Pokémon Card 151 #179/165 Mr. Mime - Art Rare Holo (CGC 10 GEM MINT),12.7,0-25,true,sold_back
2026-10-08T08:28:59.000Z,2023 Pokémon Swsh Black Star Promo #283 Galarian Zapdos - Crown Zenith Tin (PSA 9 MINT),19.1,0-25,true,sold_back
2026-10-08T08:29:01.000Z,2022 Pokémon Sword & Shield Start Deck 100 Corocoro Comic Version #007 Eevee V - Holo (PSA 10 GEM MINT),56.9,25-100,true,held
2026-10-08T08:29:01.000Z,"2023 Trading Card Game Classic - CLF, CLL, CLK #016/032 Stantler - Charizard & Ho-Oh ex Deck - CLL Holo (CGC 10 PRISTINE)",19.6,0-25,true,sold_back
2026-10-08T08:29:04.000Z,1987 Topps #634 Rafael Palmeiro - Future Stars (BGS 9 MINT),10.2,0-25,true,sold_back
2026-10-08T08:29:05.000Z,2024 Topps Chrome UEFA CC #WK-3 Chido Obi (CGC 10 GEM MINT),23,0-25,true,held
2026-10-08T08:29:08.000Z,2022 VSTAR Universe #051/172 Mewtwo VSTAR - Holo (CGC 10 GEM MINT),19.9,0-25,true,sold_back
2026-10-08T08:29:08.000Z,Pokemon Sun & Moon Tag Team GX Dream League (1 Booster Pack - Art May Vary),42,25-100,true,sold_back
2026-10-08T08:29:16.000Z,2024 Pokémon Simplified Cs5a C-Gallant Galaxy: Charm #001 Charmander (PSA 10 GEM MINT),55.8,25-100,true,sold_back
2026-10-08T08:29:16.000Z,2025 Mega Dream ex - M2a #245/193 Steven's Metagross ex - Special Art Rare Holo (CGC 10 GEM MINT),43.9,25-100,true,sold_back
2026-10-08T08:29:17.000Z,2023 Pokémon Sv2a-Pokémon Card 151 #168 Charmander - Art Rare (PSA 10 GEM MINT),91.7,25-100,true,held
2026-10-08T08:29:20.000Z,2023 Pokémon Mew EN-151 #201 Alakazam EX - Holo Special Illustration Rare (PSA 8 NM-MT),49.3,25-100,true,sold_back
2026-10-08T08:29:23.000Z,1987 Donruss #247 Carlton Fisk (PSA 10 GEM MINT),36.5,25-100,true,sold_back
2026-10-08T08:29:26.000Z,2025 Pokémon Sv11b-Black Bolt #132 Gurdurr - Art Rare (PSA 10 GEM MINT),83.6,25-100,true,sold_back
2026-10-08T08:29:29.000Z,2021 Pokémon Sword & Shield Evolving Skies #212 Sylveon Vmax - Full Art Secret (PSA 10 GEM MINT),577.9,500+,true,sold_back
2026-10-08T08:29:34.000Z,2000 Gym Challenge #60/132 Blaine's Charmander (CGC 9 MINT),20.8,0-25,true,sold_back
2026-10-08T08:29:40.000Z,2024 Paradise Dragona - sv7a #073/064 Skarmory - Art Rare Holo (CGC 10 GEM MINT),20.8,0-25,true,sold_back
2026-10-08T08:29:43.000Z,2024 Twilight Masquerade - TWM EN #172/167 Torkoal - Illustration Rare Holo (CGC 9 MINT),12.5,0-25,true,sold_back
2026-10-08T08:29:44.000Z,2023 Pokémon Sv2p-Snow Hazard #077 Baxcalibur - Art Rare (PSA 10 GEM MINT),40.3,25-100,true,held
2026-10-08T08:29:44.000Z,Pokémon Sun & Moon Celestial Storm (1 Booster Pack - Art May Vary),70.8,25-100,true,redeemed
2026-10-08T08:29:52.000Z,2025 Mega Evolution - MEG EN #104/132 Mega Kangaskhan ex - Holo (CGC 10 GEM MINT),21.2,0-25,true,sold_back
2026-10-08T08:29:56.000Z,2024 Bowman Chrome Prospect Autographs #CPABWI Ben Williamson - Hta Green Lava (PSA 10 GEM MINT),42.3,25-100,true,sold_back
2026-10-08T08:29:58.000Z,2025 Pokémon M2a-Mega Dream EX #236 Iono's Bellibolt EX - Holo Special Art Rare (PSA 10 GEM MINT),48.3,25-100,true,sold_back
2026-10-08T08:29:59.000Z,2024 Pokémon Sv8a-Terastal Fest EX #217 Umbreon EX - Holo Special Art Rare (PSA 9 MINT),320,100-500,true,sold_back
2026-10-08T08:30:02.000Z,2022 VSTAR Universe #108/172 Rayquaza VMAX - Holo (CGC 10 PRISTINE),41.4,25-100,true,sold_back
2026-10-08T08:30:13.000Z,2026 Pokémon Mep EN-Me Black Star Promo #080 Fennekin - Chaos Rising Pokemon Center Elite Trainer Box (PSA 9 MINT),58.4,25-100,true,sold_back
2026-10-08T08:30:19.000Z,2016 Panini Donruss Optic #186 Michael Thomas - Purple (PSA 10 GEM MINT),22.1,0-25,true,sold_back
2026-10-08T08:30:19.000Z,2025 One Piece OP12-Legacy of the Master #020 Roronoa Zoro - Alternate Art (PSA 10 GEM MINT),126.1,100-500,true,sold_back
2026-10-08T08:30:25.000Z,Brilliant Stars (1 Booster Pack - Art May Vary),19.6,0-25,true,sold_back
2026-10-08T08:30:26.000Z,1998 Pokémon Vending #25 Ooyama's Pikachu - Series III (PSA 10 GEM MINT),7001.7,500+,true,sold_back
2026-10-08T08:30:26.000Z,2019 Pokémon SM Black Star Promo #SM169 Eevee & Snorlax GX - Holo Full Art Tag Team Tins (PSA 10 GEM MINT),1492.3,500+,true,sold_back
2026-10-08T08:30:26.000Z,2019 Pokémon Sun & Moon Team Up #170 Latias & Latios GX - Holo Full Art (PSA 3 VG),1762,500+,true,sold_back
2026-10-08T08:30:26.000Z,2019 Pokémon Sun & Moon Unbroken Bonds #201 Greninja & Zoroark GX - Holo Full Art (PSA 10 GEM MINT),2335.7,500+,true,sold_back
2026-10-08T08:30:26.000Z,2021 Pokémon Swsh Black Star Promo #181 Vaporeon V - Holo Full Art Vaporeon Vmax Premium Collection (PSA 10 GEM MINT),1346.5,500+,true,sold_back
2026-10-08T08:30:34.000Z,2026 Pokémon Asc EN-Ascended Heroes #238 Team Rocket's Mimikyu - Illustration Rare (PSA 9 MINT),32.3,25-100,true,sold_back
2026-10-08T08:30:37.000Z,2025 Topps Stars of MLB #SMLB61 Nick Kurtz - Update (PSA 9 MINT),14.3,0-25,true,sold_back
2026-10-08T08:30:38.000Z,2025 Black Bolt - BLK EN #003/086 Serperior ex - Holo (CGC 9.5 MINT+),22.4,0-25,true,sold_back
2026-10-08T08:30:40.000Z,2021 Celebrations #005 Pikachu - Holo (BGS 8.5 NM-MT+),17.9,0-25,true,sold_back
2026-10-08T08:30:40.000Z,2024 Pokémon Sv8a-Terastal Fest EX #202 Flareon EX - Holo Special Art Rare (PSA 10 GEM MINT),93.9,25-100,true,held
2026-10-08T08:30:44.000Z,2026 Pokémon Mep EN-Me Black Star Promo #043 Rowlet - First Partner Illustration Collection Series 1 (PSA 10 GEM MINT),40.4,25-100,true,sold_back
2026-10-08T08:30:47.000Z,2024 Prismatic Evolutions - PRE EN #173/131 Janine's Secret Art - Special Illustration Rare (Holo) (CGC 8.5 NM-MT+),17.9,0-25,true,sold_back
2026-10-08T08:30:52.000Z,2026 Ascended Heroes - ASC EN #221/217 Budew - Illustration Rare Holo (CGC 10 GEM MINT),18.6,0-25,true,sold_back
2026-10-08T08:30:56.000Z,2020 Panini Score #369 Tua Tagovailoa (PSA 10 GEM MINT),13.8,0-25,true,sold_back
2026-10-08T08:30:56.000Z,2025 Glory of the Rocket Gang - sv10 #109/098 Team Rocket's Meowth - Art Rare Holo (CGC 10 GEM MINT),20.5,0-25,true,sold_back
2026-10-08T08:31:01.000Z,"2001 Darkness, and to Light Dark Donphan - Holo (CGC 8 NM-MT)",28.8,25-100,true,held
2026-10-08T08:31:02.000Z,2026 Pokémon M3-Nullifying Zero #082 Rowlet - Art Rare (PSA 10 GEM MINT),30.6,25-100,true,sold_back
2026-10-08T08:31:13.000Z,2016 Pokémon Mythical & Legendary Dream Shine Collection #026 Jirachi - 1st Edition Holo (PSA 9 MINT),35.9,25-100,true,sold_back
2026-10-08T08:31:14.000Z,2024 Topps 50/50 Shohei Ohtani #36 Shohei Ohtani (CGC 9 MINT),12.5,0-25,true,held
2026-10-08T08:31:17.000Z,2022 Panini Prizm #254 Bennedict Mathurin - Silver Prizm (PSA 9 MINT),11.9,0-25,true,sold_back
2026-10-08T08:31:19.000Z,2026 Ascended Heroes - ASC EN #265/217 Mega Froslass ex - Mega Attack Rare Holo (CGC 10 GEM MINT),29.5,25-100,true,sold_back
2026-10-08T08:31:20.000Z,2021 Parkside Nwsl Premier Edition Stars #54 Trinity Rodman (PSA 9 MINT),22.9,0-25,true,sold_back
2026-10-08T08:31:20.000Z,2025 Gem Pack Volume 2 - CBB2C - Simplified #08 13/14 Glaceon V - Holo (CGC 10 PRISTINE),19.9,0-25,true,sold_back
2026-10-08T08:31:32.000Z,2022 Pokémon Sword & Shield Vstar Universe #108 Rayquaza Vmax - Full Art (PSA 10 GEM MINT),51.6,25-100,true,sold_back
2026-10-08T08:31:38.000Z,2025 Pokémon SV10-Glory of Team Rocket #109 Team Rocket's Meowth - Art Rare (PSA 10 GEM MINT),36.7,25-100,true,sold_back
2026-10-08T08:31:40.000Z,2024 High Class Pack: Terastal Fest ex - sv8a #219/187 Pecharunt ex - Special Art Rare Holo (CGC 10 GEM MINT),12.2,0-25,true,sold_back
2026-10-08T08:31:40.000Z,2025 Black Bolt - BLK EN #046/086 Excadrill ex - Holo (CGC 10 GEM MINT),14,0-25,true,sold_back
2026-10-08T08:31:40.000Z,2025 One Piece Japanese Promotion Card Set 2025 #106 Monkey D. Luffy (PSA 9 MINT),24.5,0-25,true,sold_back
2026-10-08T08:31:40.000Z,2025 Pokémon Pfl EN-Phantasmal Flames #126 Rotom EX - Holo Special Illustration Rare (PSA 9 MINT),22.6,0-25,true,sold_back
2026-10-08T08:31:52.000Z,2021 Chilling Reign #199/198 Celebi VMAX - Rainbow Rare Holo (CGC 8.5 NM-MT+),21.1,0-25,true,sold_back
2026-10-08T08:31:52.000Z,2022 Topps #277 Cal Raleigh (PSA 10 GEM MINT),20.1,0-25,true,sold_back
2026-10-08T08:31:53.000Z,2025 Pokémon Meg EN-Mega Evolution #144 Shedinja - Illustration Rare (PSA 10 GEM MINT),48,25-100,true,sold_back
2026-10-08T08:31:53.000Z,Pokémon Scarlet & Violet Destined Rivals (1 Booster Pack - Art May Vary),10.7,0-25,true,held
2026-10-08T08:31:55.000Z,2024 Wild Force #074/071 Bronzor - Art Rare Holo (CGC 10 PRISTINE),21,0-25,true,sold_back
2026-10-08T08:31:56.000Z,2023 Scarlet & Violet 151 - MEW EN #177/165 Machoke - Illustration Rare Holo (CGC 8.5 NM-MT+),18.8,0-25,true,held
2026-10-08T08:32:04.000Z,2023 Shiny Treasure ex #325/190 Quaquaval ex - Shiny Super Rare Holo (CGC 10 PRISTINE),17.1,0-25,true,sold_back
2026-10-08T08:32:11.000Z,2023 Pokémon Card 151 #171/165 Wartortle - Art Rare Holo (CGC 9 MINT),20.5,0-25,true,sold_back
2026-10-08T08:32:16.000Z,2025 Black Star Promos - Mega Evolution MEP EN #043 Rowlet - First Partner Illustration Collection Series 1 (Holo) (CGC 10 GEM MINT),15.7,0-25,true,held
2026-10-08T08:32:20.000Z,"Philip I, AD 244-249 ROMAN PROVINCIAL BI Tetradrachm NGC AU",247.5,100-500,true,sold_back
2026-10-08T08:32:28.000Z,2020 Stadium Club Chrome UEFA Champions League #26 Pedri (PSA 9 MINT),20.8,0-25,true,sold_back
2026-10-08T08:32:29.000Z,2023 Pokémon Sv2d-Clay Burst #079 Tyranitar - Art Rare (PSA 10 GEM MINT),53,25-100,true,sold_back
2026-10-08T08:32:46.000Z,1999 Pokémon Game #66 Tangela - 1st Edition (PSA 8 NM-MT),67,25-100,true,held
2026-10-08T08:32:55.000Z,2023 Violet ex #087/078 Greavard - Art Rare Holo (CGC 10 PRISTINE),21.1,0-25,true,sold_back
2026-10-08T08:32:55.000Z,2024 Surging Sparks - SSP EN #160/191 Flamigo ex - Holo (CGC 10 GEM MINT),22.1,0-25,true,sold_back
2026-10-08T08:32:58.000Z,2024 One Piece OP09-Emperors in the New World #001 Shanks - Alternate Art (PSA 10 GEM MINT),78.2,25-100,true,held
2026-10-08T08:33:01.000Z,2014 Pokémon XY Rising Fist #100 Dragonite EX - 1st Edition Holo Full Art (PSA 9 MINT),272,100-500,true,sold_back
2026-10-08T08:33:02.000Z,Pokemon Sun & Moon Tag Team GX Dream League (1 Booster Pack - Art May Vary),42,25-100,true,sold_back
2026-10-08T08:33:04.000Z,Pokémon Sun & Moon Base Set (1 Booster Pack - Art May Vary),26.9,25-100,true,held
2026-10-08T08:33:07.000Z,2025 Mega Dream ex - M2a #236/193 Iono's Bellibolt ex - Special Art Rare Holo (CGC 10 GEM MINT),23.7,0-25,true,sold_back
2026-10-08T08:33:08.000Z,2023 Pokémon Cll-Trading Card Game Classic Charizard & HO-Oh EX Deck #002 Charmeleon (PSA 9 MINT),33.9,25-100,true,sold_back
2026-10-08T08:33:13.000Z,2024 High Class Pack: Terastal Fest ex - sv8a #057/187 Abra - Poké Ball Holo (CGC 10 PRISTINE),27.1,25-100,true,sold_back
2026-10-08T08:33:23.000Z,2025 Topps Generation Now #GN-4 Kon Knueppel (PSA 9 MINT),29.8,25-100,true,sold_back
2026-10-08T08:33:32.000Z,2018 Panini Donruss #177 Vinicius Junior - Optic (PSA 9 MINT),22.1,0-25,true,sold_back
2026-10-08T08:33:34.000Z,2017 Pokémon Sun & Moon Shining Legends #78 Mewtwo GX - Holo Secret (PSA 9 MINT),1467.1,500+,true,sold_back
2026-10-08T08:33:34.000Z,Pokémon XY Breakpoint (1 Booster Pack - Art May Vary),52,25-100,true,sold_back
2026-10-08T08:33:35.000Z,2023 Shiny Treasure ex #332/190 Paldean Clodsire ex - Shiny Super Rare Holo (CGC 10 GEM MINT),18.5,0-25,true,sold_back
2026-10-08T08:33:40.000Z,2023 Pokémon Sv2a-Pokémon Card 151 #005 Charmeleon - Reverse Holo Master Ball (PSA 10 GEM MINT),60.7,25-100,true,held
2026-10-08T08:33:49.000Z,2002 Wind from the Sea #015/087 Tangela - 1st Edition (CGC 10 GEM MINT),35.1,25-100,true,sold_back
2026-10-08T08:33:52.000Z,2025 White Flare - WHT EN #126/086 Frillish - Illustration Rare Holo (CGC 9 MINT),21.9,0-25,true,sold_back
2026-10-08T08:33:55.000Z,2019 Panini Hoops Premium Stock #259 Ja Morant - SP-Shimmer (PSA 9 MINT),22.9,0-25,true,sold_back
2026-10-08T08:34:01.000Z,Pokémon Sun & Moon Forbidden Light (1 Booster Pack - Art May Vary),52.3,25-100,true,held
2026-10-08T08:34:07.000Z,Pokemon Sword & Shield Astral Radiance (1 Booster Pack - Art May Vary),13.6,0-25,true,sold_back
2026-10-08T08:34:11.000Z,1999 Pokémon Game #49 Drowzee - 1st Edition (PSA 10 GEM MINT),616.7,500+,true,sold_back
2026-10-08T08:34:19.000Z,2020 Pokémon Sword & Shield Shiny Star V #117 Yveltal (PSA 10 GEM MINT),32.4,25-100,true,sold_back
2026-10-08T08:34:23.000Z,2022-23 Topps Chrome UEFA Club Competitions Youthquake #YQ31 Alejandro Garnacho (PSA 10 GEM MINT),13.5,0-25,true,sold_back
2026-10-08T08:34:25.000Z,2024 Transformation Mask #112/101 Tatsugiri - Art Rare Holo (CGC 10 GEM MINT),25.8,25-100,true,held
2026-10-08T08:34:25.000Z,2025-2026 Topps Chrome Premier League Alive and Kicking #14 Estevao Willian (PSA 9 MINT),30,25-100,true,sold_back
2026-10-08T08:34:28.000Z,2024 Night Wanderer #071/064 Cresselia - Art Rare Holo (CGC 10 GEM MINT),18.4,0-25,true,sold_back
2026-10-08T08:34:28.000Z,2024 Prismatic Evolutions - PRE EN #006/131 Leafeon ex - Surprise Box (Prismatic Evolutions Stamp) (Holo) (CGC 9 MINT),12,0-25,true,sold_back
2026-10-08T08:34:29.000Z,2025 Pokémon Simplified CBB1 C-Gem Pack Vol 1 #02 Captain Pikachu (PSA 10 GEM MINT),60.6,25-100,true,sold_back
2026-10-08T08:34:32.000Z,2025 Topps #201 Cooper Flagg (PSA 9 MINT),23.2,0-25,true,sold_back
2026-10-08T08:34:34.000Z,2005 EX Deoxys #69/107 Phanpy (CGC 9.5 MINT+),50.4,25-100,true,held
2026-10-08T08:34:35.000Z,1999 Base Set #33/102 Kakuna - Shadowless Shadowless (CGC 8.5 NM-MT+),28.2,25-100,true,sold_back
2026-10-08T08:34:43.000Z,2003 Topps #223 Carmelo Anthony - 1st Edition (PSA 9 MINT),47.8,25-100,true,held
2026-10-08T08:34:44.000Z,2025 Pokémon M1s-Mega Symphonia #067 Snover - Art Rare (PSA 10 GEM MINT),23.9,0-25,true,sold_back
2026-10-08T08:34:44.000Z,Pokémon Scarlet & Violet 151 (1 Booster Pack - Art May Vary),33.6,25-100,true,sold_back
2026-10-08T08:34:44.000Z,Pokémon Scarlet & Violet Destined Rivals (1 Booster Pack - Art May Vary),10.7,0-25,true,sold_back
2026-10-08T08:34:55.000Z,2023 Pokémon Sword and Shield Crown Zenith #GG69 Giratina Vstar - Full Art Secret (PSA 10 GEM MINT),523.6,500+,true,sold_back
2026-10-08T08:34:56.000Z,2025 Black Bolt - BLK EN #028/086 Kyurem ex - Holo (CGC 9.5 MINT+),12.5,0-25,true,sold_back
2026-10-08T08:34:59.000Z,2021 Jet-Black Spirit #027/070 Gengar - Holo (CGC 10 GEM MINT),20,0-25,true,sold_back
2026-10-08T08:35:04.000Z,2025 Gem Pack Volume 1 - CBB1C - Simplified #11 04/05 Sudowoodo - Reverse Holo Master Ball (CGC 10 GEM MINT),22.6,0-25,true,sold_back
2026-10-08T08:35:05.000Z,2025 Pokémon MC-Start Deck 100 Battle Collection #757 Sprigatito EX - Holo (PSA 10 GEM MINT),62.8,25-100,true,sold_back
2026-10-08T08:35:07.000Z,Pokémon Scarlet & Violet Destined Rivals (1 Booster Pack - Art May Vary),10.7,0-25,true,sold_back
2026-10-08T08:35:13.000Z,2025 Destined Rivals - DRI EN #025/182 Rabsca ex - Holo (CGC 10 GEM MINT),11.9,0-25,true,sold_back
2026-10-08T08:35:16.000Z,2019 Pokémon Sun & Moon Team Up #191 Eevee & Snorlax GX - Holo Full Art Secret (PSA 10 GEM MINT),1193.8,500+,true,held
2026-10-08T08:35:19.000Z,2024 Panini Donruss Rookie Gridiron Kings #19 Xavier Legette (PSA 10 GEM MINT),28,25-100,true,held
2026-10-08T08:35:19.000Z,Dragon Majesty (1 Booster Pack - Art May Vary),110.7,100-500,true,redeemed
2026-10-08T08:35:20.000Z,2023 Pokémon Sv4m-Future Flash #070 Vanillish - Art Rare (PSA 10 GEM MINT),43.2,25-100,true,sold_back
2026-10-08T08:35:34.000Z,1992 Topps Gold #393 Alonzo Mourning (PSA 9 MINT),18.1,0-25,true,sold_back
2026-10-08T08:35:35.000Z,2025 Pokémon Simplified CBB2 C-Gem Pack Vol 2 #04 Penny (PSA 9 MINT),17.4,0-25,true,sold_back
2026-10-08T08:35:38.000Z,2023 Pokémon Sv2a-Pokémon Card 151 #182 Dragonair - Art Rare (PSA 10 GEM MINT),49.4,25-100,true,sold_back
2026-10-08T08:35:41.000Z,2020 Topps Living UEFA Champions League #180 Giovanni Reyna (PSA 10 GEM MINT),10.9,0-25,true,sold_back
2026-10-08T08:35:47.000Z,2026 One Piece OP15-EB04-Adventure on Kami's Island #119 Monkey D. Luffy (PSA 8 NM-MT),10.5,0-25,true,sold_back
2026-10-08T08:35:52.000Z,Pokémon Japanese Sword & Shield Rebellion Crash (1 Booster Pack - Art May Vary),19.9,0-25,true,sold_back
2026-10-08T08:35:53.000Z,2025 Pokémon Meg EN-Mega Evolution #177 Mega Venusaur EX - Holo Special Illustration Rare (PSA 9 MINT),98.8,25-100,true,held
2026-10-08T08:35:56.000Z,2000 Pokémon Rocket #52 Diglett - 1st Edition (PSA 8 NM-MT),25.3,25-100,true,sold_back
2026-10-08T08:35:56.000Z,2025 Pokémon M1l-Mega Brave #064 Bulbasaur - Art Rare (PSA 10 GEM MINT),48,25-100,true,held
2026-10-08T08:36:11.000Z,2021 Battle Styles #085/163 Single Strike Urshifu V - Holo (CGC 9 MINT),13,0-25,true,sold_back
2026-10-08T08:36:19.000Z,2023 Old Maid: Super High Tension (Blue Back) Deoxys (CGC 10 PRISTINE),13.2,0-25,true,sold_back
2026-10-08T08:36:19.000Z,2025 Black Bolt - BLK EN #037/086 Solosis - Reverse Holo Poké Ball (CGC 10 PRISTINE),77,25-100,true,sold_back
2026-10-08T08:36:22.000Z,2025 Pokémon Meg EN-Mega Evolution #133 Bulbasaur - Illustration Rare (PSA 10 GEM MINT),93.4,25-100,true,sold_back
2026-10-08T08:36:23.000Z,Pokémon Scarlet & Violet Destined Rivals (1 Booster Pack - Art May Vary),10.7,0-25,true,sold_back
2026-10-08T08:36:28.000Z,2026 Pokémon Asc EN-Ascended Heroes #262 N's PP Up - Ultra Rare (PSA 10 GEM MINT),85.1,25-100,true,held
2026-10-08T08:36:29.000Z,2024 Paldean Fates - PAF EN #203/091 Wingull - Shiny Rare Holo (CGC 10 PRISTINE),125,100-500,true,sold_back
2026-10-08T08:36:31.000Z,2021 Shining Fates #SV080/SV122 Galarian Obstagoon - Shiny Vault Holo (CGC 10 PRISTINE),75.4,25-100,true,sold_back
2026-10-08T08:36:32.000Z,2021 Panini Contenders Optic #52 Giannis Antetokounmpo - 75th Anniversary (PSA 9 MINT),31.7,25-100,true,sold_back
2026-10-08T08:36:34.000Z,2022 Incandescent Arcana #023/068 Alolan Vulpix VSTAR - Holo (CGC 10 PRISTINE),21.6,0-25,true,held
2026-10-08T08:36:46.000Z,2026 Pokémon Asc EN-Ascended Heroes #270 Mega Scrafty EX - Holo Mega Attack Rare (PSA 10 GEM MINT),49.1,25-100,true,sold_back
2026-10-08T08:36:47.000Z,2025 Pokémon Simplified CBB3 C-Gem Pack Vol 3 #07 Mimikyu (PSA 10 GEM MINT),81.4,25-100,true,held
2026-10-08T08:36:55.000Z,Pokémon Scarlet & Violet Destined Rivals (1 Booster Pack - Art May Vary),10.7,0-25,true,sold_back
2026-10-08T08:36:58.000Z,2023 Pokémon Card 151 #141/165 Kabutops - Reverse Holo Master Ball (CGC 10 PRISTINE),91.1,25-100,true,held
2026-10-08T08:36:59.000Z,2021 Pokémon Sword & Shield Gengar Vmax High-Class Deck #001 Gengar V - Holo (PSA 9 MINT),35.8,25-100,true,sold_back
2026-10-08T08:37:01.000Z,1989 Topps Traded #80T Carnell Lake (PSA 9 MINT),20.9,0-25,true,sold_back
2026-10-08T08:37:07.000Z,Pokémon Scarlet & Violet Destined Rivals (1 Booster Pack - Art May Vary),10.7,0-25,true,held
2026-10-08T08:37:13.000Z,2023 Pokémon Sv2d-Clay Burst #079 Tyranitar - Art Rare (PSA 10 GEM MINT),53,25-100,true,sold_back
2026-10-08T08:37:14.000Z,2023 Bowman University Chrome #49 Angel Reese (PSA 10 GEM MINT),32.8,25-100,true,sold_back
2026-10-08T08:37:14.000Z,2024 Pokémon Scr EN-Stellar Crown #147 Raboot - Illustration Rare (PSA 9 MINT),19.8,0-25,true,sold_back
2026-10-08T08:37:17.000Z,2025 Topps Stars of MLB #SMLB10 Shohei Ohtani (PSA 9 MINT),37.9,25-100,true,held
2026-10-08T08:37:20.000Z,2025 Pokémon Simplified CBB3 C-Gem Pack Vol 3 #07 Morpeko (PSA 10 GEM MINT),54.4,25-100,true,held
2026-10-08T08:37:23.000Z,2025 Mega Dream ex - M2a #232/193 Mega Dragonite ex - Mega Attack Rare Holo (CGC 10 GEM MINT),21.3,0-25,true,sold_back
2026-10-08T08:37:23.000Z,2025 Pokémon M2a-Mega Dream EX #208 Cynthia's Spiritomb - Art Rare (PSA 10 GEM MINT),22.6,0-25,true,sold_back
2026-10-08T08:37:31.000Z,2024 Prismatic Evolutions - PRE EN #051/131 Lucario ex - Lucario & Tyranitar ex Premium Collection (Holo) (CGC 9.5 MINT+),11.3,0-25,true,sold_back
2026-10-08T08:37:37.000Z,2018 Topps Update #US250 Ronald Acuna Jr. (PSA 9 MINT),21.4,0-25,true,sold_back
2026-10-08T08:37:37.000Z,2025 Black Star Promos - Mega Evolution MEP EN #033 Mega Lucario ex - Ascended Heroes Premium Poster Collection (Holo) (CGC 10 GEM MINT),20.1,0-25,true,sold_back
2026-10-08T08:37:37.000Z,Pokémon Scarlet & Violet Destined Rivals (1 Booster Pack - Art May Vary),10.7,0-25,true,sold_back
2026-10-08T08:37:43.000Z,1999 Pokémon Game #6 Gyarados - Holo (PSA 7 NM),73.5,25-100,true,sold_back
2026-10-08T08:37:47.000Z,2025 Black Star Promos - Mega Evolution MEP EN #032 Mega Gardevoir ex - Ascended Heroes Premium Poster Collection (Holo) (CGC 10 PRISTINE),37,25-100,true,sold_back
2026-10-08T08:37:47.000Z,2025 Mega Dream ex - M2a #206/193 Team Rocket's Dugtrio - Art Rare Holo (CGC 10 GEM MINT),13.6,0-25,true,sold_back
2026-10-08T08:37:49.000Z,2022 Pokémon Sword & Shield Silver Tempest #184 Regidrago V - Holo Full Art (PSA 10 GEM MINT),98.5,25-100,true,sold_back
2026-10-08T08:38:08.000Z,2017 Black Star Promos - Sword & Shield #SWSH137 Light Toxtricity - Celebrations (Holo) (CGC 8.5 NM-MT+),11,0-25,true,sold_back
2026-10-08T08:38:19.000Z,2023 Pokémon Sv2a-Pokémon Card 151 #181 Snorlax - Art Rare (PSA 10 GEM MINT),71.8,25-100,true,sold_back
2026-10-08T08:38:19.000Z,2026 Topps Now All-Star Game #AS12 Cade Cunningham (PSA 10 GEM MINT),35.2,25-100,true,sold_back
2026-10-08T08:38:23.000Z,2026 Pokémon M3-Nullifying Zero #114 Meowth EX - Holo Special Art Rare (PSA 8 NM-MT),61.1,25-100,true,sold_back
2026-10-08T08:38:25.000Z,2020 Vivid Voltage #009 Celebi - Amazing Rare (CGC 10 GEM MINT),26.9,25-100,true,sold_back
2026-10-08T08:38:25.000Z,Pokémon Shining Fates (1 Booster Pack - Art May Vary),19.5,0-25,true,sold_back
2026-10-08T08:38:28.000Z,2021 Pokémon 25th Anniversary Collection #025 Pikachu V-Union (PSA 9 MINT),35.5,25-100,true,held
2026-10-08T08:38:28.000Z,2025 Pokémon Simplified CBB3 C-Gem Pack Vol 3 #07 Cubone (PSA 10 GEM MINT),432.3,100-500,true,sold_back
2026-10-08T08:38:32.000Z,2025 Black Bolt - sv11B #092/086 Lilligant - Art Rare Holo (CGC 10 GEM MINT),17.8,0-25,true,held
2026-10-08T08:38:34.000Z,2023 Violet ex #092 Arcanine ex - Super Rare Holo (BGS 9.5 GEM MINT),25.5,25-100,true,sold_back
2026-10-08T08:38:34.000Z,Pokémon Scarlet & Violet Destined Rivals (1 Booster Pack - Art May Vary),10.7,0-25,true,held
2026-10-08T08:38:38.000Z,2024 Surging Sparks - SSP EN #223/191 Hydreigon ex - Ultra Rare Holo (CGC 10 GEM MINT),20.4,0-25,true,sold_back
2026-10-08T08:38:38.000Z,Omega Seamaster Planet Ocean 600 Co-Axial Black,4068.75,500+,true,sold_back
2026-10-08T08:38:41.000Z,2021 25th Anniversary Collection #022/028 Surfing Pikachu VMAX - Holo (CGC 9 MINT),20.2,0-25,true,sold_back
2026-10-08T08:38:41.000Z,2025 Inferno X - M2 #088/080 Flygon - Art Rare Holo (CGC 10 GEM MINT),11.5,0-25,true,sold_back
2026-10-08T08:38:46.000Z,Pokémon Scarlet & Violet Destined Rivals (1 Booster Pack - Art May Vary),10.7,0-25,true,held
2026-10-08T08:38:49.000Z,2021 Shining Fates #072/072 Skyla - Ultra Rare Holo (CGC 10 GEM MINT),36.8,25-100,true,sold_back
2026-10-08T08:38:59.000Z,2025 Glory of the Rocket Gang - sv10 #110/098 Kangaskhan - Art Rare Holo (CGC 10 GEM MINT),11.8,0-25,true,held
2026-10-08T08:39:01.000Z,1989 Score #257 Barry Sanders (PSA 8 NM-MT),81.3,25-100,true,held
2026-10-08T08:39:01.000Z,2019 Pokémon SM Black Star Promo #SM158 Charizard - Holo Team Up Prerelease (PSA 8 NM-MT),173,100-500,true,held
2026-10-08T08:39:11.000Z,Paradox Rift (1 Booster Pack - Art May Vary),14.4,0-25,true,sold_back
2026-10-08T08:39:13.000Z,2025 Pokémon Pre EN-Prismatic Evolutions #041 Sylveon EX - Holo Surprise Box Exclusive (PSA 10 GEM MINT),69.1,25-100,true,held
2026-10-08T08:39:14.000Z,Pokémon Scarlet & Violet Destined Rivals (1 Booster Pack - Art May Vary),10.7,0-25,true,held
2026-10-08T08:39:20.000Z,2022 Pokémon Sword & Shield Start Deck 100 Corocoro Comic Version #007 Eevee V - Holo (PSA 10 GEM MINT),56.9,25-100,true,sold_back
2026-10-08T08:39:22.000Z,2025 Mega Dream ex - M2a #223/193 Mega Charizard X ex - Mega Attack Rare Holo (CGC 10 GEM MINT),37.9,25-100,true,held
2026-10-08T08:39:23.000Z,2021 VMAX Climax #100/184 Umbreon V - Holo (CGC 10 GEM MINT),21.3,0-25,true,sold_back
2026-10-08T08:39:29.000Z,2021 Battle Styles #021/163 Victini V - Holo (CGC 10 PRISTINE),38.8,25-100,true,held
2026-10-08T08:39:31.000Z,2022 Pokémon Sword & Shield Astral Radiance #215 Trekking Shoes - Full Art Secret (PSA 10 GEM MINT),48.3,25-100,true,sold_back
2026-10-08T08:39:31.000Z,2025 Pokémon Pre EN-Prismatic Evolutions #136 Eri - Ultra Rare (PSA 10 GEM MINT),52.8,25-100,true,sold_back
2026-10-08T08:39:34.000Z,"2023 Trading Card Game Classic - CLV, CLC, CLB #008/034 Lapras - Blastoise & Suicune ex Deck - CLB Holo (CGC 10 GEM MINT)",22.6,0-25,true,sold_back
2026-10-08T08:39:41.000Z,2026 Pokémon M3-Nullifying Zero #117 Mega Zygarde EX - Holo Mega Ultra Rare (PSA 9 MINT),94.9,25-100,true,sold_back
2026-10-08T08:39:43.000Z,2017 Black Star Promos - Sword & Shield #SWSH284 Galarian Moltres - Crown Zenith Tin (Holo) (CGC 10 GEM MINT),46.4,25-100,true,sold_back
2026-10-08T08:39:44.000Z,2021 Pokémon Swsh Black Star Promo #118 Eevee - Holo Chilling Reign Three Pack Blisters (PSA 9 MINT),46.2,25-100,true,held
2026-10-08T08:39:55.000Z,2023 Crown Zenith #096/159 Zacian VSTAR - Holo (CGC 9 MINT),10.8,0-25,true,sold_back
2026-10-08T08:39:58.000Z,2000 Pokémon Neo #155 Cyndaquil (PSA 9 MINT),46.4,25-100,true,sold_back
2026-10-08T08:40:01.000Z,1999 Pokémon Game #3 Chansey - Holo (PSA 6 EX-MT),44,25-100,true,sold_back
2026-10-08T08:40:04.000Z,Pokémon Scarlet & Violet Prismatic Evolutions (1 Booster Pack - Art May Vary),17.3,0-25,true,held
2026-10-08T08:40:16.000Z,2025 Pokémon M2-Inferno X #013 Mega Charizard X EX - Holo (PSA 10 GEM MINT),49.1,25-100,true,sold_back
2026-10-08T08:40:17.000Z,Pokémon Scarlet & Violet Destined Rivals (1 Booster Pack - Art May Vary),10.7,0-25,true,sold_back
2026-10-08T08:40:20.000Z,2017 Black Star Promos - Sword & Shield #SWSH284 Galarian Moltres - Crown Zenith Tin (Holo) (CGC 10 GEM MINT),46.4,25-100,true,sold_back
2026-10-08T08:40:25.000Z,2024 Panini Prizm #362 Keon Coleman - Orange Prizm (PSA 9 MINT),33.4,25-100,true,sold_back
2026-10-08T08:40:31.000Z,2021 Evolving Skies #110/203 Rayquaza V - Holo (CGC 6 EX-NM),47.6,25-100,true,sold_back
2026-10-08T08:40:32.000Z,2022 Lost Origin #118/196 Drapion V - Holo (CGC 10 GEM MINT),23.6,0-25,true,sold_back
2026-10-08T08:40:35.000Z,2026 One Piece Starter Deck ST29-Egghead #001 Monkey D. Luffy (PSA 9 MINT),13.1,0-25,true,sold_back
2026-10-08T08:40:40.000Z,2025 One Piece Japanese Premium Card Collection -One Piece Day'25 Don!! Card (PSA 9 MINT),21.7,0-25,true,sold_back
2026-10-08T08:40:41.000Z,1984 Topps #3 Franco Harris (PSA 9 MINT),40.4,25-100,true,held
2026-10-08T08:40:46.000Z,2026 Ninja Spinner - M4 #089/083 Xerneas - Art Rare Holo (CGC 10 PRISTINE),17.5,0-25,true,sold_back
2026-10-08T08:40:46.000Z,IWC Aquatimer Automatic Edition “Expedition Jacques-Yves Cousteau”,3727.5,500+,true,sold_back
2026-10-08T08:40:49.000Z,2025 Pokémon M2-Inferno X #111 Oricorio EX - Holo Special Art Rare (PSA 10 GEM MINT),51.8,25-100,true,held
2026-10-08T08:40:50.000Z,2025 Mega Dream ex - M2a #246/193 Mega Dragonite ex - Special Art Rare Holo (CGC 9.5 MINT+),189.9,100-500,true,sold_back
2026-10-08T08:41:02.000Z,2025 One Piece OP13-Carrying on His Will #108 Jewelry Bonney (PSA 9 MINT),18,0-25,true,sold_back
2026-10-08T08:41:05.000Z,Pokémon Sun & Moon Burning Shadows (1 Booster Pack - Art May Vary),35,25-100,true,sold_back
2026-10-08T08:41:10.000Z,2026 Pokémon Asc EN-Ascended Heroes #240 Hitmontop - Illustration Rare (PSA 10 GEM MINT),53.9,25-100,true,sold_back
2026-10-08T08:41:11.000Z,2025 Glory of the Rocket Gang - sv10 #108/098 Team Rocket's Raticate - Art Rare Holo (CGC 10 GEM MINT),19.2,0-25,true,sold_back
2026-10-08T08:41:14.000Z,2018 Dark Order #034/052 Jirachi - Holo (CGC 10 GEM MINT),20.6,0-25,true,sold_back
2026-10-08T08:41:17.000Z,2021 Pokémon Sword & Shield Vmax Climax #206 Houndoom - Full Art (PSA 10 GEM MINT),37.4,25-100,true,sold_back
2026-10-08T08:41:19.000Z,2025 Pokémon M2a-Mega Dream EX #127 Rayquaza - Reverse Holo (PSA 10 GEM MINT),58.2,25-100,true,sold_back
2026-10-08T08:41:19.000Z,2025 Pokémon SV9-Battle Partners #120 Dudunsparce EX - Holo Super Rare (PSA 10 GEM MINT),37.1,25-100,true,sold_back
2026-10-08T08:41:19.000Z,2026 Pokémon Asc EN-Ascended Heroes #239 Team Rocket's Dugtrio - Illustration Rare (PSA 10 GEM MINT),55.7,25-100,true,sold_back
2026-10-08T08:41:29.000Z,Pokémon Scarlet & Violet 151 (1 Booster Pack - Art May Vary),33.6,25-100,true,sold_back
2026-10-08T08:41:34.000Z,2024 One Piece Japanese Starter Deck ST21-EX Gear 5 #001 Monkey D. Luffy (PSA 8 NM-MT),18.9,0-25,true,sold_back
2026-10-08T08:41:37.000Z,2022 Brilliant Stars #TG09/TG30 Ariados - Trainer Gallery Holo (CGC 10 GEM MINT),22.8,0-25,true,sold_back
2026-10-08T08:41:37.000Z,2022 VSTAR Universe #174/172 Kricketune - Art Rare Holo (CGC 10 PRISTINE),23,0-25,true,held
2026-10-08T08:41:52.000Z,2025 White Flare - sv11W #088/086 Swadloon - Art Rare Holo (CGC 10 PRISTINE),21.4,0-25,true,sold_back
2026-10-08T08:41:56.000Z,1999 Pokémon Yamabuki City Gym Deck Sabrina's Gaze (PSA 9 MINT),132.7,100-500,true,sold_back
2026-10-08T08:42:01.000Z,2022 VSTAR Universe #195/172 Latias - Art Rare Holo (CGC 10 GEM MINT),20.7,0-25,true,sold_back
2026-10-08T08:42:01.000Z,2023 Paradox Rift - PAR EN #232/182 Altaria ex - Ultra Rare Holo (CGC 10 GEM MINT),18.4,0-25,true,sold_back
2026-10-08T08:42:01.000Z,Pokémon Celebrations (1 Booster Pack - Art May Vary),37.9,25-100,true,sold_back
2026-10-08T08:42:08.000Z,2025 Mega Brave - M1L #068/063 Riolu - Art Rare Holo (CGC 10 PRISTINE),19,0-25,true,sold_back
2026-10-08T08:42:08.000Z,2025 Mega Diancie ex Starter Set - mBD #022/021 Meloetta - Mega Diancie ex Set Holo (CGC 10 GEM MINT),19.5,0-25,true,sold_back
2026-10-08T08:42:08.000Z,2025 White Flare - sv11W #118/086 Sigilyph - Art Rare Holo (CGC 10 PRISTINE),19.4,0-25,true,sold_back
2026-10-08T08:42:13.000Z,2025 Pokémon Pre EN-Prismatic Evolutions #075 Eevee EX - Holo (PSA 9 MINT),22.8,0-25,true,sold_back
2026-10-08T08:42:14.000Z,2023 Pokémon Card 151 #017/165 Pidgeotto - Reverse Holo Master Ball (CGC 10 GEM MINT),20.5,0-25,true,sold_back
2026-10-08T08:42:26.000Z,2019 Panini Donruss Optic #180 Coby White - Purple Shock (PSA 9 MINT),13.5,0-25,true,sold_back
2026-10-08T08:42:26.000Z,2023 Scarlet & Violet 151 - MEW EN #174/165 Nidoking - Illustration Rare Holo (CGC 10 GEM MINT),34.6,25-100,true,sold_back
2026-10-08T08:42:32.000Z,2025 Black Star Promos - Mega Evolution MEP EN #020 Sneasel - Phantasmal Flames 3-Pack Blister (Cosmos Holo) (CGC 10 GEM MINT),20.5,0-25,true,sold_back
2026-10-08T08:42:38.000Z,"2023 Trading Card Game Classic - CLV, CLC, CLB #016/034 Snorlax - Venusaur & Lugia ex Deck - CLV Holo (CGC 10 PRISTINE)",160.8,100-500,true,held
2026-10-08T08:42:40.000Z,1985 Topps #536 Kirby Puckett (PSA 8 NM-MT),25.6,25-100,true,held
2026-10-08T08:42:44.000Z,2000 Upper Deck #431 Kobe Bryant (PSA 8 NM-MT),27.8,25-100,true,redeemed
2026-10-08T08:42:56.000Z,2022 VSTAR Universe #195/172 Latias - Art Rare Holo (CGC 10 GEM MINT),20.7,0-25,true,sold_back
2026-10-08T08:42:56.000Z,Panerai Radiomir Officine 45mm White Dial,4305,500+,true,sold_back
2026-10-08T08:43:04.000Z,Pokémon Celebrations (1 Booster Pack - Art May Vary),37.9,25-100,true,sold_back
2026-10-08T08:43:04.000Z,Pokémon Scarlet & Violet Destined Rivals (1 Booster Pack - Art May Vary),10.7,0-25,true,held
2026-10-08T08:43:08.000Z,2021 Evolving Skies #007/203 Leafeon V - Holo (CGC 10 GEM MINT),17.8,0-25,true,sold_back
2026-10-08T08:43:10.000Z,2025 Destined Rivals - DRI EN #049/182 Misty's Gyarados - Prerelease (Cosmos Holo) (CGC 10 GEM MINT),96,25-100,true,sold_back
2026-10-08T08:43:14.000Z,2023 Clay Burst #079/071 Tyranitar - Art Rare Holo (CGC 10 GEM MINT),23.1,0-25,true,sold_back
2026-10-08T08:43:14.000Z,2025 Glory of the Rocket Gang - sv10 #101/098 Blaziken - Art Rare Holo (CGC 10 PRISTINE),19,0-25,true,sold_back
2026-10-08T08:43:14.000Z,2025 Pokémon M2a-Mega Dream EX #205 Team Rocket's Mimikyu - Art Rare (PSA 9 MINT),22.9,0-25,true,sold_back
2026-10-08T08:43:17.000Z,2025 One Piece Japanese 3rd Anniversary! One Piece Card Treasure Campaign Pack #006 Monkey D. Luffy (PSA 9 MINT),21.9,0-25,true,sold_back
2026-10-08T08:43:29.000Z,2023 Pokémon Card 151 #172/165 Caterpie - Art Rare Holo (CGC 10 PRISTINE),25.4,25-100,true,sold_back
2026-10-08T08:43:32.000Z,1976 Topps #305 John Riggins (PSA 5 EX),14.1,0-25,true,sold_back
2026-10-08T08:43:49.000Z,2025 Mega Dream ex - M2a #235/193 Mega Eelektross ex - Special Art Rare Holo (CGC 10 PRISTINE),26.5,25-100,true,sold_back
2026-10-08T08:43:50.000Z,2017 Black Star Promos - Sword & Shield #SWSH029 Rayquaza - Cosmos Holo (CGC 8.5 NM-MT+),10.5,0-25,true,sold_back
2026-10-08T08:43:50.000Z,2024 One Piece Japanese OP09-Emperors in the New World #050 Nami - Alternate Art (PSA 9 MINT),35.6,25-100,true,sold_back
2026-10-08T08:43:53.000Z,2024 Pokémon Sv5a-Crimson Haze #070 Infernape - Art Rare (PSA 10 GEM MINT),48.4,25-100,true,sold_back
2026-10-08T08:43:58.000Z,2021 VMAX Climax #221/184 Ice Rider Calyrex VMAX - Character Super Rare Holo (CGC 10 PRISTINE),18.8,0-25,true,sold_back
2026-10-08T08:43:59.000Z,2025 Mega Dream ex - M2a #199/193 Psyduck - Art Rare Holo (CGC 10 GEM MINT),22.9,0-25,true,sold_back
2026-10-08T08:44:05.000Z,2023 Black Star Promos - Scarlet & Violet SVP EN #184 Hop's Snorlax - Journey Together Prerelease (Holo) (CGC 10 PRISTINE),450,100-500,true,held
2026-10-08T08:44:10.000Z,2020 Panini Prizm #278 LaMelo Ball - Hyper Prizm (PSA 9 MINT),49.1,25-100,true,held
2026-10-08T08:44:13.000Z,2025 Glory of the Rocket Gang - sv10 #117/098 Team Rocket's Crobat ex - Super Rare Holo (CGC 10 GEM MINT),22.3,0-25,true,sold_back
2026-10-08T08:44:14.000Z,2021 Celebrations #014/025 Cosmoem - Holo (CGC 10 GEM MINT),23.1,0-25,true,sold_back
2026-10-08T08:44:16.000Z,2020 Panini Select #350 Jalen Hurts (PSA 9 MINT),10.5,0-25,true,sold_back
2026-10-08T08:44:19.000Z,2026 One Piece Japanese Premium Card Collection Kumamoto Prefecture Special Don!! Card - Brook (PSA 9 MINT),20.9,0-25,true,sold_back
2026-10-08T08:44:22.000Z,2025 Inferno X - M2 #112/080 Rotom ex - Special Art Rare Holo (CGC 10 GEM MINT),23.4,0-25,true,sold_back
2026-10-08T08:44:23.000Z,1981 Topps #540 Mike Schmidt (PSA 7 NM),14.3,0-25,true,sold_back
2026-10-08T08:44:31.000Z,Pokémon Scarlet & Violet Destined Rivals (1 Booster Pack - Art May Vary),10.7,0-25,true,sold_back
2026-10-08T08:44:32.000Z,2023 Panini Prizm #45 Domantas Sabonis - White Ice (PSA 10 GEM MINT),22.7,0-25,true,sold_back
2026-10-08T08:44:32.000Z,2023 Pokémon Clf-Trading Card Game Classic Venusaur & Lugia EX Deck #003 Venusaur (PSA 8 NM-MT),36.3,25-100,true,sold_back
2026-10-08T08:44:32.000Z,2023 Pokémon Sv4m-Future Flash #090 Altaria EX - Holo Special Art Rare (PSA 9 MINT),49.6,25-100,true,redeemed
2026-10-08T08:44:41.000Z,Pokémon Japanese Sword & Shield Rebellion Crash (1 Booster Pack - Art May Vary),19.9,0-25,true,sold_back
2026-10-08T08:44:43.000Z,2023 Panini Adrenalyn XL Laliga Edicion Limitada Lamine Yamal (PSA 9 MINT),151.2,100-500,true,held
2026-10-08T08:44:49.000Z,2006 EX Crystal Guardians #60/100 Seedot (CGC 10 GEM MINT),19.2,0-25,true,sold_back
2026-10-08T08:44:53.000Z,2026 One Piece Japanese Promos #001 Monkey D. Luffy - Ichiban Kuji Purchase Bonus (PSA 9 MINT),13.2,0-25,true,sold_back
2026-10-08T08:44:58.000Z,2016 Topps Update #US287 Tim Anderson (PSA 10 GEM MINT),10,0-25,true,sold_back
2026-10-08T08:44:59.000Z,2021 Pokémon Swsh Black Star Promo #135 Zacian LV.X - Holo Celebrations Collection (PSA 8 NM-MT),21.8,0-25,true,sold_back
2026-10-08T08:45:05.000Z,"2023 Trading Card Game Classic - CLV, CLC, CLB #006/034 Magikarp - Blastoise & Suicune ex Deck - CLB Holo (CGC 10 GEM MINT)",23.6,0-25,true,sold_back
2026-10-08T08:45:11.000Z,Pokémon Sun & Moon Rebel Clash (1 Booster Pack - Art May Vary),15.2,0-25,true,sold_back
2026-10-08T08:45:13.000Z,2021 Panini Donruss Optic #228 Amon-RA St. Brown - Blue Hyper (PSA 9 MINT),38.5,25-100,true,sold_back
2026-10-08T08:45:19.000Z,2023 Paldea Evolved - PAL EN #040/193 Chi-Yu ex - Holo (CGC 10 GEM MINT),23.8,0-25,true,sold_back
2026-10-08T08:45:20.000Z,1999 Pokémon Game #101 Psychic Energy - 1st Edition (PSA 8 NM-MT),17.8,0-25,true,sold_back
2026-10-08T08:45:22.000Z,2025 Black Star Promos - Mega Evolution MEP EN #033 Mega Lucario ex - Ascended Heroes Premium Poster Collection (Holo) (CGC 10 GEM MINT),20.1,0-25,true,held
2026-10-08T08:45:22.000Z,2025 Glory of the Rocket Gang - sv10 #100/098 Team Rocket's Houndoom - Art Rare Holo (CGC 10 PRISTINE),26.7,25-100,true,held
2026-10-08T08:45:37.000Z,1986 Fleer #67 Jeff Malone (PSA 7 NM),22.6,0-25,true,sold_back
2026-10-08T08:45:40.000Z,Astral Radiance #073/189 Machamp VMAX - Holo (CGC 10 GEM MINT),29.9,25-100,true,sold_back
2026-10-08T08:45:41.000Z,2023 Panini Donruss Optic #269 DE'Von Achane - Green Velocity (PSA 10 GEM MINT),57,25-100,true,sold_back
2026-10-08T08:45:43.000Z,Pokémon Sun & Moon Burning Shadows (1 Booster Pack - Art May Vary),35,25-100,true,sold_back
2026-10-08T08:45:49.000Z,2025 Pokémon Pre EN-Prismatic Evolutions #060 Umbreon EX - Holo Surprise Box Exclusive (PSA 10 GEM MINT),108.8,100-500,true,redeemed
2026-10-08T08:45:50.000Z,2023 Black Star Promos - Scarlet & Violet SVP EN #068 Iron Valiant ex - Iron Valiant ex Box (Holo) (CGC 9 MINT),20.7,0-25,true,held
2026-10-08T08:45:50.000Z,2025 Panini Donruss Optic #293 Cam Ward - Holo (PSA 9 MINT),44.3,25-100,true,redeemed
2026-10-08T08:45:59.000Z,2025 Battle Partners Deck Build Box - svN #001/045 Mew ex - (Non Holo) (CGC 10 GEM MINT),21.9,0-25,true,sold_back
2026-10-08T08:46:07.000Z,2025 Mega Symphonia - M1S #072/063 Shedinja - Art Rare Holo (CGC 10 PRISTINE),20.1,0-25,true,sold_back
2026-10-08T08:46:08.000Z,2020 Panini Select #350 Jalen Hurts (PSA 9 MINT),10.5,0-25,true,held
2026-10-08T08:46:10.000Z,1990 Score #302 Junior Seau (PSA 9 MINT),17.5,0-25,true,sold_back
2026-10-08T08:46:13.000Z,2017 Panini Rookies & Stars #271 Christian McCaffrey (PSA 9 MINT),30.6,25-100,true,sold_back
2026-10-08T08:46:16.000Z,2022 Silver Tempest #182/195 Magearna V - Ultra Rare Holo (CGC 10 GEM MINT),26.2,25-100,true,sold_back
2026-10-08T08:46:20.000Z,Pokémon Sun & Moon Unified Minds (1 Booster Pack - Art May Vary),84.8,25-100,true,held
2026-10-08T08:46:28.000Z,2021 Panini Revolution Rookie Revolution #9 Cade Cunningham - Fractal (PSA 10 GEM MINT),72.2,25-100,true,sold_back
2026-10-08T08:46:31.000Z,2022 VSTAR Universe #190/172 Galarian Moltres - Art Rare Holo (CGC 10 GEM MINT),22.7,0-25,true,sold_back
2026-10-08T08:46:31.000Z,2025 Mega Evolution - MEG EN #104/132 Mega Kangaskhan ex - Holo (CGC 10 PRISTINE),18.6,0-25,true,sold_back
2026-10-08T08:46:34.000Z,2016 Panini Donruss Optic #186 Michael Thomas - Purple (PSA 10 GEM MINT),22.1,0-25,true,sold_back
2026-10-08T08:46:35.000Z,2025 Pokémon Holiday Calendar #025 Pikachu (PSA 9 MINT),42.5,25-100,true,held
2026-10-08T08:46:37.000Z,2025 One Piece 3rd Anniversary! One Piece Card Treasure Campaign Pack #033 Monkey D. Luffy (PSA 9 MINT),19.4,0-25,true,sold_back
2026-10-08T08:46:47.000Z,2021 Pokémon Celebrations Classic Collection #88 Mew EX - Holo Holo (PSA 9 MINT),42.1,25-100,true,held
2026-10-08T08:46:59.000Z,2022 Pokémon Sword & Shield Battle Region #070 Wyrdeer - Full Art (PSA 10 GEM MINT),33.4,25-100,true,sold_back
2026-10-08T08:47:02.000Z,2019 Panini Chronicles #60 Zion Williamson (PSA 10 GEM MINT),10.8,0-25,true,sold_back
2026-10-08T08:47:07.000Z,2021 Parkside Nwsl Premier Edition Stars #54 Trinity Rodman (PSA 9 MINT),22.9,0-25,true,sold_back
2026-10-08T08:47:11.000Z,1972 Topps #245 Len Dawson (PSA 6 EX-MT),23.4,0-25,true,sold_back
2026-10-08T08:47:11.000Z,2019 Fusion Strike #245/264 Celebi V - Ultra Rare Holo (CGC 10 GEM MINT),115.4,100-500,true,sold_back
2026-10-08T08:47:14.000Z,1982 Perma-Graphics Super Star Credit Cards Mike Schmidt (PSA 9 MINT),13.3,0-25,true,sold_back
2026-10-08T08:47:16.000Z,2023 Pokémon Clf-Trading Card Game Classic Venusaur & Lugia EX Deck #002 Ivysaur (PSA 10 GEM MINT),54.7,25-100,true,sold_back
2026-10-08T08:47:22.000Z,1953 Topps #198 Forrest Main (PSA 7 NM),76.6,25-100,true,sold_back
2026-10-08T08:47:25.000Z,2025 Pokémon M2-Inferno X #083 Charcadet - Art Rare (PSA 10 GEM MINT),28.5,25-100,true,sold_back
2026-10-08T08:47:26.000Z,Pokémon Scarlet & Violet Destined Rivals (1 Booster Pack - Art May Vary),10.7,0-25,true,sold_back
2026-10-08T08:47:34.000Z,2025 Pokémon MC-Start Deck 100 Battle Collection #750 Slurpuff (PSA 9 MINT),18.1,0-25,true,sold_back
2026-10-08T08:47:40.000Z,2017 Black Star Promos - Sword & Shield #SWSH134 Dark Sylveon V - Celebrations (Holo) (CGC 9 MINT),12.3,0-25,true,sold_back
2026-10-08T08:47:40.000Z,2024 Paldean Fates - PAF EN #002/091 Forretress ex - Holo (CGC 9 MINT),12.6,0-25,true,sold_back
2026-10-08T08:47:40.000Z,2025 Black Bolt - BLK EN #046/086 Excadrill ex - Holo (CGC 10 GEM MINT),14,0-25,true,sold_back
2026-10-08T08:47:41.000Z,2025 Pokémon Simplified CBB3 C-Gem Pack Vol 3 #07 Greavard (PSA 10 GEM MINT),49.6,25-100,true,sold_back
2026-10-08T08:47:46.000Z,2025 Topps Now MLS #107 Lionel Messi (PSA 9 MINT),31.7,25-100,true,sold_back
2026-10-08T08:47:47.000Z,2025 Japanese 2nd Anniversary Set - English #083 Sabo (BGS 10 PRISTINE),179.8,100-500,true,sold_back
2026-10-08T08:47:52.000Z,2014 Topps Chrome #56 Derek Jeter - Refractor (PSA 9 MINT),60.9,25-100,true,redeemed
2026-10-08T08:47:55.000Z,2023 Pokémon Pal EN-Paldea Evolved #210 Baxcalibur - Illustration Rare (PSA 9 MINT),42.5,25-100,true,sold_back
2026-10-08T08:47:56.000Z,2025 Pokémon M2a-Mega Dream EX #204 Hop's Trevenant - Art Rare (PSA 10 GEM MINT),23.5,0-25,true,sold_back
2026-10-08T08:47:59.000Z,2023 Obsidian Flames - OBF EN #205/197 Scizor - Illustration Rare Holo (CGC 9.5 MINT+),19,0-25,true,sold_back
2026-10-08T08:48:01.000Z,1999 Base Set #84/102 PlusPower (CGC 8 NM-MT),20,0-25,true,sold_back
2026-10-08T08:48:05.000Z,2025 Topps Chrome #263 Derik Queen - X-Fractor (PSA 8 NM-MT),11.5,0-25,true,sold_back
2026-10-08T08:48:07.000Z,2025 Pokémon Traditional SV-P Promo #215 Snorlax - Light Connect All (PSA 10 GEM MINT),127,100-500,true,sold_back
2026-10-08T08:48:10.000Z,2022 Panini Donruss #171 Jalen Hurts - Press Proof Premium (CGC 10 GEM MINT),18.5,0-25,true,sold_back
2026-10-08T08:48:10.000Z,Pokémon Sword & Shield Fusion Strike (1 Booster Pack - Art May Vary),22.2,0-25,true,sold_back
2026-10-08T08:48:11.000Z,2024 One Piece Japanese OP09-Emperors in the New World #119 Monkey D. Luffy (PSA 9 MINT),20.3,0-25,true,sold_back
2026-10-08T08:48:14.000Z,1994 Finest #240 Grant Hill - w/Coating (PSA 8 NM-MT),17.8,0-25,true,held
2026-10-08T08:48:17.000Z,2023 Topps Now UEFA Champions League #142 Endrick/6998* (BGS 9.5 GEM MINT),21.2,0-25,true,sold_back
2026-10-08T08:48:20.000Z,2025 Black Bolt - BLK EN #046/086 Excadrill ex - Holo (CGC 10 GEM MINT),14,0-25,true,sold_back
2026-10-08T08:48:25.000Z,2025 Pokémon M2-Inferno X #111 Oricorio EX - Holo Special Art Rare (PSA 10 GEM MINT),51.8,25-100,true,sold_back
2026-10-08T08:48:28.000Z,2022 VSTAR Universe #052/172 Mew - Holo (CGC 10 PRISTINE),29,25-100,true,sold_back
2026-10-08T08:48:38.000Z,Pokémon Scarlet & Violet Destined Rivals (1 Booster Pack - Art May Vary),10.7,0-25,true,held
2026-10-08T08:48:40.000Z,2019 Double Blaze #098/095 Muk & Alolan Muk GX - Super Rare Holo (CGC 10 GEM MINT),20.4,0-25,true,sold_back
2026-10-08T08:48:46.000Z,2024 High Class Pack: Terastal Fest ex - sv8a #230/187 Kieran - Special Art Rare Holo (CGC 10 PRISTINE),14.1,0-25,true,sold_back
2026-10-08T08:48:50.000Z,2026 One Piece OP14-EB04-the Azure Sea's Seven Don!! Card - Dracule Mihawk-Gold (PSA 9 MINT),22,0-25,true,held
2026-10-08T08:48:52.000Z,2025 Pokémon Simplified CBB3 C-Gem Pack Vol 3 #07 Chandelure (PSA 9 MINT),20,0-25,true,sold_back
2026-10-08T08:48:55.000Z,1983 Donruss #500 Johnny Bench (PSA 9 MINT),22.5,0-25,true,sold_back
2026-10-08T08:48:59.000Z,1997 Pokémon Rocket #68 Dark Machamp - Holo (PSA 8 NM-MT),80.6,25-100,true,sold_back
2026-10-08T08:49:13.000Z,1992 Topps Gold #393 Alonzo Mourning (PSA 9 MINT),18.1,0-25,true,sold_back
2026-10-08T08:49:14.000Z,2024 High Class Pack: Terastal Fest ex - sv8a #003/187 Leafeon ex - Holo (CGC 10 PRISTINE),18.1,0-25,true,sold_back
2026-10-08T08:49:14.000Z,Pokémon Sun & Moon Crimson Invasion (1 Booster Pack - Art May Vary),21.3,0-25,true,sold_back
2026-10-08T08:49:14.000Z,Pokémon Sun & Moon Lost Thunder (1 Booster Pack - Art May Vary),64.4,25-100,true,sold_back
2026-10-08T08:49:16.000Z,Pokémon Scarlet & Violet Prismatic Evolutions (1 Booster Pack - Art May Vary),17.3,0-25,true,sold_back
2026-10-08T08:49:17.000Z,2024 Pokémon Sv5a-Crimson Haze #076 Probopass - Art Rare (PSA 10 GEM MINT),31.7,25-100,true,sold_back
2026-10-08T08:49:22.000Z,2025 White Flare - sv11W #126/086 Boldore - Art Rare Holo (CGC 10 PRISTINE),22.7,0-25,true,sold_back
2026-10-08T08:49:23.000Z,2023 Bowman University Chrome #16 Shedeur Sanders (PSA 9 MINT),18.3,0-25,true,sold_back
2026-10-08T08:49:28.000Z,1987 Topps #648 Barry Larkin (PSA 9 MINT),18.5,0-25,true,redeemed
2026-10-08T08:49:31.000Z,1993 Topps #603 Jim Thome (PSA 10 GEM MINT),48.9,25-100,true,held
2026-10-08T08:49:31.000Z,2022 Upper Deck #213 Matty Beniers (PSA 9 MINT),10.9,0-25,true,held
2026-10-08T08:49:31.000Z,2024 Bowman University Chrome Sapphire #62 Sarah Strong (PSA 9 MINT),19.9,0-25,true,sold_back
2026-10-08T08:49:34.000Z,2021 VMAX Climax #126/184 Snorlax - Line Holo (CGC 10 GEM MINT),13.9,0-25,true,sold_back
2026-10-08T08:49:34.000Z,2026 One Piece Japanese Premium Card Collection Kumamoto Prefecture Special Don!! Card - Franky (PSA 9 MINT),23.9,0-25,true,held
2026-10-08T08:49:35.000Z,"2003 EX Dragon (2003 Copyright, w/ ""e"" Symbol) #12/97 Torkoal - Reverse Holo (CGC 9 MINT)",165.9,100-500,true,sold_back
2026-10-08T08:49:40.000Z,Pokémon Scarlet & Violet Destined Rivals (1 Booster Pack - Art May Vary),10.7,0-25,true,sold_back
2026-10-08T08:49:41.000Z,2024-25 Topps Chrome UEFA Club Competitions Golazo #GZ21 Kylian Mbappe (PSA 9 MINT),35,25-100,true,sold_back
2026-10-08T08:49:41.000Z,2026 Pokémon M3-Nullifying Zero #111 Mega Starmie EX - Holo Special Art Rare (PSA 10 GEM MINT),40.2,25-100,true,held
2026-10-08T08:49:41.000Z,Pokémon Scarlet & Violet Destined Rivals (1 Booster Pack - Art May Vary),10.7,0-25,true,held
2026-10-08T08:49:52.000Z,2023 Pokémon Sv2a-Pokémon Card 151 #168 Charmander - Art Rare (PSA 10 GEM MINT),91.7,25-100,true,sold_back
2026-10-08T08:49:53.000Z,1999 Team Rocket #45/82 Dark Vaporeon (CGC 8.5 NM-MT+),23.9,0-25,true,sold_back
2026-10-08T08:49:53.000Z,2025 Black Star Promos - Mega Evolution MEP EN #038 Charmander - First Partner Illustration Collection Series 1 (Holo) (CGC 9 MINT),23.3,0-25,true,sold_back
2026-10-08T08:49:55.000Z,Pokémon Scarlet & Violet Destined Rivals (1 Booster Pack - Art May Vary),10.7,0-25,true,sold_back
2026-10-08T08:50:02.000Z,2021 Pokémon Swsh Black Star Promo #144 Greninja-Gold Star - Celebrations Elite Trainer Box (PSA 9 MINT),79.8,25-100,true,sold_back
2026-10-08T08:50:02.000Z,2024 Pokémon Sv8a-Terastal Fest EX #205 Vaporeon EX - Holo Special Art Rare (PSA 10 GEM MINT),97.8,25-100,true,sold_back
2026-10-08T08:50:07.000Z,2025 One Piece OP13-Carrying on His Will #079 Imu (PSA 9 MINT),29.2,25-100,true,held
2026-10-08T08:50:10.000Z,2023 Pokémon Sv2a-Pokemon 151 #178 Tangela - Art Rare (PSA 9 MINT),19.1,0-25,true,sold_back
2026-10-08T08:50:13.000Z,2025 Mega Evolution - MEG EN #022/132 Mega Camerupt ex - Holo (CGC 10 PRISTINE),22.5,0-25,true,sold_back
2026-10-08T08:50:19.000Z,2026 Pokémon Asc EN-Ascended Heroes #232 Marill - Illustration Rare (PSA 10 GEM MINT),64.9,25-100,true,sold_back
2026-10-08T08:50:19.000Z,Pokémon Scarlet & Violet Destined Rivals (1 Booster Pack - Art May Vary),10.7,0-25,true,sold_back
2026-10-08T08:50:20.000Z,2025 Black Bolt - BLK EN #046/086 Excadrill ex - Holo (CGC 10 GEM MINT),14,0-25,true,sold_back
2026-10-08T08:50:25.000Z,2000 Gym Heroes #93/132 Sabrina's Gastly - 1st Edition 1st Edition (CGC 9 MINT),21.3,0-25,true,sold_back
2026-10-08T08:50:26.000Z,2017 Black Star Promos - Sword & Shield #SWSH134 Dark Sylveon V - Celebrations (Holo) (CGC 9 MINT),12.3,0-25,true,sold_back
2026-10-08T08:50:26.000Z,2020 Pokémon Swsh Black Star Promo #067 Donphan - Holo Prerelease (PSA 10 GEM MINT),29.4,25-100,true,sold_back
2026-10-08T08:50:41.000Z,2026 Pokémon M3-Nullifying Zero #114 Meowth EX - Holo Special Art Rare (PSA 10 GEM MINT),84.7,25-100,true,sold_back
2026-10-08T08:50:49.000Z,2003 Score #306 Jason Witten (PSA 10 GEM MINT),61.2,25-100,true,sold_back
2026-10-08T08:50:50.000Z,2025 Pokémon Pfl EN-Phantasmal Flames #101 Flygon - Illustration Rare (PSA 10 GEM MINT),80.6,25-100,true,held
2026-10-08T08:50:52.000Z,2022 Brilliant Stars #TG04/TG30 Jolteon - Trainer Gallery Holo (CGC 10 GEM MINT),59.6,25-100,true,sold_back
2026-10-08T08:50:59.000Z,2025 Black Star Promos - Mega Evolution MEP EN #013 Mega Venusaur ex - Mega Venusaur ex Premium Collection (Holo) (CGC 10 GEM MINT),17.2,0-25,true,sold_back
2026-10-08T08:51:02.000Z,2024 Pokémon Simplified Cs5a C-Gallant Galaxy: Charm #004 Charizard V - Holo (PSA 10 GEM MINT),70,25-100,true,held
2026-10-08T08:51:04.000Z,2019 Panini Chronicles #60 Zion Williamson (PSA 10 GEM MINT),10.8,0-25,true,sold_back
2026-10-08T08:51:04.000Z,2025 Topps #201 Cooper Flagg (PSA 9 MINT),23.2,0-25,true,sold_back
2026-10-08T08:51:05.000Z,2022 Pokémon Sword & Shield Dark Phantasma #073 Pikachu - Full Art (PSA 9 MINT),57.1,25-100,true,sold_back
2026-10-08T08:51:05.000Z,2023 Pokémon SV-P Promo #120 Pikachu - Gym Event Campaign (PSA 9 MINT),25.5,25-100,true,sold_back
2026-10-08T08:51:05.000Z,2025 Inferno X - M2 #091/080 Wigglytuff - Art Rare Holo (CGC 10 GEM MINT),16.8,0-25,true,sold_back
2026-10-08T08:51:10.000Z,1958 Topps #5 Willie Mays (PSA 3.5 VG+),274,100-500,true,held
2026-10-08T08:51:11.000Z,2024 Pokémon SV6-Transformation Mask #112 Tatsugiri - Art Rare (PSA 10 GEM MINT),48.6,25-100,true,sold_back
2026-10-08T08:51:11.000Z,Pokémon Scarlet & Violet Destined Rivals (1 Booster Pack - Art May Vary),10.7,0-25,true,sold_back
2026-10-08T08:51:13.000Z,2023-24 Panini Donruss FIFA Rookie Kings #25 Endrick (PSA 9 MINT),14.3,0-25,true,redeemed
2026-10-08T08:51:14.000Z,1982 Perma-Graphics Super Star Credit Cards Mike Schmidt (PSA 9 MINT),13.3,0-25,true,sold_back
2026-10-08T08:51:19.000Z,2023 Shiny Treasure ex #328/190 Gardevoir ex - Shiny Super Rare Holo (CGC 10 GEM MINT),23.7,0-25,true,sold_back
2026-10-08T08:51:23.000Z,2026 One Piece OP14-EB04-the Azure Sea's Seven #040 Jinbe - Alternate Art (PSA 10 GEM MINT),41.2,25-100,true,sold_back
2026-10-08T08:51:25.000Z,Pokémon Sun & Moon Base Set (1 Booster Pack - Art May Vary),26.9,25-100,true,sold_back
2026-10-08T08:51:28.000Z,2023 One Piece Japanese Promos #035 Monkey D. Luffy - Meetup Event Participation (PSA 9 MINT),13.8,0-25,true,held
2026-10-08T08:51:31.000Z,2021 Topps Chrome Bundesliga Top XI #EH Erling Haaland (PSA 9 MINT),28,25-100,true,held
2026-10-08T08:51:31.000Z,2025 Pokémon Sv11b-Black Bolt #131 Timburr - Art Rare (PSA 10 GEM MINT),49.7,25-100,true,sold_back
2026-10-08T08:51:32.000Z,2026 Pokémon Asc EN-Ascended Heroes #256 Boss's Orders - Ultra Rare (PSA 10 GEM MINT),50.6,25-100,true,sold_back
2026-10-08T08:51:34.000Z,2022 VSTAR Universe #024/172 Suicune V - Holo (CGC 10 GEM MINT),14,0-25,true,sold_back
2026-10-08T08:51:43.000Z,2024 Crimson Haze #067/066 Pinsir - Art Rare Holo (CGC 10 PRISTINE),22.6,0-25,true,sold_back
2026-10-08T08:51:43.000Z,2025 Pokémon SV-P Promo #261 Hiroshima's Pikachu - Special Box Pokemon Center Hiroshima (PSA 9 MINT),87,25-100,true,held
2026-10-08T08:51:46.000Z,Pokémon Scarlet & Violet Destined Rivals (1 Booster Pack - Art May Vary),10.7,0-25,true,held
2026-10-08T08:51:49.000Z,2025 Pokémon M1l-Mega Brave #064 Bulbasaur - Art Rare (PSA 10 GEM MINT),48,25-100,true,sold_back
2026-10-08T08:51:50.000Z,2023 Pokémon Card 151 #129/165 Magikarp - Reverse Holo Poké Ball (CGC 10 GEM MINT),23.2,0-25,true,sold_back
2026-10-08T08:51:52.000Z,2019 Fusion Strike #261/264 Schoolboy - Ultra Rare Holo (CGC 9.5 MINT+),11.1,0-25,true,sold_back
2026-10-08T08:51:53.000Z,2024 Panini Prizm Deca #170 Brock Bowers - Silver Prizm (PSA 9 MINT),27.5,25-100,true,sold_back
2026-10-08T08:52:01.000Z,Pokemon Scarlet & Violet Surging Sparks (1 Booster Pack - Art May Vary),10,0-25,true,held
2026-10-08T08:52:02.000Z,2023 Pokémon Sword and Shield Crown Zenith #GG05 Lapras - Full Art (PSA 9 MINT),35.8,25-100,true,sold_back
2026-10-08T08:52:05.000Z,2020 Shiny Star V #323/190 Ditto V - Shiny Super Rare Holo (CGC 10 PRISTINE),53.4,25-100,true,sold_back
2026-10-08T08:52:13.000Z,2026 One Piece Japanese Premium Card Collection Kumamoto Prefecture Special Don!! Card - Brook (PSA 9 MINT),20.9,0-25,true,sold_back
2026-10-08T08:52:14.000Z,Pokémon Scarlet & Violet Destined Rivals (1 Booster Pack - Art May Vary),10.7,0-25,true,held
2026-10-08T08:52:17.000Z,2023 Black Star Promos - Scarlet & Violet SVP EN #049 Zapdos ex - 151 Zapdos ex Collection (Holo) (CGC 10 GEM MINT),20.2,0-25,true,sold_back
2026-10-08T08:52:20.000Z,2025 Pokémon M1l-Mega Brave #068 Riolu - Art Rare (PSA 9 MINT),29.8,25-100,true,sold_back
2026-10-08T08:52:20.000Z,Pokémon Scarlet & Violet Destined Rivals (1 Booster Pack - Art May Vary),10.7,0-25,true,sold_back
2026-10-08T08:52:25.000Z,2019 Hidden Fates #7/68 Charmander (CGC 9 MINT),11.9,0-25,true,held
2026-10-08T08:52:25.000Z,Pokémon Scarlet & Violet Destined Rivals (1 Booster Pack - Art May Vary),10.7,0-25,true,sold_back
2026-10-08T08:52:26.000Z,2026 Nihil Zero - M3 #095/080 Mega Starmie ex - Super Rare Holo (CGC 10 PRISTINE),23.5,0-25,true,sold_back
2026-10-08T08:52:28.000Z,2024 Bowman's Best Top Prospects #TP12 Brooks Lee - Refractor (PSA 10 GEM MINT),19.3,0-25,true,sold_back
2026-10-08T08:52:29.000Z,2025 Pokémon M2a-Mega Dream EX #232 Mega Dragonite EX - Holo Mega Attack Rare (PSA 10 GEM MINT),44.7,25-100,true,sold_back
2026-10-08T08:52:32.000Z,Pokémon Scarlet & Violet Destined Rivals (1 Booster Pack - Art May Vary),10.7,0-25,true,sold_back
2026-10-08T08:52:46.000Z,2021 Pokémon Promo Card Pack 25th Anniversary Edition #014 Mew EX - Holo Holo (PSA 9 MINT),42.6,25-100,true,held
2026-10-08T08:52:49.000Z,2023 Pokémon Svp EN-SV Black Star Promo #027 Pikachu - Paldea Evolved Elite Trainer Box (PSA 9 MINT),43.8,25-100,true,sold_back
2026-10-08T08:52:50.000Z,2024 Cyber Judge #083/071 Drampa - Art Rare Holo (CGC 10 GEM MINT),22.8,0-25,true,sold_back
2026-10-08T08:52:52.000Z,Pokémon Scarlet & Violet Destined Rivals (1 Booster Pack - Art May Vary),10.7,0-25,true,held
2026-10-08T08:52:55.000Z,2026 One Piece OP14-EB04-the Azure Sea's Seven #104 Gecko Moria (PSA 10 GEM MINT),29.4,25-100,true,sold_back
2026-10-08T08:52:56.000Z,2023 Panini Instant NFL Draft Night #DN2 C.J. Stroud (PSA 10 GEM MINT),22,0-25,true,held
2026-10-08T08:53:01.000Z,2021 VMAX Climax #189/184 Vaporeon - Character Rare Holo (CGC 9 MINT),22.5,0-25,true,sold_back
2026-10-08T08:53:10.000Z,2025 Pokémon M2a-Mega Dream EX #199 Psyduck - Art Rare (PSA 10 GEM MINT),57.1,25-100,true,sold_back
2026-10-08T08:53:10.000Z,Pokémon Scarlet & Violet Destined Rivals (1 Booster Pack - Art May Vary),10.7,0-25,true,sold_back
2026-10-08T08:53:11.000Z,2022 Silver Tempest #139/195 Lugia VSTAR - Holo (CGC 9 MINT),18,0-25,true,sold_back
2026-10-08T08:53:17.000Z,Pokémon XY Evolutions (1 Booster Pack - Art May Vary),74,25-100,true,sold_back
2026-10-08T08:53:23.000Z,1989 Hoops #200 Michael Jordan (PSA 9 MINT),74,25-100,true,held
2026-10-08T08:53:25.000Z,2025 Bowman Chrome Mega Box Chrome Prospects #167 Roman Anthony (PSA 9 MINT),20.2,0-25,true,sold_back
2026-10-08T08:53:32.000Z,2025 Mega Dream ex - M2a #236/193 Iono's Bellibolt ex - Special Art Rare Holo (CGC 10 GEM MINT),23.7,0-25,true,sold_back
2026-10-08T08:53:34.000Z,2023 Clay Burst #083/071 Farigiraf - Art Rare Holo (CGC 10 GEM MINT),12.3,0-25,true,sold_back
2026-10-08T08:53:34.000Z,2025 One Piece Starter Deck ST22-Ace & Newgate #002 Izo - Black & White Alternate Art (PSA 9 MINT),13.7,0-25,true,sold_back
2026-10-08T08:53:37.000Z,2020 Panini La Liga Megacracks #430 Pedri (PSA 9 MINT),19.2,0-25,true,held
2026-10-08T08:53:38.000Z,2014 Bowman Chrome Autograph Prospects #DWI Devin Williams (PSA 10 GEM MINT),36.4,25-100,true,sold_back
2026-10-08T08:53:38.000Z,2023 Triplet Beat #079/073 Crocalor - Art Rare Holo (CGC 10 PRISTINE),35.7,25-100,true,held
2026-10-08T08:53:52.000Z,2014 Phantom Forces #24a/119 M Manectric EX - Mega Powers Collection (Holo) (CGC 9 MINT),18.7,0-25,true,sold_back
2026-10-08T08:53:55.000Z,2019 Topps Chrome Freshman Flash #FF-1 Kyle Tucker (PSA 10 GEM MINT),20.2,0-25,true,sold_back
2026-10-08T08:53:58.000Z,2023 Ruler of the Black Flame #066/108 Charizard ex - Holo (CGC 10 PRISTINE),22.9,0-25,true,sold_back
2026-10-08T08:53:59.000Z,2024 Panini Prizm Draft Picks #38 Angel Reese - Purple Prizm (PSA 7 NM),20,0-25,true,sold_back
2026-10-08T08:54:04.000Z,2022 Panini Prizm #249 Paolo Banchero - Blue Prizm (PSA 10 GEM MINT),881.8,500+,true,held
2026-10-08T08:54:07.000Z,2000 Base Set 2 #6/130 Clefairy - Holo (CGC 7 NM),20.2,0-25,true,sold_back
2026-10-08T08:54:08.000Z,Pokémon Scarlet & Violet Destined Rivals (1 Booster Pack - Art May Vary),10.7,0-25,true,sold_back
2026-10-08T08:54:20.000Z,2020 Vivid Voltage #049/185 Ampharos V - Holo (CGC 9.5 MINT+),13.5,0-25,true,sold_back
2026-10-08T08:54:22.000Z,Pokémon Scarlet & Violet Destined Rivals (1 Booster Pack - Art May Vary),10.7,0-25,true,sold_back
2026-10-08T08:54:23.000Z,2024 Topps Update #US100 Paul Skenes (PSA 8 NM-MT),13.6,0-25,true,sold_back
2026-10-08T08:54:23.000Z,2024 Upper Deck #499 Macklin Celebrini/Will Smith (PSA 9 MINT),76.3,25-100,true,held
2026-10-08T08:54:25.000Z,2018 Bowman Prospects Chrome #52 Juan Soto (PSA 10 GEM MINT),23.6,0-25,true,sold_back
2026-10-08T08:54:26.000Z,2020 Darkness Ablaze #019/189 Charizard V - Holo (CGC 7 NM),19.9,0-25,true,sold_back
2026-10-08T08:54:29.000Z,1999 Pokémon Game #73 Imposter Professor Oak (PSA 6 EX-MT),23.3,0-25,true,sold_back
2026-10-08T08:54:38.000Z,2015 Topps #389 Mookie Betts (PSA 10 GEM MINT),49.8,25-100,true,sold_back
2026-10-08T08:54:50.000Z,2024 High Class Pack: Terastal Fest ex - sv8a #218/187 Roaring Moon ex - Special Art Rare Holo (CGC 9 MINT),32.1,25-100,true,sold_back
2026-10-08T08:54:53.000Z,2024 Pokémon Sv7a-Paradise Dragona #071 Vibrava - Art Rare (CGC 10 GEM MINT),11.1,0-25,true,sold_back
2026-10-08T08:54:55.000Z,2023 Pokémon Sv3a-Raging Surf #035 Gengar (PSA 10 GEM MINT),62.1,25-100,true,sold_back
2026-10-08T08:54:59.000Z,2025 White Flare - WHT EN #045/086 Jellicent ex - Holo (CGC 10 PRISTINE),13.3,0-25,true,sold_back
2026-10-08T08:55:17.000Z,2024 Transformation Mask #102/101 Sunflora - Art Rare Holo (CGC 10 PRISTINE),19.6,0-25,true,sold_back
2026-10-08T08:55:20.000Z,2021 Evolving Skies #199/203 Aroma Lady - Ultra Rare Holo (CGC 8.5 NM-MT+),14.2,0-25,true,sold_back
2026-10-08T08:55:25.000Z,2022 VSTAR Universe #232/172 Zamazenta V - Special Art Rare Holo (CGC 9 MINT),18.4,0-25,true,sold_back
2026-10-08T08:55:25.000Z,2023 Crown Zenith #GG11/GG70 Lunatone - Galarian Gallery Holo (CGC 10 GEM MINT),23.7,0-25,true,sold_back
2026-10-08T08:55:25.000Z,Pokémon Shining Fates (1 Booster Pack - Art May Vary),19.5,0-25,true,sold_back
2026-10-08T08:55:26.000Z,2023 Panini Donruss #357 Puka Nacua (PSA 9 MINT),18,0-25,true,held
2026-10-08T08:55:28.000Z,2022 VSTAR Universe #052/172 Mew - Holo (CGC 10 GEM MINT),20.3,0-25,true,sold_back
2026-10-08T08:55:37.000Z,2014 Panini Prizm #73 Giannis Antetokounmpo (PSA 9 MINT),19.2,0-25,true,held
2026-10-08T08:55:37.000Z,2020 Panini Prizm #307 Joe Burrow - Red/White/Blue Prizm (PSA 8 NM-MT),56,25-100,true,sold_back
2026-10-08T08:55:43.000Z,2025 Pokémon Meg EN-Mega Evolution #150 Steelix - Illustration Rare (PSA 10 GEM MINT),56.4,25-100,true,sold_back
2026-10-08T08:55:46.000Z,Pokémon Scarlet & Violet Destined Rivals (1 Booster Pack - Art May Vary),10.7,0-25,true,sold_back
2026-10-08T08:55:50.000Z,Pokémon Scarlet & Violet Destined Rivals (1 Booster Pack - Art May Vary),10.7,0-25,true,held
2026-10-08T08:55:55.000Z,2022 Bowman Chrome UEFA U21 European Championship #124 Vaclav Sejk (CGC 10 GEM MINT),10.5,0-25,true,sold_back
2026-10-08T08:55:55.000Z,Pokémon Scarlet & Violet Destined Rivals (1 Booster Pack - Art May Vary),10.7,0-25,true,sold_back
2026-10-08T08:55:56.000Z,2024 Pokémon Simplified Cs5a C-Gallant Galaxy: Charm #001 Charmander (PSA 10 GEM MINT),55.8,25-100,true,held
2026-10-08T08:55:58.000Z,2025 Destined Rivals - DRI EN #150/182 Team Rocket's Persian ex - Holo (CGC 10 GEM MINT),17.5,0-25,true,sold_back
2026-10-08T08:55:58.000Z,2026 One Piece Starter Deck ST29-Egghead #006 Stussy - Alternate Art (PSA 10 GEM MINT),52.8,25-100,true,sold_back
2026-10-08T08:56:01.000Z,2023 Pokémon Clf-Trading Card Game Classic Venusaur & Lugia EX Deck #003 Venusaur (PSA 10 GEM MINT),86.2,25-100,true,held
2026-10-08T08:56:04.000Z,2016 Pokémon XY Black Star Promo #XY114 Darkrai - Full Art Mythical Pokemon Collection (PSA 8 NM-MT),167.5,100-500,true,sold_back
2026-10-08T08:56:04.000Z,2024 Panini Select WNBA #63 Sabrina Ionescu - Purple Ice (PSA 10 GEM MINT),51.8,25-100,true,sold_back
2026-10-08T08:56:10.000Z,2023 Topps Chrome Mcdonald's All-American #70 Reed Sheppard - Aqua Wave (PSA 10 GEM MINT),36.5,25-100,true,sold_back
2026-10-08T08:56:14.000Z,2023 Pokémon SV3-Ruler of the Black Flame #109 Gloom - Art Rare (PSA 9 MINT),18.5,0-25,true,sold_back
2026-10-08T08:56:17.000Z,1999 Base Set #88/102 Professor Oak (CGC 8.5 NM-MT+),11.4,0-25,true,held
2026-10-08T08:56:17.000Z,2025 Carrying on His Will (OP13) - Japanese #OP13-120 Sabo (CGC 9 MINT),11.3,0-25,true,held
2026-10-08T08:56:20.000Z,Pokémon Scarlet & Violet Destined Rivals (1 Booster Pack - Art May Vary),10.7,0-25,true,held
2026-10-08T08:56:31.000Z,2025 Mega Evolution - MEG EN #036/132 Mega Abomasnow ex - Holo (CGC 9 MINT),14.2,0-25,true,sold_back
2026-10-08T08:56:50.000Z,2023 Shiny Treasure ex #329/190 Glimmora ex - Shiny Super Rare Holo (CGC 10 PRISTINE),18.6,0-25,true,sold_back
2026-10-08T08:56:55.000Z,2023 Pokémon Card 151 #178/165 Tangela - Art Rare Holo (CGC 10 PRISTINE),22.2,0-25,true,sold_back
2026-10-08T08:56:58.000Z,1999 Pokémon Yamabuki City Gym Deck Sabrina's Gaze (PSA 9 MINT),132.7,100-500,true,sold_back
2026-10-08T08:56:59.000Z,2025 Topps #201 Cooper Flagg - Holo Foil (PSA 9 MINT),72.5,25-100,true,sold_back
2026-10-08T08:57:04.000Z,2026 Pokémon M3-Nullifying Zero #097 Mega Zygarde EX - Holo Super Rare (PSA 10 GEM MINT),31.7,25-100,true,held
2026-10-08T08:57:08.000Z,2025 Panini Donruss #350 Cam Ward - Optic Preview-Red Pandora (PSA 8 NM-MT),21.6,0-25,true,sold_back
2026-10-08T08:57:19.000Z,2024 Panini Prizm Draft Picks Student Orientation #SOJS Julian Sayin - Red Ice (PSA 10 GEM MINT),48.7,25-100,true,sold_back
2026-10-08T08:57:28.000Z,2020 Panini Prizm #278 LaMelo Ball - Green Prizm (PSA 9 MINT),30.4,25-100,true,sold_back
2026-10-08T08:57:28.000Z,2022 Pokémon Sword & Shield Vstar Universe #048 Gengar - Holo (PSA 10 GEM MINT),51.1,25-100,true,sold_back
2026-10-08T08:57:28.000Z,2025 Black Bolt - BLK EN #087/086 Snivy - Illustration Rare Holo (CGC 9 MINT),27.1,25-100,true,sold_back
2026-10-08T08:57:32.000Z,2022-23 Topps Chrome UEFA Club Competitions #52 Mykhailo Mudryk - Blue Refractor (PSA 10 GEM MINT),20.5,0-25,true,sold_back
2026-10-08T08:57:35.000Z,2024 Panini Donruss Optic My House! #8 Drake Maye (PSA 9 MINT),22.9,0-25,true,sold_back
2026-10-08T08:57:49.000Z,2021 Pokémon Swsh Black Star Promo #179 Flareon V - Holo Full Art Flareon Vmax Premium Collection (PSA 9 MINT),105.1,100-500,true,sold_back
2026-10-08T08:57:52.000Z,2022 VSTAR Universe #189/172 Solrock - Art Rare Holo (CGC 10 PRISTINE),17.7,0-25,true,sold_back
2026-10-08T08:57:55.000Z,2024 Surging Sparks - SSP EN #211/191 Appletun - Illustration Rare Holo (CGC 8.5 NM-MT+),17.4,0-25,true,sold_back
2026-10-08T08:57:58.000Z,2025 Topps #201 Cooper Flagg (PSA 9 MINT),23.2,0-25,true,held
2026-10-08T08:57:59.000Z,2018 Tag Bolt #001/095 Celebi & Venusaur GX - Holo (CGC 10 PRISTINE),51,25-100,true,sold_back
2026-10-08T08:58:10.000Z,Magic: The Gathering Murders at Karlov Manor - Play Booster (1 Booster Pack - Art May Vary),6.5,0-25,true,sold_back
2026-10-08T08:58:20.000Z,2026 Pokémon Asc EN-Ascended Heroes #257 Canari - Ultra Rare (PSA 10 GEM MINT),49.6,25-100,true,held
2026-10-08T08:58:28.000Z,2023 Violet ex #082/078 Slowpoke - Art Rare Holo (CGC 10 GEM MINT),23.9,0-25,true,held
2026-10-08T08:58:31.000Z,1997 Bowman's Best Preview #BBP17 Vladimir Guerrero - Refractor (PSA 9 MINT),19.4,0-25,true,sold_back
2026-10-08T08:58:34.000Z,2022 Brilliant Stars #057/172 Granbull V - Holo (CGC 10 GEM MINT),18.5,0-25,true,sold_back
2026-10-08T08:58:40.000Z,2023 Pokémon Sword and Shield Crown Zenith #GG64 Melony - Full Art (PSA 10 GEM MINT),67.1,25-100,true,sold_back
2026-10-08T08:58:41.000Z,2024 Pokémon Sv5a-Crimson Haze #070 Infernape - Art Rare (PSA 10 GEM MINT),48.4,25-100,true,sold_back
2026-10-08T08:58:47.000Z,2023 Black Star Promos - Scarlet & Violet SVP EN #168 Vaporeon - Prismatic Evolutions Poster Collection (Cosmos Holo) (CGC 10 GEM MINT),17.1,0-25,true,sold_back
2026-10-08T08:58:47.000Z,2023 Pokémon Sv2d-Clay Burst #079 Tyranitar - Art Rare (PSA 10 GEM MINT),53,25-100,true,sold_back
2026-10-08T08:58:49.000Z,1999 Team Rocket #1/82 Dark Alakazam - Holo (CGC 8.5 NM-MT+),116.6,100-500,true,sold_back
2026-10-08T08:58:56.000Z,2026 Pokémon Asc EN-Ascended Heroes #257 Canari - Ultra Rare (PSA 10 GEM MINT),49.6,25-100,true,sold_back
2026-10-08T08:58:58.000Z,2025 Glory of the Rocket Gang - sv10 #104/098 Team Rocket's Orbeetle - Art Rare Holo (CGC 10 PRISTINE),19.8,0-25,true,sold_back
2026-10-08T08:59:07.000Z,2023 Black Star Promos - Scarlet & Violet SVP EN #072 Great Tusk ex - Paldean Fates Tin (Holo) (CGC 10 GEM MINT),19.4,0-25,true,sold_back
2026-10-08T08:59:08.000Z,2025 Pokémon Pfl EN-Phantasmal Flames #098 Piplup - Illustration Rare (PSA 10 GEM MINT),97.9,25-100,true,sold_back
2026-10-08T08:59:10.000Z,2022 Pokémon Sword & Shield Incandescent Arcana #073 Smeargle - Full Art (PSA 10 GEM MINT),49.1,25-100,true,sold_back
2026-10-08T08:59:10.000Z,2022 VSTAR Universe #027/172 Origin Forme Palkia V - Holo (CGC 10 GEM MINT),22.5,0-25,true,sold_back
2026-10-08T08:59:17.000Z,2023 Scarlet & Violet 151 - MEW EN #186/165 Ninetales ex - Ultra Rare Holo (CGC 9 MINT),17.8,0-25,true,sold_back
2026-10-08T08:59:20.000Z,Pokémon Scarlet & Violet Destined Rivals (1 Booster Pack - Art May Vary),10.7,0-25,true,sold_back
2026-10-08T08:59:23.000Z,Magic: The Gathering Innistrad Remastered - Play Booster (1 Booster Pack - Art May Vary),13.6,0-25,true,sold_back
2026-10-08T08:59:25.000Z,2025 Topps Companion Cards #CC-13 Kon Knueppel (PSA 9 MINT),42,25-100,true,sold_back
2026-10-08T08:59:28.000Z,Magic: The Gathering Streets of New Capenna - Draft Booster (1 Booster Pack - Art May Vary),6.4,0-25,true,sold_back
2026-10-08T08:59:31.000Z,"Mighty Morphin #6 CGC 9.8 White Pages (Boom! Studios, 4/21) - Universal Momoko Variant Cover",60,25-100,true,sold_back
2026-10-08T08:59:32.000Z,2023 Obsidian Flames - OBF EN #211/197 Tyranitar ex - Ultra Rare Holo (CGC 10 GEM MINT),23.1,0-25,true,sold_back
2026-10-08T08:59:34.000Z,2024 Pokémon Simplified Cs5a C-Gallant Galaxy: Charm #001 Charmander (PSA 10 GEM MINT),55.8,25-100,true,sold_back
2026-10-08T08:59:38.000Z,Pokémon Japanese Sun & Moon Full Metal Wall (1 Booster Pack - Art May Vary),14.4,0-25,true,sold_back
2026-10-08T08:59:52.000Z,2024 High Class Pack: Terastal Fest ex - sv8a #219/187 Pecharunt ex - Special Art Rare Holo (CGC 10 GEM MINT),12.2,0-25,true,sold_back
2026-10-08T08:59:52.000Z,2024 Pokémon Scr EN-Stellar Crown #028 Cinderace EX - Holo (CGC 10 GEM MINT),18.8,0-25,true,held
2026-10-08T08:59:52.000Z,2025 Pokémon M1s-Mega Symphonia #074 Delibird - Art Rare (PSA 10 GEM MINT),23,0-25,true,held
2026-10-08T08:59:53.000Z,Magic: The Gathering Dragon's Maze (1 Booster Pack - Art May Vary),7,0-25,true,sold_back
2026-10-08T08:59:55.000Z,2023 Scarlet ex #081/078 Wiglett - Art Rare Holo (CGC 10 PRISTINE),18.4,0-25,true,sold_back
2026-10-08T08:59:56.000Z,2023 Pokémon Sv3a-Raging Surf #069 Groudon - Art Rare (PSA 10 GEM MINT),81.7,25-100,true,sold_back
2026-10-08T08:59:59.000Z,1958 Topps #30 Hank Aaron - Yellow Name (PSA 3 VG),413,100-500,true,sold_back
2026-10-08T08:59:59.000Z,2022 Panini Donruss #171 Jalen Hurts - Press Proof Premium (CGC 10 GEM MINT),18.5,0-25,true,sold_back
2026-10-08T08:59:59.000Z,2024 Crimson Haze #073/066 Heliolisk - Art Rare Holo (CGC 10 PRISTINE),17.6,0-25,true,sold_back
2026-10-08T09:00:01.000Z,1999 Team Rocket #7/82 Dark Golbat - Holo (CGC 7.5 NM+),37.8,25-100,true,sold_back
2026-10-08T09:00:01.000Z,2022 Pokémon Sword & Shield Vstar Universe #186 Diancie - Full Art (PSA 10 GEM MINT),44.8,25-100,true,sold_back
2026-10-08T09:00:01.000Z,2024 Panini Donruss #394 Brock Bowers (CGC 10 PRISTINE),47.6,25-100,true,sold_back
2026-10-08T09:00:05.000Z,Pokemon Sword & Shield Astral Radiance (1 Booster Pack - Art May Vary),13.6,0-25,true,sold_back
2026-10-08T09:00:07.000Z,Pokémon Scarlet & Violet Destined Rivals (1 Booster Pack - Art May Vary),10.7,0-25,true,sold_back
2026-10-08T09:00:08.000Z,2021 Pokémon 25th Anniversary Collection #001 Pikachu - Full Art (PSA 10 GEM MINT),48.7,25-100,true,sold_back
2026-10-08T09:00:16.000Z,2025 Pokémon MC-Start Deck 100 Battle Collection #757 Sprigatito EX - Holo (PSA 10 GEM MINT),62.8,25-100,true,sold_back
2026-10-08T09:00:17.000Z,Pokémon Mega Dream EX (1 Booster Pack - Art May Vary),14,0-25,true,held
2026-10-08T09:00:19.000Z,2021 VMAX Climax #200/184 Dedenne - Character Rare Holo (CGC 10 PRISTINE),31.6,25-100,true,held
2026-10-08T09:00:19.000Z,Pokémon Scarlet & Violet Destined Rivals (1 Booster Pack - Art May Vary),10.7,0-25,true,held
2026-10-08T09:00:25.000Z,2000 Gym Challenge #62/132 Blaine's Growlithe (CGC 7.5 NM+),18.9,0-25,true,sold_back
2026-10-08T09:00:26.000Z,2024 Pokémon Sv8a-Terastal Fest EX #209 Jolteon EX - Holo Special Art Rare (PSA 10 GEM MINT),84,25-100,true,redeemed
2026-10-08T09:00:31.000Z,Pokémon Scarlet & Violet Destined Rivals (1 Booster Pack - Art May Vary),10.7,0-25,true,sold_back
2026-10-08T09:00:32.000Z,2010 Score #307 Antonio Brown (PSA 10 GEM MINT),51.5,25-100,true,held
2026-10-08T09:00:35.000Z,2024 Topps Update #US100 Paul Skenes (PSA 8 NM-MT),13.6,0-25,true,sold_back
2026-10-08T09:00:40.000Z,2025 Pokémon Meg EN-Mega Evolution #151 Spearow - Illustration Rare (PSA 10 GEM MINT),48.6,25-100,true,sold_back
2026-10-08T09:00:43.000Z,2025 Pokémon Sv11b-Black Bolt #102 Chandelure - Art Rare (PSA 10 GEM MINT),41.8,25-100,true,held
2026-10-08T09:00:44.000Z,Magic: The Gathering Streets of New Capenna - Draft Booster (1 Booster Pack - Art May Vary),6.4,0-25,true,sold_back
2026-10-08T09:00:50.000Z,2019 Panini Select #242 Coby White - Red Wave (PSA 10 GEM MINT),18.8,0-25,true,sold_back
2026-10-08T09:00:56.000Z,2022 Panini Prizm #254 Bennedict Mathurin - Silver Prizm (PSA 9 MINT),11.9,0-25,true,sold_back
2026-10-08T09:00:58.000Z,Magic: The Gathering Streets of New Capenna - Draft Booster (1 Booster Pack - Art May Vary),6.4,0-25,true,held
2026-10-08T09:00:59.000Z,Pokémon Japanese Sword & Shield Rebellion Crash (1 Booster Pack - Art May Vary),19.9,0-25,true,sold_back
2026-10-08T09:01:01.000Z,2023 Pokémon Sword and Shield Crown Zenith #GG61 Gardenia's Vigor - Full Art (PSA 10 GEM MINT),70.4,25-100,true,sold_back
2026-10-08T09:01:05.000Z,2017 Sun & Moon #35/149 Lapras GX - Holo (CGC 9 MINT),17.1,0-25,true,held
2026-10-08T09:01:08.000Z,2025 Topps 1990 Topps Baseball #T90-29 Jacob Wilson (PSA 10 GEM MINT),16.3,0-25,true,sold_back
2026-10-08T09:01:13.000Z,Pokémon Scarlet & Violet Destined Rivals (1 Booster Pack - Art May Vary),10.7,0-25,true,sold_back
2026-10-08T09:01:14.000Z,2023 Pokémon Clk-Trading Card Game Classic Blastoise & Suicune EX Deck #006 Magikarp (PSA 10 GEM MINT),38.7,25-100,true,sold_back
2026-10-08T09:01:29.000Z,2021 Pokémon Sword & Shield Eevee Heroes #026 Pikachu (PSA 10 GEM MINT),60.6,25-100,true,sold_back
2026-10-08T09:01:29.000Z,2023 Bowman University Chrome Bowman Chrome Prospects Autographs #RJA Rickea Jackson - Refractor (PSA 9 MINT),38.1,25-100,true,sold_back
2026-10-08T09:01:35.000Z,2020 Topps Chrome Formula 1 Sapphire Edition #178 Alexander Albon (PSA 10 GEM MINT),21.9,0-25,true,sold_back
2026-10-08T09:01:35.000Z,2021 Topps All-Star Rookie Cup #48 Luis Robert (PSA 10 GEM MINT),11.6,0-25,true,sold_back
2026-10-08T09:01:37.000Z,Pokémon Hidden Fates (1 Booster Pack - Art May Vary),53.4,25-100,true,sold_back
2026-10-08T09:01:41.000Z,2025 Pokémon Pfl EN-Phantasmal Flames #118 Dawn - Ultra Rare (PSA 9 MINT),17.4,0-25,true,held
2026-10-08T09:01:41.000Z,2025 Topps #202 Dylan Harper (CGC 10 GEM MINT),39.7,25-100,true,held
2026-10-08T09:01:43.000Z,2021 Pokémon Celebrations Classic Collection #107 Donphan - Holo (PSA 9 MINT),23.1,0-25,true,sold_back
2026-10-08T09:01:44.000Z,2019 Remix Bout #001/064 Venusaur & Snivy GX - Holo (CGC 9 MINT),17,0-25,true,held
2026-10-08T09:01:52.000Z,2019 Dream League #061/049 Stoutland - Character Rare Holo (CGC 10 PRISTINE),21.1,0-25,true,sold_back
2026-10-08T09:01:58.000Z,2023 Scarlet & Violet #251/198 Miriam - Special Illustration Rare (Holo) (CGC 7.5 NM+),20.4,0-25,true,sold_back
2026-10-08T09:02:04.000Z,2025 Black Star Promos - Mega Evolution MEP EN #038 Charmander - First Partner Illustration Collection Series 1 (Holo) (CGC 9.5 MINT+),23.2,0-25,true,sold_back
2026-10-08T09:02:07.000Z,1998 Pokémon Vending #70 Weepinbell - Series III (PSA 9 MINT),84.5,25-100,true,sold_back
2026-10-08T09:02:10.000Z,Pokémon Scarlet & Violet Destined Rivals (1 Booster Pack - Art May Vary),10.7,0-25,true,held
2026-10-08T09:02:13.000Z,2023 Panini Select Jumbo Rookie Swatches #RJSVW Victor Wembanyama (PSA 10 GEM MINT),783,500+,true,held
2026-10-08T09:02:14.000Z,2026 Topps Now All-Star Game #AS8 Luka Doncic (PSA 10 GEM MINT),38.3,25-100,true,held
2026-10-08T09:02:22.000Z,2019 Panini Donruss Optic #180 Coby White - Purple Shock (PSA 9 MINT),13.5,0-25,true,sold_back
2026-10-08T09:02:23.000Z,2026 Pokémon Asc EN-Ascended Heroes #267 Mega Diancie EX - Holo Mega Attack Rare (PSA 10 GEM MINT),49,25-100,true,sold_back
2026-10-08T09:02:26.000Z,Pokemon Sword & Shield Darkness Ablaze (1 Booster Pack - Art May Vary),11.3,0-25,true,sold_back
2026-10-08T09:02:29.000Z,2026 One Piece Japanese Premium Card Collection Kumamoto Prefecture Special Don!! Card - Brook (PSA 10 GEM MINT),52.2,25-100,true,held
2026-10-08T09:02:37.000Z,2025 Topps Pristine Plated and Polished #22 Shohei Ohtani (PSA 8 NM-MT),22.7,0-25,true,sold_back
2026-10-08T09:02:40.000Z,2026 One Piece Japanese EB04-Extra Booster Egghead Crisis #061 Monkey D. Luffy - Alternate Art (PSA 9 MINT),36.7,25-100,true,held
2026-10-08T09:02:47.000Z,2025 Topps #201 Cooper Flagg (PSA 9 MINT),23.2,0-25,true,held
2026-10-08T09:02:49.000Z,2023 Pokémon Obf EN-Obsidian Flames #041 Volcarona (PSA 10 GEM MINT),50,25-100,true,sold_back
2026-10-08T09:02:56.000Z,2020 Pokémon S Promo #075 Eevee - Pokemon Card Gym (PSA 10 GEM MINT),75.2,25-100,true,sold_back
2026-10-08T09:02:58.000Z,1976 Topps #305 John Riggins (PSA 5 EX),14.1,0-25,true,sold_back
2026-10-08T09:03:02.000Z,2024 Pokémon Twm EN-Twilight Masquerade #176 Cramorant - Illustration Rare (PSA 8 NM-MT),17.1,0-25,true,sold_back
2026-10-08T09:03:04.000Z,2020 Panini Select #145 Tua Tagovailoa - Die-Cut White Prizm (PSA 9 MINT),13.1,0-25,true,held
2026-10-08T09:03:04.000Z,2023 Pokémon Card 151 #184/165 Venusaur ex - Super Rare Holo (CGC 9 MINT),12.7,0-25,true,sold_back
2026-10-08T09:03:04.000Z,2023 Pokémon Sv2a-Pokémon 151 #203 Alakazam EX - Holo Special Art Rare (PSA 10 GEM MINT),114.1,100-500,true,held
2026-10-08T09:03:05.000Z,1999 Base Set #8/102 Machamp - 1st Edition Holo (CGC 8 NM-MT),99.9,25-100,true,sold_back
2026-10-08T09:03:08.000Z,Pokémon Japanese Sword & Shield Rebellion Crash (1 Booster Pack - Art May Vary),19.9,0-25,true,sold_back
2026-10-08T09:03:10.000Z,2020 Panini Score #369 Tua Tagovailoa (PSA 10 GEM MINT),13.8,0-25,true,sold_back
2026-10-08T09:03:17.000Z,2019 Old Maid (Red Back) Meowth (CGC 10 PRISTINE),17.1,0-25,true,sold_back
2026-10-08T09:03:17.000Z,Magic: The Gathering Murders at Karlov Manor - Play Booster (1 Booster Pack - Art May Vary),6.5,0-25,true,sold_back
2026-10-08T09:03:17.000Z,Pokémon Scarlet & Violet Paldean Fates (1 Booster Pack - Art May Vary),29,25-100,true,sold_back
2026-10-08T09:03:19.000Z,2025 Pokémon Svp EN-SV Black Star Promo #196 Charizard EX - Holo Charizard EX Special Collection (PSA 10 GEM MINT),190.4,100-500,true,held
2026-10-08T09:03:20.000Z,1989 Topps Traded #80T Carnell Lake (PSA 9 MINT),20.9,0-25,true,sold_back
2026-10-08T09:03:23.000Z,Magic: The Gathering Streets of New Capenna - Draft Booster (1 Booster Pack - Art May Vary),6.4,0-25,true,sold_back
2026-10-08T09:03:31.000Z,2023 One Piece OP05-Awakening of the New Era #022 Donquixote Rosinante - Alternate Art (PSA 10 GEM MINT),56.1,25-100,true,held
2026-10-08T09:03:31.000Z,2025 Black Star Promos - Mega Evolution MEP EN #052 Grookey - First Partner Illustration Collection Series 2 (Holo) (CGC 10 GEM MINT),23.7,0-25,true,sold_back
2026-10-08T09:03:31.000Z,2025 Pokémon SV-P Promo #242 Pikachu - Illustration Contest 2024 (PSA 10 GEM MINT),84,25-100,true,sold_back
2026-10-08T09:03:31.000Z,2025 Topps Chrome Sapphire Update Series #106 Luke Keaschall - Green (PSA 9 MINT),23.5,0-25,true,sold_back
2026-10-08T09:03:40.000Z,Pokémon Sword & Shield Evolving Skies (1 Booster Pack - Art May Vary),51.6,25-100,true,sold_back
2026-10-08T09:03:46.000Z,2025 Bowman Chrome Prospect Autographs #CPAER Elorky Rodriguez (PSA 10 GEM MINT),46.1,25-100,true,sold_back
2026-10-08T09:03:52.000Z,Magic: The Gathering Tarkir: Dragonstorm - Play Booster (1 Booster Pack - Art May Vary),7.5,0-25,true,sold_back
2026-10-08T09:03:53.000Z,2026 One Piece Japanese Premium Card Collection Kumamoto Prefecture Special Don!! Card - Franky (PSA 9 MINT),23.9,0-25,true,sold_back
2026-10-08T09:03:58.000Z,2023 Pokémon Sv2a-Pokémon Card 151 #173 Pikachu - Art Rare (PSA 10 GEM MINT),98.9,25-100,true,held
2026-10-08T09:04:01.000Z,2023 Scarlet & Violet #131/198 Toxicroak ex - Holo (CGC 10 GEM MINT),17,0-25,true,sold_back
2026-10-08T09:04:02.000Z,2022 Bowman Chrome Prospect Autographs #CPARR Ryan Reckley - Refractor (PSA 9 MINT),13,0-25,true,sold_back
2026-10-08T09:04:14.000Z,2025 One Piece PRB02-Premium Booster -One Piece Card the Best- Vol.2 #086 Jesus Burgess - Alternate Art (PSA 10 GEM MINT),43.5,25-100,true,sold_back
2026-10-08T09:04:14.000Z,2025 Pokémon M2-Inferno X #111 Oricorio EX - Holo Special Art Rare (PSA 10 GEM MINT),51.8,25-100,true,sold_back
2026-10-08T09:04:16.000Z,Pokémon Shining Fates (1 Booster Pack - Art May Vary),19.5,0-25,true,sold_back
2026-10-08T09:04:20.000Z,1999 Fossil #55/62 Slowpoke (CGC 10 PRISTINE),215.5,100-500,true,sold_back
2026-10-08T09:04:28.000Z,2024 Surging Sparks - SSP EN #236/191 Durant ex - Special Illustration Rare (Holo) (CGC 8.5 NM-MT+),24,0-25,true,sold_back
2026-10-08T09:04:37.000Z,2023 Panini Donruss Optic #247 Anthony Richardson - Green Velocity (PSA 10 GEM MINT),12.7,0-25,true,sold_back
2026-10-08T09:04:38.000Z,Pokémon Scarlet & Violet Destined Rivals (1 Booster Pack - Art May Vary),10.7,0-25,true,held
2026-10-08T09:04:38.000Z,Pokémon Shining Fates (1 Booster Pack - Art May Vary),19.5,0-25,true,held
2026-10-08T09:04:44.000Z,2020 Panini Prizm #343 Jalen Hurts - Red Prizm (PSA 10 GEM MINT),1149,500+,true,held
2026-10-08T09:04:46.000Z,2024 Topps Update #US100 Paul Skenes (PSA 8 NM-MT),13.6,0-25,true,sold_back
2026-10-08T09:04:46.000Z,2026 Pokémon Asc EN-Ascended Heroes #270 Mega Scrafty EX - Holo Mega Attack Rare (PSA 10 GEM MINT),49.1,25-100,true,sold_back
2026-10-08T09:04:50.000Z,Magic: The Gathering Streets of New Capenna - Draft Booster (1 Booster Pack - Art May Vary),6.4,0-25,true,sold_back
2026-10-08T09:04:55.000Z,2025 Pokémon MP1-Start Deck 100 Battle Collection Corociao Version #019 Influencer's Introduction (PSA 9 MINT),21.4,0-25,true,sold_back
2026-10-08T09:04:58.000Z,Magic: The Gathering Aetherdrift - Play Booster (1 Booster Pack - Art May Vary),6.1,0-25,true,sold_back
2026-10-08T09:05:02.000Z,Pokemon Sword & Shield Astral Radiance (1 Booster Pack - Art May Vary),13.6,0-25,true,sold_back
2026-10-08T09:05:04.000Z,2015 Bowman's Best #58 Carlos Correa (PSA 10 GEM MINT),39.5,25-100,true,sold_back
2026-10-08T09:05:10.000Z,2024 Pokémon Tef EN-Temporal Forces #177 Gastly - Illustration Rare (PSA 9 MINT),90.9,25-100,true,sold_back
2026-10-08T09:05:14.000Z,2021 VMAX Climax #017/184 Charizard - Line Holo (CGC 10 GEM MINT),22.6,0-25,true,sold_back
2026-10-08T09:05:19.000Z,2022 Topps Chrome Update #USC165 Julio Rodriguez - Purple Refractor (PSA 9 MINT),16.9,0-25,true,sold_back
2026-10-08T09:05:20.000Z,Magic: The Gathering Modern Horizons 3 - Play Booster (1 Booster Pack - Art May Vary),13.1,0-25,true,sold_back
2026-10-08T09:05:22.000Z,Pokémon Shining Fates (1 Booster Pack - Art May Vary),19.5,0-25,true,sold_back
2026-10-08T09:05:25.000Z,2023 Pokémon Mew EN-151 #200 Blastoise EX - Holo Special Illustration Rare (PSA 10 GEM MINT),515.1,500+,true,held
2026-10-08T09:05:29.000Z,2019 Hidden Fates #SV72/SV94 Scizor GX - Shiny Vault Holo (CGC 9 MINT),50.3,25-100,true,held
2026-10-08T09:05:37.000Z,2025 Pokémon Sv11b-Black Bolt #131 Timburr - Art Rare (PSA 10 GEM MINT),49.7,25-100,true,sold_back
2026-10-08T09:05:47.000Z,2023 Pokémon Sword and Shield Crown Zenith #GG67 Origin Forme Palkia Vstar - Full Art Secret (PSA 9 MINT),107.6,100-500,true,sold_back
2026-10-08T09:05:50.000Z,Magic: The Gathering Streets of New Capenna - Draft Booster (1 Booster Pack - Art May Vary),6.4,0-25,true,sold_back
2026-10-08T09:05:55.000Z,Pokémon Scarlet & Violet Destined Rivals (1 Booster Pack - Art May Vary),10.7,0-25,true,sold_back
2026-10-08T09:05:56.000Z,2023 Pokémon Sv4a-Shiny Treasure EX #349 Charizard EX - Holo Special Art Rare (PSA 10 GEM MINT),320.8,100-500,true,sold_back
2026-10-08T09:05:59.000Z,1992 Fleer #702 The Ignitors - P.Molitor & B.Butler (PSA 10 GEM MINT),20.3,0-25,true,sold_back
2026-10-08T09:06:02.000Z,2016 Panini Donruss Optic #186 Michael Thomas - Purple (PSA 10 GEM MINT),22.1,0-25,true,sold_back
2026-10-08T09:06:04.000Z,2026 Pokémon Mep EN-Me Black Star Promo #031 N's Zekrom - Ascended Heroes Elite Trainer Box (PSA 9 MINT),23,0-25,true,sold_back
2026-10-08T09:06:05.000Z,2024 Bowman Draft #BD22 Konnor Griffin (PSA 8 NM-MT),13.6,0-25,true,sold_back
2026-10-08T09:06:07.000Z,2019 Pokémon Sun & Moon Tag Team GX All Stars #077 Darkrai - Holo (PSA 9 MINT),50.5,25-100,true,sold_back
2026-10-08T09:06:13.000Z,1987 Topps #634 Rafael Palmeiro - Future Stars (BGS 9 MINT),10.2,0-25,true,held
2026-10-08T09:06:16.000Z,Pokémon Sun & Moon Unbroken Bonds (1 Booster Pack - Art May Vary),73,25-100,true,held
2026-10-08T09:06:17.000Z,Pokémon Scarlet & Violet Destined Rivals (1 Booster Pack - Art May Vary),10.7,0-25,true,sold_back
2026-10-08T09:06:20.000Z,1991 Stadium Club #94 Brett Farve (PSA 9 MINT),48.1,25-100,true,sold_back
2026-10-08T09:06:26.000Z,2023 Pokémon Sword and Shield Crown Zenith #GG61 Gardenia's Vigor - Full Art (PSA 10 GEM MINT),70.4,25-100,true,sold_back
2026-10-08T09:06:29.000Z,2017 Bowman Draft #BDC39 Ronald Acuna - Chrome (PSA 9 MINT),16.9,0-25,true,held
2026-10-08T09:06:29.000Z,Pokémon Japanese Sword & Shield Rebellion Crash (1 Booster Pack - Art May Vary),19.9,0-25,true,held
2026-10-08T09:06:35.000Z,2025 Pokémon Blk EN-Black Bolt #109 Cubchoo - Illustration Rare (PSA 9 MINT),37,25-100,true,sold_back
2026-10-08T09:06:36.000Z,2025 Mega Evolution - MEG EN #036/132 Mega Abomasnow ex - Holo (CGC 9 MINT),14.2,0-25,true,sold_back
2026-10-08T09:06:36.000Z,Magic: The Gathering Aetherdrift - Play Booster (1 Booster Pack - Art May Vary),6.1,0-25,true,sold_back
2026-10-08T09:06:39.000Z,2025 One Piece Japanese Premium Card Collection -One Piece Day'25 Don!! Card (PSA 9 MINT),21.7,0-25,true,held
2026-10-08T09:06:42.000Z,2024 Journey Together - JTG EN #043/159 Veluza ex - Holo (CGC 10 GEM MINT),21.4,0-25,true,sold_back
2026-10-08T09:06:42.000Z,Magic: The Gathering FINAL FANTASY - Collector Booster Sample (1 Booster Pack - Art May Vary),14.6,0-25,true,sold_back
2026-10-08T09:06:44.000Z,2025 Pokémon M2-Inferno X #096 Rotom EX - Holo Super Rare (PSA 10 GEM MINT),24.1,0-25,true,sold_back
2026-10-08T09:06:45.000Z,Pokémon Japanese Sun & Moon Dragon Storm (1 Booster Pack - Art May Vary),44,25-100,true,held
2026-10-08T09:06:47.000Z,2023 Pokémon Cll-Trading Card Game Classic Charizard & HO-Oh EX Deck #007 HO-Oh EX - Holo (PSA 10 GEM MINT),35.2,25-100,true,sold_back
2026-10-08T09:06:56.000Z,Magic: The Gathering Streets of New Capenna - Draft Booster (1 Booster Pack - Art May Vary),6.4,0-25,true,held
2026-10-08T09:07:00.000Z,2017 Black Star Promos - Sword & Shield #SWSH185 Moltres - Brilliant Stars Prerelease (Holo) (CGC 8.5 NM-MT+),24.7,0-25,true,sold_back
2026-10-08T09:07:00.000Z,2022 Pokémon Sword & Shield Incandescent Arcana #055 HO-Oh V - Holo (PSA 10 GEM MINT),98.7,25-100,true,held
2026-10-08T09:07:03.000Z,Pokémon Mega Dream EX (1 Booster Pack - Art May Vary),14,0-25,true,sold_back
2026-10-08T09:07:08.000Z,2017 Black Star Promos - Sword & Shield #SWSH029 Rayquaza - Cosmos Holo (CGC 8.5 NM-MT+),10.5,0-25,true,sold_back
2026-10-08T09:07:08.000Z,Pokémon Scarlet & Violet Destined Rivals (1 Booster Pack - Art May Vary),10.7,0-25,true,sold_back
2026-10-08T09:07:09.000Z,2024 One Piece Japanese OP07-500 Years in the Future #109 Monkey D. Luffy (PSA 10 GEM MINT),37.8,25-100,true,sold_back
2026-10-08T09:07:12.000Z,2017 Pokémon Sun & Moon Shining Legends #9 Shining Genesect - Holo Holo (PSA 9 MINT),41.8,25-100,true,sold_back
2026-10-08T09:07:15.000Z,Pokémon Celebrations (1 Booster Pack - Art May Vary),37.9,25-100,true,held
2026-10-08T09:07:18.000Z,2025 Pokémon M2a-Mega Dream EX #199 Psyduck - Art Rare (PSA 10 GEM MINT),57.1,25-100,true,sold_back
2026-10-08T09:07:20.000Z,Pokémon Scarlet & Violet Destined Rivals (1 Booster Pack - Art May Vary),10.7,0-25,true,sold_back
2026-10-08T09:07:26.000Z,2023 Pokémon Card 151 #167/165 Ivysaur - Art Rare Holo (CGC 10 GEM MINT),20.9,0-25,true,sold_back
2026-10-08T09:07:26.000Z,Dragon Majesty (1 Booster Pack - Art May Vary),110.7,100-500,true,held
2026-10-08T09:07:27.000Z,2025 White Flare - sv11W #133/086 Terrakion - Art Rare Holo (CGC 10 PRISTINE),24,0-25,true,sold_back
2026-10-08T09:07:30.000Z,2025 Destined Rivals - DRI EN #066/182 Dondozo ex - Holo (CGC 10 GEM MINT),13.7,0-25,true,sold_back
2026-10-08T09:07:30.000Z,Pokémon Scarlet & Violet Destined Rivals (1 Booster Pack - Art May Vary),10.7,0-25,true,sold_back
2026-10-08T09:07:36.000Z,2013 Topps Update #US290 Christian Yelich (PSA 10 GEM MINT),18.6,0-25,true,sold_back
2026-10-08T09:07:41.000Z,1999 Team Rocket #2/82 Dark Arbok - Holo (CGC 8 NM-MT),49.4,25-100,true,sold_back
2026-10-08T09:07:48.000Z,2024 Surging Sparks - SSP EN #142/191 Tatsugiri ex - Holo (CGC 10 GEM MINT),21,0-25,true,sold_back
2026-10-08T09:07:48.000Z,Pokémon Scarlet & Violet Destined Rivals (1 Booster Pack - Art May Vary),10.7,0-25,true,sold_back
2026-10-08T09:07:54.000Z,2025 White Flare - WHT EN #165/086 Whimsicott ex - Special Illustration Rare (Holo) (CGC 9 MINT),23.6,0-25,true,sold_back
2026-10-08T09:07:59.000Z,2024 Surging Sparks - SSP EN #091/191 Palossand ex - Holo (CGC 10 GEM MINT),17,0-25,true,sold_back
2026-10-08T09:08:00.000Z,2019 Panini FIFA 365 Adrenalyn XL #303 Julian Alvarez (PSA 9 MINT),30.3,25-100,true,sold_back
2026-10-08T09:08:02.000Z,Pokemon Sword & Shield Silver Tempest (1 Booster Pack - Art May Vary),18.2,0-25,true,held
2026-10-08T09:08:06.000Z,2025 Inferno X - M2 #088/080 Flygon - Art Rare Holo (CGC 10 GEM MINT),11.5,0-25,true,sold_back
2026-10-08T09:08:11.000Z,Magic: The Gathering Aetherdrift - Play Booster (1 Booster Pack - Art May Vary),6.1,0-25,true,held
2026-10-08T09:08:15.000Z,Pokémon Japanese Sun & Moon Full Metal Wall (1 Booster Pack - Art May Vary),14.4,0-25,true,sold_back
2026-10-08T09:08:20.000Z,Magic: The Gathering Innistrad Remastered - Play Booster (1 Booster Pack - Art May Vary),13.6,0-25,true,sold_back
2026-10-08T09:08:23.000Z,2019 Old Maid (Red Back) Pikachu (CGC 10 PRISTINE),21.7,0-25,true,sold_back
2026-10-08T09:08:27.000Z,2025 Heat Wave Arena - sv9a #090/063 Ethan's Ho-Oh ex - Ultra Rare Holo (CGC 9 MINT),19.1,0-25,true,sold_back
2026-10-08T09:08:30.000Z,2025 Destined Rivals - DRI EN #145/182 Steven's Metagross ex - Holo (CGC 9 MINT),12.5,0-25,true,sold_back
2026-10-08T09:08:32.000Z,1990 Score #302 Junior Seau (PSA 9 MINT),17.5,0-25,true,sold_back
2026-10-08T09:08:38.000Z,2024 Journey Together - JTG EN #011/159 Amoonguss ex - Holo (CGC 9 MINT),10.9,0-25,true,sold_back
2026-10-08T09:08:38.000Z,2025 Panini Score #41 Dillon Gabriel - Rookie-Signature (PSA 10 GEM MINT),34.6,25-100,true,held
2026-10-08T09:08:39.000Z,2023 Pokémon SV3-Ruler of the Black Flame #119 Pidgeotto - Art Rare (PSA 10 GEM MINT),52.4,25-100,true,sold_back
2026-10-08T09:08:39.000Z,2023 Pokémon Sv2p-Snow Hazard #073 Marill - Art Rare (PSA 10 GEM MINT),58,25-100,true,sold_back
2026-10-08T09:08:39.000Z,2024 Pokémon Simplified Cs5a C-Gallant Galaxy: Charm #017 Pikachu (PSA 10 GEM MINT),65.9,25-100,true,sold_back
2026-10-08T09:08:42.000Z,2025 Topps Chrome #139 Ben Rice - Raywave (PSA 9 MINT),78.5,25-100,true,sold_back
2026-10-08T09:08:45.000Z,2017 Black Star Promos - Sword & Shield #SWSH087 Eevee VMAX - Shining Fates Elite Trainer Box (Holo) (CGC 9 MINT),10.5,0-25,true,sold_back
2026-10-08T09:08:51.000Z,Pokémon Scarlet & Violet Destined Rivals (1 Booster Pack - Art May Vary),10.7,0-25,true,sold_back
2026-10-08T09:08:54.000Z,Magic: The Gathering Streets of New Capenna - Draft Booster (1 Booster Pack - Art May Vary),6.4,0-25,true,sold_back
2026-10-08T09:08:57.000Z,2025 One Piece Japanese Premium Card Collection -One Piece Day'25 Don!! Card (PSA 9 MINT),21.7,0-25,true,held
2026-10-08T09:09:00.000Z,1978 Topps #250 Graig Nettles (PSA 8 NM-MT),21.5,0-25,true,held
2026-10-08T09:09:11.000Z,2023 Shining Together: Kui - Simplified #035/150 Espeon & Deoxys GX - Holo (CGC 10 GEM MINT),43.4,25-100,true,sold_back
2026-10-08T09:09:14.000Z,2024 Pokémon SV6-Transformation Mask #113 Chansey - Art Rare (PSA 10 GEM MINT),76,25-100,true,sold_back
2026-10-08T09:09:18.000Z,2019 Panini FIFA 365 #40 Mohamed Salah/Roberto Firmino/Sadio Mane - Gray Back (PSA 8 NM-MT),25.5,25-100,true,sold_back
2026-10-08T09:09:18.000Z,Magic: The Gathering Dragon's Maze (1 Booster Pack - Art May Vary),7,0-25,true,held
2026-10-08T09:09:20.000Z,Pokémon Scarlet & Violet 151 (1 Booster Pack - Art May Vary),33.6,25-100,true,held
2026-10-08T09:09:21.000Z,Pokémon Scarlet & Violet Destined Rivals (1 Booster Pack - Art May Vary),10.7,0-25,true,sold_back
2026-10-08T09:09:24.000Z,Pokémon Scarlet & Violet Destined Rivals (1 Booster Pack - Art May Vary),10.7,0-25,true,sold_back
2026-10-08T09:09:30.000Z,Dragon Majesty (1 Booster Pack - Art May Vary),110.7,100-500,true,held
2026-10-08T09:09:30.000Z,Magic: The Gathering Murders at Karlov Manor - Play Booster (1 Booster Pack - Art May Vary),6.5,0-25,true,sold_back
2026-10-08T09:09:36.000Z,2026 Pokémon M3-Nullifying Zero #114 Meowth EX - Holo Special Art Rare (PSA 10 GEM MINT),84.7,25-100,true,sold_back
2026-10-08T09:09:41.000Z,2025 Topps #201 Cooper Flagg (PSA 9 MINT),23.2,0-25,true,sold_back
2026-10-08T09:09:45.000Z,2025 Black Star Promos - Mega Evolution MEP EN #048 Totodile - First Partner Illustration Collection Series 2 (Holo) (CGC 10 GEM MINT),18.5,0-25,true,sold_back
2026-10-08T09:09:48.000Z,2024 Prismatic Evolutions - PRE EN #051/131 Lucario ex - Lucario & Tyranitar ex Premium Collection (Holo) (CGC 9.5 MINT+),11.3,0-25,true,sold_back
2026-10-08T09:09:48.000Z,Magic: The Gathering Murders at Karlov Manor - Collector Booster (1 Booster Pack - Art May Vary),37.2,25-100,true,sold_back
2026-10-08T09:09:53.000Z,2025 Inferno X - M2 #114/080 Mega Lopunny ex - Special Art Rare Holo (CGC 10 GEM MINT),22.6,0-25,true,held
2026-10-08T09:09:56.000Z,1998 Topps Chrome #199 Vince Carter (PSA 8 NM-MT),48.2,25-100,true,sold_back
2026-10-08T09:10:05.000Z,1999 Base Set #43/102 Abra (CGC 8.5 NM-MT+),13.9,0-25,true,sold_back
2026-10-08T09:10:08.000Z,Pokémon Japanese Sun & Moon Forbidden Light (1 Booster Pack - Art May Vary),20.5,0-25,true,held
2026-10-08T09:10:14.000Z,Pokémon Sun & Moon Unbroken Bonds (1 Booster Pack - Art May Vary),73,25-100,true,held
2026-10-08T09:10:15.000Z,Magic: The Gathering Streets of New Capenna - Draft Booster (1 Booster Pack - Art May Vary),6.4,0-25,true,held
2026-10-08T09:10:17.000Z,2023 Black Star Promos - Scarlet & Violet SVP EN #087 Sprigatito ex - Adventure Chest (Holo) (CGC 10 GEM MINT),17.4,0-25,true,sold_back
2026-10-08T09:10:27.000Z,2026 Pokémon Asc EN-Ascended Heroes #230 Vikavolt - Illustration Rare (PSA 10 GEM MINT),43.9,25-100,true,sold_back
2026-10-08T09:10:27.000Z,2026 Pokémon Asc EN-Ascended Heroes #270 Mega Scrafty EX - Holo Mega Attack Rare (PSA 10 GEM MINT),49.1,25-100,true,sold_back
2026-10-08T09:10:30.000Z,Pokémon Hidden Fates (1 Booster Pack - Art May Vary),53.4,25-100,true,redeemed
2026-10-08T09:10:33.000Z,1982 Topps #780 Pete Rose (PSA 9 MINT),56.4,25-100,true,sold_back
2026-10-08T09:10:35.000Z,2025 Topps Chrome Activators #AC-11 Cooper Flagg (PSA 10 GEM MINT),95.8,25-100,true,held
2026-10-08T09:10:35.000Z,2026 Topps 2025 Greatest Hits #26 Roman Anthony (PSA 9 MINT),20,0-25,true,held
2026-10-08T09:10:38.000Z,Magic: The Gathering Streets of New Capenna - Draft Booster (1 Booster Pack - Art May Vary),6.4,0-25,true,held
2026-10-08T09:10:44.000Z,2021 Pokémon Sword & Shield Vmax Climax #242 Galarian Moltres V - Holo Full Art (PSA 10 GEM MINT),39.3,25-100,true,sold_back
2026-10-08T09:10:44.000Z,2024 Pokémon Sv8a-Terastal Fest EX #200 Leafeon EX - Holo Special Art Rare (PSA 10 GEM MINT),110.7,100-500,true,held
2026-10-08T09:10:44.000Z,2025 Pokémon M2a-Mega Dream EX #230 Mega Gengar EX - Holo Mega Attack Rare (PSA 9 MINT),30.1,25-100,true,sold_back
2026-10-08T09:10:48.000Z,1996 Pokémon Basic #38 Ninetales - Holo (PSA 7 NM),55,25-100,true,sold_back
2026-10-08T09:10:48.000Z,2020 Sage Hit Premier Draft #13 Tua Tagovailoa - Gold (PSA 10 GEM MINT),43,25-100,true,sold_back
2026-10-08T09:10:48.000Z,2025 Topps Now #28 Cooper Flagg (PSA 9 MINT),18.7,0-25,true,sold_back
2026-10-08T09:10:48.000Z,2026 Pokémon Asc EN-Ascended Heroes #243 Mightyena - Illustration Rare (PSA 10 GEM MINT),54.6,25-100,true,sold_back
2026-10-08T09:10:53.000Z,Magic: The Gathering FINAL FANTASY - Collector Booster Sample (1 Booster Pack - Art May Vary),14.6,0-25,true,held
2026-10-08T09:10:53.000Z,Pokémon Scarlet & Violet Destined Rivals (1 Booster Pack - Art May Vary),10.7,0-25,true,held
2026-10-08T09:10:54.000Z,1999 Base Set #8/102 Machamp - 1st Edition Holo (CGC 7.5 NM+),52,25-100,true,sold_back
2026-10-08T09:11:03.000Z,Pokémon Celebrations (1 Booster Pack - Art May Vary),37.9,25-100,true,redeemed
2026-10-08T09:11:14.000Z,2022 Bowman 1st Edition #BPPF79 Jackson Chourio (PSA 9 MINT),20.6,0-25,true,held
2026-10-08T09:11:18.000Z,2025 Topps Generation Now #GN-4 Kon Knueppel (PSA 10 GEM MINT),37.6,25-100,true,held
2026-10-08T09:11:20.000Z,2021 VMAX Climax #255/184 Acerola's Premonition - Super Rare Holo (CGC 10 PRISTINE),102.7,100-500,true,sold_back
2026-10-08T09:11:30.000Z,Pokémon Scarlet & Violet 151 (1 Booster Pack - Art May Vary),33.6,25-100,true,sold_back
2026-10-08T09:11:32.000Z,2026 Topps Living #15 Kon Knueppel (PSA 9 MINT),19.3,0-25,true,sold_back
2026-10-08T09:11:35.000Z,Pokémon Scarlet & Violet Destined Rivals (1 Booster Pack - Art May Vary),10.7,0-25,true,sold_back
2026-10-08T09:11:42.000Z,2023 Pokémon Clk-Trading Card Game Classic Blastoise & Suicune EX Deck #007 Gyarados (PSA 10 GEM MINT),68.9,25-100,true,held
2026-10-08T09:11:42.000Z,2025 Pokémon M2a-Mega Dream EX #243 Marnie's Grimmsnarl EX - Holo Special Art Rare (PSA 10 GEM MINT),50,25-100,true,sold_back
2026-10-08T09:11:42.000Z,2025 Pokémon Sv11b-Black Bolt #131 Timburr - Art Rare (PSA 10 GEM MINT),49.7,25-100,true,sold_back
2026-10-08T09:11:53.000Z,Pokémon Scarlet & Violet Prismatic Evolutions (1 Booster Pack - Art May Vary),17.3,0-25,true,held
2026-10-08T09:11:54.000Z,Pokémon Scarlet & Violet Destined Rivals (1 Booster Pack - Art May Vary),10.7,0-25,true,sold_back
2026-10-08T09:11:56.000Z,2025 Pokémon M2a-Mega Dream EX #230 Mega Gengar EX - Holo Mega Attack Rare (PSA 10 GEM MINT),50.3,25-100,true,sold_back
2026-10-08T09:11:59.000Z,Pokémon Scarlet & Violet 151 (1 Booster Pack - Art May Vary),33.6,25-100,true,sold_back
2026-10-08T09:12:03.000Z,1999 Jungle #15/64 Vileplume - Holo (CGC 7.5 NM+),35.5,25-100,true,sold_back
2026-10-08T09:12:09.000Z,2023 One Piece OP02-Paramount War #013 Portgas D. Ace - Manga Alternate Art (PSA 10 GEM MINT),2505.2,500+,true,sold_back
2026-10-08T09:12:09.000Z,2023 One Piece OP04-Kingdoms of Intrigue #078 Boa Hancock - Special Alternate Art (PSA 10 GEM MINT),2267.2,500+,true,sold_back
2026-10-08T09:12:09.000Z,2024 One Piece OP07-500 Years in the Future #051 Boa Hancock - Manga Alternate Art (PSA 10 GEM MINT),2791,500+,true,sold_back
2026-10-08T09:12:09.000Z,2024 One Piece PRB01-Premium Booster -One Piece Card the Best #120 Shanks - Manga Alternate Art (PSA 10 GEM MINT),2083.5,500+,true,sold_back
2026-10-08T09:12:09.000Z,2026 One Piece EB03-Extra Booster -One Piece Heroines Edition #026 Boa Hancock - Special Alternate Art (PSA 10 GEM MINT),1946.9,500+,true,sold_back
2026-10-08T09:12:11.000Z,2025 Topps Now MLS #60 Lionel Messi/2328* (BGS 9.5 GEM MINT),42.5,25-100,true,sold_back
2026-10-08T09:12:12.000Z,2022 One Piece Japanese 25th Anniversary Premium Card Collection #001 Roronoa Zoro (PSA 9 MINT),22.7,0-25,true,held
2026-10-08T09:12:18.000Z,2014 Pokémon XY Phantom Forces #121 M Gengar EX - Holo Ultra Rare (PSA 1 PR),189,100-500,true,held
2026-10-08T09:12:24.000Z,2025 Topps #558 Roki Sasaki (PSA 9 MINT),14.1,0-25,true,sold_back
2026-10-08T09:12:26.000Z,2020 Pokémon Sword & Shield Champion's Path #032 Grapploct V - Holo (PSA 10 GEM MINT),35.6,25-100,true,sold_back
2026-10-08T09:12:29.000Z,1976 Topps #305 John Riggins (PSA 5 EX),14.1,0-25,true,sold_back
2026-10-08T09:12:36.000Z,1996 Pokémon Basic Switch - Trainer (PSA 8 NM-MT),13.4,0-25,true,sold_back
2026-10-08T09:12:41.000Z,2024 One Piece 500 Years in the Future #019 Jewelry Bonney - Alternate Art (PSA 10 GEM MINT),78.4,25-100,true,sold_back
2026-10-08T09:12:42.000Z,2023 Paradox Rift - PAR EN #202/182 Garganacl - Illustration Rare Holo (CGC 10 GEM MINT),21.3,0-25,true,held
2026-10-08T09:12:42.000Z,2024 Cyber Judge #083/071 Drampa - Art Rare Holo (CGC 9 MINT),20.8,0-25,true,sold_back
2026-10-08T09:12:42.000Z,2026 Pokémon Asc EN-Ascended Heroes #218 Erika's Tangela - Illustration Rare (PSA 10 GEM MINT),75.2,25-100,true,sold_back
2026-10-08T09:12:57.000Z,2026 Pokémon M4-Ninja Spinner #088 Ampharos - Art Rare (PSA 10 GEM MINT),32.2,25-100,true,sold_back
2026-10-08T09:12:59.000Z,Pokémon Scarlet & Violet 151 (1 Booster Pack - Art May Vary),33.6,25-100,true,sold_back
2026-10-08T09:13:06.000Z,2023-24 Panini Select La Liga #141 Marc Guiu - Pink Mojo (PSA 9 MINT),11.5,0-25,true,sold_back
2026-10-08T09:13:08.000Z,2025 Panini Select #54 Shedeur Sanders - Silver Prizm (PSA 9 MINT),20.1,0-25,true,sold_back
2026-10-08T09:13:09.000Z,2024 Pokémon Simplified Cs5a C-Gallant Galaxy: Charm #017 Pikachu (PSA 10 GEM MINT),65.9,25-100,true,held
2026-10-08T09:13:12.000Z,2026 One Piece Heroines Battle Pack #111 Nico Robin (PSA 9 MINT),30.2,25-100,true,sold_back
2026-10-08T09:13:15.000Z,2026 One Piece OP15-EB04-Adventure on Kami's Island #119 Monkey D. Luffy - Alternate Art (PSA 10 GEM MINT),85.1,25-100,true,redeemed
2026-10-08T09:13:17.000Z,2024 Journey Together - JTG EN #172/159 Iono's Bellibolt ex - Ultra Rare Holo (CGC 10 GEM MINT),17.4,0-25,true,sold_back
2026-10-08T09:13:29.000Z,2021 Pokémon Sword & Shield Eevee Heroes #026 Pikachu (PSA 10 GEM MINT),60.6,25-100,true,sold_back
2026-10-08T09:13:32.000Z,2023 Pokémon Card 151 #182/165 Dragonair - Art Rare Holo (CGC 10 GEM MINT),20.7,0-25,true,sold_back
2026-10-08T09:13:32.000Z,Pokémon Sun & Moon Ultra Prism (1 Booster Pack - Art May Vary),54.7,25-100,true,redeemed
2026-10-08T09:13:35.000Z,Pokémon Scarlet & Violet Destined Rivals (1 Booster Pack - Art May Vary),10.7,0-25,true,sold_back
2026-10-08T09:13:38.000Z,2020 Darkness Ablaze #021/189 Houndoom V - Holo (CGC 9 MINT),29.9,25-100,true,sold_back
2026-10-08T09:13:42.000Z,2025 One Piece OP13-Carrying on His Will #108 Jewelry Bonney (PSA 9 MINT),18,0-25,true,sold_back
2026-10-08T09:13:44.000Z,2025 Topps Now #464 Nick Kurtz (BGS 9.5 GEM MINT),20.8,0-25,true,sold_back
2026-10-08T09:13:53.000Z,Pokémon Scarlet & Violet Destined Rivals (1 Booster Pack - Art May Vary),10.7,0-25,true,sold_back
2026-10-08T09:14:05.000Z,2019 Panini Donruss Optic #180 Coby White - Purple Shock (PSA 9 MINT),13.5,0-25,true,sold_back
2026-10-08T09:14:05.000Z,2026 One Piece OP15-EB04-Adventure on Kami's Island Don!! Card - Alternate Art-Gold (PSA 10 GEM MINT),50.1,25-100,true,sold_back
2026-10-08T09:14:06.000Z,Pokémon Scarlet & Violet Twilight Masquerade - Sleeved (1 Booster Pack - Art May Vary),13.5,0-25,true,sold_back
2026-10-08T09:14:12.000Z,2024 Pokémon Sv8a-Terastal Fest EX #212 Sylveon EX - Holo Special Art Rare (PSA 9 MINT),117,100-500,true,held
2026-10-08T09:14:12.000Z,2025 Pokémon Traditional SV-P Promo #215 Snorlax - Light Connect All (PSA 10 GEM MINT),127,100-500,true,sold_back
2026-10-08T09:14:15.000Z,1999 Pokémon Neo Promo #155 Cyndaquil - Premium File (PSA 9 MINT),32,25-100,true,sold_back
2026-10-08T09:14:23.000Z,Pokémon Scarlet & Violet Destined Rivals (1 Booster Pack - Art May Vary),10.7,0-25,true,sold_back
2026-10-08T09:14:23.000Z,Pokémon Scarlet & Violet Prismatic Evolutions (1 Booster Pack - Art May Vary),17.3,0-25,true,held
2026-10-08T09:14:23.000Z,"We Live #1 CGC 9.8 White Pages (AfterShock Comics, 10/20) - Universal Comic Mint Edition",19.456667,0-25,true,sold_back
2026-10-08T09:14:24.000Z,2023 Scarlet & Violet 151 - MEW EN #050/165 Diglett - Reverse Holo (CGC 10 GEM MINT),23.3,0-25,true,sold_back
2026-10-08T09:14:27.000Z,2019 Bowman Draft #BDC64 Michael Toglia - Chrome (PSA 10 GEM MINT),16.3,0-25,true,sold_back
2026-10-08T09:14:29.000Z,2025 Black Star Promos - Mega Evolution MEP EN #041 Chimchar - First Partner Illustration Collection Series 1 (Holo) (CGC 10 GEM MINT),17.8,0-25,true,sold_back
2026-10-08T09:14:33.000Z,2026 Pokémon M3-Nullifying Zero #112 Mega Clefable EX - Holo Special Art Rare (PSA 10 GEM MINT),36.8,25-100,true,sold_back
2026-10-08T09:14:33.000Z,Pokémon Scarlet & Violet 151 (1 Booster Pack - Art May Vary),33.6,25-100,true,sold_back
2026-10-08T09:14:36.000Z,Pokemon Sun & Moon Tag Team GX Dream League (1 Booster Pack - Art May Vary),42,25-100,true,sold_back
2026-10-08T09:14:41.000Z,2025 Black Bolt - BLK EN #037/086 Solosis - Reverse Holo Poké Ball (CGC 10 PRISTINE),77,25-100,true,sold_back
2026-10-08T09:14:41.000Z,Pokémon Scarlet & Violet Destined Rivals (1 Booster Pack - Art May Vary),10.7,0-25,true,sold_back
2026-10-08T09:14:44.000Z,2025 Destined Rivals - DRI EN #066/182 Dondozo ex - Holo (CGC 10 GEM MINT),13.7,0-25,true,sold_back
2026-10-08T09:14:47.000Z,2025 One Piece OP13-Carrying on His Will #108 Jewelry Bonney (PSA 9 MINT),18,0-25,true,sold_back
2026-10-08T09:14:47.000Z,Pokémon Champions Path (1 Booster Pack - Art May Vary),22.6,0-25,true,sold_back
2026-10-08T09:14:50.000Z,2022 One Piece Japanese 25th Anniversary Premium Card Collection #001 Roronoa Zoro (PSA 9 MINT),22.7,0-25,true,sold_back
2026-10-08T09:14:51.000Z,2000 Base Set 2 #115/130 Pokédex (CGC 9 MINT),10.6,0-25,true,sold_back
2026-10-08T09:14:51.000Z,2022 Lost Origin #137/196 Pidgeot V - Holo (CGC 10 GEM MINT),18.4,0-25,true,held
2026-10-08T09:14:53.000Z,1990 Score #302 Junior Seau (PSA 9 MINT),17.5,0-25,true,sold_back
2026-10-08T09:15:00.000Z,2021 Eevee Heroes #015/069 Vaporeon V - Holo (CGC 10 GEM MINT),14.3,0-25,true,sold_back
2026-10-08T09:15:08.000Z,2000 Base Set 2 #15/130 Poliwrath - Holo (CGC 8.5 NM-MT+),44.5,25-100,true,sold_back
2026-10-08T09:15:08.000Z,Pokémon Scarlet & Violet Destined Rivals (1 Booster Pack - Art May Vary),10.7,0-25,true,sold_back
2026-10-08T09:15:09.000Z,2017 Topps Holiday #120 Cody Bellinger (PSA 10 GEM MINT),16.2,0-25,true,sold_back
2026-10-08T09:15:11.000Z,Pokémon Sun & Moon Celestial Storm (1 Booster Pack - Art May Vary),70.8,25-100,true,redeemed
2026-10-08T09:15:12.000Z,2023 Violet ex #082/078 Slowpoke - Art Rare Holo (CGC 10 GEM MINT),23.9,0-25,true,sold_back
2026-10-08T09:15:12.000Z,2025 One Piece Japanese OP13-Carrying on His Will #004 Sabo - Alternate Art (PSA 9 MINT),20.1,0-25,true,sold_back
2026-10-08T09:15:14.000Z,Pokémon GO (1 Booster Pack - Art May Vary),17.5,0-25,true,sold_back
2026-10-08T09:15:15.000Z,2019 Bowman Chrome #50 Shohei Ohtani (PSA 10 GEM MINT),209.3,100-500,true,held
2026-10-08T09:15:24.000Z,Pokémon Scarlet & Violet Paldean Fates (1 Booster Pack - Art May Vary),29,25-100,true,sold_back
2026-10-08T09:15:29.000Z,2024 Journey Together - JTG EN #053/159 Iono's Bellibolt ex - Holo (CGC 10 GEM MINT),19.5,0-25,true,sold_back
2026-10-08T09:15:29.000Z,Pokémon Scarlet & Violet Destined Rivals (1 Booster Pack - Art May Vary),10.7,0-25,true,held
2026-10-08T09:15:33.000Z,2023 Pokémon Card 151 #173/165 Pikachu - Art Rare Holo (CGC 9 MINT),25,25-100,true,sold_back
2026-10-08T09:15:33.000Z,2024 Pokémon Tef EN-Temporal Forces #178 Metagross - Illustration Rare (PSA 9 MINT),40.3,25-100,true,sold_back
2026-10-08T09:15:36.000Z,2026 One Piece OP14-EB04-the Azure Sea's Seven Don!! Card - Egghead-Gold (PSA 9 MINT),22.5,0-25,true,sold_back
2026-10-08T09:15:38.000Z,Pokemon Sun & Moon Tag Team GX Dream League (1 Booster Pack - Art May Vary),42,25-100,true,sold_back
2026-10-08T09:15:39.000Z,2023 Crown Zenith #036/159 Kyogre - Sea & Sky Premium Collection (Cosmos Holo) (CGC 10 GEM MINT),20.8,0-25,true,sold_back
2026-10-08T09:15:41.000Z,Pokémon Sun & Moon Celestial Storm (1 Booster Pack - Art May Vary),70.8,25-100,true,sold_back
2026-10-08T09:15:42.000Z,2023 Panini Zenith Contenders Optic Rookie Ticket Rps Preview Autographs #111 Dorian Thompson-Robinson - Variation (PSA 10 GEM MINT),86.5,25-100,true,sold_back
2026-10-08T09:15:48.000Z,2025 Topps #558 Roki Sasaki (PSA 9 MINT),14.1,0-25,true,sold_back
2026-10-08T09:15:50.000Z,2026 One Piece OP14-EB04-the Azure Sea's Seven #031 Nami (PSA 9 MINT),18.3,0-25,true,sold_back
2026-10-08T09:15:51.000Z,2026 One Piece Japanese EB04-Extra Booster Egghead Crisis #061 Monkey D. Luffy (PSA 10 GEM MINT),36.2,25-100,true,held
2026-10-08T09:15:54.000Z,Pokémon Sword & Shield Fusion Strike (1 Booster Pack - Art May Vary),22.2,0-25,true,sold_back
2026-10-08T09:15:57.000Z,2021 Celebrations - Classic Collection #9/95 Team Magma's Groudon - EX Team Magma vs.Team Aqua Holo (CGC 10 GEM MINT),23.6,0-25,true,sold_back
2026-10-08T09:15:59.000Z,2012 Panini Prizm #236 Anthony Davis (PSA 10 GEM MINT),89.7,25-100,true,held
2026-10-08T09:16:00.000Z,1999 Jungle #13 Venomoth - Holo (BGS 8 NM-MT),49.9,25-100,true,held
2026-10-08T09:16:02.000Z,2022 Pokémon Charizard Vstar VS Rayquaza Vmax Special Deck Set #016 Rayquaza Vmax - Full Art (PSA 8 NM-MT),23.5,0-25,true,sold_back
2026-10-08T09:16:03.000Z,2025 One Piece Japanese Premium Card Collection -One Piece Day'25 Don!! Card (PSA 9 MINT),21.7,0-25,true,sold_back
2026-10-08T09:16:05.000Z,2022 One Piece Starter Deck ST01-Straw Hat Crew #013 Roronoa Zoro (PSA 9 MINT),16.6,0-25,true,sold_back
2026-10-08T09:16:06.000Z,Pokemon Sun & Moon Tag Team GX Dream League (1 Booster Pack - Art May Vary),42,25-100,true,sold_back
2026-10-08T09:16:12.000Z,Pokémon XY Steam Siege (1 Booster Pack - Art May Vary),35.5,25-100,true,sold_back
2026-10-08T09:16:14.000Z,2025 Pokémon Jtg EN-Journey Together #185 N's Zoroark EX - Holo Special Illustration Rare (PSA 9 MINT),30.8,25-100,true,sold_back
2026-10-08T09:16:15.000Z,2023 Pokémon Sv2p-Snow Hazard #072 Bramblin - Art Rare (PSA 10 GEM MINT),35.6,25-100,true,held
2026-10-08T09:16:17.000Z,Pokémon Scarlet & Violet Destined Rivals (1 Booster Pack - Art May Vary),10.7,0-25,true,sold_back
2026-10-08T09:16:26.000Z,1982 Perma-Graphics Super Star Credit Cards Mike Schmidt (PSA 9 MINT),13.3,0-25,true,sold_back
2026-10-08T09:16:27.000Z,2018 Fairy Rise #057/050 Sceptile GX - Hyper Rare Holo (CGC 10 GEM MINT),60,25-100,true,sold_back
2026-10-08T09:16:27.000Z,2024 Pokémon Scr EN-Stellar Crown #170 Terapagos EX - Holo Special Illustration Rare (PSA 9 MINT),47.4,25-100,true,sold_back
2026-10-08T09:16:32.000Z,2023 Bowman Draft Chrome Prospect Autograph #CDAJWI Jacob Wilson - Gold Refractor (PSA 10 GEM MINT),1822.1,500+,true,sold_back
2026-10-08T09:16:32.000Z,2025 Topps All Kings #AK-22 Jeremiah Fears (PSA 9 MINT),987,500+,true,sold_back
2026-10-08T09:16:32.000Z,Pokémon Japanese Sun & Moon Dragon Storm (1 Booster Pack - Art May Vary),44,25-100,true,sold_back
2026-10-08T09:16:35.000Z,2025 One Piece OP13-Carrying on His Will Don!! Card - Alternate Art-Gold (PSA 9 MINT),23.3,0-25,true,sold_back
2026-10-08T09:16:38.000Z,2024 Pokémon Simplified Cs5a C-Gallant Galaxy: Charm #017 Pikachu (PSA 10 GEM MINT),65.9,25-100,true,sold_back
2026-10-08T09:16:45.000Z,2022 One Piece OP01-Romance Dawn #024 Monkey D. Luffy (PSA 9 MINT),20.6,0-25,true,sold_back
2026-10-08T09:16:50.000Z,Pokémon Scarlet & Violet Destined Rivals (1 Booster Pack - Art May Vary),10.7,0-25,true,sold_back
2026-10-08T09:16:56.000Z,Pokémon XY Breakpoint (1 Booster Pack - Art May Vary),52,25-100,true,sold_back
2026-10-08T09:17:03.000Z,Pokemon Sun & Moon Tag Team GX Dream League (1 Booster Pack - Art May Vary),42,25-100,true,held
2026-10-08T09:17:05.000Z,2022 Brilliant Stars #TG09/TG30 Ariados - Trainer Gallery Holo (CGC 10 GEM MINT),22.8,0-25,true,held
2026-10-08T09:17:08.000Z,2023 Pokémon Clf-Trading Card Game Classic Venusaur & Lugia EX Deck #001 Bulbasaur (PSA 10 GEM MINT),53.7,25-100,true,sold_back
2026-10-08T09:17:11.000Z,2021 Pokémon Celebrations Classic Collection #86 Rocket's Admin - Holo (PSA 9 MINT),19.8,0-25,true,sold_back
2026-10-08T09:17:11.000Z,2023 Shiny Treasure ex #076/190 Mew ex - Holo (CGC 10 GEM MINT),13.1,0-25,true,sold_back
2026-10-08T09:17:15.000Z,1999 Base Set #25/102 Dewgong - Shadowless Shadowless (CGC 9 MINT),18.4,0-25,true,sold_back
2026-10-08T09:17:20.000Z,Pokémon Scarlet & Violet Prismatic Evolutions (1 Booster Pack - Art May Vary),17.3,0-25,true,sold_back
2026-10-08T09:17:23.000Z,2023 Pokémon Sv2a-Pokémon Card 151 #168 Charmander - Art Rare (PSA 10 GEM MINT),91.7,25-100,true,held
2026-10-08T09:17:27.000Z,1999 Base Set #79/102 Super Energy Removal (CGC 8.5 NM-MT+),20.5,0-25,true,sold_back
2026-10-08T09:17:27.000Z,Pokémon Scarlet & Violet Destined Rivals (1 Booster Pack - Art May Vary),10.7,0-25,true,sold_back
2026-10-08T09:17:29.000Z,2025 One Piece Promos #109 Monkey D. Luffy - Illustration Box Vol.3 (PSA 9 MINT),22.8,0-25,true,sold_back
2026-10-08T09:17:30.000Z,Pokémon Scarlet & Violet 151 (1 Booster Pack - Art May Vary),33.6,25-100,true,sold_back
2026-10-08T09:17:32.000Z,1986 Fleer #117 Kiki Vandeweghe (PSA 5 EX),21.8,0-25,true,held
2026-10-08T09:17:32.000Z,2019 Panini Hoops Premium Stock #259 Ja Morant - SP-Shimmer (PSA 9 MINT),22.9,0-25,true,held
2026-10-08T09:17:32.000Z,2025 Topps #201 Cooper Flagg (PSA 9 MINT),23.2,0-25,true,sold_back
2026-10-08T09:17:35.000Z,2022 Pokémon GO #030/071 Mewtwo V - Holo (CGC 10 PRISTINE),27.6,25-100,true,held
2026-10-08T09:17:35.000Z,2024 Upper Deck #451 Macklin Celebrini (PSA 9 MINT),515.2,500+,true,sold_back
2026-10-08T09:17:35.000Z,2025 Donruss Rookies & Highlights the Rookies Uptowns #9 Travis Hunter (PSA 10 GEM MINT),838.6,500+,true,sold_back
2026-10-08T09:17:41.000Z,Pokémon Scarlet & Violet Destined Rivals (1 Booster Pack - Art May Vary),10.7,0-25,true,sold_back
2026-10-08T09:17:48.000Z,2026 One Piece Japanese Premium Card Collection Kumamoto Prefecture Special Don!! Card - Kumamon & Luffy (PSA 9 MINT),78.9,25-100,true,sold_back
2026-10-08T09:17:50.000Z,1987 Topps #393 Pete Rose (PSA 9 MINT),21.4,0-25,true,sold_back
2026-10-08T09:17:51.000Z,2023 Temporal Forces - TEF EN #168/162 Snom - Illustration Rare Holo (CGC 9 MINT),17,0-25,true,sold_back
2026-10-08T09:17:56.000Z,Pokémon Scarlet & Violet Destined Rivals (1 Booster Pack - Art May Vary),10.7,0-25,true,sold_back
2026-10-08T09:17:56.000Z,Pokémon Scarlet & Violet Destined Rivals (1 Booster Pack - Art May Vary),10.7,0-25,true,sold_back
2026-10-08T09:17:57.000Z,2023 Pokémon Card 151 #080/165 Slowbro - Reverse Holo Poké Ball (CGC 10 GEM MINT),19.3,0-25,true,sold_back
2026-10-08T09:17:57.000Z,Pokémon Scarlet & Violet 151 (1 Booster Pack - Art May Vary),33.6,25-100,true,sold_back
2026-10-08T09:18:02.000Z,Pokémon Scarlet & Violet Destined Rivals (1 Booster Pack - Art May Vary),10.7,0-25,true,sold_back
2026-10-08T09:18:05.000Z,2015 Pokémon XY Double Crisis #004 Team Aqua's Sealeo - 1st Edition (PSA 10 GEM MINT),88.9,25-100,true,sold_back
2026-10-08T09:18:09.000Z,2023 Triplet Beat #075/073 Sprigatito - Art Rare Holo (CGC 10 GEM MINT),38.8,25-100,true,sold_back
2026-10-08T09:18:17.000Z,Pokémon Scarlet & Violet Destined Rivals (1 Booster Pack - Art May Vary),10.7,0-25,true,held
2026-10-08T09:18:20.000Z,2016 Topps Update #US287 Tim Anderson (PSA 10 GEM MINT),10,0-25,true,sold_back
2026-10-08T09:18:23.000Z,1999 Base Set #29/102 Haunter - Shadowless Shadowless (CGC 8 NM-MT),17.6,0-25,true,sold_back
2026-10-08T09:18:27.000Z,2025 Pokémon M2-Inferno X #086 Yamper - Art Rare (PSA 10 GEM MINT),40.6,25-100,true,sold_back
2026-10-08T09:18:30.000Z,Pokemon Sun & Moon Tag Team GX Dream League (1 Booster Pack - Art May Vary),42,25-100,true,sold_back
2026-10-08T09:18:30.000Z,Pokémon Sword & Shield Vivid Voltage (1 Booster Pack - Art May Vary),14,0-25,true,sold_back
2026-10-08T09:18:33.000Z,2024 Pokémon Sv8a-Terastal Fest EX #040 Glaceon - Reverse Holo Master Ball (PSA 10 GEM MINT),49,25-100,true,sold_back
2026-10-08T09:18:44.000Z,1881-S One Dollar NGC MS65,202.5,100-500,true,sold_back
2026-10-08T09:18:48.000Z,2023 Pokémon Sv4a-Shiny Treasure EX #112 Great Tusk EX - Holo (PSA 10 GEM MINT),21.2,0-25,true,sold_back
2026-10-08T09:18:48.000Z,2025 Mega Dream ex - M2a #232/193 Mega Dragonite ex - T. Texture Error Holo (CGC 10 GEM MINT),197,100-500,true,held
2026-10-08T09:18:51.000Z,2024 Topps Update #US100 Paul Skenes (PSA 8 NM-MT),13.6,0-25,true,sold_back
2026-10-08T09:18:53.000Z,2002 Expedition #149/165 Professor Oak's Research (CGC 10 GEM MINT),22.9,0-25,true,sold_back
2026-10-08T09:18:59.000Z,2025 Mega Dream ex - M2a #225/193 Mega Eelektross ex - Mega Attack Rare Holo (CGC 10 PRISTINE),20.7,0-25,true,sold_back
2026-10-08T09:19:06.000Z,Pokémon Scarlet & Violet Destined Rivals (1 Booster Pack - Art May Vary),10.7,0-25,true,sold_back
2026-10-08T09:19:11.000Z,2022 Star Birth #014/100 Charizard V - Holo (CGC 10 GEM MINT),22.9,0-25,true,held
2026-10-08T09:19:20.000Z,2024 High Class Pack: Terastal Fest ex - sv8a #031/187 Vaporeon ex - Holo (CGC 10 PRISTINE),20.3,0-25,true,sold_back
2026-10-08T09:19:21.000Z,1999 Fossil #38/62 Kingler - 1st Edition 1st Edition (CGC 9 MINT),19.6,0-25,true,sold_back
2026-10-08T09:19:23.000Z,Pokémon Sun & Moon Rebel Clash (1 Booster Pack - Art May Vary),15.2,0-25,true,sold_back
2026-10-08T09:19:27.000Z,Pokémon Sword & Shield Fusion Strike (1 Booster Pack - Art May Vary),22.2,0-25,true,held
2026-10-08T09:19:29.000Z,Pokémon Scarlet & Violet Destined Rivals (1 Booster Pack - Art May Vary),10.7,0-25,true,sold_back
2026-10-08T09:19:30.000Z,2024 High Class Pack: Terastal Fest ex - sv8a #220/187 Gholdengo ex - Special Art Rare Holo (CGC 10 GEM MINT),17,0-25,true,sold_back
2026-10-08T09:19:35.000Z,Pokemon Sword & Shield Astral Radiance (1 Booster Pack - Art May Vary),13.6,0-25,true,held
2026-10-08T09:19:41.000Z,2023 Black Star Promos - Scarlet & Violet SVP EN #056 Charizard ex - Charizard ex Premium Collection (Holo) (CGC 8 NM-MT),18,0-25,true,sold_back
2026-10-08T09:19:41.000Z,Pokémon Scarlet & Violet Destined Rivals (1 Booster Pack - Art May Vary),10.7,0-25,true,sold_back
2026-10-08T09:19:42.000Z,2022 Bowman Chrome Prospect Autographs #CPARR Ryan Reckley - Refractor (PSA 9 MINT),13,0-25,true,sold_back
2026-10-08T09:19:45.000Z,2017 Black Star Promos - Sword & Shield #SWSH087 Eevee VMAX - Shining Fates Elite Trainer Box (Holo) (CGC 9 MINT),10.5,0-25,true,sold_back
2026-10-08T09:19:48.000Z,2025 Destined Rivals - DRI EN #023/182 Arboliva ex - Holo (CGC 10 GEM MINT),10.7,0-25,true,held
2026-10-08T09:19:48.000Z,Promotional Cards - Japanese #P-008 Yamato - Saikyo Jump August Issue (CGC 10 GEM MINT),75,25-100,true,sold_back
2026-10-08T09:20:00.000Z,2021 Pokémon Sword & Shield Evolving Skies #209 Glaceon Vmax - Full Art Secret (PSA 10 GEM MINT),488.1,100-500,true,held
2026-10-08T09:20:02.000Z,1999 Pokémon Yamabuki City Gym Deck Sabrina's Gaze (PSA 9 MINT),132.7,100-500,true,sold_back
2026-10-08T09:20:11.000Z,2024 Bowman Draft #BD22 Konnor Griffin (PSA 8 NM-MT),13.6,0-25,true,sold_back
2026-10-08T09:20:12.000Z,Pokémon Sun & Moon Rebel Clash (1 Booster Pack - Art May Vary),15.2,0-25,true,sold_back
2026-10-08T09:20:14.000Z,2019 Pokémon Sun & Moon Double Blaze #045 Cubone (PSA 10 GEM MINT),271.9,100-500,true,sold_back
2026-10-08T09:20:15.000Z,1999 Pokémon Game #49 Drowzee - 1st Edition (PSA 8 NM-MT),52.4,25-100,true,sold_back
2026-10-08T09:20:15.000Z,2025 Pokémon Svp EN-SV Black Star Promo #214 Pikachu - Illustration Contest 2024 (PSA 8 NM-MT),22.1,0-25,true,held
2026-10-08T09:20:15.000Z,Pokémon Scarlet & Violet Destined Rivals (1 Booster Pack - Art May Vary),10.7,0-25,true,sold_back
2026-10-08T09:20:20.000Z,2024 Pokémon Svp EN-SV Black Star Promo #075 Mimikyu - Paldean Fates Pokemon Center Elite Trainer Box (PSA 9 MINT),65.5,25-100,true,sold_back
2026-10-08T09:20:23.000Z,2019 Topps Update #US62 Vladimir Guerrero Jr. (PSA 9 MINT),11.2,0-25,true,sold_back
2026-10-08T09:20:23.000Z,2025 Pokémon SV-P Promo #259 Team Rocket's Meowth - Corocoro Ichiban! July-August 2025 (PSA 8 NM-MT),26.9,25-100,true,sold_back
2026-10-08T09:20:24.000Z,2022 Pokémon Go #030 Mewtwo V - Holo (PSA 10 GEM MINT),64.5,25-100,true,sold_back
2026-10-08T09:20:30.000Z,2022 Brilliant Stars #014/172 Shaymin VSTAR - Holo (CGC 10 GEM MINT),18.8,0-25,true,sold_back
2026-10-08T09:20:33.000Z,Magic: The Gathering Streets of New Capenna - Draft Booster (1 Booster Pack - Art May Vary),6.4,0-25,true,sold_back
2026-10-08T09:20:35.000Z,Ascended Heroes (1 Booster Pack - Art May Vary),16.4,0-25,true,sold_back
2026-10-08T09:20:36.000Z,2025 One Piece OP13-Carrying on His Will #072 Buggy (PSA 10 GEM MINT),43.7,25-100,true,sold_back
2026-10-08T09:20:36.000Z,2025 One Piece OP13-Carrying on His Will #118 Monkey D. Luffy (PSA 10 GEM MINT),53.4,25-100,true,held
2026-10-08T09:20:44.000Z,"2023 Trading Card Game Classic - CLF, CLL, CLK #004/032 Ponyta - Charizard & Ho-Oh ex Deck - CLL Holo (CGC 10 PRISTINE)",22.6,0-25,true,sold_back
2026-10-08T09:20:44.000Z,Pokemon Sun & Moon Tag Team GX Dream League (1 Booster Pack - Art May Vary),42,25-100,true,sold_back
2026-10-08T09:20:50.000Z,2019 Dream League #059/049 Excadrill - Character Rare Holo (CGC 10 PRISTINE),24.4,0-25,true,sold_back
2026-10-08T09:20:54.000Z,Pokémon Scarlet & Violet Destined Rivals (1 Booster Pack - Art May Vary),10.7,0-25,true,sold_back
2026-10-08T09:20:56.000Z,2021 Celebrations #008/025 Surfing Pikachu V - Holo (CGC 9 MINT),13.5,0-25,true,sold_back
2026-10-08T09:20:56.000Z,2025 One Piece Japanese Premium Card Collection -One Piece Day'25 Don!! Card (PSA 9 MINT),21.7,0-25,true,sold_back
2026-10-08T09:20:56.000Z,Pokémon Sword & Shield Fusion Strike (1 Booster Pack - Art May Vary),22.2,0-25,true,sold_back
2026-10-08T09:20:57.000Z,Pokémon Scarlet & Violet Destined Rivals (1 Booster Pack - Art May Vary),10.7,0-25,true,sold_back
2026-10-08T09:21:11.000Z,2024 One Piece OP08-Two Legends #007 Tony Tony Chopper - Alternate Art (PSA 9 MINT),37.1,25-100,true,sold_back
2026-10-08T09:21:11.000Z,Pokémon Scarlet & Violet Destined Rivals (1 Booster Pack - Art May Vary),10.7,0-25,true,sold_back
2026-10-08T09:21:14.000Z,2025 Topps Finest #10 Nick Kurtz (PSA 10 GEM MINT),79.3,25-100,true,sold_back
2026-10-08T09:21:17.000Z,2025 Pokémon Dri EN-Destined Rivals #237 Team Rocket's Ariana - Special Illustration Rare (PSA 9 MINT),35.8,25-100,true,sold_back
2026-10-08T09:21:20.000Z,2026 One Piece Japanese Promos #001 Monkey D. Luffy - Ichiban Kuji Purchase Bonus (PSA 9 MINT),13.2,0-25,true,sold_back
2026-10-08T09:21:23.000Z,Magic: The Gathering Aetherdrift - Play Booster (1 Booster Pack - Art May Vary),6.1,0-25,true,sold_back
2026-10-08T09:21:24.000Z,1981 Topps #540 Mike Schmidt (PSA 7 NM),14.3,0-25,true,sold_back
2026-10-08T09:21:27.000Z,1988 Fleer #129 Charles Barkley - All-Star (PSA 7 NM),14.1,0-25,true,sold_back
2026-10-08T09:21:27.000Z,2023 Black Star Promos - Scarlet & Violet SVP EN #210 Tornadus - White Flare Elite Trainer Box (Holo) (CGC 10 GEM MINT),20,0-25,true,sold_back
2026-10-08T09:21:30.000Z,2025 Pokémon Simplified CBB1 C-Gem Pack Vol 1 #02 Captain Pikachu (PSA 10 GEM MINT),60.6,25-100,true,sold_back
2026-10-08T09:21:32.000Z,2018 Panini Donruss #170 Christian Pulisic (PSA 8 NM-MT),22.5,0-25,true,sold_back
2026-10-08T09:21:33.000Z,1982 Perma-Graphics Super Star Credit Cards Mike Schmidt (PSA 9 MINT),13.3,0-25,true,sold_back
2026-10-08T09:21:35.000Z,Pokémon Scarlet & Violet Destined Rivals (1 Booster Pack - Art May Vary),10.7,0-25,true,held
2026-10-08T09:21:36.000Z,2024 One Piece OP08-Two Legends #079 Kaido - Alternate Art (PSA 9 MINT),20,0-25,true,held
2026-10-08T09:21:36.000Z,Pokémon Scarlet & Violet Destined Rivals (1 Booster Pack - Art May Vary),10.7,0-25,true,sold_back
2026-10-08T09:21:38.000Z,2024 Pokémon Simplified Cs5b C-Gallant Galaxy: Brave #003 Venusaur (PSA 10 GEM MINT),48.9,25-100,true,sold_back
2026-10-08T09:21:44.000Z,2024 Crimson Haze #073/066 Heliolisk - Art Rare Holo (CGC 10 PRISTINE),17.6,0-25,true,sold_back
2026-10-08T09:21:44.000Z,2025 One Piece Promos #109 Monkey D. Luffy - Illustration Box Vol.3 (PSA 9 MINT),22.8,0-25,true,sold_back
2026-10-08T09:21:45.000Z,2022 Scarlet & Violet Promos #241/SV-P Feraligatr - Illustration Contest 2024 Winner (CGC 10 PRISTINE),18.5,0-25,true,sold_back
2026-10-08T09:21:47.000Z,2024 Bowman Chrome Prospect Autographs #CPAEM Emil Morales (PSA 9 MINT),90.9,25-100,true,sold_back
2026-10-08T09:21:50.000Z,2024 High Class Pack: Terastal Fest ex - sv8a #126/187 Eevee ex - Holo (CGC 10 GEM MINT),17.7,0-25,true,sold_back
2026-10-08T09:21:51.000Z,2021-22 Panini Chronicles #300 Giacomo Raspadori - Contenders Optic Rookie Ticket Serie A-Purple Mojo (PSA 10 GEM MINT),20,0-25,true,sold_back
2026-10-08T09:21:53.000Z,2025 White Flare - WHT EN #005/086 Whimsicott ex - Holo (CGC 10 GEM MINT),12.6,0-25,true,sold_back
2026-10-08T09:21:54.000Z,2019 Alter Genesis #101/095 Naganadel & Guzzlord GX - Super Rare Holo (CGC 10 PRISTINE),44.8,25-100,true,sold_back
2026-10-08T09:21:56.000Z,2025 Pokémon M2-Inferno X #013 Mega Charizard X EX - Holo (PSA 10 GEM MINT),49.1,25-100,true,held
2026-10-08T09:22:05.000Z,Pokémon Scarlet & Violet Destined Rivals (1 Booster Pack - Art May Vary),10.7,0-25,true,sold_back
2026-10-08T09:22:08.000Z,Pokémon Scarlet & Violet Destined Rivals (1 Booster Pack - Art May Vary),10.7,0-25,true,sold_back
2026-10-08T09:22:09.000Z,2025 One Piece OP13-Carrying on His Will #054 Yamato - Alternate Art (PSA 9 MINT),17.8,0-25,true,sold_back
2026-10-08T09:22:15.000Z,2019 Panini Chronicles Contenders Rookie Ticket #RT4 Ansu Fati - Red (PSA 9 MINT),19.3,0-25,true,sold_back
2026-10-08T09:22:15.000Z,Pokémon Scarlet & Violet Destined Rivals (1 Booster Pack - Art May Vary),10.7,0-25,true,held
2026-10-08T09:22:17.000Z,2022 Pokémon GO #017/071 Blastoise - Holo (CGC 10 PRISTINE),22.9,0-25,true,sold_back
2026-10-08T09:22:18.000Z,1995 Topps #370 Eddie Murray (PSA 10 GEM MINT),33.3,25-100,true,sold_back
2026-10-08T09:22:21.000Z,2024 Journey Together - JTG EN #056/159 Lillie's Clefairy ex - Holo (CGC 10 GEM MINT),20,0-25,true,sold_back
2026-10-08T09:22:26.000Z,2024 Pokémon Ssp EN-Surging Sparks #242 Alolan Exeggutor EX - Holo Special Illustration Rare (PSA 9 MINT),37.7,25-100,true,sold_back
2026-10-08T09:22:29.000Z,"2023 Trading Card Game Classic - CLV, CLC, CLB #013/034 Mr. Mime - Blastoise & Suicune ex Deck - CLB Holo (CGC 10 GEM MINT)",21.4,0-25,true,sold_back
2026-10-08T09:22:30.000Z,2024 High Class Pack: Terastal Fest ex - sv8a #220/187 Gholdengo ex - Special Art Rare Holo (CGC 10 PRISTINE),36.5,25-100,true,sold_back
2026-10-08T09:22:33.000Z,2025 One Piece OP13-Carrying on His Will #108 Jewelry Bonney (PSA 9 MINT),18,0-25,true,sold_back
2026-10-08T09:22:35.000Z,Pokémon Scarlet & Violet Destined Rivals (1 Booster Pack - Art May Vary),10.7,0-25,true,held
2026-10-08T09:22:36.000Z,Pokémon Sun & Moon Base Set (1 Booster Pack - Art May Vary),26.9,25-100,true,sold_back
2026-10-08T09:22:36.000Z,Pokémon Sword & Shield Lost Origin (1 Booster Pack - Art May Vary),22.6,0-25,true,sold_back
2026-10-08T09:22:39.000Z,2016 Topps Update #US287 Tim Anderson (PSA 10 GEM MINT),10,0-25,true,sold_back
2026-10-08T09:22:41.000Z,2025 Destined Rivals - DRI EN #145/182 Steven's Metagross ex - Holo (CGC 9 MINT),12.5,0-25,true,sold_back
2026-10-08T09:22:41.000Z,Pokémon Scarlet & Violet Destined Rivals (1 Booster Pack - Art May Vary),10.7,0-25,true,sold_back
2026-10-08T09:22:42.000Z,2024 Night Wanderer #076/064 Bewear - Art Rare Holo (CGC 10 PRISTINE),23.1,0-25,true,held
2026-10-08T09:22:42.000Z,2026 Pokémon M4-Ninja Spinner #089 Xerneas - Art Rare (PSA 10 GEM MINT),34.1,25-100,true,sold_back
2026-10-08T09:22:44.000Z,2023 Panini Donruss Optic #247 Anthony Richardson - Green Velocity (PSA 10 GEM MINT),12.7,0-25,true,sold_back
2026-10-08T09:22:47.000Z,Pokémon Scarlet & Violet 151 (1 Booster Pack - Art May Vary),33.6,25-100,true,sold_back
2026-10-08T09:22:51.000Z,2025 Inferno X - M2 #114/080 Mega Lopunny ex - Special Art Rare Holo (CGC 10 GEM MINT),22.6,0-25,true,sold_back
2026-10-08T09:22:54.000Z,2025 Mega Brave - M1L #064/063 Bulbasaur - Art Rare Holo (CGC 9 MINT),18.9,0-25,true,sold_back
2026-10-08T09:22:54.000Z,Magic: The Gathering Tarkir: Dragonstorm - Play Booster (1 Booster Pack - Art May Vary),7.5,0-25,true,held
2026-10-08T09:22:56.000Z,2023 Pokémon Obf EN-Obsidian Flames #200 Palafin - Illustration Rare (PSA 9 MINT),18.5,0-25,true,sold_back
2026-10-08T09:22:59.000Z,Pokémon Sun & Moon Rebel Clash (1 Booster Pack - Art May Vary),15.2,0-25,true,sold_back
2026-10-08T09:23:00.000Z,Pokémon Scarlet & Violet Destined Rivals (1 Booster Pack - Art May Vary),10.7,0-25,true,held
2026-10-08T09:23:02.000Z,2026 One Piece EB03-Extra Booster -One Piece Heroines Edition #061 Uta - Alternate Art (PSA 8 NM-MT),15.5,0-25,true,sold_back
2026-10-08T09:23:03.000Z,2022 Lost Origin #177/196 Rotom V - Ultra Rare Holo (CGC 10 GEM MINT),48.8,25-100,true,sold_back
2026-10-08T09:23:05.000Z,Pokémon Scarlet & Violet Prismatic Evolutions (1 Booster Pack - Art May Vary),17.3,0-25,true,sold_back
2026-10-08T09:23:08.000Z,2015 Panini Select #68 Luka Modric - Heading Ball-Red Prizm (PSA 9 MINT),20.4,0-25,true,sold_back
2026-10-08T09:23:11.000Z,2023 Pokémon Sword and Shield Crown Zenith #GG27 Swablu - Full Art (PSA 7 NM),25,25-100,true,sold_back
2026-10-08T09:23:12.000Z,Pokémon XY Breakpoint (1 Booster Pack - Art May Vary),52,25-100,true,sold_back
2026-10-08T09:23:20.000Z,Magic: The Gathering Avatar: The Last Airbender - Collector Booster (1 Booster Pack - Art May Vary),54.1,25-100,true,sold_back
2026-10-08T09:23:21.000Z,2022 Battle Region #073/067 Hoothoot - Character Rare Holo (CGC 10 GEM MINT),21.4,0-25,true,sold_back
2026-10-08T09:23:24.000Z,2024 High Class Pack: Terastal Fest ex - sv8a #220/187 Gholdengo ex - Special Art Rare Holo (CGC 10 PRISTINE),36.5,25-100,true,sold_back
2026-10-08T09:23:27.000Z,2022 VSTAR Universe #174/172 Kricketune - Art Rare Holo (CGC 10 PRISTINE),23,0-25,true,sold_back
2026-10-08T09:23:27.000Z,2023 Pokémon Card 151 #072/165 Tentacool - Reverse Holo Master Ball (CGC 10 GEM MINT),18.9,0-25,true,sold_back
2026-10-08T09:23:29.000Z,Pokémon Scarlet & Violet Destined Rivals (1 Booster Pack - Art May Vary),10.7,0-25,true,sold_back
2026-10-08T09:23:32.000Z,Pokemon Sun & Moon Tag Team GX Dream League (1 Booster Pack - Art May Vary),42,25-100,true,sold_back
2026-10-08T09:23:32.000Z,Pokémon Scarlet & Violet Destined Rivals (1 Booster Pack - Art May Vary),10.7,0-25,true,sold_back
2026-10-08T09:23:33.000Z,2025 Pokémon Simplified CBB1 C-Gem Pack Vol 1 #02 Captain Pikachu (PSA 10 GEM MINT),60.6,25-100,true,sold_back
2026-10-08T09:23:33.000Z,Pokémon Japanese Sun & Moon Dragon Storm (1 Booster Pack - Art May Vary),44,25-100,true,sold_back
2026-10-08T09:23:35.000Z,2025 Pokémon Meg EN-Mega Evolution #146 Marshadow - Illustration Rare (PSA 10 GEM MINT),74.5,25-100,true,held
2026-10-08T09:23:36.000Z,1981 Topps #220 Tom Seaver (PSA 8 NM-MT),13.3,0-25,true,held
2026-10-08T09:23:36.000Z,2019 Topps Update #US62 Vladimir Guerrero Jr. (PSA 9 MINT),11.2,0-25,true,sold_back
2026-10-08T09:23:36.000Z,Pokémon Scarlet & Violet Destined Rivals (1 Booster Pack - Art May Vary),10.7,0-25,true,sold_back
2026-10-08T09:23:45.000Z,Magic: The Gathering Murders at Karlov Manor - Play Booster (1 Booster Pack - Art May Vary),6.5,0-25,true,sold_back
2026-10-08T09:23:47.000Z,2023 Scarlet & Violet #243/198 Spidops ex - Special Illustration Rare (Holo) (CGC 9 MINT),13.3,0-25,true,sold_back
2026-10-08T09:23:47.000Z,Magic: The Gathering The Lost Caverns of Ixalan - Set Booster (1 Booster Pack - Art May Vary),18.9,0-25,true,sold_back
2026-10-08T09:23:48.000Z,Pokemon Sun & Moon Tag Team GX Dream League (1 Booster Pack - Art May Vary),42,25-100,true,sold_back
2026-10-08T09:23:50.000Z,2023 Black Star Promos - Scarlet & Violet SVP EN #130 Kingambit - Kingambit Illus. Collection (Holo) (CGC 10 GEM MINT),23.7,0-25,true,sold_back
2026-10-08T09:23:54.000Z,2024 Pokémon Simplified Cs5b C-Gallant Galaxy: Brave #003 Venusaur (PSA 10 GEM MINT),48.9,25-100,true,held
2026-10-08T09:23:54.000Z,2025 Pokémon Meg EN-Mega Evolution #147 Garganacl - Illustration Rare (PSA 8 NM-MT),17.8,0-25,true,held
2026-10-08T09:23:56.000Z,2020 Pokémon Sword & Shield Shiny Star V #071 Gengar - Holo (PSA 10 GEM MINT),84.7,25-100,true,sold_back
2026-10-08T09:24:02.000Z,Pokémon Scarlet & Violet Destined Rivals (1 Booster Pack - Art May Vary),10.7,0-25,true,held
2026-10-08T09:24:03.000Z,Pokémon Celebrations (1 Booster Pack - Art May Vary),37.9,25-100,true,held
2026-10-08T09:24:03.000Z,Pokémon Scarlet & Violet Destined Rivals (1 Booster Pack - Art May Vary),10.7,0-25,true,held
2026-10-08T09:24:06.000Z,2024 Journey Together - JTG EN #121/159 Dudunsparce ex - Holo (CGC 9 MINT),22.8,0-25,true,sold_back
2026-10-08T09:24:11.000Z,2024 Pokémon Sv7a-Paradise Dragona #082 Cyclizar EX - Holo Super Rare (PSA 10 GEM MINT),28.1,25-100,true,held
2026-10-08T09:24:15.000Z,2023 Scarlet & Violet 151 - MEW EN #040/165 Wigglytuff ex - Holo (CGC 8.5 NM-MT+),11.8,0-25,true,sold_back
2026-10-08T09:24:20.000Z,2025 Pokémon Simplified CBB2 C-Gem Pack Vol 2 #07 Umbreon (PSA 10 GEM MINT),40.7,25-100,true,sold_back
2026-10-08T09:24:20.000Z,Pokémon Scarlet & Violet Destined Rivals (1 Booster Pack - Art May Vary),10.7,0-25,true,sold_back
2026-10-08T09:24:23.000Z,Pokémon Scarlet & Violet Destined Rivals (1 Booster Pack - Art May Vary),10.7,0-25,true,sold_back
2026-10-08T09:24:24.000Z,Magic: The Gathering Tarkir: Dragonstorm - Play Booster (1 Booster Pack - Art May Vary),7.5,0-25,true,sold_back
2026-10-08T09:24:27.000Z,Pokémon Sun & Moon Ultra Prism (1 Booster Pack - Art May Vary),54.7,25-100,true,sold_back
2026-10-08T09:24:29.000Z,Pokémon Scarlet & Violet Destined Rivals (1 Booster Pack - Art May Vary),10.7,0-25,true,sold_back
2026-10-08T09:24:32.000Z,2025 White Flare - sv11W #131/086 Mienfoo - Art Rare Holo (CGC 10 PRISTINE),22.5,0-25,true,sold_back
2026-10-08T09:24:35.000Z,2025 Pokémon Simplified CBB1 C-Gem Pack Vol 1 #02 Captain Pikachu (PSA 10 GEM MINT),60.6,25-100,true,sold_back
2026-10-08T09:24:45.000Z,Pokémon Scarlet & Violet Destined Rivals (1 Booster Pack - Art May Vary),10.7,0-25,true,sold_back
2026-10-08T09:24:48.000Z,2023 Pokémon Clf-Trading Card Game Classic Venusaur & Lugia EX Deck #015 Chansey (PSA 10 GEM MINT),46.8,25-100,true,held
2026-10-08T09:24:50.000Z,2025 Topps Stars of MLB #SMLB61 Nick Kurtz - Update (PSA 9 MINT),14.3,0-25,true,sold_back
2026-10-08T09:24:53.000Z,Pokémon Scarlet & Violet Destined Rivals (1 Booster Pack - Art May Vary),10.7,0-25,true,sold_back
2026-10-08T09:24:54.000Z,2024 Prismatic Evolutions - PRE EN #051/131 Lucario ex - Lucario & Tyranitar ex Premium Collection (Holo) (CGC 10 GEM MINT),17.1,0-25,true,held
2026-10-08T09:24:54.000Z,Pokémon Japanese Sun & Moon Dragon Storm (1 Booster Pack - Art May Vary),44,25-100,true,sold_back
2026-10-08T09:24:56.000Z,2017 Pokémon Sun & Moon Strength Expansion Pack Facing A New Trial #022 Slowpoke (PSA 10 GEM MINT),99.8,25-100,true,held
2026-10-08T09:24:57.000Z,Pokémon Celebrations (1 Booster Pack - Art May Vary),37.9,25-100,true,redeemed
2026-10-08T09:24:59.000Z,2025 Mega Symphonia - M1S #079/063 Mega Latias ex - Super Rare Holo (CGC 10 PRISTINE),21.6,0-25,true,sold_back
2026-10-08T09:24:59.000Z,2026 One Piece OP14-EB04-the Azure Sea's Seven #120 Crocodile (PSA 9 MINT),10.9,0-25,true,sold_back
2026-10-08T09:25:02.000Z,2025 Topps #558 Roki Sasaki (PSA 9 MINT),14.1,0-25,true,sold_back
2026-10-08T09:25:03.000Z,Pokémon Scarlet & Violet Destined Rivals (1 Booster Pack - Art May Vary),10.7,0-25,true,sold_back
2026-10-08T09:25:05.000Z,2024 Topps Update #US100 Paul Skenes (PSA 8 NM-MT),13.6,0-25,true,held
2026-10-08T09:25:05.000Z,Pokémon Japanese Sun & Moon Full Metal Wall (1 Booster Pack - Art May Vary),14.4,0-25,true,sold_back
2026-10-08T09:25:08.000Z,Ascended Heroes (1 Booster Pack - Art May Vary),16.4,0-25,true,sold_back
2026-10-08T09:25:09.000Z,2021 Pokémon 25th Anniversary Collection #020 Pikachu V - Holo (PSA 10 GEM MINT),49.1,25-100,true,sold_back
2026-10-08T09:25:09.000Z,2025 Pokémon Dri EN-Destined Rivals #213 Team Rocket's Mewtwo EX - Holo Ultra Rare (PSA 10 GEM MINT),102.4,100-500,true,held
2026-10-08T09:25:09.000Z,Pokémon Scarlet & Violet Destined Rivals (1 Booster Pack - Art May Vary),10.7,0-25,true,sold_back
2026-10-08T09:25:12.000Z,2023 Pokémon Card 151 #169/165 Charmeleon - Art Rare Holo (CGC 9 MINT),18.4,0-25,true,sold_back
2026-10-08T09:25:12.000Z,Pokémon Scarlet & Violet Destined Rivals (1 Booster Pack - Art May Vary),10.7,0-25,true,sold_back
2026-10-08T09:25:18.000Z,Pokemon Sun & Moon Tag Team GX Dream League (1 Booster Pack - Art May Vary),42,25-100,true,sold_back
2026-10-08T09:25:29.000Z,Pokémon Scarlet & Violet Destined Rivals (1 Booster Pack - Art May Vary),10.7,0-25,true,sold_back
2026-10-08T09:25:35.000Z,Pokemon Sun & Moon Tag Team GX Dream League (1 Booster Pack - Art May Vary),42,25-100,true,sold_back
2026-10-08T09:25:35.000Z,Pokémon Scarlet & Violet Destined Rivals (1 Booster Pack - Art May Vary),10.7,0-25,true,sold_back
2026-10-08T09:25:36.000Z,2023 Violet ex #082/078 Slowpoke - Art Rare Holo (CGC 10 GEM MINT),23.9,0-25,true,sold_back
2026-10-08T09:25:36.000Z,Pokémon Scarlet & Violet Destined Rivals (1 Booster Pack - Art May Vary),10.7,0-25,true,sold_back
2026-10-08T09:25:47.000Z,2025 Pokémon Meg EN-Mega Evolution #151 Spearow - Illustration Rare (PSA 10 GEM MINT),48.6,25-100,true,sold_back
2026-10-08T09:25:48.000Z,Pokémon Scarlet & Violet Destined Rivals (1 Booster Pack - Art May Vary),10.7,0-25,true,held
2026-10-08T09:25:50.000Z,Pokémon Scarlet & Violet 151 (1 Booster Pack - Art May Vary),33.6,25-100,true,sold_back
2026-10-08T09:26:02.000Z,2021 Pokémon Sword & Shield Eevee Heroes #087 Gordie - Full Art (PSA 10 GEM MINT),43.1,25-100,true,sold_back
2026-10-08T09:26:02.000Z,2022 Battle Region #076/067 Hisuian Typhlosion V - Super Rare Holo (CGC 10 GEM MINT),23.1,0-25,true,sold_back
2026-10-08T09:26:03.000Z,2024 Panini Contenders Rookie Stallions #2 Bo Nix (PSA 9 MINT),24.3,0-25,true,sold_back
2026-10-08T09:26:05.000Z,1987 Donruss #361 Barry Bonds (PSA 8 NM-MT),12.9,0-25,true,sold_back
2026-10-08T09:26:11.000Z,2016 Topps Update #US287 Tim Anderson (PSA 10 GEM MINT),10,0-25,true,sold_back
2026-10-08T09:26:11.000Z,Pokémon Scarlet & Violet Destined Rivals (1 Booster Pack - Art May Vary),10.7,0-25,true,sold_back
2026-10-08T09:26:18.000Z,2001 Neo Revelation #17/64 Entei (CGC 8.5 NM-MT+),27.7,25-100,true,sold_back
2026-10-08T09:26:18.000Z,Magic: The Gathering Tarkir: Dragonstorm - Play Booster (1 Booster Pack - Art May Vary),7.5,0-25,true,sold_back
2026-10-08T09:26:23.000Z,2024 One Piece Promos #061 Monkey D. Luffy - Uta Deck Battle (PSA 10 GEM MINT),44.2,25-100,true,sold_back
2026-10-08T09:26:24.000Z,2025 Pokémon Pfl EN-Phantasmal Flames #013 Mega Charizard X EX - Holo (PSA 10 GEM MINT),68,25-100,true,held
2026-10-08T09:26:26.000Z,2022 VSTAR Universe #175/172 Magmortar - Art Rare Holo (CGC 10 GEM MINT),13.1,0-25,true,sold_back
2026-10-08T09:26:30.000Z,2019 Sword & Shield Promos #289/S-P Charmander - Pokémon GO Gift Campaign (CGC 10 PRISTINE),22,0-25,true,sold_back
2026-10-08T09:26:30.000Z,2025 Pokémon Meg EN-Mega Evolution #133 Bulbasaur - Enhanced Booster Box Topper (PSA 8 NM-MT),18.3,0-25,true,sold_back
2026-10-08T09:26:30.000Z,Magic: The Gathering Streets of New Capenna - Draft Booster (1 Booster Pack - Art May Vary),6.4,0-25,true,sold_back
2026-10-08T09:26:30.000Z,Pokémon Scarlet & Violet Destined Rivals (1 Booster Pack - Art May Vary),10.7,0-25,true,held
2026-10-08T09:26:33.000Z,2025 Pokémon Svp EN-SV Black Star Promo #173 Eevee - Prismatic Evolutions Elite Trainer Box (PSA 10 GEM MINT),109.4,100-500,true,redeemed
2026-10-08T09:26:33.000Z,2026 Nihil Zero - M3 #093/080 Decidueye ex - Super Rare Holo (CGC 10 PRISTINE),24.6,0-25,true,sold_back
2026-10-08T09:26:35.000Z,Pokémon Scarlet & Violet Destined Rivals (1 Booster Pack - Art May Vary),10.7,0-25,true,sold_back
2026-10-08T09:26:36.000Z,Pokémon Scarlet & Violet Destined Rivals (1 Booster Pack - Art May Vary),10.7,0-25,true,sold_back
2026-10-08T09:26:38.000Z,2025 Pokémon Simplified CBB1 C-Gem Pack Vol 1 #02 Captain Pikachu (PSA 10 GEM MINT),60.6,25-100,true,held
2026-10-08T09:26:39.000Z,Pokémon Japanese Sun & Moon Forbidden Light (1 Booster Pack - Art May Vary),20.5,0-25,true,sold_back
2026-10-08T09:26:42.000Z,2025 Pokémon M1s-Mega Symphonia #042 Mega Gardevoir EX - Holo (PSA 8 NM-MT),17,0-25,true,sold_back
2026-10-08T09:26:45.000Z,2024 High Class Pack: Terastal Fest ex - sv8a #220/187 Gholdengo ex - Special Art Rare Holo (CGC 10 PRISTINE),36.5,25-100,true,held
2026-10-08T09:26:48.000Z,2025 Topps Chrome #263 Derik Queen - X-Fractor (PSA 8 NM-MT),11.5,0-25,true,sold_back
2026-10-08T09:26:53.000Z,1989 Topps Traded #80T Carnell Lake (PSA 9 MINT),20.9,0-25,true,sold_back
2026-10-08T09:26:57.000Z,2026 Pokémon Asc EN-Ascended Heroes #152 Mega Dragonite EX - Holo (PSA 10 GEM MINT),50.6,25-100,true,sold_back
2026-10-08T09:26:59.000Z,2025 Battle Partners - sv9 #112/100 Hop's Wooloo - Art Rare Holo (CGC 9 MINT),10.7,0-25,true,sold_back
2026-10-08T09:26:59.000Z,2025 Pokémon Svp EN-SV Black Star Promo #173 Eevee - Prismatic Evolutions Elite Trainer Box (PSA 10 GEM MINT),109.4,100-500,true,held
2026-10-08T09:26:59.000Z,Pokémon Scarlet & Violet Destined Rivals (1 Booster Pack - Art May Vary),10.7,0-25,true,sold_back
2026-10-08T09:27:06.000Z,1986 Fleer #34 Eric Floyd (PSA 3 VG),10.6,0-25,true,held
2026-10-08T09:27:06.000Z,Pokémon Scarlet & Violet Destined Rivals (1 Booster Pack - Art May Vary),10.7,0-25,true,held
2026-10-08T09:27:09.000Z,2025 Pokémon Sv11w-White Flare #150 Druddigon - Art Rare (PSA 10 GEM MINT),45.9,25-100,true,sold_back
2026-10-08T09:27:12.000Z,2022 Pokémon Sword & Shield Start Deck 100 Corocoro Comic Version #008 Snorlax (PSA 10 GEM MINT),61.5,25-100,true,held
2026-10-08T09:27:15.000Z,Pokémon Japanese Sun & Moon Full Metal Wall (1 Booster Pack - Art May Vary),14.4,0-25,true,sold_back
2026-10-08T09:27:17.000Z,2025 Pokémon Meg EN-Mega Evolution #178 Mega Gardevoir EX - Holo Special Illustration Rare (PSA 10 GEM MINT),281.4,100-500,true,held
2026-10-08T09:27:17.000Z,Magic: The Gathering Streets of New Capenna - Draft Booster (1 Booster Pack - Art May Vary),6.4,0-25,true,sold_back
2026-10-08T09:27:18.000Z,2025 Inferno X - M2 #013/080 Mega Charizard X ex - Holo (CGC 10 PRISTINE),24.9,0-25,true,sold_back
2026-10-08T09:27:18.000Z,2025 Pokémon M2a-Mega Dream EX #204 Hop's Trevenant - Art Rare (PSA 10 GEM MINT),23.5,0-25,true,sold_back
2026-10-08T09:27:20.000Z,2025 Black Star Promos - Mega Evolution MEP EN #043 Rowlet - First Partner Illustration Collection Series 1 (Holo) (CGC 10 PRISTINE),40.8,25-100,true,sold_back
2026-10-08T09:27:21.000Z,Pokemon Sword & Shield Astral Radiance (1 Booster Pack - Art May Vary),13.6,0-25,true,sold_back
2026-10-08T09:27:23.000Z,2025 Pokémon Pfl EN-Phantasmal Flames #129 Dawn - Special Illustration Rare (PSA 10 GEM MINT),57.6,25-100,true,sold_back
2026-10-08T09:27:23.000Z,Magic: The Gathering Streets of New Capenna - Draft Booster (1 Booster Pack - Art May Vary),6.4,0-25,true,sold_back
2026-10-08T09:27:26.000Z,Pokémon Scarlet & Violet Destined Rivals (1 Booster Pack - Art May Vary),10.7,0-25,true,held
2026-10-08T09:27:39.000Z,2018 Panini Prizm World Cup #282 Sadio Mane (PSA 9 MINT),21.1,0-25,true,sold_back
2026-10-08T09:27:44.000Z,2024 Panini Prizm Fireworks #16 Michael Penix Jr. (PSA 10 GEM MINT),30.9,25-100,true,sold_back
2026-10-08T09:27:50.000Z,Ascended Heroes (1 Booster Pack - Art May Vary),16.4,0-25,true,held
2026-10-08T09:27:53.000Z,2025 Pokémon Mep EN-Me Black Star Promo #011 Mega Latias EX - Holo Mega Latias EX Box (PSA 9 MINT),20.3,0-25,true,sold_back
2026-10-08T09:27:53.000Z,Pokémon Scarlet & Violet Destined Rivals (1 Booster Pack - Art May Vary),10.7,0-25,true,held
2026-10-08T09:27:54.000Z,2022 Paradigm Trigger #106/098 Skuntank V - Super Rare Holo (CGC 10 GEM MINT),21.2,0-25,true,sold_back
2026-10-08T09:27:54.000Z,Pokémon Scarlet & Violet Destined Rivals (1 Booster Pack - Art May Vary),10.7,0-25,true,held
2026-10-08T09:27:56.000Z,Brilliant Stars (1 Booster Pack - Art May Vary),19.6,0-25,true,sold_back
2026-10-08T09:27:56.000Z,Pokémon Scarlet & Violet Destined Rivals (1 Booster Pack - Art May Vary),10.7,0-25,true,sold_back
2026-10-08T09:28:00.000Z,Pokémon Scarlet & Violet Destined Rivals (1 Booster Pack - Art May Vary),10.7,0-25,true,sold_back
2026-10-08T09:28:06.000Z,2018 Topps #93 Jack Flaherty - Rainbow Foil (PSA 10 GEM MINT),17.4,0-25,true,sold_back
2026-10-08T09:28:09.000Z,Pokémon Scarlet & Violet Destined Rivals (1 Booster Pack - Art May Vary),10.7,0-25,true,sold_back
2026-10-08T09:28:12.000Z,Ascended Heroes (1 Booster Pack - Art May Vary),16.4,0-25,true,sold_back
2026-10-08T09:28:21.000Z,Pokémon Japanese Sun & Moon Thunderclap Spark (1 Booster Pack - Art May Vary),24,0-25,true,sold_back
2026-10-08T09:28:24.000Z,Pokémon Scarlet & Violet 151 (1 Booster Pack - Art May Vary),33.6,25-100,true,sold_back
2026-10-08T09:28:26.000Z,2023 Scarlet ex #088/078 Klawf - Art Rare Holo (CGC 10 PRISTINE),21.1,0-25,true,sold_back
2026-10-08T09:28:26.000Z,Pokémon Scarlet & Violet Destined Rivals (1 Booster Pack - Art May Vary),10.7,0-25,true,held
2026-10-08T09:28:30.000Z,2017 GX Battle Boost - SM4+ #028/114 Pikachu - Reverse Holo (CGC 8.5 NM-MT+),12,0-25,true,sold_back
2026-10-08T09:28:38.000Z,2024 Donruss #327 Caleb Williams - Optic Preview Pink Prizm (SGC 9 MINT),38.1,25-100,true,held
2026-10-08T09:28:38.000Z,Pokémon Scarlet & Violet Destined Rivals (1 Booster Pack - Art May Vary),10.7,0-25,true,sold_back
2026-10-08T09:28:38.000Z,Pokémon Scarlet & Violet Destined Rivals (1 Booster Pack - Art May Vary),10.7,0-25,true,sold_back
2026-10-08T09:28:45.000Z,2020 Bowman Draft #BD121 Spencer Torkelson (PSA 9 MINT),11.3,0-25,true,sold_back
2026-10-08T09:28:47.000Z,2025 Pokémon M2-Inferno X #092 Ambipom - Art Rare (PSA 10 GEM MINT),23.6,0-25,true,sold_back
2026-10-08T09:28:47.000Z,2026 Pokémon Asc EN-Ascended Heroes #267 Mega Diancie EX - Holo Mega Attack Rare (PSA 10 GEM MINT),49,25-100,true,sold_back
2026-10-08T09:28:50.000Z,2025 One Piece 3rd Anniversary! One Piece Card Treasure Campaign Pack #033 Monkey D. Luffy (PSA 9 MINT),19.4,0-25,true,sold_back
2026-10-08T09:28:53.000Z,"2023 Trading Card Game Classic - CLV, CLC, CLB #008/034 Lapras - Blastoise & Suicune ex Deck - CLB Holo (CGC 10 GEM MINT)",22.6,0-25,true,sold_back
2026-10-08T09:28:56.000Z,1997 Pokémon Jungle Exeggutor (CGC 9 MINT),17.7,0-25,true,sold_back
2026-10-08T09:29:02.000Z,2024 Pokémon Simplified Cs5a C-Gallant Galaxy: Charm #130 Bibarel - Art Rare (PSA 10 GEM MINT),28.7,25-100,true,sold_back
2026-10-08T09:29:11.000Z,1999 Base Set #28/102 Growlithe - Shadowless Shadowless (CGC 9 MINT),43.1,25-100,true,sold_back
2026-10-08T09:29:12.000Z,Pokémon Japanese Sword & Shield Explosive Walker (1 Booster Pack - Art May Vary),15.8,0-25,true,sold_back
2026-10-08T09:29:14.000Z,1986 Topps #374 Steve Young (PSA 7 NM),35.7,25-100,true,held
2026-10-08T09:29:14.000Z,1987 Fleer Glossy #67 Nolan Ryan (PSA 8 NM-MT),23,0-25,true,held
2026-10-08T09:29:14.000Z,2023 Bowman Scouts' Top 100 #BTP9 Jackson Holliday (PSA 10 GEM MINT),21.5,0-25,true,sold_back
2026-10-08T09:29:14.000Z,2024 Topps Chrome Update #USC88 Paul Skenes (PSA 9 MINT),22.9,0-25,true,sold_back
2026-10-08T09:29:14.000Z,2024 Topps Update Topps Black Gold #BG17 Paul Skenes (PSA 9 MINT),18.4,0-25,true,sold_back
2026-10-08T09:29:14.000Z,2025 Bowman Chrome Prospects #BCP79 Kevin Mcgonigle (PSA 9 MINT),20.5,0-25,true,sold_back
2026-10-08T09:29:20.000Z,2020 Futsal Collection #003/005 Grookey on the Ball - GAME UK Pokémon Purchase Campaign (CGC 9.5 MINT+),54.8,25-100,true,sold_back
2026-10-08T09:29:24.000Z,Pokémon Japanese Sun & Moon Thunderclap Spark (1 Booster Pack - Art May Vary),24,0-25,true,held
2026-10-08T09:29:26.000Z,2025 Pokémon Meg EN-Mega Evolution #144 Shedinja - Illustration Rare (PSA 10 GEM MINT),48,25-100,true,held
2026-10-08T09:29:26.000Z,Magic: The Gathering Streets of New Capenna - Draft Booster (1 Booster Pack - Art May Vary),6.4,0-25,true,sold_back
2026-10-08T09:29:27.000Z,2025 Black Star Promos - Mega Evolution MEP EN #044 Litten - First Partner Illustration Collection Series 1 (Holo) (CGC 10 GEM MINT),18.1,0-25,true,sold_back
2026-10-08T09:29:30.000Z,2021 Eevee Heroes #003/069 Leafeon VMAX - Holo (CGC 10 PRISTINE),24.8,0-25,true,sold_back
2026-10-08T09:29:30.000Z,Pokémon Scarlet & Violet Destined Rivals (1 Booster Pack - Art May Vary),10.7,0-25,true,sold_back
2026-10-08T09:29:32.000Z,2024 Surging Sparks - SSP EN #091/191 Palossand ex - Holo (CGC 10 GEM MINT),17,0-25,true,sold_back
2026-10-08T09:29:38.000Z,2022 Pokémon S Promo #290 Squirtle - Pokemon Go Promo Card Gift Campaign (PSA 10 GEM MINT),60.5,25-100,true,sold_back
2026-10-08T09:29:42.000Z,Magic: The Gathering Aetherdrift - Play Booster (1 Booster Pack - Art May Vary),6.1,0-25,true,sold_back
2026-10-08T09:29:44.000Z,2022 Pokémon GO #030/071 Mewtwo V - Holo (CGC 10 PRISTINE),27.6,25-100,true,sold_back
2026-10-08T09:29:45.000Z,Pokemon Sword & Shield Astral Radiance (1 Booster Pack - Art May Vary),13.6,0-25,true,sold_back
2026-10-08T09:29:50.000Z,Pokémon Scarlet & Violet Destined Rivals (1 Booster Pack - Art May Vary),10.7,0-25,true,sold_back
2026-10-08T09:29:57.000Z,2022 VSTAR Universe #048/172 Gengar - Holo (CGC 10 GEM MINT),17.7,0-25,true,sold_back
2026-10-08T09:29:59.000Z,2021 Pokémon Sword & Shield Vmax Climax #075 Sylveon Vmax - Full Art (PSA 9 MINT),21.4,0-25,true,sold_back
2026-10-08T09:30:05.000Z,2022 Pokémon Sword & Shield Paradigm Trigger #079 Lugia V - Holo (PSA 10 GEM MINT),54.8,25-100,true,held
2026-10-08T09:30:05.000Z,2024 Topps 1989 Topps Baseball #89B16 Shohei Ohtani (PSA 8 NM-MT),21.7,0-25,true,held
2026-10-08T09:30:05.000Z,2025 Pokémon Svp EN-SV Black Star Promo #208 Victini - Unova Victini Illustration Collection (PSA 9 MINT),23.9,0-25,true,sold_back
2026-10-08T09:30:05.000Z,Pokémon Scarlet & Violet Prismatic Evolutions (1 Booster Pack - Art May Vary),17.3,0-25,true,sold_back
2026-10-08T09:30:09.000Z,2025 One Piece OP13-Carrying on His Will Don!! Card - Alternate Art-Gold (PSA 10 GEM MINT),35.8,25-100,true,sold_back
2026-10-08T09:30:11.000Z,"1999 Gold, Silver, to a New World Arcade Game (CGC 8.5 NM-MT+)",21.5,0-25,true,sold_back
2026-10-08T09:30:15.000Z,2023 Paradox Rift - PAR EN #194/182 Minun - Illustration Rare Holo (CGC 9 MINT),33.1,25-100,true,sold_back
2026-10-08T09:30:17.000Z,2025 White Flare - WHT EN #077/086 Bouffalant ex - Holo (CGC 10 GEM MINT),13.2,0-25,true,sold_back
2026-10-08T09:30:20.000Z,1999 Base Set #7/102 Hitmonchan - Shadowless Shadowless Holo (CGC 5.5 EX+),33.4,25-100,true,held
2026-10-08T09:30:26.000Z,Pokémon Scarlet & Violet Destined Rivals (1 Booster Pack - Art May Vary),10.7,0-25,true,held
2026-10-08T09:30:30.000Z,2026 Pokémon M3-Nullifying Zero #114 Meowth EX - Holo Special Art Rare (PSA 10 GEM MINT),84.7,25-100,true,held
2026-10-08T09:30:30.000Z,Magic: The Gathering Streets of New Capenna - Draft Booster (1 Booster Pack - Art May Vary),6.4,0-25,true,sold_back
2026-10-08T09:30:32.000Z,2022 Pokémon Sword & Shield Lost Abyss #114 Lady - Full Art (PSA 10 GEM MINT),37.2,25-100,true,sold_back
2026-10-08T09:30:32.000Z,Pokémon Scarlet & Violet Destined Rivals (1 Booster Pack - Art May Vary),10.7,0-25,true,sold_back
2026-10-08T09:30:35.000Z,1970 Topps #59 Alan Page (PSA 5 EX),30.3,25-100,true,sold_back
2026-10-08T09:30:36.000Z,2024 Pokémon Svp EN-SV Black Star Promo #088 Pikachu - Paldea Adventure Chest (PSA 9 MINT),36.5,25-100,true,sold_back
2026-10-08T09:30:36.000Z,2026 Pokémon M3-Nullifying Zero #111 Mega Starmie EX - Holo Special Art Rare (PSA 10 GEM MINT),40.2,25-100,true,sold_back
2026-10-08T09:30:36.000Z,Pokemon Sun & Moon Tag Team GX Dream League (1 Booster Pack - Art May Vary),42,25-100,true,sold_back
2026-10-08T09:30:41.000Z,2023 Scarlet & Violet #256/198 Rare Candy - Hyper Rare Holo (CGC 10 GEM MINT),20.4,0-25,true,sold_back
2026-10-08T09:30:47.000Z,2021 Pokémon Celebrations #009 Surfing Pikachu Vmax - Full Art (PSA 10 GEM MINT),80.2,25-100,true,sold_back
2026-10-08T09:30:48.000Z,Pokémon Scarlet & Violet 151 (1 Booster Pack - Art May Vary),33.6,25-100,true,sold_back
2026-10-08T09:30:50.000Z,2021 Pokémon Celebrations #005 Pikachu - Full Art (PSA 7 NM),17.7,0-25,true,sold_back
2026-10-08T09:30:51.000Z,Ascended Heroes (1 Booster Pack - Art May Vary),16.4,0-25,true,held
2026-10-08T09:30:51.000Z,Pokémon Scarlet & Violet Destined Rivals (1 Booster Pack - Art May Vary),10.7,0-25,true,sold_back
2026-10-08T09:30:54.000Z,2024 High Class Pack: Terastal Fest ex - sv8a #081/187 Gible - Poké Ball Holo (CGC 10 GEM MINT),19.1,0-25,true,sold_back
2026-10-08T09:30:54.000Z,Magic: The Gathering Dragon's Maze (1 Booster Pack - Art May Vary),7,0-25,true,held
2026-10-08T09:30:56.000Z,2025 Pokémon Meg EN-Mega Evolution #154 Stufful - Illustration Rare (PSA 10 GEM MINT),52.6,25-100,true,sold_back
2026-10-08T09:31:06.000Z,Magic: The Gathering Aetherdrift - Play Booster (1 Booster Pack - Art May Vary),6.1,0-25,true,sold_back
2026-10-08T09:31:08.000Z,1959 Topps #34 Dale Dodrill (PSA 7 NM),15.8,0-25,true,sold_back
2026-10-08T09:31:11.000Z,Pokémon Scarlet & Violet Destined Rivals (1 Booster Pack - Art May Vary),10.7,0-25,true,sold_back
2026-10-08T09:31:12.000Z,1987 Topps #450 Kirby Puckett (PSA 9 MINT),19,0-25,true,held
2026-10-08T09:31:12.000Z,2024 Bowman Chrome Mega Box #33 Colton Cowser (PSA 10 GEM MINT),18.8,0-25,true,sold_back
2026-10-08T09:31:12.000Z,2025 Bowman Chrome Prospects #BCP38 Luis Pena - X-Fractor (PSA 9 MINT),19.1,0-25,true,sold_back
2026-10-08T09:31:12.000Z,2025 Gem Pack Volume 2 - CBB2C - Simplified #02 02/14 Vaporeon - Reverse Holo Energy Symbol (CGC 10 PRISTINE),22.8,0-25,true,sold_back
2026-10-08T09:31:15.000Z,2000 Base Set 2 #17/130 Scyther - Holo (CGC 8.5 NM-MT+),56.9,25-100,true,sold_back
2026-10-08T09:31:27.000Z,2025 Topps 1990 Topps Baseball #T90-57 Aaron Judge (PSA 9 MINT),26.2,25-100,true,sold_back
2026-10-08T09:31:32.000Z,Pokémon Scarlet & Violet Destined Rivals (1 Booster Pack - Art May Vary),10.7,0-25,true,sold_back
2026-10-08T09:31:33.000Z,2023 Shiny Treasure ex #076/190 Mew ex - Holo (CGC 10 PRISTINE),20.8,0-25,true,held
2026-10-08T09:31:35.000Z,2023 Panini Donruss Optic #247 Anthony Richardson - Green Velocity (PSA 10 GEM MINT),12.7,0-25,true,sold_back
2026-10-08T09:31:35.000Z,Pokémon Sword & Shield Evolving Skies (1 Booster Pack - Art May Vary),51.6,25-100,true,held
2026-10-08T09:31:41.000Z,1982 Perma-Graphics Super Star Credit Cards Mike Schmidt (PSA 9 MINT),13.3,0-25,true,held
2026-10-08T09:31:45.000Z,Pokémon Sun & Moon Ultra Prism (1 Booster Pack - Art May Vary),54.7,25-100,true,sold_back
2026-10-08T09:31:47.000Z,2021 Evolving Skies #203/203 Zinnia's Resolve - Ultra Rare Holo (CGC 10 PRISTINE),69.4,25-100,true,sold_back
2026-10-08T09:31:48.000Z,1982 Topps #780 Pete Rose (PSA 7 NM),11.7,0-25,true,sold_back
2026-10-08T09:31:51.000Z,2023 Scarlet & Violet 151 - MEW EN #192/165 Zapdos ex - Ultra Rare Holo (CGC 9 MINT),18.5,0-25,true,held
2026-10-08T09:31:51.000Z,"2023 Trading Card Game Classic - CLV, CLC, CLB #009/034 Articuno - Blastoise & Suicune ex Deck - CLB Holo (CGC 9.5 MINT+)",19.2,0-25,true,held
2026-10-08T09:31:53.000Z,2024 Pokémon Sv5a-Crimson Haze #078 Eevee - Art Rare (PSA 10 GEM MINT),76.2,25-100,true,sold_back
2026-10-08T09:31:56.000Z,2023 Paldea Evolved - PAL EN #257/193 Wo-Chien ex - Special Illustration Rare (Holo) (CGC 10 GEM MINT),42.7,25-100,true,sold_back
2026-10-08T09:31:57.000Z,2001 Neo Revelation #55/64 Snubbull - 1st Edition (CGC 10 GEM MINT),31,25-100,true,held
2026-10-08T09:31:57.000Z,2023 Ruler of the Black Flame #051/108 Vespiquen ex - Holo (CGC 10 GEM MINT),12.7,0-25,true,held
2026-10-08T09:32:02.000Z,2021 Parkside Nwsl Premier Edition Stars #54 Trinity Rodman (PSA 9 MINT),22.9,0-25,true,sold_back
2026-10-08T09:32:03.000Z,2023 Black Star Promos - Scarlet & Violet SVPEN #004 Mimikyu ex - (Holo) (CGC 10 GEM MINT),22.7,0-25,true,sold_back
2026-10-08T09:32:05.000Z,1999 Pokémon Game #94 Potion (PSA 9 MINT),26.4,25-100,true,held
2026-10-08T09:32:08.000Z,1955 Bowman #21 Lee Riley (PSA 6 EX-MT),19.3,0-25,true,sold_back
2026-10-08T09:32:09.000Z,2021 Pokémon Celebrations Classic Collection #15 Venusaur - Holo (PSA 9 MINT),38.6,25-100,true,sold_back
2026-10-08T09:32:11.000Z,2025 Topps Chrome #251 Cooper Flagg (PSA 8 NM-MT),24.3,0-25,true,sold_back
2026-10-08T09:32:26.000Z,2021 Evolving Skies #123/203 Duraludon VMAX - Holo (CGC 10 PRISTINE),39,25-100,true,sold_back
2026-10-08T09:32:29.000Z,Magic: The Gathering Streets of New Capenna - Draft Booster (1 Booster Pack - Art May Vary),6.4,0-25,true,held
2026-10-08T09:32:29.000Z,Pokémon Japanese Sun & Moon Forbidden Light (1 Booster Pack - Art May Vary),20.5,0-25,true,held
2026-10-08T09:32:30.000Z,2016 Upper Deck #451 Patrik Laine (BGS 9.5 GEM MINT),16.9,0-25,true,sold_back
2026-10-08T09:32:35.000Z,2022 Pokémon Go #056 Snorlax - Holo (PSA 10 GEM MINT),72.6,25-100,true,sold_back
2026-10-08T09:32:36.000Z,2026 Pokémon M4-Ninja Spinner #095 Watchog - Art Rare (PSA 10 GEM MINT),34.9,25-100,true,sold_back
2026-10-08T09:32:39.000Z,"2024 One Piece Premium Card Collection -Leader Collection #001 Eustass ""Captain"" Kid (PSA 10 GEM MINT)",46.6,25-100,true,sold_back
2026-10-08T09:32:41.000Z,2022 Pokémon Sword & Shield Vstar Universe #187 Comfey - Full Art (PSA 10 GEM MINT),28.3,25-100,true,sold_back
2026-10-08T09:32:42.000Z,Magic: The Gathering Streets of New Capenna - Draft Booster (1 Booster Pack - Art May Vary),6.4,0-25,true,sold_back
2026-10-08T09:32:44.000Z,"2004 EX Starter Decks #108/109 Fire Energy - Jetstream/Wildfire (No ""e"" Reader symbol in bottom left) (CGC 10 PRISTINE)",44.7,25-100,true,sold_back
2026-10-08T09:32:44.000Z,2021 VMAX Climax #119/184 Rayquaza V - Holo (CGC 10 GEM MINT),17.7,0-25,true,sold_back
2026-10-08T09:32:44.000Z,2025 Pokémon M2a-Mega Dream EX #195 Dustox - Art Rare (PSA 10 GEM MINT),25.1,25-100,true,held
2026-10-08T09:32:45.000Z,2020 Panini Score #369 Tua Tagovailoa (PSA 10 GEM MINT),13.8,0-25,true,held
2026-10-08T09:32:45.000Z,2023 Pokémon Card 151 #172/165 Caterpie - Art Rare Holo (CGC 10 GEM MINT),19,0-25,true,sold_back
2026-10-08T09:32:45.000Z,2024 Bowman Draft #BD22 Konnor Griffin (PSA 8 NM-MT),13.6,0-25,true,sold_back
2026-10-08T09:32:48.000Z,1996 Stadium Club Class Acts #CA1 Jerry Stackhouse/Michael Jordan (PSA 8 NM-MT),186,100-500,true,held
2026-10-08T09:32:51.000Z,1987 Topps #611 Kirby Puckett - All-Star (PSA 9 MINT),15.9,0-25,true,held
2026-10-08T09:32:59.000Z,Magic: The Gathering Universes Beyond: The Lord of the Rings: Tales of Middle-earth - Jumpstart Booster (1 Booster Pack - Art May Vary),29.1,25-100,true,sold_back
2026-10-08T09:33:00.000Z,Magic: The Gathering Streets of New Capenna - Draft Booster (1 Booster Pack - Art May Vary),6.4,0-25,true,held
2026-10-08T09:33:05.000Z,2024 Paradise Dragona - sv7a #076/064 Braviary - Art Rare Holo (CGC 10 PRISTINE),23.3,0-25,true,sold_back
2026-10-08T09:33:05.000Z,Pokémon Japanese Sword & Shield Rebellion Crash (1 Booster Pack - Art May Vary),19.9,0-25,true,held
2026-10-08T09:33:08.000Z,2021 Pokémon Sword & Shield Evolving Skies #172 Vaporeon V - Holo Full Art (PSA 9 MINT),33.4,25-100,true,sold_back
2026-10-08T09:33:09.000Z,2019 Remix Bout #001/064 Venusaur & Snivy GX - Holo (CGC 9 MINT),17,0-25,true,sold_back
2026-10-08T09:33:15.000Z,Astral Radiance #TG15/TG30 Ice Rider Calyrex VMAX - Trainer Gallery Holo (CGC 10 GEM MINT),38.1,25-100,true,sold_back
2026-10-08T09:33:21.000Z,2025 Pokémon Jtg EN-Journey Together #175 N's Zoroark EX - Holo Ultra Rare (PSA 9 MINT),21.8,0-25,true,sold_back
2026-10-08T09:33:24.000Z,2026 One Piece OP14-EB04-the Azure Sea's Seven #040 Jinbe - Alternate Art (PSA 10 GEM MINT),41.2,25-100,true,sold_back
2026-10-08T09:33:26.000Z,2024 Journey Together - JTG EN #170/159 Hop's Wooloo - Illustration Rare Holo (CGC 10 GEM MINT),22.1,0-25,true,sold_back
2026-10-08T09:33:29.000Z,2020 Panini Prizm #1 LeBron James (PSA 9 MINT),75.7,25-100,true,held
2026-10-08T09:33:30.000Z,2022 VSTAR Universe #013/172 Charizard V - Holo (CGC 10 PRISTINE),36,25-100,true,sold_back
2026-10-08T09:33:33.000Z,2023 Pokémon Sv4a-Shiny Treasure EX #323 Espathra EX - Holo Ssr (PSA 10 GEM MINT),26.8,25-100,true,sold_back
2026-10-08T09:33:35.000Z,1999 Fossil #12/62 Moltres - Galaxy Star Holo (CGC 5.5 EX+),36,25-100,true,held
2026-10-08T09:33:39.000Z,2024 Surging Sparks - SSP EN #198/191 Feebas - Illustration Rare Holo (CGC 9 MINT),17.8,0-25,true,sold_back
2026-10-08T09:33:42.000Z,2025 Mega Dream ex - M2a #126/193 Mega Dragonite ex - Holo (CGC 10 PRISTINE),17.8,0-25,true,sold_back
2026-10-08T09:33:45.000Z,Pokémon Japanese Sword & Shield Rebellion Crash (1 Booster Pack - Art May Vary),19.9,0-25,true,sold_back
2026-10-08T09:33:48.000Z,2022 Topps UEFA CC #193 Ansu Fati - Starball Foil (CGC 10 GEM MINT),29,25-100,true,sold_back
2026-10-08T09:33:50.000Z,"2023 Trading Card Game Classic - CLF, CLL, CLK #011/032 Hitmonlee - Venusaur & Lugia ex Deck - CLF Holo (CGC 10 GEM MINT)",14.3,0-25,true,held
2026-10-08T09:33:56.000Z,2026 Topps Titans of the Game #1 Shohei Ohtani (PSA 9 MINT),35.7,25-100,true,held
2026-10-08T09:33:59.000Z,2022 Silver Tempest #058/195 Regieleki VMAX - Holo (CGC 10 PRISTINE),23.1,0-25,true,sold_back
2026-10-08T09:34:02.000Z,Pokemon Sword & Shield Astral Radiance (1 Booster Pack - Art May Vary),13.6,0-25,true,sold_back
2026-10-08T09:34:11.000Z,2022 Panini Prizm #254 Bennedict Mathurin - Silver Prizm (PSA 9 MINT),11.9,0-25,true,sold_back
2026-10-08T09:34:11.000Z,2025 Topps Now #184 Kon Knueppel (PSA 10 GEM MINT),37.2,25-100,true,held
2026-10-08T09:34:12.000Z,2023 Clay Burst #072/071 Heracross - Art Rare Holo (CGC 10 GEM MINT),16.3,0-25,true,sold_back
2026-10-08T09:34:12.000Z,2024 Stellar Miracle #111/102 Meditite - Art Rare Holo (CGC 9.5 MINT+),10.6,0-25,true,sold_back
2026-10-08T09:34:12.000Z,2025 Inferno X - M2 #098/080 Mega Sharpedo ex - Super Rare Holo (CGC 10 GEM MINT),16.8,0-25,true,sold_back
2026-10-08T09:34:15.000Z,2023 Crown Zenith #GG13/GG70 Diancie - Galarian Gallery Holo (CGC 10 GEM MINT),27.5,25-100,true,sold_back
2026-10-08T09:34:17.000Z,2026 One Piece OP14-EB04-the Azure Sea's Seven #120 Crocodile (PSA 10 GEM MINT),27.3,25-100,true,sold_back
2026-10-08T09:34:17.000Z,Pokémon Scarlet & Violet Destined Rivals (1 Booster Pack - Art May Vary),10.7,0-25,true,sold_back
2026-10-08T09:34:20.000Z,2011 Topps Chrome #1 Cam Newton - Ball Over Right Shoulder (PSA 8 NM-MT),17.7,0-25,true,sold_back
2026-10-08T09:34:20.000Z,Pokémon Scarlet & Violet Twilight Masquerade - Sleeved (1 Booster Pack - Art May Vary),13.5,0-25,true,sold_back
2026-10-08T09:34:23.000Z,2022 Panini Donruss #171 Jalen Hurts - Press Proof Premium (CGC 10 GEM MINT),18.5,0-25,true,sold_back
2026-10-08T09:34:23.000Z,2023 Pokémon Sv1v-Violet EX #103 Iron Treads EX - Holo Special Art Rare (PSA 10 GEM MINT),35.8,25-100,true,sold_back
2026-10-08T09:34:23.000Z,2024 Panini Donruss #394 Brock Bowers - Optic Preview-Red & Green (PSA 9 MINT),22.7,0-25,true,held
2026-10-08T09:34:23.000Z,2024 Panini Donruss Optic #248 Jayden Daniels (PSA 9 MINT),18,0-25,true,sold_back
2026-10-08T09:34:23.000Z,2024 Panini Donruss Optic My House! #8 Drake Maye (PSA 9 MINT),22.9,0-25,true,sold_back
2026-10-08T09:34:23.000Z,2025 Panini Donruss #350 Cam Ward - Optic Preview-Red Pandora (PSA 8 NM-MT),21.6,0-25,true,sold_back
2026-10-08T09:34:24.000Z,2022 Pokémon Sword & Shield Incandescent Arcana #073 Smeargle - Full Art (PSA 10 GEM MINT),49.1,25-100,true,sold_back
2026-10-08T09:34:26.000Z,1992 Upper Deck All-Division #AD9 Michael Jordan (CGC 8 NM-MT),18.6,0-25,true,sold_back
2026-10-08T09:34:38.000Z,2022 Lost Abyss #080/100 Giratina V - Holo (CGC 10 GEM MINT),17.8,0-25,true,sold_back
2026-10-08T09:34:38.000Z,2025 Pokémon Simplified CBB3 C-Gem Pack Vol 3 #07 Mimikyu (PSA 10 GEM MINT),81.4,25-100,true,sold_back
2026-10-08T09:34:38.000Z,Pokémon Sun & Moon Base Set (1 Booster Pack - Art May Vary),26.9,25-100,true,sold_back
2026-10-08T09:34:41.000Z,2020 Panini Prizm Premier League #96 Phil Foden - Silver Prizm (PSA 9 MINT),26.9,25-100,true,sold_back
2026-10-08T09:34:42.000Z,Magic: The Gathering Modern Horizons 3 - Play Booster (1 Booster Pack - Art May Vary),13.1,0-25,true,sold_back
2026-10-08T09:34:51.000Z,2025 Black Bolt - sv11B #108/086 Palpitoad - Art Rare Holo (CGC 10 PRISTINE),20.8,0-25,true,sold_back
2026-10-08T09:34:51.000Z,2025 Pokémon M2a-Mega Dream EX #205 Team Rocket's Mimikyu - Art Rare (PSA 10 GEM MINT),41.2,25-100,true,sold_back
2026-10-08T09:34:53.000Z,1990 Topps Glossy Rookies #11 Ken Griffey Jr (SGC 7 NM),17.6,0-25,true,held
2026-10-08T09:34:54.000Z,2024 Prismatic Evolutions - PRE EN #051/131 Lucario ex - Lucario & Tyranitar ex Premium Collection (Holo) (CGC 9.5 MINT+),11.3,0-25,true,sold_back
2026-10-08T09:34:56.000Z,2025 Mega Evolution - MEG EN #060/132 Mega Gardevoir ex - Holo (CGC 10 PRISTINE),17.9,0-25,true,sold_back
2026-10-08T09:34:59.000Z,2025 Black Star Promos - Mega Evolution MEP EN #047 Cyndaquil - First Partner Illustration Collection Series 2 (Holo) (CGC 10 GEM MINT),18.4,0-25,true,sold_back
2026-10-08T09:35:00.000Z,2026 Pokémon Asc EN-Ascended Heroes #267 Mega Diancie EX - Holo Mega Attack Rare (PSA 10 GEM MINT),49,25-100,true,held
2026-10-08T09:35:05.000Z,2023 Snow Hazard #073/071 Marill - Art Rare Holo (CGC 10 GEM MINT),19.9,0-25,true,sold_back
2026-10-08T09:35:08.000Z,2025 Pokémon Pre EN-Prismatic Evolutions #136 Eri - Ultra Rare (PSA 10 GEM MINT),52.8,25-100,true,sold_back
2026-10-08T09:35:09.000Z,Magic: The Gathering Streets of New Capenna - Draft Booster (1 Booster Pack - Art May Vary),6.4,0-25,true,sold_back
2026-10-08T09:35:11.000Z,2020 Shiny Star V #309/190 Centiskorch V - Shiny Super Rare Holo (CGC 10 GEM MINT),18.9,0-25,true,sold_back
2026-10-08T09:35:15.000Z,2016 Bowman Draft #BDC59 Jesus Luzardo - Chrome (PSA 9 MINT),11.3,0-25,true,sold_back
2026-10-08T09:35:18.000Z,Magic: The Gathering Aetherdrift - Play Booster (1 Booster Pack - Art May Vary),6.1,0-25,true,sold_back
2026-10-08T09:35:26.000Z,2025 Black Bolt - BLK EN #003/086 Serperior ex - Holo (CGC 9 MINT),12.5,0-25,true,sold_back
2026-10-08T09:35:27.000Z,2024 Transformation Mask #108/101 Fezandipiti - Art Rare Holo (CGC 10 GEM MINT),17.2,0-25,true,sold_back
2026-10-08T09:35:27.000Z,2025 Pokémon Simplified CBB3 C-Gem Pack Vol 3 #07 Chandelure (PSA 10 GEM MINT),61.4,25-100,true,sold_back
2026-10-08T09:35:32.000Z,Magic: The Gathering FINAL FANTASY - Collector Booster Sample (1 Booster Pack - Art May Vary),14.6,0-25,true,sold_back
2026-10-08T09:35:33.000Z,"2023 Trading Card Game Classic - CLF, CLL, CLK #009/032 Sandslash - Venusaur & Lugia ex Deck - CLF Holo (CGC 10 PRISTINE)",19.5,0-25,true,sold_back
2026-10-08T09:35:35.000Z,Pokemon Scarlet & Violet Surging Sparks (1 Booster Pack - Art May Vary),10,0-25,true,sold_back
2026-10-08T09:35:36.000Z,2024 High Class Pack: Terastal Fest ex - sv8a #021/187 Flareon - Poké Ball Holo (CGC 10 PRISTINE),20.6,0-25,true,sold_back
2026-10-08T09:35:36.000Z,2024 Pokémon SV8-Super Electric Breaker #116 Alolan Dugtrio - Art Rare (PSA 10 GEM MINT),43.2,25-100,true,sold_back
2026-10-08T09:35:39.000Z,2020 Bowman Chrome Prospects #BCP25 Bobby Witt Jr. (PSA 9 MINT),27,25-100,true,held
2026-10-08T09:35:39.000Z,"2023 Trading Card Game Classic - CLF, CLL, CLK #009/032 Articuno - Blastoise & Suicune ex Deck - CLK Holo (CGC 9 MINT)",21,0-25,true,sold_back
2026-10-08T09:35:39.000Z,Magic: The Gathering Murders at Karlov Manor - Play Booster (1 Booster Pack - Art May Vary),6.5,0-25,true,held
2026-10-08T09:35:42.000Z,2025 Topps Now #28 Cooper Flagg (PSA 9 MINT),18.7,0-25,true,sold_back
2026-10-08T09:35:47.000Z,2025 One Piece Japanese Premium Card Collection -One Piece Day'25 Don!! Card (PSA 9 MINT),21.7,0-25,true,held
2026-10-08T09:35:48.000Z,2023 Panini Donruss Optic #247 Anthony Richardson - Green Velocity (PSA 10 GEM MINT),12.7,0-25,true,sold_back
2026-10-08T09:35:48.000Z,2024 Twilight Masquerade - TWM EN #180/167 Enamorus - Illustration Rare Holo (CGC 9 MINT),17.6,0-25,true,sold_back
2026-10-08T09:35:51.000Z,2022 Battle Region #073/067 Hoothoot - Character Rare Holo (CGC 10 PRISTINE),20.1,0-25,true,sold_back
2026-10-08T09:35:53.000Z,Pokémon Shining Fates (1 Booster Pack - Art May Vary),19.5,0-25,true,sold_back
2026-10-08T09:35:54.000Z,2022 One Piece Japanese 25th Anniversary Premium Card Collection #010 Franky (PSA 9 MINT),23.2,0-25,true,sold_back
2026-10-08T09:36:02.000Z,2025 Pokémon Meg EN-Mega Evolution #146 Marshadow - Illustration Rare (PSA 9 MINT),19,0-25,true,sold_back
2026-10-08T09:36:05.000Z,2023 Scarlet ex #089/078 Kingambit - Art Rare Holo (CGC 10 PRISTINE),23,0-25,true,sold_back
2026-10-08T09:36:09.000Z,2019 Double Blaze #029/095 Muk & Alolan Muk GX - Holo (CGC 9 MINT),11,0-25,true,sold_back
2026-10-08T09:36:12.000Z,Pokémon Scarlet & Violet Destined Rivals (1 Booster Pack - Art May Vary),10.7,0-25,true,sold_back
2026-10-08T09:36:15.000Z,2019 TAG TEAM GX: Tag All Stars #053/173 Trevenant & Dusknoir GX - Holo (CGC 10 PRISTINE),25.9,25-100,true,sold_back
2026-10-08T09:36:18.000Z,2005 EX Emerald #43/106 Baltoy (CGC 10 GEM MINT),17.8,0-25,true,sold_back
2026-10-08T09:36:20.000Z,2024 Pokémon SV8-Super Electric Breaker #033 Pikachu EX - Holo (PSA 10 GEM MINT),50.4,25-100,true,sold_back
2026-10-08T09:36:23.000Z,Magic: The Gathering Streets of New Capenna - Draft Booster (1 Booster Pack - Art May Vary),6.4,0-25,true,sold_back
2026-10-08T09:36:27.000Z,2022 VSTAR Universe #175/172 Magmortar - Art Rare Holo (CGC 10 PRISTINE),22,0-25,true,sold_back
2026-10-08T09:36:30.000Z,2025 One Piece PRB02-Premium Booster -One Piece Card the Best- Vol.2 #107 Kozuki Momonosuke (PSA 10 GEM MINT),20.1,0-25,true,sold_back
2026-10-08T09:36:32.000Z,2023 Triplet Beat #084/073 Paldean Tauros - Art Rare Holo (CGC 10 PRISTINE),20.9,0-25,true,sold_back
2026-10-08T09:36:35.000Z,2023 Pokémon Card 151 #190/165 Alakazam ex - Super Rare Holo (CGC 10 PRISTINE),28,25-100,true,sold_back
2026-10-08T09:36:35.000Z,Pokémon Scarlet & Violet Destined Rivals (1 Booster Pack - Art May Vary),10.7,0-25,true,sold_back
2026-10-08T09:36:36.000Z,2004 POP Series 1 #11/17 Larvitar (CGC 10 GEM MINT),37.1,25-100,true,sold_back
2026-10-08T09:36:42.000Z,"2023 Trading Card Game Classic - CLF, CLL, CLK #017/032 Miltank - Charizard & Ho-Oh ex Deck - CLL Holo (CGC 10 GEM MINT)",17,0-25,true,sold_back
2026-10-08T09:36:51.000Z,2025 Mega Dream ex - M2a #227/193 Mega Diancie ex - Mega Attack Rare Holo (CGC 10 PRISTINE),21.1,0-25,true,held
2026-10-08T09:36:54.000Z,Pokémon Scarlet & Violet Destined Rivals (1 Booster Pack - Art May Vary),10.7,0-25,true,sold_back
2026-10-08T09:36:59.000Z,2021 Parkside Nwsl Premier Edition Stars #54 Trinity Rodman (PSA 9 MINT),22.9,0-25,true,sold_back
2026-10-08T09:37:02.000Z,2023 Topps Composite Chrome All-Etch #CAE23 CJ Stroud - Pink Refractor (PSA 10 GEM MINT),35.8,25-100,true,sold_back
2026-10-08T09:37:14.000Z,2022 Incandescent Arcana #074/068 Altaria - Character Rare Holo (CGC 10 GEM MINT),22.6,0-25,true,sold_back
2026-10-08T09:37:15.000Z,2023 Topps Heritage #100 Aaron Judge/Roger Maris (PSA 9 MINT),18.1,0-25,true,sold_back
2026-10-08T09:37:17.000Z,2023 One Piece Japanese Film Red: Finale Set #006 Tony Tony Chopper (PSA 10 GEM MINT),37.9,25-100,true,held
2026-10-08T09:37:23.000Z,Pokémon Sword & Shield Lost Origin (1 Booster Pack - Art May Vary),22.6,0-25,true,sold_back
2026-10-08T09:37:26.000Z,2024 One Piece Premium Card Collection -Best Selection Vol.2 #104 Kikunojo (PSA 10 GEM MINT),32.6,25-100,true,sold_back
2026-10-08T09:37:27.000Z,2020 Pokémon Sword & Shield Vivid Voltage #102 Zamazenta (PSA 10 GEM MINT),51.6,25-100,true,held
2026-10-08T09:37:27.000Z,"2023 Trading Card Game Classic - CLV, CLC, CLB #006/034 Magikarp - Blastoise & Suicune ex Deck - CLB Holo (CGC 10 GEM MINT)",23.6,0-25,true,sold_back
2026-10-08T09:37:29.000Z,2021 VMAX Climax #116/184 Corviknight VMAX - Holo (CGC 10 GEM MINT),21.2,0-25,true,sold_back
2026-10-08T09:37:35.000Z,2026 Pokémon Mep EN-Me Black Star Promo #040 Turtwig - First Partner Illustration Collection Series 1 (PSA 10 GEM MINT),37.7,25-100,true,sold_back
2026-10-08T09:37:39.000Z,Brilliant Stars (1 Booster Pack - Art May Vary),19.6,0-25,true,held
2026-10-08T09:37:47.000Z,2024 One Piece Premium Card Collection -Live Action Edition #048 Arlong (PSA 9 MINT),20.9,0-25,true,sold_back
2026-10-08T09:37:48.000Z,Pokémon Detective Pikachu (1 Booster Pack - Art May Vary),28.6,25-100,true,sold_back
2026-10-08T09:37:53.000Z,1987 Topps #320 Barry Bonds (PSA 9 MINT),55.2,25-100,true,sold_back
2026-10-08T09:37:53.000Z,Pokémon Japanese Sword & Shield Rebellion Crash (1 Booster Pack - Art May Vary),19.9,0-25,true,held
2026-10-08T09:37:56.000Z,1987 Donruss #361 Barry Bonds (PSA 8 NM-MT),12.9,0-25,true,held
2026-10-08T09:37:57.000Z,2022 VSTAR Universe #024/172 Suicune V - Holo (CGC 10 GEM MINT),14,0-25,true,sold_back
2026-10-08T09:38:02.000Z,2023 Clay Burst #077/071 Tinkatuff - Art Rare Holo (CGC 10 PRISTINE),19.6,0-25,true,sold_back
2026-10-08T09:38:05.000Z,2025 Pokémon Meg EN-Mega Evolution #149 Shroodle - Illustration Rare (PSA 10 GEM MINT),45.9,25-100,true,sold_back
2026-10-08T09:38:06.000Z,2023 Panini Donruss #365 DE'Von Achane - Optic Preview-Pink (PSA 10 GEM MINT),49.4,25-100,true,sold_back
2026-10-08T09:38:08.000Z,2025 Destined Rivals - DRI EN #065/182 Cetitan ex - Holo (CGC 10 PRISTINE),32.7,25-100,true,sold_back
2026-10-08T09:38:12.000Z,2020 Pokémon Sword & Shield Darkness Ablaze #199 Big Parasol - Full Art Secret (PSA 10 GEM MINT),30.9,25-100,true,sold_back
2026-10-08T09:38:15.000Z,2026 One Piece Japanese EB04-Extra Booster Egghead Crisis #007 Roronoa Zoro (PSA 9 MINT),23.2,0-25,true,sold_back
2026-10-08T09:38:15.000Z,Pokémon Scarlet & Violet Destined Rivals (1 Booster Pack - Art May Vary),10.7,0-25,true,sold_back
2026-10-08T09:38:24.000Z,2025 Pokémon Pfl EN-Phantasmal Flames #128 Mega Lopunny EX - Holo Special Illustration Rare (PSA 10 GEM MINT),52.3,25-100,true,sold_back
2026-10-08T09:38:30.000Z,2025 Pokémon SV9-Battle Partners #106 Swinub - Art Rare (PSA 10 GEM MINT),33.5,25-100,true,sold_back
2026-10-08T09:38:32.000Z,1961 Lake to Lake Packers #11 Jesse Whittenton (PSA 6 EX-MT),18.4,0-25,true,sold_back
2026-10-08T09:38:35.000Z,1999 Topps Pokémon TV #6 Charizard (PSA 4 VG-EX),32.4,25-100,true,sold_back
2026-10-08T09:38:35.000Z,2025 One Piece OP13-Carrying on His Will #108 Jewelry Bonney (PSA 9 MINT),18,0-25,true,held
2026-10-08T09:38:35.000Z,Pokémon Sword & Shield Lost Origin (1 Booster Pack - Art May Vary),22.6,0-25,true,sold_back
2026-10-08T09:38:44.000Z,2025 Topps #201 Cooper Flagg (PSA 9 MINT),23.2,0-25,true,sold_back
2026-10-08T09:38:48.000Z,2025 Pokémon M2-Inferno X #115 Dawn - Special Art Rare (PSA 9 MINT),17.6,0-25,true,sold_back
2026-10-08T09:38:48.000Z,2025 Pokémon M2a-Mega Dream EX #127 Rayquaza - Reverse Holo (PSA 10 GEM MINT),58.2,25-100,true,sold_back
2026-10-08T09:38:53.000Z,2011 Topps Chrome #1 Cam Newton - Ball Over Right Shoulder (PSA 8 NM-MT),17.7,0-25,true,sold_back
2026-10-08T09:38:54.000Z,Pokémon Scarlet & Violet Destined Rivals (1 Booster Pack - Art May Vary),10.7,0-25,true,held
2026-10-08T09:38:59.000Z,1986 Topps #191 Ozzie Newsome (PSA 8 NM-MT),18.9,0-25,true,held
2026-10-08T09:38:59.000Z,2013 Topps Chrome #14 Keenan Allen - Refractor (PSA 9 MINT),31.5,25-100,true,held
2026-10-08T09:38:59.000Z,2016 Panini Donruss Optic #186 Michael Thomas - Purple (PSA 10 GEM MINT),22.1,0-25,true,held
2026-10-08T09:38:59.000Z,2020 Panini Mosaic #204 Justin Herbert (PSA 9 MINT),18.4,0-25,true,held
2026-10-08T09:38:59.000Z,2023 Panini Contenders Power Players #24 CJ Stroud (PSA 10 GEM MINT),24.2,0-25,true,sold_back
2026-10-08T09:39:00.000Z,2023 Pokémon Clf-Trading Card Game Classic Venusaur & Lugia EX Deck #002 Ivysaur (PSA 10 GEM MINT),54.7,25-100,true,sold_back
2026-10-08T09:39:02.000Z,2020 Panini Prizm Penmanship #PEMKL Mikal Bridges (PSA 9 MINT),47.5,25-100,true,held
2026-10-08T09:39:03.000Z,Pokémon Shining Fates (1 Booster Pack - Art May Vary),19.5,0-25,true,sold_back
2026-10-08T09:39:05.000Z,2025 Pokémon M2a-Mega Dream EX #222 Jamming Tower - Super Rare (PSA 10 GEM MINT),30,25-100,true,sold_back
2026-10-08T09:39:08.000Z,2019 Fusion Strike #114/264 Mew VMAX - Holo (CGC 8.5 NM-MT+),17.9,0-25,true,sold_back
2026-10-08T09:39:11.000Z,2025 Heat Wave Arena - sv9a #069/063 Rapidash - Art Rare Holo (CGC 10 GEM MINT),13.4,0-25,true,held
2026-10-08T09:39:12.000Z,2025 Pokémon Pfl EN-Phantasmal Flames #056 Mega Gengar EX - Holo (PSA 10 GEM MINT),52.4,25-100,true,sold_back
2026-10-08T09:39:12.000Z,Pokémon Sword & Shield Vivid Voltage (1 Booster Pack - Art May Vary),14,0-25,true,held
2026-10-08T09:39:18.000Z,2025 Black Bolt - sv11B #094/086 Karrablast - Art Rare Holo (CGC 10 PRISTINE),23.8,0-25,true,sold_back
2026-10-08T09:39:20.000Z,2025 Inferno X - M2 #088/080 Flygon - Art Rare Holo (CGC 10 GEM MINT),11.5,0-25,true,sold_back
2026-10-08T09:39:20.000Z,2025 Mega Brave - M1L #067/063 Vulpix - Art Rare Holo (CGC 10 PRISTINE),23,0-25,true,sold_back
2026-10-08T09:39:24.000Z,2023 Pokémon Card 151 #006/165 Charizard ex - Holo (CGC 10 GEM MINT),23.4,0-25,true,sold_back
2026-10-08T09:39:30.000Z,2020 Sword & Shield Promos - Traditional #125/S-P Arceus V - Holo Pokémon Legends: Arceus Pre-Order Insert (CGC 9.5 MINT+),21.8,0-25,true,sold_back
2026-10-08T09:39:32.000Z,Pokémon Scarlet & Violet Destined Rivals (1 Booster Pack - Art May Vary),10.7,0-25,true,sold_back
2026-10-08T09:39:39.000Z,2024 Pokémon Sv8a-Terastal Fest EX #195 Friends in Paldea - Super Rare (PSA 10 GEM MINT),58.4,25-100,true,held
2026-10-08T09:39:42.000Z,2025 Mega Symphonia - M1S #071/063 Alakazam - Art Rare Holo (CGC 10 GEM MINT),12.6,0-25,true,sold_back
2026-10-08T09:39:47.000Z,2025 Panini Prizm #302 Shedeur Sanders (PSA 10 GEM MINT),46.1,25-100,true,sold_back
2026-10-08T09:39:50.000Z,2006 EX Holon Phantoms #99/110 Crawdaunt ex - Holo (CGC 6 EX-NM),77.1,25-100,true,sold_back
2026-10-08T09:39:50.000Z,"2023 Trading Card Game Classic - CLV, CLC, CLB #011/034 Electrode - Charizard & Ho-Oh ex Deck - CLC Holo (CGC 9.5 MINT+)",12.7,0-25,true,sold_back
2026-10-08T09:39:59.000Z,2023 Shiny Treasure ex #327/190 Mew ex - Shiny Super Rare Holo (CGC 10 GEM MINT),40.4,25-100,true,sold_back
2026-10-08T09:40:00.000Z,Pokémon Scarlet & Violet Destined Rivals (1 Booster Pack - Art May Vary),10.7,0-25,true,held
2026-10-08T09:40:06.000Z,2024 Topps Stars of MLB #SMLB55 Shohei Ohtani - Series 2 (PSA 9 MINT),29.4,25-100,true,sold_back
2026-10-08T09:40:08.000Z,2018 Panini Prizm World Cup #282 Sadio Mane (PSA 9 MINT),21.1,0-25,true,held
2026-10-08T09:40:09.000Z,1999 Base Set #80/102 Defender (CGC 9 MINT),13.6,0-25,true,sold_back
2026-10-08T09:40:15.000Z,2025 Pokémon Play! Pokémon Prize Pack: Series 6 #123 Heatran (PSA 9 MINT),12.5,0-25,true,sold_back
2026-10-08T09:40:17.000Z,2025 Pokémon M1l-Mega Brave #064 Bulbasaur - Art Rare (PSA 10 GEM MINT),48,25-100,true,sold_back
2026-10-08T09:40:27.000Z,Pokémon Scarlet & Violet Destined Rivals (1 Booster Pack - Art May Vary),10.7,0-25,true,sold_back
2026-10-08T09:40:32.000Z,2024 Pokémon Paf EN-Paldean Fates #215 Alakazam EX - Holo Shiny Ultra Rare (PSA 9 MINT),24.4,0-25,true,sold_back
2026-10-08T09:40:32.000Z,2026 Pokémon Asc EN-Ascended Heroes #256 Boss's Orders - Ultra Rare (PSA 10 GEM MINT),50.6,25-100,true,sold_back
2026-10-08T09:40:35.000Z,2023 Shiny Treasure ex #320/190 Forretress ex - Shiny Super Rare Holo (CGC 10 GEM MINT),19.6,0-25,true,held
2026-10-08T09:40:35.000Z,2024 Panini Prizm #347 Jayden Daniels - Neon Green Pulsar (PSA 10 GEM MINT),108.3,100-500,true,sold_back
2026-10-08T09:40:36.000Z,2023 Pokémon Sv4a-Shiny Treasure EX #334 Noivern EX - Holo Ssr (PSA 10 GEM MINT),48.3,25-100,true,sold_back
2026-10-08T09:40:38.000Z,2024 Pokémon Sv8a-Terastal Fest EX #062 Espeon - Reverse Holo Master Ball (PSA 9 MINT),20.3,0-25,true,sold_back
2026-10-08T09:40:39.000Z,2024 Pokémon Sv8a-Terastal Fest EX #222 Raging Bolt EX - Holo Special Art Rare (PSA 10 GEM MINT),41.8,25-100,true,sold_back
2026-10-08T09:40:39.000Z,2025 Pokémon Sv11b-Black Bolt #132 Gurdurr - Art Rare (PSA 10 GEM MINT),83.6,25-100,true,sold_back
2026-10-08T09:40:47.000Z,2025 Black Bolt - BLK EN #003/086 Serperior ex - Holo (CGC 9 MINT),12.5,0-25,true,sold_back
2026-10-08T09:40:48.000Z,2019 Old Maid (Red Back) Poké Ball (CGC 10 PRISTINE),11.9,0-25,true,sold_back
2026-10-08T09:40:54.000Z,2024 Transformation Mask #102/101 Sunflora - Art Rare Holo (CGC 10 PRISTINE),19.6,0-25,true,sold_back
2026-10-08T09:40:54.000Z,"Star Wars #34 CGC 9.8 White Pages (Marvel Comics, 10/17) - Universal Action Figure Variant Cover",25,25-100,true,sold_back
2026-10-08T09:41:03.000Z,2025 Mega Evolution - MEG EN #086/132 Mega Absol ex - Holo (CGC 10 GEM MINT),14,0-25,true,held
2026-10-08T09:41:03.000Z,2025 Pokémon Simplified CBB3 C-Gem Pack Vol 3 #07 Mimikyu (PSA 10 GEM MINT),81.4,25-100,true,sold_back
2026-10-08T09:41:11.000Z,2025 Topps #300 Aaron Judge (PSA 9 MINT),16.4,0-25,true,sold_back
2026-10-08T09:41:20.000Z,2025 Black Bolt - sv11B #173/086 N's Plan - Special Art Rare Holo (CGC 9 MINT),35,25-100,true,sold_back
2026-10-08T09:41:21.000Z,2025 Pokémon Pfl EN-Phantasmal Flames #098 Piplup - Illustration Rare (PSA 10 GEM MINT),97.9,25-100,true,sold_back
2026-10-08T09:41:30.000Z,Pokémon Scarlet & Violet Destined Rivals (1 Booster Pack - Art May Vary),10.7,0-25,true,held
2026-10-08T09:41:32.000Z,2024 Pokémon Sv6a-Night Wanderer #078 Revavroom EX - Holo Super Rare (PSA 10 GEM MINT),33.4,25-100,true,sold_back
2026-10-08T09:41:32.000Z,2025 One Piece OP13-Carrying on His Will #007 Ace & Sabo & Luffy - Alternate Art (PSA 10 GEM MINT),75.4,25-100,true,sold_back
2026-10-08T09:41:32.000Z,2025 Pokémon Simplified CBB3 C-Gem Pack Vol 3 #07 Chandelure (PSA 10 GEM MINT),61.4,25-100,true,sold_back
2026-10-08T09:41:39.000Z,2024 Pokémon SV6-Transformation Mask #103 Dipplin - Art Rare (PSA 10 GEM MINT),22.8,0-25,true,held
2026-10-08T09:41:42.000Z,2022 Topps #1 Shohei Ohtani (PSA 9 MINT),27.7,25-100,true,sold_back
2026-10-08T09:41:45.000Z,"Star Wars: Return of the Jedi #3 CGC 9.8 White Pages (Marvel Comics, 12/83) - Universal",128,100-500,true,held
2026-10-08T09:41:57.000Z,2021 Pokémon Celebrations Classic Collection #86 Rocket's Admin - Holo (PSA 9 MINT),19.8,0-25,true,sold_back
2026-10-08T09:42:03.000Z,2021 Shining Fates #044/072 Crobat V - Holo (CGC 9 MINT),11.9,0-25,true,held
2026-10-08T09:42:05.000Z,2023 Panini Mosaic Stained Glass #SG12 Josh Jacobs (PSA 9 MINT),80.5,25-100,true,sold_back
2026-10-08T09:42:08.000Z,2001 Neo Revelation #53/64 Slugma - 1st Edition (CGC 10 GEM MINT),20.9,0-25,true,sold_back
2026-10-08T09:42:09.000Z,2025 Topps Now #821 Shohei Ohtani (PSA 9 MINT),35,25-100,true,sold_back
2026-10-08T09:42:11.000Z,2012 Panini Wccf Intercontinental Clubs MVP #MVP1 Lionel Messi (PSA 8 NM-MT),53.3,25-100,true,held
2026-10-08T09:42:11.000Z,2025 One Piece OP11-A Fist of Divine Speed #015 Lucky Roux - Treasure Rare (PSA 10 GEM MINT),74.1,25-100,true,sold_back
2026-10-08T09:42:17.000Z,1999 Base Set #80/102 Defender (CGC 8 NM-MT),17.7,0-25,true,sold_back
2026-10-08T09:42:17.000Z,2024 Pokémon Sv5m-Cyber Judge #080 Metagross - Art Rare (PSA 10 GEM MINT),47.8,25-100,true,sold_back
2026-10-08T09:42:18.000Z,2022 Bowman Chrome Prospects #BCP3 Kahlil Watson - Yellow Mini Diamond Refractor (PSA 9 MINT),19.1,0-25,true,sold_back
2026-10-08T09:42:21.000Z,2023 Pokémon Clk-Trading Card Game Classic Blastoise & Suicune EX Deck #009 Articuno (PSA 10 GEM MINT),59.1,25-100,true,sold_back
2026-10-08T09:42:21.000Z,2023 Pokémon Sv4m-Future Flash #074 Steelix - Art Rare (PSA 10 GEM MINT),59,25-100,true,sold_back
2026-10-08T09:42:29.000Z,1948 Leaf #39 Ewell Blackwell (PSA 3 VG),47.8,25-100,true,held
2026-10-08T09:42:30.000Z,2025 Onit LSU City Limits #CL1 Garrett Nussmeier (PSA 9 MINT),35.3,25-100,true,sold_back
2026-10-08T09:42:32.000Z,2021 Panini Prizm #352 Davis Mills - Lazer Prizm (PSA 9 MINT),10.3,0-25,true,sold_back
2026-10-08T09:42:33.000Z,2012 Topps #255 Scott Rolen (PSA 10 GEM MINT),22.5,0-25,true,sold_back
2026-10-08T09:42:36.000Z,2025 Pokémon Pre EN-Prismatic Evolutions #150 Glaceon EX - Holo Special Illustration Rare (PSA 10 GEM MINT),649.1,500+,true,sold_back
2026-10-08T09:42:38.000Z,2023 Pokémon Sv1v-Violet EX #095 Banette EX - Holo Super Rare (PSA 10 GEM MINT),53.1,25-100,true,sold_back
2026-10-08T09:42:41.000Z,2020 Pokémon Sword & Shield Vivid Voltage #025 Charizard (PSA 9 MINT),27.7,25-100,true,sold_back
2026-10-08T09:42:45.000Z,2023 Ruler of the Black Flame #119/108 Pidgeotto - Art Rare Holo (CGC 8.5 NM-MT+),10.6,0-25,true,sold_back
2026-10-08T09:43:00.000Z,2023 Pokémon Card 151 #006/165 Charizard ex - Holo (CGC 10 PRISTINE),32.7,25-100,true,sold_back
2026-10-08T09:43:03.000Z,2023 Panini Donruss Optic #247 Anthony Richardson - Green Velocity (PSA 10 GEM MINT),12.7,0-25,true,sold_back
2026-10-08T09:43:05.000Z,2023 Pokémon Sv3a-Raging Surf #069 Groudon - Art Rare (PSA 10 GEM MINT),81.7,25-100,true,held
2026-10-08T09:43:11.000Z,2019 GG End #008/054 Raichu & Alolan Raichu GX - Holo (CGC 10 GEM MINT),37.4,25-100,true,sold_back
2026-10-08T09:43:18.000Z,2025 One Piece OP12-Legacy of the Master #037 Lim - Special Alternate Art (PSA 10 GEM MINT),71.2,25-100,true,held
2026-10-08T09:43:27.000Z,2020 Topps Now Bundesliga #45 Youssoufa Moukoko (PSA 10 GEM MINT),10.8,0-25,true,sold_back
2026-10-08T09:43:27.000Z,2025 Pokémon Pre EN-Prismatic Evolutions #156 Sylveon EX - Holo Special Illustration Rare (PSA 10 GEM MINT),1249.5,500+,true,sold_back
2026-10-08T09:43:29.000Z,2021 Panini Black #112 JA'Marr Chase (PSA 9 MINT),40,25-100,true,sold_back
2026-10-08T09:43:30.000Z,2019 Dream League #047/049 Rosa - Holo (CGC 9.5 MINT+),11.5,0-25,true,sold_back
2026-10-08T09:43:30.000Z,2025 Pokémon Mbg-Mega Starter Set Mega Gengar EX #003 Mega Gengar EX - Holo (PSA 10 GEM MINT),33.9,25-100,true,sold_back
2026-10-08T09:43:33.000Z,2019 Topps Update #US62 Vladimir Guerrero Jr. (PSA 9 MINT),11.2,0-25,true,sold_back
2026-10-08T09:43:35.000Z,2024 Panini Phoenix #185 JJ McCarthy - Fireburst (PSA 10 GEM MINT),47.4,25-100,true,sold_back
2026-10-08T09:43:38.000Z,2025 Topps Now #7 Dylan Harper/6491* (BGS 9.5 GEM MINT),33,25-100,true,sold_back
2026-10-08T09:43:53.000Z,1999 Jungle #14/64 Victreebel - 1st Edition Holo (CGC 8 NM-MT),88.6,25-100,true,sold_back
2026-10-08T09:43:59.000Z,2020 Pokémon Sword & Shield #200 Marnie - Full Art (PSA 10 GEM MINT),111.1,100-500,true,held
2026-10-08T09:44:02.000Z,2025 Pokémon Simplified CBB3 C-Gem Pack Vol 3 #07 Chandelure (PSA 10 GEM MINT),61.4,25-100,true,sold_back
2026-10-08T09:44:02.000Z,Pokémon Japanese Sun & Moon Thunderclap Spark (1 Booster Pack - Art May Vary),24,0-25,true,sold_back
2026-10-08T09:44:03.000Z,2021 VMAX Climax #189/184 Vaporeon - Character Rare Holo (CGC 10 GEM MINT),19.2,0-25,true,sold_back
2026-10-08T09:44:08.000Z,2026 One Piece Japanese Promos #001 Monkey D. Luffy - Ichiban Kuji Purchase Bonus (PSA 9 MINT),13.2,0-25,true,sold_back
2026-10-08T09:44:11.000Z,2026 Pokémon M4-Ninja Spinner #117 Cinccino EX - Holo Special Art Rare (PSA 9 MINT),39.7,25-100,true,sold_back
2026-10-08T09:44:14.000Z,Magic: The Gathering Doctor Who Collector (1 Booster Pack - Art May Vary),57.5,25-100,true,sold_back
2026-10-08T09:44:21.000Z,2026 One Piece OP14-EB04-the Azure Sea's Seven #031 Nami (PSA 10 GEM MINT),46.5,25-100,true,held
2026-10-08T09:44:30.000Z,"2023 Trading Card Game Classic - CLF, CLL, CLK #005/032 Starmie - Blastoise & Suicune ex Deck - CLK Holo (CGC 10 PRISTINE)",21.6,0-25,true,sold_back
2026-10-08T09:44:38.000Z,2024 Crimson Haze #083/066 Greninja ex - Super Rare Holo (CGC 10 GEM MINT),21,0-25,true,sold_back
2026-10-08T09:44:38.000Z,"Empyre: Fallout Fantastic Four #1 CGC 9.8 White Pages (Marvel Comics, 11/20) - Universal Ross Variant Cover",52.376,25-100,true,sold_back
2026-10-08T09:44:39.000Z,2025 Pokémon Sv11b-Black Bolt #161 Zekrom EX - Holo Super Rare (PSA 10 GEM MINT),58.4,25-100,true,sold_back
2026-10-08T09:44:42.000Z,2023 Pokémon Svi EN-Scarlet & Violet #245 Gardevoir EX - Holo Special Illustration Rare (PSA 9 MINT),77.7,25-100,true,held
2026-10-08T09:44:47.000Z,2021 Pokémon Sword & Shield Eevee Heroes #026 Pikachu (PSA 9 MINT),23.3,0-25,true,sold_back
2026-10-08T09:44:48.000Z,2018 Pokémon Sun & Moon Ultra Shiny GX #089 Alolan Ninetales - Holo (PSA 9 MINT),19.9,0-25,true,sold_back
2026-10-08T09:44:51.000Z,2020 Amazing Volt Tackle #012/100 Charizard - Holo (CGC 10 GEM MINT),20.9,0-25,true,sold_back
2026-10-08T09:44:54.000Z,2021 Battle Styles #145/163 Empoleon V - Ultra Rare Holo (CGC 10 PRISTINE),118,100-500,true,held
2026-10-08T09:44:56.000Z,2025 Pokémon M2a-Mega Dream EX #245 Steven's Metagross EX - Holo Special Art Rare (PSA 10 GEM MINT),61.1,25-100,true,sold_back
2026-10-08T09:45:02.000Z,2022 Incandescent Arcana #086/068 Serperior VSTAR - Hyper Rare Holo (CGC 10 GEM MINT),21.2,0-25,true,sold_back
2026-10-08T09:45:06.000Z,2016 Panini Select #150 Christian Pulisic (PSA 10 GEM MINT),75.4,25-100,true,held
2026-10-08T09:45:08.000Z,2025 Pokémon Meg EN-Mega Evolution #150 Steelix - Illustration Rare (PSA 10 GEM MINT),56.4,25-100,true,sold_back
2026-10-08T09:45:15.000Z,2024 Pokémon SV6-Transformation Mask #112 Tatsugiri - Art Rare (PSA 10 GEM MINT),48.6,25-100,true,sold_back
2026-10-08T09:45:17.000Z,1999 Jungle #5/64 Kangaskhan - Holo (CGC 7 NM),21.7,0-25,true,sold_back
2026-10-08T09:45:17.000Z,2025 Mega Evolution - MEG EN #135/132 Exeggutor - Illustration Rare Holo (CGC 10 GEM MINT),22.5,0-25,true,sold_back
2026-10-08T09:45:35.000Z,2023 Pokémon Sv2a-Pokémon Card 151 #176 Poliwhirl - Art Rare (PSA 10 GEM MINT),61.9,25-100,true,held
2026-10-08T09:45:38.000Z,2020 Pokémon Sword & Shield Vivid Voltage #102 Zamazenta (PSA 10 GEM MINT),51.6,25-100,true,sold_back
2026-10-08T09:45:39.000Z,2025 Topps Silver Pack 1990 Chrome Promo #32 Paul Skenes (PSA 9 MINT),24.9,0-25,true,sold_back
2026-10-08T09:45:51.000Z,2024 Panini Clearly Donruss #63 Dallas Turner - Autograph-Purple (PSA 9 MINT),70,25-100,true,sold_back
2026-10-08T09:45:53.000Z,2024 Journey Together - JTG EN #114/159 Salamence ex - Holo (CGC 10 GEM MINT),11.5,0-25,true,sold_back
2026-10-08T09:45:56.000Z,2018 GX Ultra Shiny #061/150 Lycanroc GX - Holo (CGC 10 PRISTINE),23.8,0-25,true,sold_back
2026-10-08T09:45:57.000Z,2024 Wild Force #047/071 Gengar ex - Holo (CGC 10 GEM MINT),23.4,0-25,true,held
2026-10-08T09:45:57.000Z,2025 Pokémon Svp EN-SV Black Star Promo #173 Eevee - Prismatic Evolutions Elite Trainer Box (PSA 10 GEM MINT),109.4,100-500,true,held
2026-10-08T09:46:00.000Z,1999 Black Star Promos #8 Mew - Pokémon League (CGC 8 NM-MT),20.1,0-25,true,sold_back
2026-10-08T09:46:06.000Z,2024 Pokémon Sv5a-Crimson Haze #070 Infernape - Art Rare (PSA 10 GEM MINT),48.4,25-100,true,sold_back
2026-10-08T09:46:14.000Z,"Invincible #123 CGC 9.8 White Pages (Image/Skybound, 9/15) - Universal",119,100-500,true,sold_back
2026-10-08T09:46:26.000Z,2019 Panini Hoops Premium Stock #297 Ja Morant - Red Cracked Ice (PSA 10 GEM MINT),41.1,25-100,true,sold_back
2026-10-08T09:46:26.000Z,2025 Pokémon Pfl EN-Phantasmal Flames #104 Togedemaru - Illustration Rare (PSA 10 GEM MINT),42.5,25-100,true,held
2026-10-08T09:46:29.000Z,2024 Pokémon Ssp EN-Surging Sparks #198 Feebas - Illustration Rare (PSA 9 MINT),22.7,0-25,true,held
2026-10-08T09:46:30.000Z,2012 Panini Prizm #116 Tom Brady (PSA 9 MINT),250.2,100-500,true,sold_back
2026-10-08T09:46:30.000Z,2024 Stellar Crown - SCR EN #145/142 Lileep - Illustration Rare Holo (CGC 10 GEM MINT),22.2,0-25,true,held
2026-10-08T09:46:33.000Z,"2023 Trading Card Game Classic - CLV, CLC, CLB #002/034 Charmeleon - Charizard & Ho-Oh ex Deck - CLC Holo (CGC 10 GEM MINT)",20.1,0-25,true,sold_back
2026-10-08T09:46:41.000Z,2023 Triplet Beat #085/073 Paldean Wooper - Art Rare Holo (CGC 10 PRISTINE),21.8,0-25,true,sold_back
2026-10-08T09:46:54.000Z,2019 Sky Legend #001/054 Rowlet & Alolan Exeggutor GX - Holo (CGC 10 PRISTINE),23.5,0-25,true,sold_back
2026-10-08T09:46:54.000Z,2021 Battle Styles #168/163 Single Strike Urshifu VMAX - Secret Rare Holo (CGC 9 MINT),22,0-25,true,sold_back
2026-10-08T09:46:54.000Z,2022 Pokémon Sword & Shield Silver Tempest #TG01 Braixen - Full Art (PSA 9 MINT),20,0-25,true,sold_back
2026-10-08T09:46:57.000Z,2025 Mega Dream ex - M2a #226/193 Mega Gardevoir ex - Mega Attack Rare Holo (CGC 10 PRISTINE),22,0-25,true,sold_back
2026-10-08T09:47:03.000Z,2024 Crimson Haze #070/066 Infernape - Art Rare Holo (CGC 10 PRISTINE),22.7,0-25,true,sold_back
2026-10-08T09:47:03.000Z,2025 Pokémon Sv11b-Black Bolt #088 Servine - Art Rare (PSA 10 GEM MINT),39.9,25-100,true,sold_back
2026-10-08T09:47:05.000Z,2022 Pokémon Sword & Shield Silver Tempest #TG14 Blaziken V - Holo Full Art (PSA 9 MINT),23.3,0-25,true,sold_back
2026-10-08T09:47:05.000Z,2025 Pokémon M2a-Mega Dream EX #245 Steven's Metagross EX - Holo Special Art Rare (PSA 10 GEM MINT),61.1,25-100,true,sold_back
2026-10-08T09:47:09.000Z,2020 Topps Chrome UEFA Champions League Sapphire Edition #98 Ryan Gravenberch - Aqua (PSA 10 GEM MINT),47.5,25-100,true,sold_back
2026-10-08T09:47:11.000Z,2017 Black Star Promos - Sword & Shield #SWSH087 Eevee VMAX - Shining Fates Elite Trainer Box (Holo) (CGC 9 MINT),10.5,0-25,true,sold_back
2026-10-08T09:47:12.000Z,2021 Pokémon Sword & Shield Evolving Skies #059 Dracozolt Vmax - Full Art (PSA 10 GEM MINT),81.8,25-100,true,sold_back
2026-10-08T09:47:12.000Z,2023 Pokémon Sv2a-Pokémon Card 151 #183 Mewtwo - Art Rare (PSA 10 GEM MINT),86.7,25-100,true,sold_back
2026-10-08T09:47:12.000Z,2025 Pokémon Pfl EN-Phantasmal Flames #129 Dawn - Special Illustration Rare (PSA 10 GEM MINT),57.6,25-100,true,sold_back
2026-10-08T09:47:18.000Z,2025 Topps Chrome #263 Derik Queen - X-Fractor (PSA 8 NM-MT),11.5,0-25,true,sold_back
2026-10-08T09:47:24.000Z,2019 Panini Prizm #129 LeBron James (PSA 9 MINT),20.4,0-25,true,held
2026-10-08T09:47:29.000Z,2026 Pokémon M4-Ninja Spinner #085 Fennekin - Art Rare (PSA 9 MINT),20.3,0-25,true,sold_back
2026-10-08T09:47:33.000Z,2022 Lost Origin #TG04/TG30 Chandelure - Trainer Gallery Holo (CGC 6.5 EX-NM+),12.5,0-25,true,sold_back
2026-10-08T09:47:33.000Z,2023 Shiny Treasure ex #358/190 Miraidon ex - Ultra Rare Holo (CGC 10 GEM MINT),26.4,25-100,true,sold_back
2026-10-08T09:47:39.000Z,2024 Prismatic Evolutions - PRE EN #069/131 Duraludon - Master Ball Holo (CGC 10 GEM MINT),26,25-100,true,held
2026-10-08T09:47:47.000Z,2022 Battle Region #073/067 Hoothoot - Character Rare Holo (CGC 10 GEM MINT),21.4,0-25,true,held
2026-10-08T09:47:48.000Z,2024 Pokémon Ssp EN-Surging Sparks #203 Latios - Illustration Rare (PSA 9 MINT),42.3,25-100,true,sold_back
2026-10-08T09:47:56.000Z,2024 Stellar Crown - SCR EN #115/142 Noctowl - Play! Pokémon Prize Pack Series (Cosmos Holo) Holo (CGC 9 MINT),12.9,0-25,true,sold_back
2026-10-08T09:47:56.000Z,2025 Mega Brave - M1L #046/063 Mega Mawile ex - Holo (CGC 10 PRISTINE),18.1,0-25,true,sold_back
2026-10-08T09:47:57.000Z,2025 Topps #558 Roki Sasaki (PSA 9 MINT),14.1,0-25,true,sold_back
2026-10-08T09:48:00.000Z,2023 Bowman University Chrome #90 Paige Bueckers - Refractor (PSA 8 NM-MT),40.2,25-100,true,sold_back
2026-10-08T09:48:06.000Z,2023 Pokémon Sv2p-Snow Hazard #078 Gothorita - Art Rare (PSA 10 GEM MINT),32.3,25-100,true,sold_back
2026-10-08T09:48:08.000Z,2023 Pokémon Cll-Trading Card Game Classic Charizard & HO-Oh EX Deck #002 Charmeleon (PSA 10 GEM MINT),57.8,25-100,true,sold_back
2026-10-08T09:48:08.000Z,2023 Pokémon SV3-Ruler of the Black Flame #119 Pidgeotto - Art Rare (PSA 10 GEM MINT),52.4,25-100,true,sold_back
2026-10-08T09:48:08.000Z,2024 Pokémon Sv5a-Crimson Haze #070 Infernape - Art Rare (PSA 10 GEM MINT),48.4,25-100,true,sold_back
2026-10-08T09:48:11.000Z,2019 Pokémon Sun & Moon Team Up #184 Pikachu & Zekrom GX - Holo Full Art Secret (PSA 10 GEM MINT),879.7,500+,true,sold_back
2026-10-08T09:48:14.000Z,"DC Comics Presents #85 CGC 9.8 White Pages (DC Comics, 9/85) - Universal",75.166667,25-100,true,sold_back
2026-10-08T09:48:15.000Z,2023 Clay Burst #075/071 Sandygast - Art Rare Holo (CGC 10 PRISTINE),19.8,0-25,true,sold_back
2026-10-08T09:48:20.000Z,2019 Old Maid Meowth (CGC 10 PRISTINE),17.1,0-25,true,sold_back
2026-10-08T09:48:26.000Z,2023 Pokémon Swsh Black Star Promo #282 Galarian Articuno - Crown Zenith Tin (PSA 9 MINT),22.2,0-25,true,sold_back
2026-10-08T09:48:26.000Z,2025 Phantasmal Flames - PFL EN #127/094 Mega Sharpedo ex - Special Illustration Rare (Holo) (CGC 10 GEM MINT),22.4,0-25,true,held
2026-10-08T09:48:29.000Z,2023 Pokémon Card 151 #061/165 Poliwhirl - Reverse Holo Poké Ball (CGC 9.5 MINT+),22.1,0-25,true,sold_back
2026-10-08T09:48:29.000Z,2025 Battle Partners - sv9 #105/100 Lillie's Ribombee - Art Rare Holo (CGC 10 GEM MINT),20.2,0-25,true,sold_back
2026-10-08T09:48:35.000Z,2023 Pokémon Swsh Black Star Promo #291 Lucario Vstar - Full Art Crown Zenith Elite Trainer Box (PSA 8 NM-MT),20.8,0-25,true,sold_back
2026-10-08T09:48:42.000Z,Pokémon Scarlet & Violet Destined Rivals (1 Booster Pack - Art May Vary),10.7,0-25,true,sold_back
2026-10-08T09:48:59.000Z,2024 High Class Pack: Terastal Fest ex - sv8a #058/187 Kadabra - Master Ball Holo (CGC 10 PRISTINE),23.3,0-25,true,sold_back
2026-10-08T09:49:11.000Z,1992 Topps Gold #393 Alonzo Mourning (PSA 9 MINT),18.1,0-25,true,sold_back
2026-10-08T09:49:12.000Z,2020 Panini Donruss Optic #151 Joe Burrow - Pink (PSA 9 MINT),57.1,25-100,true,sold_back
2026-10-08T09:49:14.000Z,2017 Black Star Promos - Sword & Shield #SWSH087 Eevee VMAX - Shining Fates Elite Trainer Box (Holo) (CGC 9 MINT),10.5,0-25,true,sold_back
2026-10-08T09:49:14.000Z,2024 Pokémon Simplified Cs5a C-Gallant Galaxy: Charm #017 Pikachu (PSA 10 GEM MINT),65.9,25-100,true,held
2026-10-08T09:49:17.000Z,2023 Ruler of the Black Flame #066/108 Charizard ex - Holo (CGC 10 PRISTINE),22.9,0-25,true,sold_back
2026-10-08T09:49:23.000Z,"Savage Dragon Limited Series #1 CGC 9.8 White Pages (Image Comics, 7/92) - Universal",58.7,25-100,true,held
2026-10-08T09:49:29.000Z,2020 Panini Select #61 Anthony Edwards - Blue Prizm (PSA 10 GEM MINT),98.5,25-100,true,sold_back
2026-10-08T09:49:32.000Z,2025 Inferno X - M2 #085/080 Piplup - Art Rare Holo (CGC 9 MINT),17.8,0-25,true,sold_back
2026-10-08T09:49:38.000Z,2017 Guardians Rising #100/145 Kommo-o GX - Holo (CGC 10 GEM MINT),53.3,25-100,true,sold_back
2026-10-08T09:49:39.000Z,2023 One Piece Japanese Promos #035 Monkey D. Luffy - Meetup Event Participation (PSA 9 MINT),13.8,0-25,true,held
2026-10-08T09:49:41.000Z,"Ka-Zar Lord of the Savage Land #5 CGC 9.8 White Pages (Marvel Comics, 4/22) - Universal Acuna Variant Cover",25,25-100,true,sold_back
2026-10-08T09:49:53.000Z,2025 Mega Evolution - MEG EN #135/132 Exeggutor - Illustration Rare Holo (CGC 10 GEM MINT),22.5,0-25,true,sold_back
2026-10-08T09:49:53.000Z,"Swamp Thing #6 CGC 9.8 White Pages (DC Comics, 9-10/73) - Universal",384,100-500,true,held
2026-10-08T09:49:56.000Z,2017 Black Star Promos - Sword & Shield #SWSH174 Espeon - Fusion Strike 3-Pack Blister (Cosmos Holo) (CGC 8.5 NM-MT+),20,0-25,true,sold_back
2026-10-08T09:49:56.000Z,2025 Pokémon Pre EN-Prismatic Evolutions #180 Terapagos EX - Holo Hyper Rare (PSA 9 MINT),25.8,25-100,true,sold_back
2026-10-08T09:49:57.000Z,2026 Pokémon Mep EN-Me Black Star Promo #031 N's Zekrom - Ascended Heroes Elite Trainer Box (PSA 9 MINT),23,0-25,true,held
2026-10-08T09:49:59.000Z,2025 Pokémon Dri EN-Destined Rivals #235 Arven's Mabosstiff EX - Holo Special Illustration Rare (PSA 9 MINT),30.3,25-100,true,sold_back
2026-10-08T09:50:03.000Z,1981 Topps #540 Mike Schmidt (PSA 7 NM),14.3,0-25,true,sold_back
2026-10-08T09:50:03.000Z,"Avengers #4 CGC 9.8 White Pages (Marvel Comics, 10/23) - Universal Ross Variant Cover",52.4,25-100,true,sold_back
2026-10-08T09:50:03.000Z,"Ka-Zar Lord of the Savage Land #4 CGC 9.8 White Pages (Marvel Comics, 2/22) - Universal Rodriguez Variant Cover",25,25-100,true,sold_back
2026-10-08T09:50:03.000Z,"Spider-Man and His Amazing Friends #1 CGC 8.0 White Pages (Marvel Comics, 12/81) - Newsstand Edition Universal",40.9,25-100,true,sold_back
2026-10-08T09:50:06.000Z,2008 Majestic Dawn #45/100 Raichu (CGC 9 MINT),19.4,0-25,true,sold_back
2026-10-08T09:50:12.000Z,2024 Bowman Best University Best of 2024 Autographs #MS Malaki Starks - Gold Refractor (PSA 10 GEM MINT),58.9,25-100,true,redeemed
2026-10-08T09:50:14.000Z,2024 Pokémon Sv5a-Crimson Haze #070 Infernape - Art Rare (PSA 10 GEM MINT),48.4,25-100,true,sold_back
2026-10-08T09:50:14.000Z,2025-2026 Topps Now Premier League #156 Max Dowman (PSA 10 GEM MINT),103.4,100-500,true,sold_back
2026-10-08T09:50:18.000Z,1986 Topps #700 Reggie Jackson (PSA 9 MINT),45.4,25-100,true,sold_back
2026-10-08T09:50:23.000Z,"Once & Future #1 CGC 9.8 White Pages (Boom! Studios, 8/19) - Universal",76,25-100,true,sold_back
2026-10-08T09:50:29.000Z,2021 Pokémon Sword & Shield Chilling Reign #205 Shadow Rider Calyrex Vmax - Full Art Secret (PSA 10 GEM MINT),107.4,100-500,true,sold_back
2026-10-08T09:50:32.000Z,2023 Black Star Promos - Scarlet & Violet SVP EN #130 Kingambit - Kingambit Illus. Collection (Holo) (CGC 10 GEM MINT),23.7,0-25,true,sold_back
2026-10-08T09:50:35.000Z,2021 VMAX Climax #101/184 Umbreon VMAX - Holo (CGC 9.5 MINT+),19.7,0-25,true,sold_back
2026-10-08T09:50:39.000Z,2017 Black Star Promos - Sword & Shield #SWSH291 Lucario VSTAR - Crown Zenith Elite Trainer Box (Holo) (CGC 8 NM-MT),17.9,0-25,true,sold_back
2026-10-08T09:50:45.000Z,1971 Topps #125 Stan Mikita (PSA 7 NM),35.6,25-100,true,sold_back
2026-10-08T09:50:45.000Z,1977 O-Pee-Chee WHA #1 Gordie Howe (PSA 6 EX-MT),51.2,25-100,true,sold_back
2026-10-08T09:50:48.000Z,2000 Neo Genesis #66/111 Marill - 1st Edition (CGC 9 MINT),17.8,0-25,true,held
2026-10-08T09:50:48.000Z,2022 Lost Origin #TG05/TG30 Pikachu - Trainer Gallery Holo (CGC 9 MINT),45.1,25-100,true,sold_back
2026-10-08T09:50:57.000Z,2025 Black Star Promos - Mega Evolution MEP EN #080 Fennekin - Chaos Rising Elite Trainer Box (Holo) (CGC 9.5 MINT+),13.3,0-25,true,sold_back
2026-10-08T09:51:08.000Z,2022 Bowman Draft Chrome Sapphire Edition #BDC190 Jett Williams (PSA 9 MINT),14.3,0-25,true,sold_back
2026-10-08T09:51:14.000Z,2019 Fusion Strike #246/264 Tsareena V - Ultra Rare Holo (CGC 10 PRISTINE),51.6,25-100,true,sold_back
2026-10-08T09:51:14.000Z,2021 VMAX Climax #017/184 Charizard - Line Holo (CGC 10 GEM MINT),22.6,0-25,true,sold_back
2026-10-08T09:51:17.000Z,2025 Pokémon Pfl EN-Phantasmal Flames #104 Togedemaru - Illustration Rare (PSA 10 GEM MINT),42.5,25-100,true,sold_back
2026-10-08T09:51:18.000Z,2025 Mega Dream ex - M2a #223/193 Mega Charizard X ex - Mega Attack Rare Holo (CGC 9 MINT),17.6,0-25,true,held
2026-10-08T09:51:18.000Z,Pokémon Japanese Sun & Moon Dragon Storm (1 Booster Pack - Art May Vary),44,25-100,true,sold_back
2026-10-08T09:51:24.000Z,2022 One Piece Japanese 25th Anniversary Premium Card Collection #001 Roronoa Zoro (PSA 9 MINT),22.7,0-25,true,sold_back
2026-10-08T09:51:24.000Z,"Wonder Woman #9 CGC 9.8 White Pages (DC Comics, 10/87) - Universal",71.3,25-100,true,sold_back
2026-10-08T09:51:32.000Z,2024 Panini Donruss Retro 2004 #22 Jayden Daniels (PSA 10 GEM MINT),27.9,25-100,true,sold_back
2026-10-08T09:51:35.000Z,2012 Panini Hoops #223 Kyrie Irving (PSA 9 MINT),25,25-100,true,redeemed
2026-10-08T09:51:41.000Z,2000 Base Set 2 #115/130 Pokédex (CGC 8 NM-MT),17.3,0-25,true,sold_back
2026-10-08T09:51:45.000Z,2016 Bowman Prospects #BP4 Alex Bregman (PSA 10 GEM MINT),20.6,0-25,true,sold_back
2026-10-08T09:51:50.000Z,1999 Neo Premium File #155 Cyndaquil - No Rarity (CGC 9 MINT),18.4,0-25,true,sold_back
2026-10-08T09:51:54.000Z,2019 Fusion Strike #276/264 Schoolboy - Rainbow Rare Holo (CGC 10 GEM MINT),17.1,0-25,true,sold_back
2026-10-08T09:51:54.000Z,2022 VSTAR Universe #208 Poochyena - Art Rare Holo (BGS 9 MINT),20.9,0-25,true,sold_back
2026-10-08T09:51:57.000Z,1997 Rocket Gang Dark Golbat - Holo (CGC 2.5 GOOD+),19.4,0-25,true,sold_back
2026-10-08T09:52:03.000Z,2022 Pokémon Swsh Black Star Promo #262 Charizard Vstar - Full Art Sword & Shield Ultra-Premium Collection-Charizard (PSA 9 MINT),114.3,100-500,true,sold_back
2026-10-08T09:52:05.000Z,Pokemon Sword & Shield Astral Radiance (1 Booster Pack - Art May Vary),13.6,0-25,true,held
2026-10-08T09:52:09.000Z,2025 Pokémon M2-Inferno X #106 Dawn - Super Rare (PSA 9 MINT),19.6,0-25,true,sold_back
2026-10-08T09:52:23.000Z,2025 Battle Partners - sv9 #128/100 Hop's Zacian ex - Special Art Rare Holo (CGC 10 GEM MINT),24.4,0-25,true,held
2026-10-08T09:52:24.000Z,2021 Dark Phantasma #014/071 Pikachu (CGC 10 GEM MINT),21.5,0-25,true,sold_back
2026-10-08T09:52:24.000Z,2022 Panini Donruss #171 Jalen Hurts - Press Proof Premium (CGC 10 GEM MINT),18.5,0-25,true,redeemed
2026-10-08T09:52:24.000Z,"Pitt #1 CGC 9.8 White Pages (Image Comics, 1/93) - Universal",67.3,25-100,true,sold_back
2026-10-08T09:52:35.000Z,2021 Gengar VMAX High-Class Deck #001/019 Gengar V - Gengar VMAX Deck Holo (CGC 10 GEM MINT),21.3,0-25,true,sold_back
2026-10-08T09:52:36.000Z,2019 Panini Chronicles Contenders Rookie Ticket #RT4 Ansu Fati - Red (PSA 9 MINT),19.3,0-25,true,held
2026-10-08T09:52:38.000Z,1999 Topps #52 Todd Helton (PSA 10 GEM MINT),38.6,25-100,true,sold_back
2026-10-08T09:52:38.000Z,2019 Old Maid (Red Back) Pikachu (CGC 10 PRISTINE),21.7,0-25,true,sold_back
2026-10-08T09:52:44.000Z,2020 Panini La Liga Megacracks #430 Pedri (PSA 9 MINT),19.2,0-25,true,sold_back
2026-10-08T09:52:50.000Z,2023 Black Star Promos - Scarlet & Violet SVP EN #167 Flareon - Prismatic Evolutions Poster Collection (Cosmos Holo) (CGC 9.5 MINT+),17.6,0-25,true,sold_back
2026-10-08T09:52:50.000Z,2024 Prismatic Evolutions - PRE EN #012/131 Teal Mask Ogerpon ex - Holo (CGC 10 GEM MINT),22,0-25,true,sold_back
2026-10-08T09:52:57.000Z,2017 Black Star Promos - Sword & Shield #SWSH061 Pikachu V - Shining Fates Pikachu V Collection (Holo) (CGC 8 NM-MT),20.1,0-25,true,sold_back
2026-10-08T09:53:02.000Z,2025 Mega Dream ex - M2a #204/193 Hop's Trevenant - Art Rare Holo (CGC 10 GEM MINT),11.9,0-25,true,sold_back
2026-10-08T09:53:02.000Z,2025 Topps Chrome #253 VJ Edgecombe - Pulsar (PSA 8 NM-MT),15.1,0-25,true,sold_back
2026-10-08T09:53:03.000Z,Pokémon Sun & Moon Guardians Rising (1 Booster Pack - Art May Vary),39.9,25-100,true,held
2026-10-08T09:53:06.000Z,2023 Pokémon Card 151 #137/165 Porygon - Reverse Holo Poké Ball (CGC 10 GEM MINT),21.6,0-25,true,sold_back
2026-10-08T09:53:12.000Z,2024 Prismatic Evolutions - PRE EN #014/131 Flareon ex - Holo (CGC 9 MINT),11.6,0-25,true,sold_back
2026-10-08T09:53:17.000Z,2024 Paradise Dragona - sv7a #073/064 Skarmory - Art Rare Holo (CGC 10 GEM MINT),20.8,0-25,true,sold_back
2026-10-08T09:53:17.000Z,"Uncanny X-Men #244 CGC 9.6 White Pages (Marvel Comics, 5/89) - Universal",87.1,25-100,true,held
2026-10-08T09:53:20.000Z,2020 Darkness Ablaze #119/189 Scizor VMAX - Holo (CGC 9 MINT),17.3,0-25,true,held
2026-10-08T09:53:27.000Z,2023 Pokémon Sv4a-Shiny Treasure EX #336 Wigglytuff EX - Holo Ssr (PSA 10 GEM MINT),39.2,25-100,true,held
2026-10-08T09:53:32.000Z,2019 Panini Donruss Optic #180 Coby White - Purple Shock (PSA 9 MINT),13.5,0-25,true,sold_back
2026-10-08T09:53:35.000Z,2020 Upper Deck Extended Series #HG-12 Arthur Kaliyev (CGC 10 GEM MINT),11.3,0-25,true,sold_back
2026-10-08T09:53:47.000Z,2024 Panini Caitlin Clark Collection Artistic Selection #AS1 Caitlin Clark (PSA 9 MINT),29.1,25-100,true,sold_back
2026-10-08T09:53:59.000Z,2019 Hidden Fates #SV62/SV94 Nihilego GX - Shiny Vault Holo (CGC 9 MINT),17.8,0-25,true,held
2026-10-08T09:54:03.000Z,1984 Fleer #215 Don Sutton (PSA 8 NM-MT),11.1,0-25,true,sold_back
2026-10-08T09:54:05.000Z,2025 One Piece Starter Deck ST26-Purple/Black Monkey D. Luffy #061 Monkey D. Luffy (PSA 10 GEM MINT),86,25-100,true,held
2026-10-08T09:54:11.000Z,2025 Topps Stars of MLB #SMLB61 Nick Kurtz - Update (PSA 9 MINT),14.3,0-25,true,sold_back
2026-10-08T09:54:12.000Z,2023 Shiny Treasure ex #321/190 Meowscarada ex - Shiny Super Rare Holo (CGC 10 PRISTINE),18.2,0-25,true,sold_back
2026-10-08T09:54:18.000Z,2025 Pokémon Meg EN-Mega Evolution #150 Steelix - Illustration Rare (PSA 10 GEM MINT),56.4,25-100,true,held
2026-10-08T09:54:23.000Z,2022 Panini Prizm #254 Bennedict Mathurin - Silver Prizm (PSA 9 MINT),11.9,0-25,true,sold_back
2026-10-08T09:54:29.000Z,2025 One Piece Japanese OP14-the Azure Sea's Seven #031 Nami (PSA 10 GEM MINT),46.4,25-100,true,sold_back
2026-10-08T09:54:32.000Z,2021 Topps Big League #151 Tarik Skubal - Orange (PSA 9 MINT),23,0-25,true,sold_back
2026-10-08T09:54:35.000Z,2023 Pokémon Sv1v-Violet EX #080 Toedscool - Art Rare (PSA 10 GEM MINT),21.8,0-25,true,sold_back
2026-10-08T09:54:42.000Z,"2023 Trading Card Game Classic - CLV, CLC, CLB #002/034 Charmeleon - Charizard & Ho-Oh ex Deck - CLC Holo (CGC 10 GEM MINT)",20.1,0-25,true,sold_back
2026-10-08T09:54:47.000Z,"Alpha Flight #3 CGC 9.8 White Pages (Marvel Comics, 10/83) - Universal",76.5,25-100,true,sold_back
2026-10-08T09:54:47.000Z,"Catwoman #64 CGC 9.8 White Pages (DC Comics, 6/24) - Universal Szerdy Variant Cover B",61.833333,25-100,true,sold_back
2026-10-08T09:54:47.000Z,"DC Comics Presents #85 CGC 9.8 White Pages (DC Comics, 9/85) - Universal",75.166667,25-100,true,sold_back
2026-10-08T09:54:47.000Z,"Female Force: Taylor Swift #nn CGC 9.8 White Pages (TidalWave Comics, No Date) - Universal Bedrock City Edition D",60.666667,25-100,true,sold_back
2026-10-08T09:54:47.000Z,"Uncanny X-Men #188 CGC 9.8 White Pages (Marvel Comics, 12/84) - Universal",64.1,25-100,true,sold_back
2026-10-08T09:54:53.000Z,2025 Pokémon Pfl EN-Phantasmal Flames #056 Mega Gengar EX - Holo (PSA 9 MINT),21.4,0-25,true,held
2026-10-08T09:54:57.000Z,2026 Topps Now #42 Roki Sasaki/Shohei Ohtani/Yoshinobu Yamamoto (PSA 9 MINT),27.2,25-100,true,held
2026-10-08T09:55:06.000Z,Scarlet & Violet Promos - Simplified #004/SV-P Pikachu - Gem Pack Vol. 1 Purchase (Holo) (CGC 10 GEM MINT),17,0-25,true,sold_back
2026-10-08T09:55:12.000Z,"Amazing Spider-Man #440 CGC 9.8 White Pages (Marvel Comics, 10/98) - Universal",68.3,25-100,true,sold_back
2026-10-08T09:55:24.000Z,1999 Team Rocket #14/82 Dark Weezing - Holo (CGC 8 NM-MT),22.4,0-25,true,sold_back
2026-10-08T09:55:26.000Z,Pokémon Scarlet & Violet Destined Rivals (1 Booster Pack - Art May Vary),10.7,0-25,true,sold_back
2026-10-08T09:55:38.000Z,2023 Topps Complete Set Chrome Rookie Relic #CRRAV Anthony Volpe (PSA 9 MINT),37.5,25-100,true,sold_back
2026-10-08T09:55:38.000Z,2024 Surging Sparks - SSP EN #225/191 Alolan Exeggutor ex - Ultra Rare Holo (CGC 10 GEM MINT),27.9,25-100,true,sold_back
2026-10-08T09:55:47.000Z,2021 Panini Prizm #352 Davis Mills - Lazer Prizm (PSA 9 MINT),10.3,0-25,true,held
2026-10-08T09:55:48.000Z,2023 Topps Now UEFA Champions League #142 Endrick/6998* (BGS 9.5 GEM MINT),21.2,0-25,true,sold_back
2026-10-08T09:55:50.000Z,1999 Base Set #84/102 PlusPower (CGC 9 MINT),21,0-25,true,sold_back
2026-10-08T09:55:50.000Z,1999 Gym 2: Challenge from the Darkness Blaine's Mankey (CGC 10 GEM MINT),31.2,25-100,true,sold_back
2026-10-08T09:55:54.000Z,2021 Eevee Heroes #035/069 Espeon V - Holo (CGC 10 PRISTINE),22.9,0-25,true,sold_back
2026-10-08T09:55:54.000Z,2023 Pokémon Svi EN-Scarlet & Violet #212 Kirlia - Illustration Rare (PSA 9 MINT),51.3,25-100,true,sold_back
2026-10-08T09:55:54.000Z,2024 High Class Pack: Terastal Fest ex - sv8a #214/187 Iron Crown ex - Special Art Rare Holo (CGC 10 PRISTINE),20.4,0-25,true,sold_back
2026-10-08T09:55:54.000Z,2025 Pokémon Dri EN-Destined Rivals #208 Team Rocket's Moltres EX - Holo Team Rocket's Moltres EX Ultra-Premium Collection (PSA 9 MINT),23.6,0-25,true,held
2026-10-08T09:55:54.000Z,2025 Pokémon M1l-Mega Brave #064 Bulbasaur - Art Rare (PSA 9 MINT),25,25-100,true,sold_back
2026-10-08T09:56:05.000Z,2022 Bowman Chrome #53 Spencer Torkelson (PSA 10 GEM MINT),17,0-25,true,sold_back
2026-10-08T09:56:09.000Z,2025 One Piece OP11-A Fist of Divine Speed #118 Monkey D. Luffy - Manga Alternate Art (PSA 10 GEM MINT),2082,500+,true,held
2026-10-08T09:56:14.000Z,2025 One Piece OP10-Royal Blood #042 Usopp - Alternate Art (PSA 10 GEM MINT),65.4,25-100,true,held
2026-10-08T09:56:17.000Z,2022 Pokémon Sword & Shield Vstar Universe #191 Absol - Full Art (PSA 10 GEM MINT),40.7,25-100,true,sold_back
2026-10-08T09:56:20.000Z,2019 Panini Contenders Lottery Ticket #1 Zion Williamson (PSA 10 GEM MINT),18.5,0-25,true,sold_back
2026-10-08T09:56:20.000Z,"Infinity Gauntlet #3 CGC 9.8 White Pages (Marvel Comics, 9/91) - Universal",83,25-100,true,sold_back
2026-10-08T09:56:23.000Z,2024 Twilight Masquerade - TWM EN #172/167 Torkoal - Illustration Rare Holo (CGC 9 MINT),12.5,0-25,true,sold_back
2026-10-08T09:56:29.000Z,"2023 Trading Card Game Classic - CLF, CLL, CLK #017/032 Miltank - Charizard & Ho-Oh ex Deck - CLL Holo (CGC 10 GEM MINT)",17,0-25,true,sold_back
2026-10-08T09:56:36.000Z,2023 Panini Obsidian #7 Paolo Banchero - Electric Etch Green Flood (PSA 9 MINT),44,25-100,true,sold_back
2026-10-08T09:56:48.000Z,2024 Topps Museum Collection #94 Paul Skenes (PSA 9 MINT),17.3,0-25,true,sold_back
2026-10-08T09:56:51.000Z,2024 Prismatic Evolutions - PRE EN #051/131 Lucario ex - Lucario & Tyranitar ex Premium Collection (Holo) (CGC 10 GEM MINT),17.1,0-25,true,sold_back
2026-10-08T09:56:51.000Z,2026 Pokémon M3-Nullifying Zero #100 Meowth EX - Holo Super Rare (PSA 10 GEM MINT),44.3,25-100,true,held
2026-10-08T09:56:53.000Z,2026 One Piece OP14-EB04-the Azure Sea's Seven #020 Dracule Mihawk - Alternate Art (PSA 10 GEM MINT),84.1,25-100,true,sold_back
2026-10-08T09:57:03.000Z,2025 Pokémon Pfl EN-Phantasmal Flames #056 Mega Gengar EX - Holo (PSA 10 GEM MINT),52.4,25-100,true,held
2026-10-08T09:57:06.000Z,2023-24 Topps Chrome UEFA Club Competitions Wonderkids #WK3 Lamine Yamal (PSA 9 MINT),79.1,25-100,true,sold_back
2026-10-08T09:57:06.000Z,2025 Black Star Promos - Mega Evolution MEP EN #033 Mega Lucario ex - Ascended Heroes Premium Poster Collection (Holo) (CGC 10 GEM MINT),20.1,0-25,true,held
2026-10-08T09:57:11.000Z,2021 Celebrations - Classic Collection #24 ____'s Pikachu - Black Star Promos Holo (CGC 10 GEM MINT),72.6,25-100,true,sold_back
2026-10-08T09:57:17.000Z,2022 Lost Abyss #080/100 Giratina V - Holo (CGC 10 GEM MINT),17.8,0-25,true,sold_back
2026-10-08T09:57:23.000Z,1999 Pokémon Jungle #3 Flareon - Holo (PSA 5 EX),56.6,25-100,true,sold_back
2026-10-08T09:57:24.000Z,2025 Topps #201 Cooper Flagg (PSA 9 MINT),23.2,0-25,true,sold_back
2026-10-08T09:57:26.000Z,2018 Fairy Rise #038/050 Mimikyu GX - Holo (CGC 10 GEM MINT),34,25-100,true,sold_back
2026-10-08T09:57:27.000Z,2022 One Piece Starter Deck ST01-Straw Hat Crew #001 Monkey D. Luffy - Super Pre-Release (PSA 10 GEM MINT),1854.3,500+,true,held
2026-10-08T09:57:29.000Z,1994 Stadium Club #288 Dave Winfield - Golden Rainbow (PSA 8 NM-MT),11,0-25,true,sold_back
2026-10-08T09:57:29.000Z,1995 Studio #32 Manny Ramirez - Gold (PSA 9 MINT),10.5,0-25,true,sold_back
2026-10-08T09:57:29.000Z,2018 Bowman Trending Chrome #VG Vladimir Guerrero Jr. (PSA 10 GEM MINT),26.5,25-100,true,sold_back
2026-10-08T09:57:29.000Z,2023 Panini Donruss Optic #247 Anthony Richardson - Green Velocity (PSA 10 GEM MINT),12.7,0-25,true,sold_back
2026-10-08T09:57:29.000Z,2024 Bowman Draft #BD22 Konnor Griffin (PSA 8 NM-MT),13.6,0-25,true,sold_back
2026-10-08T09:57:30.000Z,Pokémon Scarlet & Violet Destined Rivals (1 Booster Pack - Art May Vary),10.7,0-25,true,sold_back
2026-10-08T09:57:33.000Z,Astral Radiance #182/189 Choy - Ultra Rare Holo (CGC 10 GEM MINT),23,0-25,true,sold_back
2026-10-08T09:57:35.000Z,2017 Black Star Promos - Sword & Shield #SWSH061 Pikachu V - Shining Fates Pikachu V Collection (Holo) (CGC 9 MINT),17.2,0-25,true,held
2026-10-08T09:57:38.000Z,2000 Pokémon Game Base II #12 Nidoqueen - Holo (PSA 6 EX-MT),23,0-25,true,sold_back
2026-10-08T09:57:38.000Z,2026 Topps Now Rising Stars #3 VJ Edgecombe (PSA 10 GEM MINT),57.5,25-100,true,sold_back
2026-10-08T09:57:45.000Z,2025 Mega Evolution - MEG EN #164/132 Mega Kangaskhan ex - Ultra Rare Holo (CGC 10 GEM MINT),19.2,0-25,true,sold_back
2026-10-08T09:57:53.000Z,2024 Pokémon Simplified Cs5a C-Gallant Galaxy: Charm #004 Charizard V - Holo (PSA 10 GEM MINT),70,25-100,true,sold_back
2026-10-08T09:57:54.000Z,2022 Bowman Draft Chrome Sapphire Edition #BDC190 Jett Williams (PSA 9 MINT),14.3,0-25,true,sold_back
2026-10-08T09:57:56.000Z,2026 One Piece OP14-EB04-the Azure Sea's Seven #119 Dracule Mihawk (PSA 10 GEM MINT),36.1,25-100,true,sold_back
2026-10-08T09:57:57.000Z,2026 Ninja Spinner - M4 #086/083 Froakie - Art Rare Holo (CGC 10 GEM MINT),13.5,0-25,true,sold_back
2026-10-08T09:58:00.000Z,2023 Panini Donruss #357 Puka Nacua (PSA 9 MINT),18,0-25,true,sold_back
2026-10-08T09:58:02.000Z,2022 VSTAR Universe #011/172 Leafeon V - Holo (CGC 10 GEM MINT),22.3,0-25,true,sold_back
2026-10-08T09:58:08.000Z,2003 Aquapolis #94/147 Miltank (CGC 10 GEM MINT),48.1,25-100,true,held
2026-10-08T09:58:12.000Z,1997 Rocket Gang Sleep! (CGC 8.5 NM-MT+),21.3,0-25,true,sold_back
2026-10-08T09:58:12.000Z,2025 White Flare - sv11W #098/086 Emboar - Art Rare Holo (CGC 10 PRISTINE),27.6,25-100,true,sold_back
2026-10-08T09:58:15.000Z,"Julia Maesa, AD 218-224/5 ROMAN EMPIRE AR Denarius SPQR Collection NGC VF",95,25-100,true,sold_back
2026-10-08T09:58:17.000Z,2025 Pokémon M2a-Mega Dream EX #199 Psyduck - Art Rare (PSA 10 GEM MINT),57.1,25-100,true,sold_back
2026-10-08T09:58:17.000Z,2025 Pokémon M2a-Mega Dream EX #245 Steven's Metagross EX - Holo Special Art Rare (PSA 10 GEM MINT),61.1,25-100,true,sold_back
2026-10-08T09:58:20.000Z,2025 Pokémon Sv11b-Black Bolt #094 Karrablast - Art Rare (PSA 10 GEM MINT),39.4,25-100,true,sold_back
2026-10-08T09:58:20.000Z,2026 One Piece OP14-EB04-the Azure Sea's Seven #020 Dracule Mihawk - Alternate Art (PSA 9 MINT),44.3,25-100,true,sold_back
2026-10-08T09:58:33.000Z,2023 Pokémon Clk-Trading Card Game Classic Blastoise & Suicune EX Deck #014 Mewtwo (PSA 10 GEM MINT),111.8,100-500,true,sold_back
2026-10-08T09:58:36.000Z,2022 VSTAR Universe #186/172 Diancie - Art Rare Holo (CGC 10 PRISTINE),19.1,0-25,true,sold_back
2026-10-08T09:58:36.000Z,2024 High Class Pack: Terastal Fest ex - sv8a #093/187 Umbreon ex - Holo (CGC 10 GEM MINT),19.1,0-25,true,sold_back
2026-10-08T09:58:36.000Z,2024 Panini Contenders #110 Ladd McConkey - Autograph (PSA 10 GEM MINT),94.3,25-100,true,sold_back
2026-10-08T09:58:42.000Z,2020 Bowman Draft #BD121 Spencer Torkelson (PSA 9 MINT),11.3,0-25,true,sold_back
2026-10-08T09:58:42.000Z,2023 Scarlet ex #079/078 Dolliv - Art Rare (CGC 10 PRISTINE),21,0-25,true,sold_back
2026-10-08T09:58:45.000Z,2025 Topps Stars of MLB #SMLB61 Nick Kurtz - Update (PSA 9 MINT),14.3,0-25,true,sold_back
2026-10-08T09:58:47.000Z,2021 Panini Donruss Optic #95 Justin Jefferson - Stars (PSA 9 MINT),18.5,0-25,true,sold_back
2026-10-08T09:58:48.000Z,2024 Paldean Fates - PAF EN #002/091 Forretress ex - Holo (CGC 9 MINT),12.6,0-25,true,sold_back
2026-10-08T09:58:56.000Z,2024-25 Topps Chrome UEFA Club Competitions Golazo #GZ29 Kevin de Bruyne - Blue Refractor (PSA 10 GEM MINT),78.8,25-100,true,sold_back
2026-10-08T09:58:57.000Z,2025 Pokémon Meg EN-Mega Evolution #155 Mega Venusaur EX - Holo Ultra Rare (PSA 10 GEM MINT),65.3,25-100,true,held
2026-10-08T09:58:59.000Z,1982 Topps #780 Pete Rose (PSA 7 NM),11.7,0-25,true,sold_back
2026-10-08T09:59:00.000Z,2021 VMAX Climax #126/184 Snorlax - Line Holo (CGC 10 PRISTINE),20.5,0-25,true,sold_back
2026-10-08T09:59:00.000Z,2026 One Piece Promos #096 Girl - The Azure Sea's Seven Release Event-Winner (PSA 10 GEM MINT),126.1,100-500,true,sold_back
2026-10-08T09:59:02.000Z,"Sicily, Syracuse GREEK COINAGE AE NGC ChF",95,25-100,true,sold_back
2026-10-08T09:59:05.000Z,2022 Battle Region #083/067 Starmie V - Character Super Rare Holo (CGC 9.5 MINT+),104.7,100-500,true,sold_back
2026-10-08T09:59:06.000Z,2019 Pokémon Sun & Moon Unbroken Bonds #195a Dedenne GX - Holo Full Art 2020 Yellow A Alternate Art Trainer's Toolkit (PSA 9 MINT),44.2,25-100,true,sold_back
2026-10-08T09:59:09.000Z,2019 Pokémon Sun & Moon Unbroken Bonds #120 Lucario & Melmetal GX - Holo (PSA 9 MINT),50.5,25-100,true,sold_back
2026-10-08T09:59:12.000Z,2021 Battle Styles #085/163 Single Strike Urshifu V - Holo (CGC 9 MINT),13,0-25,true,sold_back
2026-10-08T09:59:18.000Z,2024 Bowman Draft #BD22 Konnor Griffin (PSA 9 MINT),11.7,0-25,true,sold_back
2026-10-08T09:59:18.000Z,2024 Pokémon SV7-Stellar Miracle #131 Lacey - Special Art Rare (PSA 10 GEM MINT),78.3,25-100,true,sold_back
2026-10-08T09:59:27.000Z,2019 Panini Donruss Optic #180 Coby White - Purple Shock (PSA 9 MINT),13.5,0-25,true,sold_back
2026-10-08T09:59:27.000Z,2023 Pokémon Card 151 #171/165 Wartortle - Art Rare Holo (CGC 10 PRISTINE),52.5,25-100,true,held
2026-10-08T09:59:32.000Z,2025 Heat Wave Arena - sv9a #067/063 Crustle - Art Rare Holo (CGC 10 PRISTINE),15.7,0-25,true,sold_back
2026-10-08T09:59:36.000Z,2024 One Piece OP08-Two Legends #106 Nami - Alternate Art (PSA 10 GEM MINT),75.6,25-100,true,sold_back
2026-10-08T09:59:36.000Z,2025 Pokémon Pfl EN-Phantasmal Flames #105 Wigglytuff - Illustration Rare (PSA 10 GEM MINT),70.6,25-100,true,sold_back
2026-10-08T09:59:38.000Z,2023 Ruler of the Black Flame #113/108 Cleffa - Art Rare Holo (CGC 10 GEM MINT),23.7,0-25,true,sold_back
2026-10-08T09:59:39.000Z,2021 Topps All-Star Rookie Cup #48 Luis Robert (PSA 10 GEM MINT),11.6,0-25,true,sold_back
2026-10-08T09:59:44.000Z,2022 Panini Prizm #254 Bennedict Mathurin - Silver Prizm (PSA 9 MINT),11.9,0-25,true,sold_back
2026-10-08T09:59:48.000Z,2019 Old Maid (Red Back) Ditto (CGC 10 PRISTINE),13.3,0-25,true,held
2026-10-08T09:59:48.000Z,2024 Panini Instant WNBA Draft Night #DN3 Kamilla Cardoso (PSA 10 GEM MINT),20.8,0-25,true,sold_back
2026-10-08T09:59:50.000Z,2024 Stellar Miracle #109/102 Zeraora - Art Rare Holo (CGC 10 PRISTINE),22.9,0-25,true,sold_back
2026-10-08T09:59:51.000Z,2026 Pokémon Asc EN-Ascended Heroes #292 Iris's Fighting Spirit - Special Illustration Rare (PSA 10 GEM MINT),106,100-500,true,sold_back
2026-10-08T09:59:53.000Z,2024 Pokémon Twm EN-Twilight Masquerade #204 Carmine - Ultra Rare (PSA 9 MINT),17.7,0-25,true,sold_back
2026-10-08T09:59:54.000Z,2019 Old Maid (Red Back) Pikachu (CGC 10 PRISTINE),21.7,0-25,true,sold_back
2026-10-08T09:59:56.000Z,2024 One Piece Premium Card Collection -Live Action Edition #051 Shanks (PSA 10 GEM MINT),71.1,25-100,true,sold_back
2026-10-08T09:59:59.000Z,2020 Topps #392 Luis Robert (PSA 10 GEM MINT),10.6,0-25,true,sold_back
2026-10-08T10:00:06.000Z,2017 Black Star Promos - Sword & Shield #SWSH248 Kleavor V - Holo Kleavor VSTAR Premium Collection (CGC 9 MINT),17.2,0-25,true,sold_back
2026-10-08T10:00:09.000Z,"Marvel Presents #1 CGC 9.8 White Pages (Marvel Comics, 10/75) - Universal",235,100-500,true,sold_back
2026-10-08T10:00:09.000Z,"Strange Tales #134 CGC 6.0 Off-white Pages (Marvel Comics, 7/65) - Universal",69.741667,25-100,true,held
2026-10-08T10:00:14.000Z,1999 Base Set #54/102 Metapod - Shadowless Shadowless (CGC 5 EX),10.6,0-25,true,sold_back
2026-10-08T10:00:18.000Z,2025 Pokémon SV9-Battle Partners #102 Articuno - Art Rare (PSA 10 GEM MINT),44.6,25-100,true,held
2026-10-08T10:00:18.000Z,2025 Topps #558 Roki Sasaki (PSA 9 MINT),14.1,0-25,true,sold_back
2026-10-08T10:00:21.000Z,2024 One Piece Japanese Promos #041 Monkey D. Luffy - One Piece Emotion (PSA 10 GEM MINT),64,25-100,true,sold_back
2026-10-08T10:00:27.000Z,1992 Fleer #401 Shaquille O'Neal (PSA 8 NM-MT),31.2,25-100,true,sold_back
2026-10-08T10:00:29.000Z,2024 High Class Pack: Terastal Fest ex - sv8a #022/187 Flareon ex - Holo (CGC 10 PRISTINE),20,0-25,true,sold_back
2026-10-08T10:00:38.000Z,2019 Dream League #058 Mimikyu - Character Rare Holo (BGS 10 BLACK LABEL),4195.4,500+,true,sold_back
2026-10-08T10:00:38.000Z,2021 Pokémon Swsh Black Star Promo #177 Special Delivery Bidoof - Holo Bidoof Day (PSA 10 GEM MINT),3777.1,500+,true,sold_back
2026-10-08T10:00:38.000Z,2025 Mega Dream ex - M2a #228/193 Mega Lucario ex - Mega Attack Rare Holo (CGC 10 GEM MINT),19.3,0-25,true,sold_back
2026-10-08T10:00:41.000Z,2019 Topps Update #US62 Vladimir Guerrero Jr. (PSA 9 MINT),11.2,0-25,true,sold_back
2026-10-08T10:00:42.000Z,2024 Super Electric Breaker - sv8 #033/106 Pikachu ex - Holo (CGC 10 PRISTINE),23.6,0-25,true,sold_back
2026-10-08T10:00:44.000Z,2026 One Piece Promos #075 Monkey D. Luffy - Tin Pack Set Vol.2 (PSA 10 GEM MINT),43.1,25-100,true,redeemed
2026-10-08T10:00:48.000Z,2023 Pokémon Card 151 #024/165 Arbok ex - Holo (CGC 10 PRISTINE),18.1,0-25,true,sold_back
2026-10-08T10:00:48.000Z,2025 Pokémon Dri EN-Destined Rivals #213 Team Rocket's Mewtwo EX - Holo Ultra Rare (PSA 10 GEM MINT),102.4,100-500,true,held
2026-10-08T10:00:51.000Z,2025 Pokémon Meg EN-Mega Evolution #182 Mega Kangaskhan EX - Holo Special Illustration Rare (PSA 9 MINT),47.1,25-100,true,sold_back
2026-10-08T10:00:54.000Z,2025 Pokémon Pfl EN-Phantasmal Flames #013 Mega Charizard X EX - Holo (PSA 10 GEM MINT),68,25-100,true,sold_back
2026-10-08T10:00:56.000Z,2022 VSTAR Universe #185/172 Deoxys - Art Rare Holo (CGC 10 GEM MINT),20.9,0-25,true,sold_back
2026-10-08T10:00:57.000Z,2025 Topps Now #28 Cooper Flagg (PSA 9 MINT),18.7,0-25,true,held
2026-10-08T10:01:08.000Z,2025 Black Star Promos - Mega Evolution MEP EN #038 Charmander - First Partner Illustration Collection Series 1 (Holo) (CGC 9.5 MINT+),23.2,0-25,true,sold_back
2026-10-08T10:01:09.000Z,2020 Legendary Heartbeat #087/076 Coalossal VMAX - Hyper Rare Holo (CGC 10 PRISTINE),29.9,25-100,true,sold_back
2026-10-08T10:01:09.000Z,2022 Lost Origin #210/196 Thorton - Rainbow Rare Holo (CGC 10 GEM MINT),19.2,0-25,true,sold_back
2026-10-08T10:01:09.000Z,2025 Topps #201 Cooper Flagg (PSA 9 MINT),23.2,0-25,true,sold_back
2026-10-08T10:01:11.000Z,1976 Topps #305 John Riggins (PSA 5 EX),14.1,0-25,true,held
2026-10-08T10:01:11.000Z,Pokémon Scarlet & Violet Destined Rivals (1 Booster Pack - Art May Vary),10.7,0-25,true,held
2026-10-08T10:01:15.000Z,2021 Pokémon 25th Anniversary Collection #002 Mew (PSA 10 GEM MINT),53.4,25-100,true,held
2026-10-08T10:01:18.000Z,2024 Surging Sparks - SSP EN #235/191 Surfer - Ultra Rare Holo (CGC 10 GEM MINT),20.3,0-25,true,sold_back
2026-10-08T10:01:20.000Z,2025 Pokémon Dri EN-Destined Rivals #096 Team Rocket's Tyranitar - Pokemon Center Exclusive (PSA 9 MINT),37.7,25-100,true,sold_back
2026-10-08T10:01:33.000Z,2025 Bowman Chrome Mega Box Chrome Prospects #166 Cam Schlittler (PSA 9 MINT),76.7,25-100,true,sold_back
2026-10-08T10:01:38.000Z,2025 Mega Evolution - MEG EN #104/132 Mega Kangaskhan ex - Holo (CGC 10 GEM MINT),21.2,0-25,true,held
2026-10-08T10:01:39.000Z,2023 Pokémon Sv1v-Violet EX #080 Toedscool - Art Rare (PSA 10 GEM MINT),21.8,0-25,true,sold_back
2026-10-08T10:01:41.000Z,2019 Panini Chronicles Contenders Rookie Ticket #RT18 Mason Mount (PSA 10 GEM MINT),22.3,0-25,true,sold_back
2026-10-08T10:01:41.000Z,Pokémon Scarlet & Violet Destined Rivals (1 Booster Pack - Art May Vary),10.7,0-25,true,sold_back
2026-10-08T10:01:44.000Z,2025 One Piece Japanese Premium Card Collection -One Piece Day'25 Don!! Card (PSA 9 MINT),21.7,0-25,true,sold_back
2026-10-08T10:01:54.000Z,2025 Panini Select #54 Shedeur Sanders - Silver Prizm (PSA 9 MINT),20.1,0-25,true,sold_back
2026-10-08T10:01:57.000Z,Pokémon Scarlet & Violet Destined Rivals (1 Booster Pack - Art May Vary),10.7,0-25,true,sold_back
2026-10-08T10:02:03.000Z,Pokémon Sword & Shield Vivid Voltage (1 Booster Pack - Art May Vary),14,0-25,true,sold_back
2026-10-08T10:02:12.000Z,Pokémon Scarlet & Violet Destined Rivals (1 Booster Pack - Art May Vary),10.7,0-25,true,sold_back
2026-10-08T10:02:17.000Z,2025 One Piece OP11-A Fist of Divine Speed #057 Shirahoshi - Special Alternate Art (PSA 10 GEM MINT),190,100-500,true,redeemed
2026-10-08T10:02:29.000Z,Pokémon Scarlet & Violet Destined Rivals (1 Booster Pack - Art May Vary),10.7,0-25,true,held
2026-10-08T10:02:33.000Z,2023 Black Star Promos - Scarlet & Violet SVP EN #175 Espeon ex - Prismatic Evolutions Premium Figure Collection (Holo) (CGC 9 MINT),20.3,0-25,true,redeemed
2026-10-08T10:02:38.000Z,1999 Pokémon Fossil #60 Gambler - 1st Edition (PSA 9 MINT),103.8,100-500,true,sold_back
2026-10-08T10:02:39.000Z,2025 One Piece Tournament Pack Vol.3 #002 Sengoku - Winner (PSA 9 MINT),24.1,0-25,true,sold_back
2026-10-08T10:02:41.000Z,2019 Fusion Strike #266/264 Inteleon VMAX - Secret Rare Holo (CGC 9 MINT),22.3,0-25,true,sold_back
2026-10-08T10:02:48.000Z,Pokémon Scarlet & Violet Destined Rivals (1 Booster Pack - Art May Vary),10.7,0-25,true,sold_back
2026-10-08T10:02:57.000Z,2021 Evolving Skies #204/203 Leafeon VMAX - Rainbow Rare Holo (CGC 10 GEM MINT),39,25-100,true,sold_back
2026-10-08T10:03:00.000Z,2023 Violet ex #082/078 Slowpoke - Art Rare Holo (CGC 10 GEM MINT),23.9,0-25,true,sold_back
2026-10-08T10:03:11.000Z,Pokémon Scarlet & Violet Destined Rivals (1 Booster Pack - Art May Vary),10.7,0-25,true,sold_back
2026-10-08T10:03:18.000Z,2025 Inferno X - M2 #088/080 Flygon - Art Rare Holo (CGC 10 PRISTINE),18,0-25,true,sold_back
2026-10-08T10:03:21.000Z,2023 Raging Surf #070/062 Minior - Art Rare Holo (CGC 10 GEM MINT),18.4,0-25,true,sold_back
2026-10-08T10:03:29.000Z,2022 Pokémon Go #013 Numel - Reverse Foil Ditto (PSA 8 NM-MT),35.4,25-100,true,sold_back
2026-10-08T10:03:36.000Z,2016 Bowman Draft #BDC59 Jesus Luzardo - Chrome (PSA 9 MINT),11.3,0-25,true,sold_back
2026-10-08T10:03:41.000Z,2021 Chilling Reign #197/198 Peony - Ultra Rare Holo (CGC 9.5 MINT+),20.4,0-25,true,held
2026-10-08T10:03:44.000Z,2025 One Piece PRB02-Premium Booster -One Piece Card the Best- Vol.2 #107 Kozuki Momonosuke (PSA 10 GEM MINT),20.1,0-25,true,sold_back
2026-10-08T10:03:56.000Z,2025 Topps Chrome #263 Derik Queen - X-Fractor (PSA 8 NM-MT),11.5,0-25,true,sold_back
2026-10-08T10:04:02.000Z,2024 Prismatic Evolutions - PRE EN #064/131 Tyranitar ex - (Prismatic Evolutions Stamp) Lucario ex & Tyranitar ex Premi (Holo) (CGC 10 GEM MINT),18.5,0-25,true,sold_back
2026-10-08T10:04:09.000Z,2021 Pokémon Promo Card Pack 25th Anniversary Edition #017 Luxray GL LV.X - Holo (PSA 10 GEM MINT),34,25-100,true,held
2026-10-08T10:04:14.000Z,2025 Pokémon Meg EN-Mega Evolution #150 Steelix - Illustration Rare (PSA 10 GEM MINT),56.4,25-100,true,sold_back
2026-10-08T10:04:23.000Z,2021 Pokémon 25th Anniversary Collection #021 Surfing Pikachu V - Holo (PSA 10 GEM MINT),69.3,25-100,true,held
2026-10-08T10:04:26.000Z,2024 High Class Pack: Terastal Fest ex - sv8a #201/187 Teal Mask Ogerpon ex - Special Art Rare Holo (CGC 10 GEM MINT),20.1,0-25,true,sold_back
2026-10-08T10:04:29.000Z,2023 Ruler of the Black Flame #128/108 Pidgeot ex - Super Rare Holo (CGC 10 GEM MINT),18.5,0-25,true,held
2026-10-08T10:04:35.000Z,2016 Pokémon XY Steam Siege #112 M Gardevoir EX - Holo Full Art (PSA 6 EX-MT),39.9,25-100,true,sold_back
2026-10-08T10:04:36.000Z,2025 Phantasmal Flames - PFL EN #127/094 Mega Sharpedo ex - Special Illustration Rare (Holo) (CGC 10 GEM MINT),22.4,0-25,true,sold_back
2026-10-08T10:04:39.000Z,2023 Pokémon Svc-EX Starter Set: Pikachu & Pawmot #001 Pikachu EX - Holo (CGC 10 GEM MINT),18.9,0-25,true,sold_back
2026-10-08T10:04:44.000Z,1999 Jungle #6/64 Mr. Mime - Holo (CGC 7.5 NM+),32.1,25-100,true,held
2026-10-08T10:04:45.000Z,2000 Pokémon Neo 2 Promo #133 Eevee - Promo (PSA 10 GEM MINT),441.8,100-500,true,sold_back
2026-10-08T10:04:48.000Z,2019 TAG TEAM GX: Tag All Stars #067/173 Marshadow & Machamp GX - Holo (CGC 10 GEM MINT),22.2,0-25,true,sold_back
2026-10-08T10:04:53.000Z,2023 Black Star Promos - Scarlet & Violet SVP EN #125 Armarouge ex - Armarouge ex Premium Collection (Holo) (CGC 10 PRISTINE),24.1,0-25,true,sold_back
2026-10-08T10:04:53.000Z,2023 Pokémon Card 151 #174/165 Nidoking - Art Rare Holo (CGC 10 PRISTINE),31.1,25-100,true,held
2026-10-08T10:04:53.000Z,2024 Pokémon Sv8a-Terastal Fest EX #126 Eevee EX - Holo (PSA 10 GEM MINT),36.7,25-100,true,sold_back
2026-10-08T10:05:02.000Z,1999 Fossil #24/62 Kabutops - 1st Edition 1st Edition (CGC 9 MINT),51.1,25-100,true,sold_back
2026-10-08T10:05:05.000Z,2024 One Piece Premium Card Collection -Live Action Edition #048 Arlong (PSA 9 MINT),20.9,0-25,true,sold_back
2026-10-08T10:05:17.000Z,2021 Pokémon 25th Anniversary Collection #001 Pikachu - Full Art (PSA 10 GEM MINT),48.7,25-100,true,sold_back
2026-10-08T10:05:20.000Z,"2023 Trading Card Game Classic - CLF, CLL, CLK #017/032 Miltank - Charizard & Ho-Oh ex Deck - CLL Holo (CGC 10 PRISTINE)",20.1,0-25,true,sold_back
2026-10-08T10:05:21.000Z,1999 Upper Deck Century Legends Epic Milestones #EM5 Roger Clemens - Epic Milestones (PSA 10 GEM MINT),25,25-100,true,sold_back
2026-10-08T10:05:33.000Z,2021 VMAX Climax #187/184 Charizard - Character Rare Holo (CGC 10 PRISTINE),52.7,25-100,true,sold_back
2026-10-08T10:05:41.000Z,2025 Pokémon MC-Start Deck 100 Battle Collection #748 Marill (PSA 9 MINT),21.6,0-25,true,sold_back
2026-10-08T10:05:47.000Z,2025 Pokémon M2-Inferno X #094 Mega Charizard X EX - Holo Super Rare (PSA 10 GEM MINT),62.7,25-100,true,held
2026-10-08T10:05:47.000Z,2025 Pokémon M2a-Mega Dream EX #236 Iono's Bellibolt EX - Holo Special Art Rare (PSA 10 GEM MINT),48.3,25-100,true,sold_back
2026-10-08T10:05:53.000Z,1992 Hoops #30 Michael Jordan (CGC 9.5 MINT+),47,25-100,true,sold_back
2026-10-08T10:05:56.000Z,2021 Panini Hoops #3 Shai Gilgeous-Alexander (CGC 10 GEM MINT),23,0-25,true,sold_back
2026-10-08T10:05:57.000Z,2025 Black Star Promos - Mega Evolution MEP EN #030 Mega Charizard Y ex - Mega Charizard Tin (Holo) (CGC 10 GEM MINT),21.8,0-25,true,sold_back
2026-10-08T10:05:59.000Z,2023 Topps Stars of MLB #SMLB21 Shohei Ohtani (PSA 9 MINT),32.7,25-100,true,held
2026-10-08T10:05:59.000Z,2025 Panini Mosaic #279 Travis Hunter (PSA 9 MINT),16,0-25,true,held
2026-10-08T10:06:00.000Z,2016 Bowman Draft #BDC59 Jesus Luzardo - Chrome (PSA 9 MINT),11.3,0-25,true,held
2026-10-08T10:06:14.000Z,"2003 EX Dragon (2003 Copyright, w/ ""e"" Symbol) #11/97 Shedinja - Holo (CGC 9 MINT)",118.7,100-500,true,sold_back
2026-10-08T10:06:14.000Z,2023 Pokémon SV3-Ruler of the Black Flame #119 Pidgeotto - Art Rare (PSA 10 GEM MINT),52.4,25-100,true,held
2026-10-08T10:06:14.000Z,2023 Pokémon Svi EN-Scarlet & Violet #219 Bombirdier - Illustration Rare (PSA 9 MINT),21.7,0-25,true,sold_back
2026-10-08T10:06:20.000Z,2023 Pokémon Card 151 #169/165 Charmeleon - Art Rare Holo (CGC 9 MINT),18.4,0-25,true,held
2026-10-08T10:06:30.000Z,2024 Bowman University Chrome Sapphire #62 Sarah Strong (PSA 9 MINT),19.9,0-25,true,sold_back
2026-10-08T10:06:38.000Z,2025 Pokémon Sv11b-Black Bolt #131 Timburr - Art Rare (PSA 10 GEM MINT),49.7,25-100,true,sold_back
2026-10-08T10:06:39.000Z,1999 Fossil #54/62 Shellder (CGC 8.5 NM-MT+),13.5,0-25,true,sold_back
2026-10-08T10:06:44.000Z,2025 Mega Evolution - MEG EN #172/132 Mystery Garden - Ultra Rare Holo (CGC 10 PRISTINE),23.4,0-25,true,sold_back
2026-10-08T10:06:45.000Z,2020 Topps Chrome Bundesliga #64 Florian Wirtz (PSA 10 GEM MINT),35.6,25-100,true,sold_back
2026-10-08T10:06:50.000Z,1992 Topps #3 Michael Jordan (PSA 6 EX-MT),13.8,0-25,true,held
2026-10-08T10:06:53.000Z,2025 Gem Pack Volume 2 - CBB2C - Simplified #01 07/15 Eevee - Geometric Pattern Holo (CGC 10 PRISTINE),20.1,0-25,true,sold_back
2026-10-08T10:06:54.000Z,2025 Topps #558 Roki Sasaki (PSA 9 MINT),14.1,0-25,true,held
2026-10-08T10:07:00.000Z,2025 Inferno X - M2 #085/080 Piplup - Art Rare Holo (CGC 10 GEM MINT),12.7,0-25,true,held
2026-10-08T10:07:11.000Z,2019 Cosmic Eclipse #165/236 Mega Lopunny & Jigglypuff GX - Holo (CGC 6.5 EX-NM+),22.7,0-25,true,sold_back
2026-10-08T10:07:11.000Z,2023 Pokémon Cll-Trading Card Game Classic Charizard & HO-Oh EX Deck #002 Charmeleon (PSA 10 GEM MINT),57.8,25-100,true,sold_back
2026-10-08T10:07:15.000Z,2025 Pokémon Simplified CBB3 C-Gem Pack Vol 3 #07 Mimikyu (PSA 10 GEM MINT),81.4,25-100,true,sold_back
2026-10-08T10:07:18.000Z,2022 Pokémon Sword & Shield Incandescent Arcana #071 Jynx - Full Art (PSA 10 GEM MINT),37.4,25-100,true,sold_back
2026-10-08T10:07:20.000Z,Pokémon GO (1 Booster Pack - Art May Vary),17.5,0-25,true,held
2026-10-08T10:07:26.000Z,Pokémon Scarlet & Violet Destined Rivals (1 Booster Pack - Art May Vary),10.7,0-25,true,sold_back
2026-10-08T10:07:26.000Z,Pokémon Scarlet & Violet Twilight Masquerade - Sleeved (1 Booster Pack - Art May Vary),13.5,0-25,true,sold_back
2026-10-08T10:07:27.000Z,2023 Shiny Treasure ex #076/190 Mew ex - Holo (CGC 10 GEM MINT),13.1,0-25,true,held
2026-10-08T10:07:29.000Z,2025 Pokémon Meg EN-Mega Evolution #150 Steelix - Illustration Rare (PSA 10 GEM MINT),56.4,25-100,true,sold_back
2026-10-08T10:07:33.000Z,2023 Paradox Rift - PAR EN #003/182 Froslass ex - Holo (CGC 8.5 NM-MT+),11.2,0-25,true,held
2026-10-08T10:07:33.000Z,Pokemon Sword & Shield Astral Radiance (1 Booster Pack - Art May Vary),13.6,0-25,true,held
2026-10-08T10:07:53.000Z,2020 Panini La Liga Megacracks #430 Pedri (PSA 9 MINT),19.2,0-25,true,sold_back
2026-10-08T10:07:54.000Z,2024 Stellar Miracle #109/102 Zeraora - Art Rare Holo (CGC 10 PRISTINE),22.9,0-25,true,sold_back
2026-10-08T10:07:57.000Z,2024 High Class Pack: Terastal Fest ex - sv8a #069/187 Sylveon ex - Holo (CGC 10 GEM MINT),19.5,0-25,true,held
2026-10-08T10:07:59.000Z,2023 Pokémon Clf-Trading Card Game Classic Venusaur & Lugia EX Deck #002 Ivysaur (PSA 10 GEM MINT),54.7,25-100,true,sold_back
2026-10-08T10:08:03.000Z,2026 Heroines Edition (EB-03) - English #EB03-055 Nico Robin (CGC 10 PRISTINE),39.1,25-100,true,sold_back
2026-10-08T10:08:11.000Z,2023 Pokémon Simplified Csm2c C-Shining Synergy: Summon #094 Reshiram & Zekrom GX - Holo (PSA 9 MINT),36.3,25-100,true,sold_back
2026-10-08T10:08:15.000Z,"2023 Trading Card Game Classic - CLV, CLC, CLB #011/034 Electrode - Charizard & Ho-Oh ex Deck - CLC Holo (CGC 9.5 MINT+)",12.7,0-25,true,held
2026-10-08T10:08:15.000Z,2024 Surging Sparks - SSP EN #106/191 Flygon ex - Holo (CGC 9.5 MINT+),19.6,0-25,true,sold_back
2026-10-08T10:08:21.000Z,2021 Topps All-Star Rookie Cup #48 Luis Robert (PSA 10 GEM MINT),11.6,0-25,true,held
2026-10-08T10:08:21.000Z,"Ka-Zar Lord of the Savage Land #4 CGC 9.8 White Pages (Marvel Comics, 2/22) - Universal Rodriguez Variant Cover",25,25-100,true,sold_back
2026-10-08T10:08:24.000Z,2026 Pokémon M4-Ninja Spinner #103 Cinccino EX - Holo Super Rare (PSA 10 GEM MINT),100,100-500,true,sold_back
2026-10-08T10:08:26.000Z,2020 Topps #392 Luis Robert (PSA 10 GEM MINT),10.6,0-25,true,sold_back
2026-10-08T10:08:27.000Z,2025 Topps Chrome #61 Jackson Merrill - Gold Wave (PSA 9 MINT),25.5,25-100,true,sold_back
2026-10-08T10:08:32.000Z,2019 Topps Update #US62 Vladimir Guerrero Jr. (PSA 9 MINT),11.2,0-25,true,held
2026-10-08T10:08:45.000Z,2024 Crimson Haze #070/066 Infernape - Art Rare Holo (CGC 10 GEM MINT),14.1,0-25,true,held
2026-10-08T10:08:45.000Z,2025 Pokémon M2a-Mega Dream EX #211 Dreepy - Art Rare (PSA 10 GEM MINT),27,25-100,true,held
2026-10-08T10:08:45.000Z,2025 Topps Stars of MLB #SMLB77 Shohei Ohtani - Update (PSA 8 NM-MT),28.3,25-100,true,held
2026-10-08T10:08:47.000Z,1989 Topps Traded Tiffany #87T Eddie Murray (PSA 9 MINT),27.9,25-100,true,held
2026-10-08T10:08:47.000Z,2000 Gym Heroes #90/132 Misty's Staryu (CGC 10 PRISTINE),84.5,25-100,true,held
2026-10-08T10:08:50.000Z,2022 VSTAR Universe #199/172 Miltank - Art Rare Holo (CGC 10 PRISTINE),22.1,0-25,true,sold_back
2026-10-08T10:08:53.000Z,2018 Pokémon Sun & Moon Tag Bolt #019 Magikarp & Wailord GX - Holo (PSA 10 GEM MINT),114.7,100-500,true,held
2026-10-08T10:08:54.000Z,2022 Brilliant Stars #017/172 Charizard V - Holo (CGC 9 MINT),12.7,0-25,true,sold_back
2026-10-08T10:08:54.000Z,2022 Panini Crown Royale #85 Chet Holmgren (PSA 9 MINT),24.8,0-25,true,sold_back
2026-10-08T10:09:03.000Z,2025 Pokémon M2a-Mega Dream EX #223 Mega Charizard X EX - Holo Mega Attack Rare (PSA 10 GEM MINT),71.2,25-100,true,held
2026-10-08T10:09:05.000Z,1994 Stadium Club #288 Dave Winfield - Golden Rainbow (PSA 8 NM-MT),11,0-25,true,held
2026-10-08T10:09:09.000Z,1984 Fleer #215 Don Sutton (PSA 8 NM-MT),11.1,0-25,true,held
2026-10-08T10:09:09.000Z,2024 One Piece Japanese Starter Deck ST18-Purple Monkey D. Luffy #041 Monkey D. Luffy (PSA 9 MINT),18.9,0-25,true,sold_back
2026-10-08T10:09:26.000Z,2025 Bowman Chrome #30 Paul Skenes - Fuchsia Wave (PSA 8 NM-MT),26.2,25-100,true,held
2026-10-08T10:09:26.000Z,2025 White Flare - WHT EN #045/086 Jellicent ex - Holo (CGC 10 PRISTINE),13.3,0-25,true,sold_back
2026-10-08T10:09:29.000Z,2025 Pokémon Pfl EN-Phantasmal Flames #103 Toxtricity - Illustration Rare (PSA 10 GEM MINT),46.2,25-100,true,sold_back
2026-10-08T10:09:38.000Z,2023 Black Star Promos - Scarlet & Violet SVP EN #157 Zapdos - Surging Sparks 3-Pack Blister (Cosmos Holo) (CGC 8 NM-MT),13.6,0-25,true,held
2026-10-08T10:09:41.000Z,2023 Pokémon Swsh Black Star Promo #291 Lucario Vstar - Full Art Crown Zenith Elite Trainer Box (PSA 10 GEM MINT),108.3,100-500,true,sold_back
2026-10-08T10:09:44.000Z,Pokémon Scarlet & Violet Destined Rivals (1 Booster Pack - Art May Vary),10.7,0-25,true,sold_back
2026-10-08T10:09:45.000Z,2022 VSTAR Universe #185/172 Deoxys - Art Rare Holo (CGC 9 MINT),13.3,0-25,true,sold_back
2026-10-08T10:09:54.000Z,2024 Wild Force #080/071 Gastly - Art Rare Holo (CGC 10 GEM MINT),48.9,25-100,true,sold_back
2026-10-08T10:09:57.000Z,2025 Bowman Chrome Prospects #BCP22 JJ Wetherholt (PSA 9 MINT),19.8,0-25,true,sold_back
2026-10-08T10:10:00.000Z,2024 Panini Prizm Draft Picks #38 Angel Reese - Purple Prizm (PSA 7 NM),20,0-25,true,sold_back
2026-10-08T10:10:14.000Z,2025 Topps Black and White #51 Dylan Crews (PSA 10 GEM MINT),17.9,0-25,true,sold_back
2026-10-08T10:10:17.000Z,2023 Clay Burst #083/071 Farigiraf - Art Rare Holo (CGC 10 GEM MINT),12.3,0-25,true,held
2026-10-08T10:10:30.000Z,2020 Topps #392 Luis Robert (PSA 10 GEM MINT),10.6,0-25,true,sold_back
2026-10-08T10:10:30.000Z,2025 Destined Rivals - DRI EN #119/182 Team Rocket's Nidoking ex - Holo (CGC 10 GEM MINT),13.3,0-25,true,sold_back
2026-10-08T10:10:30.000Z,"Spider-Man and His Amazing Friends #1 CGC 8.0 White Pages (Marvel Comics, 12/81) - Newsstand Edition Universal",40.9,25-100,true,sold_back
2026-10-08T10:10:32.000Z,2025 One Piece Starter Deck ST21-EX Gear 5 #001 Monkey D. Luffy - Alternate Art (PSA 10 GEM MINT),179.8,100-500,true,sold_back
2026-10-08T10:10:36.000Z,2017 Black Star Promos - Sword & Shield #SWSH087 Eevee VMAX - Shining Fates Elite Trainer Box (Holo) (CGC 9 MINT),10.5,0-25,true,held
2026-10-08T10:10:44.000Z,2023 Pokémon Svi EN-Scarlet & Violet #245 Gardevoir EX - Holo Special Illustration Rare (PSA 9 MINT),77.7,25-100,true,sold_back
2026-10-08T10:10:44.000Z,2026 One Piece Japanese Premium Card Collection Kumamoto Prefecture Special Don!! Card - Brook (PSA 9 MINT),20.9,0-25,true,sold_back
2026-10-08T10:10:45.000Z,2019 Fusion Strike #261/264 Schoolboy - Ultra Rare Holo (CGC 9.5 MINT+),11.1,0-25,true,held
2026-10-08T10:10:48.000Z,2017 Black Star Promos - Sword & Shield #SWSH087 Eevee VMAX - Shining Fates Elite Trainer Box (Holo) (CGC 9 MINT),10.5,0-25,true,held
2026-10-08T10:10:50.000Z,2025 Black Bolt - BLK EN #067/086 Genesect ex - Holo (CGC 10 GEM MINT),11,0-25,true,held
2026-10-08T10:10:57.000Z,2022 Pokémon GO #015/071 Squirtle (CGC 9.5 MINT+),10.7,0-25,true,held
2026-10-08T10:10:59.000Z,2025 Pokémon M1l-Mega Brave #077 Mega Camerupt EX - Holo Super Rare (PSA 10 GEM MINT),21.3,0-25,true,sold_back
2026-10-08T10:11:00.000Z,1983 Topps #397 Pete Rose (PSA 9 MINT),23.9,0-25,true,sold_back
2026-10-08T10:11:00.000Z,2023 Pokémon Sv4m-Future Flash #074 Steelix - Art Rare (PSA 10 GEM MINT),59,25-100,true,held
2026-10-08T10:11:03.000Z,2021 Evolving Skies #095/203 Umbreon VMAX - Holo (CGC 8.5 NM-MT+),23.3,0-25,true,sold_back
2026-10-08T10:11:06.000Z,2000 Crossing the Ruins... Butterfree - Holo (CGC 9 MINT),79.5,25-100,true,sold_back
2026-10-08T10:11:09.000Z,1963 Topps #15 Andy Hebenton (PSA 8 NM-MT),57.9,25-100,true,sold_back
2026-10-08T10:11:11.000Z,Pokémon Scarlet & Violet Destined Rivals (1 Booster Pack - Art May Vary),10.7,0-25,true,sold_back
2026-10-08T10:11:17.000Z,2025 Topps #181 James Wood - Topps Foil (PSA 9 MINT),25.1,25-100,true,sold_back
2026-10-08T10:11:18.000Z,2023 Panini Prizm #365 DE'Von Achane - Blue Wave (PSA 10 GEM MINT),86.4,25-100,true,sold_back
2026-10-08T10:11:20.000Z,2020 Pokémon Sword & Shield Vivid Voltage #102 Zamazenta (PSA 10 GEM MINT),51.6,25-100,true,sold_back
2026-10-08T10:11:20.000Z,2025 Topps Match Attax Breakthrough Baller #BB-DH Dylan Harper (PSA 10 GEM MINT),87.4,25-100,true,sold_back
2026-10-08T10:11:20.000Z,Pokémon Scarlet & Violet Destined Rivals (1 Booster Pack - Art May Vary),10.7,0-25,true,sold_back
2026-10-08T10:11:23.000Z,2024 One Piece Promos #P Monkey D. Luffy - 2nd Anniversary Tournament (PSA 10 GEM MINT),77.3,25-100,true,sold_back
2026-10-08T10:11:36.000Z,1997 Pokémon Jungle Nidoran ♀ (CGC 8 NM-MT),13.6,0-25,true,held
2026-10-08T10:11:38.000Z,2024 Paradise Dragona - sv7a #073/064 Skarmory - Art Rare Holo (CGC 10 PRISTINE),20.5,0-25,true,sold_back
2026-10-08T10:11:38.000Z,2025 Black Bolt - sv11B #019/086 Volcarona - Holo (CGC 10 PRISTINE),26,25-100,true,sold_back
2026-10-08T10:11:38.000Z,Pokémon Scarlet & Violet Destined Rivals (1 Booster Pack - Art May Vary),10.7,0-25,true,held
2026-10-08T10:11:39.000Z,1979 O-Pee-Chee #101 Serge Savard (PSA 8 NM-MT),47.4,25-100,true,sold_back
2026-10-08T10:11:39.000Z,2024 Pokémon SV6-Transformation Mask #103 Dipplin - Art Rare (PSA 10 GEM MINT),22.8,0-25,true,sold_back
2026-10-08T10:11:41.000Z,Pokémon Scarlet & Violet Destined Rivals (1 Booster Pack - Art May Vary),10.7,0-25,true,held
2026-10-08T10:11:45.000Z,Pokémon Mega Dream EX (1 Booster Pack - Art May Vary),14,0-25,true,held
2026-10-08T10:11:51.000Z,2026 Pokémon Asc EN-Ascended Heroes #222 Ethan's Magcargo - Illustration Rare (PSA 10 GEM MINT),51.8,25-100,true,sold_back
2026-10-08T10:11:54.000Z,2024 One Piece Japanese Promos #006 Monkey D. Luffy - One Piece Day (PSA 10 GEM MINT),345.6,100-500,true,sold_back
2026-10-08T10:11:56.000Z,2023 Shiny Treasure ex #336/190 Wigglytuff ex - Shiny Super Rare Holo (CGC 10 GEM MINT),17.3,0-25,true,sold_back
2026-10-08T10:11:56.000Z,2023-24 Panini Donruss FIFA the Rookies #25 Lamine Yamal (PSA 8 NM-MT),31.2,25-100,true,held
2026-10-08T10:12:00.000Z,2023 Scarlet ex #084/078 Kirlia - Art Rare Holo (CGC 10 PRISTINE),42.3,25-100,true,held
2026-10-08T10:12:00.000Z,2025 Black Star Promos - Mega Evolution MEP EN #048 Totodile - First Partner Illustration Collection Series 2 (Holo) (CGC 10 PRISTINE),52.5,25-100,true,held
2026-10-08T10:12:09.000Z,2026 One Piece Japanese Premium Card Collection Kumamoto Prefecture Special Don!! Card - Sanji (PSA 9 MINT),21.1,0-25,true,sold_back
2026-10-08T10:12:11.000Z,2024 Pokémon SV8-Super Electric Breaker #108 Larvesta - Art Rare (PSA 10 GEM MINT),19,0-25,true,sold_back
2026-10-08T10:12:12.000Z,1963 Topps #14 Bob Leiter (PSA 8 NM-MT),39.3,25-100,true,sold_back
2026-10-08T10:12:21.000Z,2019 Panini Contenders Lottery Ticket #1 Zion Williamson (PSA 10 GEM MINT),18.5,0-25,true,sold_back
2026-10-08T10:12:41.000Z,2024 Panini Prizm Monopoly WNBA #39 Cameron Brink - Gold Millionaire Shimmer (PSA 10 GEM MINT),86.4,25-100,true,sold_back
2026-10-08T10:12:42.000Z,2024 One Piece OP09-Emperors in the New World #061 Monkey D. Luffy - Alternate Art (PSA 10 GEM MINT),200.8,100-500,true,sold_back
2026-10-08T10:12:44.000Z,2021 Eevee Heroes #015/069 Vaporeon V - Holo (CGC 10 PRISTINE),21,0-25,true,sold_back
2026-10-08T10:12:45.000Z,2025 Upper Deck #487 Michael Misa (PSA 8 NM-MT),36.4,25-100,true,sold_back
2026-10-08T10:12:48.000Z,2022 Pokémon Sword & Shield Start Deck 100 Corocoro Comic Version #007 Eevee V - Holo (PSA 10 GEM MINT),56.9,25-100,true,held
2026-10-08T10:12:48.000Z,2025 Panini Revolution #239 Shedeur Sanders (CGC 9.5 MINT+),27.5,25-100,true,held
2026-10-08T10:12:48.000Z,2026 Topps #200 Shohei Ohtani (PSA 9 MINT),21.7,0-25,true,sold_back
2026-10-08T10:12:59.000Z,2023 Pokémon Card 151 #025/165 Pikachu (CGC 10 GEM MINT),17,0-25,true,sold_back
2026-10-08T10:13:02.000Z,2016 Pokémon XY Black Star Promo #XY114 Darkrai - Full Art Mythical Pokemon Collection (PSA 8 NM-MT),167.5,100-500,true,sold_back
2026-10-08T10:13:08.000Z,2025 Pokémon M2a-Mega Dream EX #230 Mega Gengar EX - Holo Mega Attack Rare (PSA 10 GEM MINT),50.3,25-100,true,sold_back
2026-10-08T10:13:12.000Z,2023 Violet ex #082/078 Slowpoke - Art Rare Holo (CGC 9 MINT),18,0-25,true,held
2026-10-08T10:13:14.000Z,1990 O-Pee-Chee Premier #50 Jaromir Jagr (PSA 9 MINT),36.2,25-100,true,sold_back
2026-10-08T10:13:18.000Z,2017 Black Star Promos - Sword & Shield #SWSH291 Lucario VSTAR - Crown Zenith Elite Trainer Box (Holo) (CGC 10 GEM MINT),42.8,25-100,true,sold_back
2026-10-08T10:13:24.000Z,2025 One Piece Japanese Premium Card Collection -Best Selection Vol.4 #077 Gum-Gum Lightning (PSA 9 MINT),12.6,0-25,true,sold_back
2026-10-08T10:13:26.000Z,2021 Panini Select #27 Jalen Suggs - Blue Prizm (PSA 10 GEM MINT),24.3,0-25,true,sold_back
2026-10-08T10:13:29.000Z,2026 Topps Living #15 Kon Knueppel (PSA 9 MINT),19.3,0-25,true,sold_back
2026-10-08T10:13:30.000Z,2024 One Piece OP06-Wings of the Captain #091 Rebecca - Special Alternate Art (PSA 10 GEM MINT),183.4,100-500,true,sold_back
2026-10-08T10:13:30.000Z,"Marvel Fanfare #2 CGC 9.8 White Pages (Marvel Comics, 5/82) - Universal",185,100-500,true,sold_back
2026-10-08T10:13:39.000Z,Pokémon Scarlet & Violet Destined Rivals (1 Booster Pack - Art May Vary),10.7,0-25,true,held
2026-10-08T10:13:42.000Z,1991 Topps #523 Mario Lemieux (PSA 10 GEM MINT),42.3,25-100,true,sold_back
2026-10-08T10:13:44.000Z,2023 Pokémon Sv2d-Clay Burst #079 Tyranitar - Art Rare (PSA 10 GEM MINT),53,25-100,true,sold_back
2026-10-08T10:13:48.000Z,2019 TAG TEAM GX Starter Set #010/031 Umbreon & Darkrai GX - Umbreon & Darkrai GX Deck Holo (CGC 10 GEM MINT),51,25-100,true,sold_back
2026-10-08T10:13:48.000Z,2021 Pokémon Sword & Shield Evolving Skies #186 Medicham V - Holo Full Art (PSA 9 MINT),29.6,25-100,true,sold_back
2026-10-08T10:13:50.000Z,2023 One Piece Japanese Promos #035 Monkey D. Luffy - Meetup Event Participation (PSA 9 MINT),13.8,0-25,true,sold_back
2026-10-08T10:13:56.000Z,2023 Panini Prizm #365 DE'Von Achane - Silver Prizm (PSA 9 MINT),19.7,0-25,true,sold_back
2026-10-08T10:13:56.000Z,2026 One Piece Japanese Premium Card Collection Kumamoto Prefecture Special Don!! Card - Sanji (PSA 9 MINT),21.1,0-25,true,sold_back
2026-10-08T10:14:06.000Z,"Daredevil #204 CGC 9.8 White Pages (Marvel Comics, 3/84) - Universal",60.2,25-100,true,sold_back
2026-10-08T10:14:12.000Z,2024 Cyber Judge #075/071 Litten - Art Rare Holo (CGC 9 MINT),10.5,0-25,true,sold_back
2026-10-08T10:14:12.000Z,Pokémon Scarlet & Violet Destined Rivals (1 Booster Pack - Art May Vary),10.7,0-25,true,sold_back
2026-10-08T10:14:14.000Z,2022 Pokémon GO #055/071 Radiant Eevee - Holo (CGC 10 GEM MINT),25.2,25-100,true,sold_back
2026-10-08T10:14:15.000Z,2023 Crown Zenith #120/159 Greedent V - Holo (CGC 10 GEM MINT),13.2,0-25,true,sold_back
2026-10-08T10:14:15.000Z,"Superman Adventures #21 CGC 9.6 White Pages (DC Comics, 7/98) - Universal",194,100-500,true,sold_back
2026-10-08T10:14:17.000Z,2025 White Flare - sv11W #155/086 Stoutland - Art Rare Holo (CGC 10 PRISTINE),33.9,25-100,true,sold_back
2026-10-08T10:14:21.000Z,Pokémon Japanese Sun & Moon Thunderclap Spark (1 Booster Pack - Art May Vary),24,0-25,true,sold_back
2026-10-08T10:14:29.000Z,2023 Paldea Evolved - PAL EN #098/193 Ceruledge - Armarouge ex Premium Collection (Cosmos Holo) (CGC 10 GEM MINT),11.2,0-25,true,sold_back
2026-10-08T10:14:32.000Z,2021 Battle Styles #109/163 Corviknight V - Holo (CGC 10 GEM MINT),20.6,0-25,true,sold_back
2026-10-08T10:14:32.000Z,2025 Mega Dream ex - M2a #227/193 Mega Diancie ex - Mega Attack Rare Holo (CGC 10 GEM MINT),17.9,0-25,true,sold_back
2026-10-08T10:14:32.000Z,2025 Pokémon Mbd-Mega Starter Set Mega Diancie EX #022 Meloetta (PSA 10 GEM MINT),34.4,25-100,true,sold_back
2026-10-08T10:14:32.000Z,2026 Pokémon M3-Nullifying Zero #111 Mega Starmie EX - Holo Special Art Rare (PSA 10 GEM MINT),40.2,25-100,true,held
2026-10-08T10:14:33.000Z,2022 VSTAR Universe #234/172 Hisuian Zoroark VSTAR - Special Art Rare Holo (CGC 10 PRISTINE),70.7,25-100,true,sold_back
2026-10-08T10:14:35.000Z,2025 Topps Now #7 Dylan Harper/6491* (BGS 9.5 GEM MINT),33,25-100,true,sold_back
2026-10-08T10:14:45.000Z,2024 Pokémon Sv6a-Night Wanderer #075 Persian - Art Rare (PSA 10 GEM MINT),52.5,25-100,true,sold_back
2026-10-08T10:14:50.000Z,2021 Pokémon Sword & Shield Vmax Climax #191 Octillery - Full Art (PSA 10 GEM MINT),40.4,25-100,true,held
2026-10-08T10:14:50.000Z,2024 Super Electric Breaker - sv8 #114/106 Mesprit - Art Rare Holo (CGC 9 MINT),11,0-25,true,held
2026-10-08T10:14:54.000Z,2025 McDonald's Collection - M24 EN #014/015 Rayquaza (CGC 10 GEM MINT),63,25-100,true,held
2026-10-08T10:14:54.000Z,Astral Radiance #050/189 Luxray V - Holo (CGC 9 MINT),18.2,0-25,true,sold_back
2026-10-08T10:15:02.000Z,2024 Panini Select Premier League #17 Leif Davis (CGC 10 GEM MINT),10.5,0-25,true,sold_back
2026-10-08T10:15:02.000Z,2024 Topps Cosmic Chrome #139 Wyatt Langford (PSA 9 MINT),24.5,0-25,true,sold_back
2026-10-08T10:15:03.000Z,2025 Pokémon SV10-Glory of Team Rocket #100 Team Rocket's Houndoom - Art Rare (PSA 10 GEM MINT),37.6,25-100,true,sold_back
2026-10-08T10:15:03.000Z,2025 White Flare - sv11W #092/086 Sawsbuck - Art Rare Holo (CGC 10 PRISTINE),27.8,25-100,true,sold_back
2026-10-08T10:15:14.000Z,2022 Topps Chrome Ben Baller #1 Shohei Ohtani (PSA 9 MINT),91.7,25-100,true,sold_back
2026-10-08T10:15:23.000Z,2022 Bowman Draft #BD168 Jackson Holliday (PSA 10 GEM MINT),19.2,0-25,true,sold_back
2026-10-08T10:15:23.000Z,2025 Gem Pack Volume 2 - CBB2C - Simplified #05 07/14 Espeon - Geometric Pattern Holo (CGC 10 PRISTINE),18.7,0-25,true,sold_back
2026-10-08T10:15:29.000Z,"1st Issue Special #8 CGC 9.6 White Pages (DC Comics, 11/75) - Universal",200.928,100-500,true,sold_back
2026-10-08T10:15:41.000Z,1959 Topps #543 Corsair Outfield Trio - Skinner/Virdon/Clemente (PSA 6 EX-MT),86.1,25-100,true,sold_back
2026-10-08T10:15:41.000Z,2025 Pokémon M2a-Mega Dream EX #230 Mega Gengar EX - Holo Mega Attack Rare (PSA 10 GEM MINT),50.3,25-100,true,sold_back
2026-10-08T10:15:45.000Z,2022 Incandescent Arcana #023/068 Alolan Vulpix VSTAR - Holo (CGC 10 GEM MINT),19.9,0-25,true,sold_back
2026-10-08T10:15:48.000Z,2023 Obsidian Flames - OBF EN #164/197 Pidgeot ex - Holo (CGC 10 GEM MINT),20,0-25,true,sold_back
2026-10-08T10:15:48.000Z,2025 Mega Brave - M1L #076/063 Mega Venusaur ex - Super Rare Holo (CGC 10 GEM MINT),20.3,0-25,true,sold_back
2026-10-08T10:15:53.000Z,2024 Pokémon SV-P Promo #190 Pikachu in Batik Shirt - Pikachu's Indonesia Journey Campaign (PSA 10 GEM MINT),86.7,25-100,true,sold_back
2026-10-08T10:15:54.000Z,1992 Topps #45 Gary Carter (PSA 10 GEM MINT),24.9,0-25,true,sold_back
2026-10-08T10:15:59.000Z,2024 Super Electric Breaker - sv8 #023/106 Scovillain ex - Holo (CGC 10 GEM MINT),12.9,0-25,true,sold_back
2026-10-08T10:15:59.000Z,2026 One Piece Promos #108 Donquixote Rosinante - Illustration Box Vol.6 (PSA 10 GEM MINT),29.5,25-100,true,sold_back
2026-10-08T10:15:59.000Z,Pokémon Sword & Shield Lost Origin (1 Booster Pack - Art May Vary),22.6,0-25,true,sold_back
2026-10-08T10:16:02.000Z,2023 Paldea Evolved - PAL EN #098/193 Ceruledge - Armarouge ex Premium Collection (Cosmos Holo) (CGC 10 GEM MINT),11.2,0-25,true,held
2026-10-08T10:16:03.000Z,2009 Supreme Victors #35/147 Milotic C - Pokémon League (Crosshatch Holo) (CGC 10 GEM MINT),58,25-100,true,sold_back
2026-10-08T10:16:08.000Z,1963 Topps #444 Jim Maloney (PSA 8 NM-MT),84.2,25-100,true,sold_back
2026-10-08T10:16:17.000Z,2022 Pokémon Go #056 Snorlax - Holo (PSA 10 GEM MINT),72.6,25-100,true,held
2026-10-08T10:16:17.000Z,"2023 Trading Card Game Classic - CLV, CLC, CLB #002/034 Charmeleon - Charizard & Ho-Oh ex Deck - CLC Holo (CGC 10 GEM MINT)",20.1,0-25,true,sold_back
2026-10-08T10:16:21.000Z,2017 Black Star Promos - Sword & Shield #SWSH136 Mimikyu ´ - Celebrations (Holo) (CGC 9.5 MINT+),32.6,25-100,true,sold_back
2026-10-08T10:16:23.000Z,2018 GX Ultra Shiny #097/150 Altaria - Holo (CGC 9 MINT),12.9,0-25,true,sold_back
2026-10-08T10:16:27.000Z,2000 Neo Genesis #1/111 Ampharos - Holo (CGC 7.5 NM+),84.1,25-100,true,sold_back
2026-10-08T10:16:27.000Z,2021 Shining Fates #017/072 Reshiram - Amazing Rare Holo (CGC 10 GEM MINT),18.4,0-25,true,sold_back
2026-10-08T10:16:27.000Z,2024 Pokémon Svp EN-SV Black Star Promo #075 Mimikyu - Paldean Fates Elite Trainer Box (PSA 8 NM-MT),18.5,0-25,true,held
2026-10-08T10:16:27.000Z,2026 Pokémon M3-Nullifying Zero #084 Aurorus - Art Rare (PSA 10 GEM MINT),22.7,0-25,true,held
2026-10-08T10:16:32.000Z,2024 Prismatic Evolutions - PRE EN #006/131 Leafeon ex - Surprise Box (Prismatic Evolutions Stamp) (Holo) (CGC 9 MINT),12,0-25,true,sold_back
2026-10-08T10:16:32.000Z,Pokémon Scarlet & Violet Destined Rivals (1 Booster Pack - Art May Vary),10.7,0-25,true,sold_back
2026-10-08T10:16:39.000Z,2025 Pokémon Jtg EN-Journey Together #183 Iono's Bellibolt EX - Holo Special Illustration Rare (PSA 10 GEM MINT),89.3,25-100,true,held
2026-10-08T10:16:47.000Z,2025 Topps Now #884 Shohei Ohtani (PSA 9 MINT),22.4,0-25,true,sold_back
2026-10-08T10:16:56.000Z,2023 One Piece Japanese Promos #035 Monkey D. Luffy - Meetup Event Participation (PSA 9 MINT),13.8,0-25,true,sold_back
2026-10-08T10:16:57.000Z,2006 EX Legend Maker #55/92 Growlithe (CGC 10 GEM MINT),87.4,25-100,true,held
2026-10-08T10:16:57.000Z,2024 Journey Together - JTG EN #114/159 Salamence ex - Holo (CGC 10 GEM MINT),11.5,0-25,true,sold_back
2026-10-08T10:17:00.000Z,2025 Pokémon Pfl EN-Phantasmal Flames #013 Mega Charizard X EX - Holo (PSA 10 GEM MINT),68,25-100,true,sold_back
2026-10-08T10:17:02.000Z,2025 Topps Chrome Rock Stars #RS-11 Magic Johnson (PSA 9 MINT),73.9,25-100,true,sold_back
2026-10-08T10:17:03.000Z,2021 Pokémon Sword & Shield Vmax Climax #120 Rayquaza Vmax - Full Art (PSA 9 MINT),22.9,0-25,true,sold_back
2026-10-08T10:17:05.000Z,2020 Vivid Voltage #082/185 Zacian - Amazing Rare Holo (CGC 10 GEM MINT),23,0-25,true,sold_back
2026-10-08T10:17:09.000Z,1966 Topps #43 Don Landrum - Partial Button on Pants (PSA 7 NM),210.6,100-500,true,sold_back
2026-10-08T10:17:09.000Z,2021 Panini Donruss Optic #95 Justin Jefferson - Stars (PSA 9 MINT),18.5,0-25,true,sold_back
2026-10-08T10:17:18.000Z,1999 Base Set #54/102 Metapod - Shadowless Shadowless (CGC 5 EX),10.6,0-25,true,sold_back
2026-10-08T10:17:18.000Z,2025 Inferno X - M2 #088/080 Flygon - Art Rare Holo (CGC 10 GEM MINT),11.5,0-25,true,sold_back
2026-10-08T10:17:21.000Z,2021 Battle Styles #085/163 Single Strike Urshifu V - Holo (CGC 9 MINT),13,0-25,true,sold_back
2026-10-08T10:17:23.000Z,2024 Paldean Fates - PAF EN #167/091 Tinkaton - Shiny Rare Holo (CGC 10 GEM MINT),40,25-100,true,sold_back
2026-10-08T10:17:26.000Z,"1999 Gold, Silver, to a New World Jumpluff - Holo (CGC 8.5 NM-MT+)",18.5,0-25,true,held
2026-10-08T10:17:27.000Z,1996 Base Set Nidoking - Holo (CGC 5.5 EX+),18.4,0-25,true,sold_back
2026-10-08T10:17:33.000Z,Pokémon Celebrations (1 Booster Pack - Art May Vary),37.9,25-100,true,sold_back
2026-10-08T10:17:35.000Z,2022 Lost Origin #137/196 Pidgeot V - Holo (CGC 10 GEM MINT),18.4,0-25,true,sold_back
2026-10-08T10:17:35.000Z,2023 Snow Hazard #080/071 Sudowoodo - Art Rare Holo (CGC 10 GEM MINT),22.6,0-25,true,sold_back
2026-10-08T10:17:36.000Z,2000 Crossing the Ruins... Hoppip (CGC 9.5 MINT+),19.7,0-25,true,sold_back
2026-10-08T10:17:36.000Z,2020 Pokémon Sword & Shield Shiny Star V #071 Gengar - Holo (PSA 10 GEM MINT),84.7,25-100,true,sold_back
2026-10-08T10:17:44.000Z,Pokémon Sword & Shield Evolving Skies (1 Booster Pack - Art May Vary),51.6,25-100,true,sold_back
2026-10-08T10:17:45.000Z,2024 High Class Pack: Terastal Fest ex - sv8a #207/187 Palafin ex - Special Art Rare Holo (CGC 10 PRISTINE),29.2,25-100,true,sold_back
2026-10-08T10:17:45.000Z,2025 Pokémon M1l-Mega Brave #064 Bulbasaur - Art Rare (PSA 10 GEM MINT),48,25-100,true,sold_back
2026-10-08T10:17:47.000Z,1952 Topps #104 Don Kolloway (PSA 7 NM),232,100-500,true,sold_back
2026-10-08T10:17:53.000Z,2025 Pokémon Pre EN-Prismatic Evolutions #151 Palafin EX - Holo Special Illustration Rare (PSA 9 MINT),45.7,25-100,true,sold_back
2026-10-08T10:17:54.000Z,Pokémon Celebrations (1 Booster Pack - Art May Vary),37.9,25-100,true,sold_back
2026-10-08T10:17:56.000Z,2024 Panini Prizm Monopoly WNBA #65 Caitlin Clark (PSA 9 MINT),30.8,25-100,true,held
2026-10-08T10:18:02.000Z,2026 Topps Now Rising Stars #3 VJ Edgecombe (PSA 10 GEM MINT),57.5,25-100,true,sold_back
2026-10-08T10:18:03.000Z,1989 Topps Traded #80T Carnell Lake (PSA 9 MINT),20.9,0-25,true,sold_back
2026-10-08T10:18:03.000Z,2023 Pokémon Svp EN-SV Black Star Promo #051 Snorlax - 151 Elite Trainer Box (PSA 8 NM-MT),29.5,25-100,true,sold_back
2026-10-08T10:18:06.000Z,2023 Obsidian Flames - OBF EN #199/197 Ninetales - Illustration Rare Holo (CGC 10 GEM MINT),112,100-500,true,sold_back
2026-10-08T10:18:08.000Z,2024 Pokémon SV-P Promo #197 Pikachu - Gym Event Campaign (PSA 10 GEM MINT),61.8,25-100,true,sold_back
2026-10-08T10:18:09.000Z,2020 Panini Chronicles Donruss Rated Rookies La Liga #3 Yunus Musah - Purple Astro (PSA 9 MINT),15.2,0-25,true,sold_back
2026-10-08T10:18:09.000Z,2025 One Piece Japanese Premium Card Collection -Best Selection Vol.4 #095 Laffitte (PSA 9 MINT),12.5,0-25,true,sold_back
2026-10-08T10:18:11.000Z,2025 Pokémon Sv11w-White Flare #148 Klinklang - Art Rare (PSA 10 GEM MINT),23.6,0-25,true,sold_back
2026-10-08T10:18:14.000Z,2025 Gem Pack Volume 2 - CBB2C - Simplified #05 05/14 Espeon - Stars Holo (CGC 9 MINT),11.6,0-25,true,sold_back
2026-10-08T10:18:15.000Z,2024 High Class Pack: Terastal Fest ex - sv8a #093/187 Umbreon ex - Holo (CGC 9.5 MINT+),12.6,0-25,true,held
2026-10-08T10:18:17.000Z,2021 Celebrations #013/025 Cosmog - Holo (CGC 10 GEM MINT),20.3,0-25,true,sold_back
2026-10-08T10:18:17.000Z,2026 Topps Living #11 Cooper Flagg (CGC 10 PRISTINE),74.1,25-100,true,sold_back
2026-10-08T10:18:26.000Z,2022 Brilliant Stars #152/172 Shaymin V - Ultra Rare Holo (CGC 10 PRISTINE),80,25-100,true,sold_back
2026-10-08T10:18:29.000Z,2025 Pokémon M1s-Mega Symphonia #075 Stufful - Art Rare (PSA 10 GEM MINT),38.1,25-100,true,sold_back
2026-10-08T10:18:30.000Z,2026 Pokémon Asc EN-Ascended Heroes #228 Weavile - Illustration Rare (PSA 10 GEM MINT),49.9,25-100,true,sold_back
2026-10-08T10:18:35.000Z,Pokémon Scarlet & Violet Destined Rivals (1 Booster Pack - Art May Vary),10.7,0-25,true,sold_back
2026-10-08T10:18:39.000Z,2022 Bowman Mega Box Chrome #45 Julio Rodriguez (PSA 10 GEM MINT),18,0-25,true,sold_back
2026-10-08T10:18:39.000Z,2024 Wild Force #047/071 Gengar ex - Holo (CGC 10 GEM MINT),23.4,0-25,true,sold_back
2026-10-08T10:18:42.000Z,2023 Pokémon Mew EN-151 #175 Psyduck - Illustration Rare (PSA 9 MINT),71.3,25-100,true,sold_back
2026-10-08T10:18:51.000Z,2025 Pokémon Sv11b-Black Bolt #131 Timburr - Art Rare (PSA 10 GEM MINT),49.7,25-100,true,sold_back
2026-10-08T10:18:53.000Z,2022 Pokémon SV Promo #001 Pikachu - Scarlet & Violet Pre-Order (PSA 10 GEM MINT),103.8,100-500,true,sold_back
2026-10-08T10:18:54.000Z,2024 High Class Pack: Terastal Fest ex - sv8a #069/187 Sylveon ex - Holo (CGC 10 PRISTINE),21.3,0-25,true,sold_back
2026-10-08T10:18:57.000Z,2025 One Piece Promos #073 Monkey D. Luffy - Bandai Card Games Fest (PSA 10 GEM MINT),182.3,100-500,true,sold_back
2026-10-08T10:19:02.000Z,2025 Topps Companion Cards #CC-13 Kon Knueppel (PSA 9 MINT),42,25-100,true,sold_back
2026-10-08T10:19:05.000Z,2025 Black Star Promos - Mega Evolution MEP EN #024 Oricorio ex - Mega Charizard X ex Ultra Premium Collection (Holo) (CGC 10 PRISTINE),73.6,25-100,true,sold_back
2026-10-08T10:19:08.000Z,2000 Crossing the Ruins... Tyranitar - Holo (CGC 8.5 NM-MT+),92.4,25-100,true,held
2026-10-08T10:19:09.000Z,2020 Shiny Star V #296/190 Bunnelby - Shiny Rare Holo (CGC 10 GEM MINT),19.3,0-25,true,sold_back
2026-10-08T10:19:14.000Z,"2023 Trading Card Game Classic - CLF, CLL, CLK #002/032 Wartortle - Blastoise & Suicune ex Deck - CLK Holo (CGC 10 GEM MINT)",21.1,0-25,true,sold_back
2026-10-08T10:19:18.000Z,2016 Pokémon XY Black Star Promo #XY124 Pikachu EX - Holo Full Art Red & Blue Collection (PSA 6 EX-MT),394.9,100-500,true,sold_back
2026-10-08T10:19:23.000Z,2025 Mega Dream ex - M2a #246/193 Mega Dragonite ex - Special Art Rare Holo (CGC 9.5 MINT+),189.9,100-500,true,sold_back
2026-10-08T10:19:24.000Z,2023 Black Star Promos - Scarlet & Violet SVP EN #087 Sprigatito ex - Adventure Chest (Holo) (CGC 10 GEM MINT),17.4,0-25,true,sold_back
2026-10-08T10:19:33.000Z,2019 Old Maid (Red Back) Squirtle (CGC 10 PRISTINE),19.2,0-25,true,sold_back
2026-10-08T10:19:33.000Z,2024 Pokémon Simplified Cs5a C-Gallant Galaxy: Charm #001 Charmander (PSA 10 GEM MINT),55.8,25-100,true,sold_back
2026-10-08T10:19:38.000Z,2000 Topps Chrome Pokémon T.V. #59 Arcanine (PSA 6 EX-MT),26.2,25-100,true,sold_back
2026-10-08T10:19:39.000Z,2023 Pokémon SV-P Promo #120 Pikachu - Gym Event Campaign (PSA 10 GEM MINT),66.8,25-100,true,held
2026-10-08T10:19:42.000Z,2025 Black Bolt - sv11B #159/086 Serperior ex - Super Rare Holo (CGC 10 GEM MINT),23,0-25,true,held
2026-10-08T10:19:44.000Z,2023 Pokémon Clf-Trading Card Game Classic Venusaur & Lugia EX Deck #002 Ivysaur (PSA 10 GEM MINT),54.7,25-100,true,held
2026-10-08T10:19:48.000Z,"Empyre: Fallout Fantastic Four #1 CGC 9.8 White Pages (Marvel Comics, 11/20) - Universal Ross Variant Cover",52.376,25-100,true,sold_back
2026-10-08T10:19:50.000Z,2025 Phantasmal Flames - PFL EN #127/094 Mega Sharpedo ex - Special Illustration Rare (Holo) (CGC 9.5 MINT+),22.6,0-25,true,sold_back
2026-10-08T10:19:50.000Z,2026 Pokémon Asc EN-Ascended Heroes #257 Canari - Ultra Rare (PSA 10 GEM MINT),49.6,25-100,true,sold_back
2026-10-08T10:19:53.000Z,2025 Upper Deck #224 Quinn Hutson (PSA 9 MINT),14.8,0-25,true,sold_back
2026-10-08T10:20:11.000Z,2025 Royal Blood (OP10) - English #OP10-037 Lim - (Borderless) Alt Art (CGC 10 GEM MINT),12.2,0-25,true,sold_back
2026-10-08T10:20:12.000Z,2021 VMAX Climax #126/184 Snorlax - Line Holo (CGC 10 PRISTINE),20.5,0-25,true,sold_back
2026-10-08T10:20:14.000Z,1923 One Dollar NGC MS66,425,100-500,true,sold_back
2026-10-08T10:20:17.000Z,2025 Pokémon Sv11b-Black Bolt #116 Emolga - Art Rare (PSA 10 GEM MINT),42.1,25-100,true,sold_back
2026-10-08T10:20:26.000Z,2026 Pokémon Asc EN-Ascended Heroes #280 Lillie's Clefairy EX - Holo Special Illustration Rare (PSA 9 MINT),128.4,100-500,true,sold_back
2026-10-08T10:20:30.000Z,2023 Pokémon Sword and Shield Crown Zenith #GG43 Zeraora Vstar - Full Art (PSA 10 GEM MINT),130.8,100-500,true,held
2026-10-08T10:20:32.000Z,2022 One Piece OP01-Romance Dawn #120 Shanks (PSA 10 GEM MINT),81.2,25-100,true,sold_back
2026-10-08T10:20:32.000Z,2022 VSTAR Universe #014/172 Charizard VSTAR - Holo (CGC 10 GEM MINT),22.7,0-25,true,sold_back
2026-10-08T10:20:32.000Z,2025 One Piece Starter Deck ST21-EX Gear 5 #001 Monkey D. Luffy - Alternate Art (PSA 10 GEM MINT),179.8,100-500,true,sold_back
2026-10-08T10:20:32.000Z,2025 White Flare - WHT EN #005/086 Whimsicott ex - Holo (CGC 10 GEM MINT),12.6,0-25,true,sold_back
2026-10-08T10:20:32.000Z,"Sandman #1 CGC 5.0 Off-white to White Pages (DC Comics, Winter 1974) - Universal",56,25-100,true,sold_back
2026-10-08T10:20:33.000Z,Pokémon Scarlet & Violet Destined Rivals (1 Booster Pack - Art May Vary),10.7,0-25,true,sold_back
2026-10-08T10:20:36.000Z,1993 Topps #98 Derek Jeter (PSA 8 NM-MT),22.6,0-25,true,sold_back
2026-10-08T10:20:36.000Z,2021 Pokémon Sword & Shield Vmax Climax #120 Rayquaza Vmax - Full Art (PSA 10 GEM MINT),48.2,25-100,true,sold_back
2026-10-08T10:20:38.000Z,2025 Pokémon M-P Promo #021 Ralts - McDonald's (PSA 10 GEM MINT),44.1,25-100,true,sold_back
2026-10-08T10:20:39.000Z,2023 Pokémon Sv2a-Pokémon Card 151 #183 Mewtwo - Art Rare (PSA 10 GEM MINT),86.7,25-100,true,sold_back
2026-10-08T10:20:42.000Z,2018 Tag Bolt #013/095 Charizard - Holo (CGC 8.5 NM-MT+),20.1,0-25,true,sold_back
2026-10-08T10:20:42.000Z,2020 Panini Chronicles Serie A #24 Victor Osimhen (PSA 9 MINT),17.5,0-25,true,sold_back
2026-10-08T10:20:59.000Z,2024 Bowman Chrome Prospects #BCP158 Jeral Perez - Blue Refractor (PSA 10 GEM MINT),21.2,0-25,true,sold_back
2026-10-08T10:21:00.000Z,1981 Topps #600 Johnny Bench (BGS 8 NM-MT),17.3,0-25,true,sold_back
2026-10-08T10:21:12.000Z,1880-S One Dollar NGC MS66,355,100-500,true,sold_back
2026-10-08T10:21:12.000Z,2021 Evolving Skies #041/203 Glaceon VMAX - Holo (CGC 9.5 MINT+),12.7,0-25,true,sold_back
2026-10-08T10:21:15.000Z,2024 Topps the Lost Rookie Cards Yaya Toure (PSA 10 GEM MINT),39,25-100,true,sold_back
2026-10-08T10:21:15.000Z,"Spider-Man #11 CGC 9.8 White Pages (Marvel Comics, 6/91) - Universal",55.4,25-100,true,sold_back
2026-10-08T10:21:17.000Z,2023 Panini Prizm #311 Bryce Young (PSA 10 GEM MINT),48.3,25-100,true,sold_back
2026-10-08T10:21:17.000Z,2023 Parkside Uswnt One Nation One Team Nwsl #8 Lindsey Horan (PSA 10 GEM MINT),14.2,0-25,true,sold_back
2026-10-08T10:21:18.000Z,1874ZS JA MEXICO 8R USS Charleston NGC GENUINE,516,500+,true,sold_back
2026-10-08T10:21:18.000Z,1902-O One Dollar NGC MS63,105.195,100-500,true,sold_back
2026-10-08T10:21:18.000Z,2017 Pokémon Sun & Moon Burning Shadows #161 Bodybuilding Dumbbells - Full Art Secret (PSA 6 EX-MT),31.9,25-100,true,redeemed
2026-10-08T10:21:18.000Z,2025 One Piece Starter Deck ST21-EX Gear 5 #009 Nami - Alternate Art (PSA 10 GEM MINT),70.9,25-100,true,held
2026-10-08T10:21:21.000Z,2017 Pokémon SM Black Star Promo #SM82 Shining Lugia - Holo Holo Shining Legends Super Premium Collection (PSA 8 NM-MT),146.7,100-500,true,sold_back
2026-10-08T10:21:23.000Z,2023 Black Star Promos - Scarlet & Violet SVP EN #168 Vaporeon - Prismatic Evolutions Poster Collection (Cosmos Holo) (CGC 10 GEM MINT),17.1,0-25,true,sold_back
2026-10-08T10:21:29.000Z,2017 Shining Legends #71/73 Entei GX - Ultra Rare Holo (CGC 9 MINT),17.8,0-25,true,sold_back
2026-10-08T10:21:33.000Z,Pokémon Scarlet & Violet Destined Rivals (1 Booster Pack - Art May Vary),10.7,0-25,true,sold_back
2026-10-08T10:21:35.000Z,1996 Pokémon Basic #26 Raichu - Holo (PSA 9 MINT),282.1,100-500,true,held
2026-10-08T10:21:36.000Z,2024 Pokémon Sv8a-Terastal Fest EX #205 Vaporeon EX - Holo Special Art Rare (PSA 10 GEM MINT),97.8,25-100,true,held
2026-10-08T10:21:39.000Z,2023 Pokémon Sv2a-Pokémon Card 151 #173 Pikachu - Art Rare (PSA 10 GEM MINT),98.9,25-100,true,held
2026-10-08T10:21:48.000Z,2022 VSTAR Universe #072/172 Machamp VMAX - Holo (CGC 10 GEM MINT),18.6,0-25,true,sold_back
2026-10-08T10:21:48.000Z,2025 Heat Wave Arena - sv9a #067/063 Crustle - Art Rare Holo (CGC 10 GEM MINT),12.3,0-25,true,sold_back
2026-10-08T10:21:53.000Z,2023 One Piece Kingdoms of Intrigue #004 Edward Newgate - Special Alternate Art (PSA 10 GEM MINT),250.7,100-500,true,redeemed
2026-10-08T10:21:53.000Z,2023 Pokémon Cll-Trading Card Game Classic Charizard & HO-Oh EX Deck #002 Charmeleon (PSA 10 GEM MINT),57.8,25-100,true,sold_back
2026-10-08T10:21:54.000Z,2025 Pokémon M2-Inferno X #111 Oricorio EX - Holo Special Art Rare (PSA 10 GEM MINT),51.8,25-100,true,sold_back
2026-10-08T10:21:54.000Z,Pokémon Sword & Shield Vivid Voltage (1 Booster Pack - Art May Vary),14,0-25,true,sold_back
2026-10-08T10:21:57.000Z,2025 Pokémon Dri EN-Destined Rivals #202 Team Rocket's Raticate - Illustration Rare (PSA 9 MINT),17.7,0-25,true,redeemed
2026-10-08T10:21:59.000Z,Pokémon Scarlet & Violet Prismatic Evolutions (1 Booster Pack - Art May Vary),17.3,0-25,true,sold_back
2026-10-08T10:21:59.000Z,"Star Wars #54 CGC 6.0 Off-white to White Pages (Marvel Comics, 12/81) - Newsstand Edition Universal",30,25-100,true,sold_back
2026-10-08T10:22:05.000Z,2021 Pokémon Swsh Black Star Promo #182 Vaporeon Vmax - Full Art Vaporeon Vmax Premium Collection (PSA 9 MINT),90,25-100,true,held
2026-10-08T10:22:06.000Z,2024 Topps Archives #162 Aaron Judge - Black Foilboard (PSA 8 NM-MT),25,25-100,true,sold_back
2026-10-08T10:22:09.000Z,2026 Pokémon Asc EN-Ascended Heroes #225 Scorbunny - Illustration Rare (PSA 10 GEM MINT),47.1,25-100,true,sold_back
2026-10-08T10:22:11.000Z,2024 Prismatic Evolutions - PRE EN #064/131 Tyranitar ex - (Prismatic Evolutions Stamp) Lucario ex & Tyranitar ex Premi (Holo) (CGC 10 PRISTINE),35.2,25-100,true,sold_back
2026-10-08T10:22:14.000Z,1956 50 Cents Type 2 NGC PF69CAMEO,575,500+,true,held
2026-10-08T10:22:18.000Z,2026 Pokémon M3-Nullifying Zero #096 Mega Clefable EX - Holo Super Rare (PSA 10 GEM MINT),28.7,25-100,true,sold_back
2026-10-08T10:22:20.000Z,2023 Pokémon Card 151 #168/165 Charmander - Art Rare Holo (CGC 10 GEM MINT),46.3,25-100,true,sold_back
2026-10-08T10:22:23.000Z,2026 One Piece OP15-EB04-Adventure on Kami's Island #061 Monkey D. Luffy (PSA 10 GEM MINT),74.2,25-100,true,held
2026-10-08T10:22:24.000Z,2026 Bowman Chrome Power Chords #PC-11 Shohei Ohtani (PSA 8 NM-MT),17.7,0-25,true,sold_back
2026-10-08T10:22:26.000Z,2017 Shining Legends #27/73 Shining Volcanion - Holo (CGC 10 GEM MINT),75.9,25-100,true,sold_back
2026-10-08T10:22:30.000Z,2020 Pokémon Sword & Shield Vivid Voltage #102 Zamazenta (PSA 10 GEM MINT),51.6,25-100,true,sold_back
2026-10-08T10:22:32.000Z,2022 Pokémon Sword & Shield Dark Phantasma #014 Pikachu - Reverse Foil (PSA 9 MINT),30,25-100,true,sold_back
2026-10-08T10:22:36.000Z,2021 VMAX Climax #242/184 Galarian Moltres V - Character Super Rare Holo (CGC 10 GEM MINT),19.8,0-25,true,sold_back
2026-10-08T10:22:39.000Z,2026 Nihil Zero - M3 #084/080 Aurorus - Art Rare Holo (CGC 10 PRISTINE),21.8,0-25,true,sold_back
2026-10-08T10:22:42.000Z,2010 Bowman Chrome Prospects #BCP207 Gary Sanchez - Autograph (PSA 9 MINT),14.7,0-25,true,sold_back
2026-10-08T10:22:45.000Z,2023 Scarlet & Violet #243/198 Spidops ex - Special Illustration Rare (Holo) (CGC 9 MINT),13.3,0-25,true,sold_back
2026-10-08T10:22:48.000Z,1884-O One Dollar PCGS MS64,112.765,100-500,true,sold_back
2026-10-08T10:22:48.000Z,"X-Men #130 CGC 8.0 White Pages (Marvel Comics, 2/80) - Universal",103,100-500,true,sold_back
2026-10-08T10:22:53.000Z,2025 One Piece Japanese Limited Card Collection Vol.1 #042 Usopp (PSA 10 GEM MINT),43.1,25-100,true,sold_back
2026-10-08T10:22:54.000Z,2025 Inferno X - M2 #013/080 Mega Charizard X ex - Holo (CGC 10 PRISTINE),24.9,0-25,true,sold_back
2026-10-08T10:23:03.000Z,2022 Pokémon Sword & Shield Vstar Universe #108 Rayquaza Vmax - Full Art (PSA 10 GEM MINT),51.6,25-100,true,sold_back
2026-10-08T10:23:05.000Z,2025 Pokémon Pfl EN-Phantasmal Flames #013 Mega Charizard X EX - Holo (PSA 10 GEM MINT),68,25-100,true,sold_back
2026-10-08T10:23:08.000Z,2000 Base Set 2 #14/130 Pidgeot - Holo (CGC 8 NM-MT),65.3,25-100,true,sold_back
2026-10-08T10:23:09.000Z,2024 Pokémon Tef EN-Temporal Forces #177 Gastly - Illustration Rare (PSA 9 MINT),90.9,25-100,true,held
2026-10-08T10:23:15.000Z,2020 Champion's Path #008/073 Incineroar V - Holo (CGC 10 GEM MINT),35.8,25-100,true,sold_back
2026-10-08T10:23:15.000Z,2025 Black Bolt - sv11B #103/086 Larvesta - Art Rare Holo (CGC 10 PRISTINE),19.3,0-25,true,sold_back
2026-10-08T10:23:17.000Z,1999 Base Set #81/102 Energy Retrieval (CGC 9 MINT),11.6,0-25,true,sold_back
2026-10-08T10:23:17.000Z,2025 Topps Chrome #263 Derik Queen - X-Fractor (PSA 8 NM-MT),11.5,0-25,true,sold_back
2026-10-08T10:23:18.000Z,2023 Pokémon Clk-Trading Card Game Classic Blastoise & Suicune EX Deck #014 Mewtwo (PSA 10 GEM MINT),111.8,100-500,true,held
2026-10-08T10:23:18.000Z,2026 Pokémon Asc EN-Ascended Heroes #233 Misdreavus - Illustration Rare (PSA 10 GEM MINT),48.6,25-100,true,sold_back
2026-10-08T10:23:20.000Z,2019 Pokémon SM Black Star Promo #SM163 Mimikyu - Holo Team Up Single Pack Blisters (PSA 9 MINT),156,100-500,true,sold_back
2026-10-08T10:23:23.000Z,2025 Pokémon M2-Inferno X #094 Mega Charizard X EX - Holo Super Rare (PSA 10 GEM MINT),62.7,25-100,true,held
2026-10-08T10:23:24.000Z,2025 One Piece OP11-A Fist of Divine Speed #022 Shirahoshi - Alternate Art (PSA 10 GEM MINT),87.5,25-100,true,held
2026-10-08T10:23:27.000Z,2024 One Piece OP06-Wings of the Captain #021 Perona - Alternate Art (PSA 10 GEM MINT),86.1,25-100,true,held
2026-10-08T10:23:30.000Z,2025 Pokémon Pfl EN-Phantasmal Flames #129 Dawn - Special Illustration Rare (PSA 10 GEM MINT),57.6,25-100,true,sold_back
2026-10-08T10:23:45.000Z,2019 Pokémon Sun & Moon Hidden Fates #SV78 Noivern GX - Holo Full Art (PSA 10 GEM MINT),95.8,25-100,true,held
2026-10-08T10:23:45.000Z,2022 One Piece Japanese 25th Anniversary Premium Card Collection #022 Brook (PSA 9 MINT),19.6,0-25,true,sold_back
2026-10-08T10:23:47.000Z,1885-O One Dollar PCGS MS63,107.88,100-500,true,sold_back
2026-10-08T10:23:51.000Z,"Infinity Gauntlet #3 CGC 9.8 White Pages (Marvel Comics, 9/91) - Universal",83,25-100,true,sold_back
2026-10-08T10:23:54.000Z,2025 Pokémon Meg EN-Mega Evolution #144 Shedinja - Illustration Rare (PSA 10 GEM MINT),48,25-100,true,held
2026-10-08T10:23:56.000Z,1951 Bowman #89 Henry Thompson (PSA 3 VG),23.9,0-25,true,sold_back
2026-10-08T10:23:57.000Z,2026 One Piece OP15-EB04-Adventure on Kami's Island #046 Sabo (PSA 9 MINT),10.5,0-25,true,held
2026-10-08T10:24:02.000Z,2023 Parkside Uswnt Recap Signature Series #SSMV M.A. Vignola (PSA 10 GEM MINT),28,25-100,true,sold_back
2026-10-08T10:24:05.000Z,2023 Scarlet & Violet 151 - MEW EN #203/165 Erika's Invitation - Special Illustration Rare (Holo) (CGC 9 MINT),19,0-25,true,sold_back
2026-10-08T10:24:12.000Z,2021 Pokémon Swsh Black Star Promo #182 Vaporeon Vmax - Full Art Vaporeon Vmax Premium Collection (PSA 10 GEM MINT),717.9,500+,true,held
2026-10-08T10:24:17.000Z,2024 One Piece Japanese Promos #101 O-Nami - One Piece Card Game 2nd Anniversary Complete Guide (PSA 9 MINT),27.7,25-100,true,sold_back
2026-10-08T10:24:18.000Z,2024 Crimson Haze #072/066 Cramorant - Art Rare Holo (CGC 10 GEM MINT),11.3,0-25,true,sold_back
2026-10-08T10:24:18.000Z,Pokémon Scarlet & Violet Destined Rivals (1 Booster Pack - Art May Vary),10.7,0-25,true,held
2026-10-08T10:24:30.000Z,2025 Black Bolt - BLK EN #122/086 Golett - Illustration Rare Holo (CGC 10 GEM MINT),18.8,0-25,true,sold_back
2026-10-08T10:24:33.000Z,1887 One Dollar NGC MS65,212.5,100-500,true,sold_back
2026-10-08T10:24:39.000Z,"Captain America Annual #8 CGC 9.4 White Pages (Marvel Comics, 1986)",108,100-500,true,sold_back
2026-10-08T10:24:41.000Z,2022 Pokémon Sword & Shield Incandescent Arcana #073 Smeargle - Full Art (PSA 10 GEM MINT),49.1,25-100,true,held
2026-10-08T10:24:42.000Z,2025 Pokémon Pfl EN-Phantasmal Flames #096 Nymble - Illustration Rare (PSA 10 GEM MINT),40.2,25-100,true,held
2026-10-08T10:24:45.000Z,2023 Pokémon Clf-Trading Card Game Classic Venusaur & Lugia EX Deck #002 Ivysaur (PSA 10 GEM MINT),54.7,25-100,true,sold_back
2026-10-08T10:24:47.000Z,2025 Topps Match Attax #121 Cooper Flagg (PSA 10 GEM MINT),97.4,25-100,true,held
2026-10-08T10:24:48.000Z,2025 Bowman Paper Prospects #BP66 Jesus Made (PSA 9 MINT),21,0-25,true,sold_back
2026-10-08T10:24:50.000Z,2025 Pokémon Pre EN-Prismatic Evolutions #026 Glaceon EX - Holo Surprise Box Exclusive (PSA 9 MINT),21,0-25,true,sold_back
2026-10-08T10:24:56.000Z,2021 VMAX Climax #202/184 Rockruff - Character Rare Holo (CGC 10 PRISTINE),14.2,0-25,true,sold_back
2026-10-08T10:25:02.000Z,1991 Topps Traded #19T Gary Carter (PSA 10 GEM MINT),28.4,25-100,true,sold_back
2026-10-08T10:25:02.000Z,2025 Pokémon Svp EN-SV Black Star Promo #175 Espeon EX - Holo Prismatic Evolutions Premium Figure Collection (PSA 10 GEM MINT),78.6,25-100,true,sold_back
2026-10-08T10:25:05.000Z,1944-S 10 Cents PCGS MS67,127.5,100-500,true,sold_back
2026-10-08T10:25:05.000Z,2022 VSTAR Universe #014/172 Charizard VSTAR - Holo (CGC 10 GEM MINT),22.7,0-25,true,sold_back
2026-10-08T10:25:11.000Z,Pokémon Scarlet & Violet Destined Rivals (1 Booster Pack - Art May Vary),10.7,0-25,true,sold_back
2026-10-08T10:25:18.000Z,2023 Crown Zenith #100/159 Rayquaza V - Holo (CGC 10 GEM MINT),27.2,25-100,true,held
2026-10-08T10:25:20.000Z,2022 Pokémon Sword & Shield Battle Region #073 Hoothoot - Full Art (PSA 10 GEM MINT),47.7,25-100,true,sold_back
2026-10-08T10:25:26.000Z,2024 One Piece Promos Don!! Card - 2nd Anniversary Tournament (PSA 9 MINT),28.9,25-100,true,sold_back
2026-10-08T10:25:27.000Z,2019 Full Metal Wall #010/054 Blastoise GX - Holo (CGC 10 PRISTINE),51.6,25-100,true,sold_back
2026-10-08T10:25:29.000Z,"DC Comics Presents #85 CGC 9.8 White Pages (DC Comics, 9/85) - Universal",75.166667,25-100,true,sold_back
2026-10-08T10:25:30.000Z,2025 Pokémon M1s-Mega Symphonia #064 Shuckle - Art Rare (PSA 10 GEM MINT),42.3,25-100,true,sold_back
2026-10-08T10:25:33.000Z,1996 Base Set Tangela (CGC 10 GEM MINT),94.9,25-100,true,sold_back
2026-10-08T10:25:38.000Z,2022 Pokémon Sword & Shield Astral Radiance #TG07 Falinks - Full Art (PSA 10 GEM MINT),164,100-500,true,held
2026-10-08T10:25:39.000Z,Pokémon Scarlet & Violet Destined Rivals (1 Booster Pack - Art May Vary),10.7,0-25,true,sold_back
2026-10-08T10:25:41.000Z,1999 Black Star Promos #11 Eevee - Pokémon League (Holo) (CGC 7 NM),46.5,25-100,true,sold_back
2026-10-08T10:25:44.000Z,Pokémon Japanese Sun & Moon Forbidden Light (1 Booster Pack - Art May Vary),20.5,0-25,true,sold_back
2026-10-08T10:25:48.000Z,2024 Twilight Masquerade - TWM EN #170/167 Dipplin - Illustration Rare Holo (CGC 10 GEM MINT),23.4,0-25,true,sold_back
2026-10-08T10:25:54.000Z,2022 Bowman Chrome Sapphire Edition #48 Julio Rodriguez (PSA 9 MINT),23.8,0-25,true,held
2026-10-08T10:25:54.000Z,Pokemon Sun & Moon Tag Team GX Dream League (1 Booster Pack - Art May Vary),42,25-100,true,sold_back
2026-10-08T10:25:56.000Z,1961 Topps #241 Al Cicotte (PSA 8 NM-MT),18.7,0-25,true,sold_back
2026-10-08T10:25:59.000Z,1887 One Dollar NGC MS65,212.5,100-500,true,sold_back
2026-10-08T10:26:00.000Z,2024 One Piece OP06-Wings of the Captain #106 Kozuki Hiyori - Alternate Art (PSA 8 NM-MT),22.5,0-25,true,sold_back
2026-10-08T10:26:02.000Z,2022-23 Topps Chrome Sapphire Edition UEFA Club Competitions #50 Alejandro Garnacho - SP (PSA 10 GEM MINT),22.4,0-25,true,sold_back
2026-10-08T10:26:06.000Z,2025 Legacy of the Master (OP12) - English #OP12-043 Kuzan - (Borderless) Alt Art (CGC 9 MINT),13.4,0-25,true,sold_back
2026-10-08T10:26:12.000Z,2020 Sword & Shield #091/202 Indeedee V - Holo (CGC 9 MINT),10.9,0-25,true,sold_back
2026-10-08T10:26:12.000Z,"Avengers West Coast #54 CGC 9.8 White Pages (Marvel Comics, 1/90) - Universal",77,25-100,true,sold_back
2026-10-08T10:26:17.000Z,2023 Shiny Treasure ex #076/190 Mew ex - Holo (CGC 10 PRISTINE),20.8,0-25,true,held
2026-10-08T10:26:18.000Z,2017 Black Star Promos - Sword & Shield #SWSH292 Zacian V - Holo Crown Zenith Premium Figure Collection (CGC 10 GEM MINT),74.8,25-100,true,sold_back
2026-10-08T10:26:20.000Z,2023 Pokémon Swsh Black Star Promo #282 Galarian Articuno - Crown Zenith Tin (PSA 8 NM-MT),17.2,0-25,true,held
2026-10-08T10:26:20.000Z,2025 One Piece Japanese Premium Card Collection -One Piece Day'25 Don!! Card (PSA 9 MINT),21.7,0-25,true,held
2026-10-08T10:26:21.000Z,2024 Bowman University Chrome Sapphire #62 Sarah Strong (PSA 9 MINT),19.9,0-25,true,sold_back
2026-10-08T10:26:23.000Z,1884-O One Dollar PCGS MS64,112.765,100-500,true,sold_back
2026-10-08T10:26:26.000Z,2017 Black Star Promos - Sword & Shield #SWSH087 Eevee VMAX - Shining Fates Elite Trainer Box (Holo) (CGC 9 MINT),10.5,0-25,true,sold_back
2026-10-08T10:26:26.000Z,2021 Topps Chrome MLS #198 Gabriel Slonina - Autograph (PSA 9 MINT),16.4,0-25,true,sold_back
2026-10-08T10:26:32.000Z,2022 Star Birth #109/100 Honchkrow V - Super Rare Holo (CGC 10 PRISTINE),39.1,25-100,true,sold_back
2026-10-08T10:26:32.000Z,2023 Crown Zenith #037/159 Kyogre V - Holo (CGC 10 GEM MINT),20.8,0-25,true,sold_back
2026-10-08T10:26:33.000Z,2019 Old Maid (Red Back) Charmander (CGC 10 PRISTINE),18.7,0-25,true,sold_back
2026-10-08T10:26:33.000Z,2025 One Piece Japanese Limited Card Collection Vol.1 #042 Usopp (PSA 9 MINT),19.3,0-25,true,sold_back
2026-10-08T10:26:36.000Z,2025 Pokémon M2-Inferno X #086 Yamper - Art Rare (PSA 10 GEM MINT),40.6,25-100,true,sold_back
2026-10-08T10:26:42.000Z,1999 Team Rocket #50/82 Charmander (CGC 9 MINT),22,0-25,true,sold_back
2026-10-08T10:26:42.000Z,Pokémon Celebrations (1 Booster Pack - Art May Vary),37.9,25-100,true,sold_back
2026-10-08T10:26:44.000Z,1990 Upper Deck #55 Ed Belfour (PSA 8 NM-MT),11.9,0-25,true,sold_back
2026-10-08T10:26:45.000Z,2021 Celebrations #024/025 Professor's Research - Ultra Rare Holo (CGC 9 MINT),13,0-25,true,sold_back
2026-10-08T10:26:45.000Z,Ascended Heroes (1 Booster Pack - Art May Vary),16.4,0-25,true,sold_back
2026-10-08T10:26:48.000Z,Pokémon Scarlet & Violet Destined Rivals (1 Booster Pack - Art May Vary),10.7,0-25,true,sold_back
2026-10-08T10:26:54.000Z,"Punisher #3 CGC 9.8 White Pages (Marvel Comics, 10/87) - Universal",104,100-500,true,sold_back
2026-10-08T10:26:57.000Z,2024 Surging Sparks - SSP EN #037/191 Scovillain ex - Holo (CGC 9 MINT),13.2,0-25,true,sold_back
2026-10-08T10:26:57.000Z,Magic: The Gathering Modern Horizons 3 - Play Booster (1 Booster Pack - Art May Vary),13.1,0-25,true,sold_back
2026-10-08T10:27:00.000Z,1986 Fleer #125 Herb Williams (PSA 6 EX-MT),27.2,25-100,true,sold_back
2026-10-08T10:27:05.000Z,2025 Glory of the Rocket Gang - sv10 #063/098 Team Rocket's Nidoking ex - Holo (CGC 10 PRISTINE),21,0-25,true,held
2026-10-08T10:27:08.000Z,1999 Pokémon Fossil #3 Ditto - Holo (PSA 4 VG-EX),36.4,25-100,true,sold_back
2026-10-08T10:27:09.000Z,2019 Team Up #67/181 Mr. Mime GX - Holo (CGC 9.5 MINT+),34.5,25-100,true,held
2026-10-08T10:27:11.000Z,2025 Panini Donruss Bomb Squad #BS-THR Travis Hunter (PSA 10 GEM MINT),48.8,25-100,true,sold_back
2026-10-08T10:27:11.000Z,2026 Pokémon Por EN-Perfect Order #093 Dedenne - Illustration Rare (PSA 9 MINT),17,0-25,true,sold_back
2026-10-08T10:27:12.000Z,2025 Topps #201 Cooper Flagg (PSA 9 MINT),23.2,0-25,true,sold_back
2026-10-08T10:27:12.000Z,Pokémon Scarlet & Violet Destined Rivals (1 Booster Pack - Art May Vary),10.7,0-25,true,sold_back
2026-10-08T10:27:15.000Z,"Philip II, AD 247-249 ROMAN PROVINCIAL BI Tetradrachm NGC ChVF",209,100-500,true,sold_back
2026-10-08T10:27:20.000Z,2024 Bowman Draft #BD22 Konnor Griffin (PSA 9 MINT),11.7,0-25,true,held
2026-10-08T10:27:21.000Z,2014 XY #42/146 Pikachu - The LEGO Movie Theatrical Release (Cosmos Holo) (CGC 9 MINT),41.7,25-100,true,sold_back
2026-10-08T10:27:27.000Z,2026 Pokémon Asc EN-Ascended Heroes #222 Ethan's Magcargo - Illustration Rare (PSA 9 MINT),19.8,0-25,true,sold_back
2026-10-08T10:27:30.000Z,2025 Pokémon Svp EN-SV Black Star Promo #200 Eevee - Destined Rivals Single Pack Blister (PSA 8 NM-MT),22.8,0-25,true,sold_back
2026-10-08T10:27:35.000Z,2019 Double Blaze #029/095 Muk & Alolan Muk GX - Holo (CGC 9 MINT),11,0-25,true,sold_back
2026-10-08T10:27:36.000Z,2025 Black Bolt - BLK EN #001/086 Snivy - Unova Poster Collection (Tinsel Holo) (CGC 9.5 MINT+),12.2,0-25,true,sold_back
2026-10-08T10:27:38.000Z,2025 Black Star Promos - Mega Evolution MEP EN #042 Piplup - First Partner Illustration Collection Series 1 (Holo) (CGC 10 GEM MINT),17.1,0-25,true,sold_back
2026-10-08T10:27:38.000Z,Pokémon Scarlet & Violet Destined Rivals (1 Booster Pack - Art May Vary),10.7,0-25,true,held
2026-10-08T10:27:39.000Z,"Tomb Raider #25 CGC 9.8 White Pages (Image/Top Cow, 11/02) - Universal",68,25-100,true,sold_back
2026-10-08T10:27:41.000Z,1884-O One Dollar NGC MS65,202.5,100-500,true,sold_back
2026-10-08T10:27:50.000Z,2020 Bowman Paper Prospects #BP108 Tarik Skubal (PSA 10 GEM MINT),42.2,25-100,true,sold_back
2026-10-08T10:27:50.000Z,2021 Pokémon Sword & Shield Vmax Climax #204 Falinks - Full Art (PSA 10 GEM MINT),35.9,25-100,true,sold_back
2026-10-08T10:27:53.000Z,2015 Pokémon XY Double Crisis #004 Team Aqua's Sealeo - 1st Edition (PSA 10 GEM MINT),88.9,25-100,true,held
2026-10-08T10:27:54.000Z,Pokemon Sword & Shield Silver Tempest (1 Booster Pack - Art May Vary),18.2,0-25,true,sold_back
2026-10-08T10:28:00.000Z,2019 Panini Colecciones Este La Liga #63 Takefusa Kubo (PSA 10 GEM MINT),11.3,0-25,true,sold_back
2026-10-08T10:28:00.000Z,2021-22 Topps Stadium Club Chrome UEFA Champions League Championship Contributions #LM Lionel Messi (PSA 9 MINT),29.7,25-100,true,sold_back
2026-10-08T10:28:02.000Z,1976 Topps #305 John Riggins (PSA 8 NM-MT),23.4,0-25,true,held
2026-10-08T10:28:03.000Z,2025 Destined Rivals - DRI EN #183/182 Yanma - Illustration Rare Holo (CGC 10 GEM MINT),19.4,0-25,true,sold_back
2026-10-08T10:28:03.000Z,Pokémon Japanese Sun & Moon Full Metal Wall (1 Booster Pack - Art May Vary),14.4,0-25,true,sold_back
2026-10-08T10:28:03.000Z,Pokémon Japanese Sword & Shield Rebellion Crash (1 Booster Pack - Art May Vary),19.9,0-25,true,sold_back
2026-10-08T10:28:06.000Z,2024 Pokémon SV6-Transformation Mask #108 Fezandipiti - Art Rare (PSA 10 GEM MINT),27.9,25-100,true,sold_back
2026-10-08T10:28:12.000Z,2025 Pokémon M2a-Mega Dream EX #127 Rayquaza - Reverse Holo (PSA 10 GEM MINT),58.2,25-100,true,held
2026-10-08T10:28:17.000Z,2024 One Piece OP08-Two Legends #106 Nami (PSA 9 MINT),27.2,25-100,true,sold_back
2026-10-08T10:28:17.000Z,Astral Radiance #TG03/TG30 Kingdra - Trainer Gallery Holo (CGC 10 GEM MINT),77.2,25-100,true,sold_back
2026-10-08T10:28:17.000Z,Pokémon Scarlet & Violet Destined Rivals (1 Booster Pack - Art May Vary),10.7,0-25,true,held
2026-10-08T10:28:18.000Z,2004 EX Team Magma Vs Team Aqua #62/95 Team Magma's Houndour (CGC 9 MINT),18.1,0-25,true,sold_back
2026-10-08T10:28:18.000Z,2023 Crown Zenith #113/159 Regigigas V - Holo (CGC 9 MINT),13,0-25,true,sold_back
2026-10-08T10:28:18.000Z,2026 One Piece Japanese EB04-Extra Booster Egghead Crisis #007 Roronoa Zoro (PSA 9 MINT),23.2,0-25,true,held
2026-10-08T10:28:20.000Z,"Mighty Morphin #6 CGC 9.8 White Pages (Boom! Studios, 4/21) - Universal Momoko Variant Cover",60,25-100,true,sold_back
2026-10-08T10:28:23.000Z,2024 Pokémon Simplified Cs5a C-Gallant Galaxy: Charm #001 Charmander (PSA 10 GEM MINT),55.8,25-100,true,sold_back
2026-10-08T10:28:23.000Z,2024 Pokémon Sv5a-Crimson Haze #070 Infernape - Art Rare (PSA 10 GEM MINT),48.4,25-100,true,sold_back
2026-10-08T10:28:26.000Z,2019 Old Maid (Red Back) Poké Ball (CGC 10 PRISTINE),11.9,0-25,true,held
2026-10-08T10:28:26.000Z,2024 Paldean Fates - PAF EN #053/091 Great Tusk ex - Holo (CGC 9 MINT),13.9,0-25,true,sold_back
2026-10-08T10:28:26.000Z,2024 Pokémon SV6-Transformation Mask #108 Fezandipiti - Art Rare (PSA 10 GEM MINT),27.9,25-100,true,sold_back
2026-10-08T10:28:26.000Z,Ascended Heroes (1 Booster Pack - Art May Vary),16.4,0-25,true,sold_back
2026-10-08T10:28:29.000Z,2023 Scarlet & Violet #061/198 Dondozo - Play! Pokémon Prize Pack #3 (Cosmos Holo) Holo (CGC 10 GEM MINT),18,0-25,true,sold_back
2026-10-08T10:28:32.000Z,1922 One Dollar NGC MS64,109.5,100-500,true,sold_back
2026-10-08T10:28:35.000Z,Pokémon Celebrations (1 Booster Pack - Art May Vary),37.9,25-100,true,held
2026-10-08T10:28:36.000Z,2023 Bowman University Chrome #16 Shedeur Sanders (PSA 9 MINT),18.3,0-25,true,sold_back
2026-10-08T10:28:36.000Z,2025 One Piece Japanese Premium Card Collection -Best Selection Vol.4 #095 Laffitte (PSA 9 MINT),12.5,0-25,true,sold_back
2026-10-08T10:28:36.000Z,2025 Pokémon Mep EN-Me Black Star Promo #023 Mega Charizard X EX - Holo Mega Charizard X EX Ultra-Premium Collection (PSA 9 MINT),40.1,25-100,true,held
2026-10-08T10:28:47.000Z,2025 Topps #400 Shohei Ohtani (PSA 8 NM-MT),24.7,0-25,true,sold_back
2026-10-08T10:28:50.000Z,2021 Upper Deck Allure Rainbow #R83 Elias Pettersson - Green/Blue (PSA 9 MINT),50,25-100,true,sold_back
2026-10-08T10:28:51.000Z,1989 Topps Traded #80T Carnell Lake (PSA 9 MINT),20.9,0-25,true,sold_back
2026-10-08T10:28:53.000Z,2025 Pokémon Meg EN-Mega Evolution #146 Marshadow - Illustration Rare (PSA 10 GEM MINT),74.5,25-100,true,sold_back
2026-10-08T10:28:59.000Z,2019 Fusion Strike #263/264 Shauna - Ultra Rare Holo (CGC 9 MINT),19.3,0-25,true,sold_back
2026-10-08T10:29:02.000Z,2022 One Piece Japanese 25th Anniversary Premium Card Collection #013 Sanji (PSA 9 MINT),14.4,0-25,true,sold_back
2026-10-08T10:29:02.000Z,2024 Pokémon Sv8a-Terastal Fest EX #003 Leafeon EX - Holo (PSA 10 GEM MINT),22.8,0-25,true,held
2026-10-08T10:29:02.000Z,"Darkwing Duck #1 CGC 9.8 White Pages (Dynamite Entertainment, 2023) - Universal Spectral Comics Convention Edition",61.333333,25-100,true,sold_back
2026-10-08T10:29:05.000Z,Pokemon Sword & Shield Silver Tempest (1 Booster Pack - Art May Vary),18.2,0-25,true,sold_back
2026-10-08T10:29:06.000Z,2017 Black Star Promos - Sword & Shield #SWSH087 Eevee VMAX - Shining Fates Elite Trainer Box (Holo) (CGC 9 MINT),10.5,0-25,true,sold_back
2026-10-08T10:29:06.000Z,2020 Panini Prizm #124 Patrick Mahomes II (PSA 10 GEM MINT),53.9,25-100,true,sold_back
2026-10-08T10:29:09.000Z,2019 Bowman Draft #BD1 Adley Rutschman (PSA 10 GEM MINT),21.2,0-25,true,sold_back
2026-10-08T10:29:09.000Z,2023 Clay Burst #082/071 Flamigo - Art Rare Holo (CGC 10 PRISTINE),19,0-25,true,sold_back
2026-10-08T10:29:11.000Z,2026 One Piece OP14-EB04-the Azure Sea's Seven #119 Dracule Mihawk - Alternate Art (PSA 9 MINT),33.4,25-100,true,sold_back
2026-10-08T10:29:14.000Z,2025 Pokémon Blk EN-Black Bolt #134 Scolipede - Illustration Rare (PSA 9 MINT),40.2,25-100,true,held
2026-10-08T10:29:17.000Z,2020 Vivid Voltage #126/185 Aegislash V - Holo (CGC 10 GEM MINT),21.8,0-25,true,held
2026-10-08T10:29:18.000Z,1979 O-Pee-Chee #101 Serge Savard (PSA 8 NM-MT),47.4,25-100,true,sold_back
2026-10-08T10:29:18.000Z,Pokémon Scarlet & Violet Destined Rivals (1 Booster Pack - Art May Vary),10.7,0-25,true,sold_back
2026-10-08T10:29:20.000Z,2017 Panini Status #148 De'Aaron Fox (PSA 10 GEM MINT),20.9,0-25,true,held
2026-10-08T10:29:20.000Z,2021 Pokémon 25th Anniversary Collection #005 Lugia (PSA 10 GEM MINT),48.7,25-100,true,sold_back
2026-10-08T10:29:21.000Z,"1999 Gold, Silver, to a New World Pikachu (CGC 8 NM-MT)",23.4,0-25,true,sold_back
2026-10-08T10:29:23.000Z,2025 Topps #201 Cooper Flagg (PSA 9 MINT),23.2,0-25,true,sold_back
2026-10-08T10:29:26.000Z,2025 Black Star Promos - Mega Evolution MEP EN #080 Fennekin - Chaos Rising Elite Trainer Box (Holo) (CGC 9.5 MINT+),13.3,0-25,true,sold_back
2026-10-08T10:29:26.000Z,Pokémon Scarlet & Violet Destined Rivals (1 Booster Pack - Art May Vary),10.7,0-25,true,sold_back
2026-10-08T10:29:27.000Z,2019 Pokémon Sun & Moon Hidden Fates #SV11 Froakie - Holo (PSA 9 MINT),23.7,0-25,true,sold_back
2026-10-08T10:29:29.000Z,Pokémon Scarlet & Violet Destined Rivals (1 Booster Pack - Art May Vary),10.7,0-25,true,sold_back
2026-10-08T10:29:29.000Z,Pokémon Sword & Shield Vivid Voltage (1 Booster Pack - Art May Vary),14,0-25,true,sold_back
2026-10-08T10:29:32.000Z,2024 Cyber Judge #082/071 Lickitung - Art Rare Holo (CGC 10 GEM MINT),19.7,0-25,true,sold_back
2026-10-08T10:29:35.000Z,2023 Bowman Draft Bowman Glass #BGA5 Jacob Wilson (PSA 9 MINT),24.9,0-25,true,sold_back
2026-10-08T10:29:36.000Z,2025 One Piece OP13-Carrying on His Will #054 Yamato - Alternate Art (PSA 9 MINT),17.8,0-25,true,sold_back
2026-10-08T10:29:38.000Z,1990 Upper Deck #55 Ed Belfour (PSA 8 NM-MT),11.9,0-25,true,sold_back
2026-10-08T10:29:41.000Z,2020 Pokémon Sword & Shield Shiny Star V #071 Gengar - Holo (PSA 10 GEM MINT),84.7,25-100,true,sold_back
2026-10-08T10:29:42.000Z,2022 Pokémon GO #027/071 Pikachu (CGC 9 MINT),11,0-25,true,sold_back
2026-10-08T10:29:45.000Z,2021 Pokémon Celebrations Classic Collection #15 Venusaur - Holo (PSA 10 GEM MINT),106.5,100-500,true,held
2026-10-08T10:29:45.000Z,2023 Pokémon Card 151 #184/165 Venusaur ex - Super Rare Holo (CGC 9 MINT),12.7,0-25,true,sold_back
2026-10-08T10:29:47.000Z,2025 Black Star Promos - Mega Evolution MEP EN #042 Piplup - First Partner Illustration Collection Series 1 (Holo) (CGC 10 GEM MINT),17.1,0-25,true,held
2026-10-08T10:29:48.000Z,2024 One Piece Japanese Starter Deck ST21-EX Gear 5 #001 Monkey D. Luffy (PSA 8 NM-MT),18.9,0-25,true,sold_back
2026-10-08T10:29:53.000Z,2022 Pokémon Sword & Shield Vstar Universe #108 Rayquaza Vmax - Full Art (PSA 10 GEM MINT),51.6,25-100,true,sold_back
2026-10-08T10:29:53.000Z,"2023 Trading Card Game Classic - CLF, CLL, CLK #005/032 Rapidash - Charizard & Ho-Oh ex Deck - CLL Holo (CGC 10 GEM MINT)",11.4,0-25,true,held
2026-10-08T10:29:54.000Z,2025 Battle Partners - sv9 #104/100 Iono's Kilowattrel - Art Rare Holo (CGC 10 PRISTINE),20.6,0-25,true,sold_back
2026-10-08T10:29:54.000Z,Pokémon Sword & Shield Lost Origin (1 Booster Pack - Art May Vary),22.6,0-25,true,sold_back
2026-10-08T10:29:56.000Z,1990 O-Pee-Chee Premier #50 Jaromir Jagr (PSA 9 MINT),36.2,25-100,true,sold_back
2026-10-08T10:29:56.000Z,2024 High Class Pack: Terastal Fest ex - sv8a #068/187 Sylveon - Poké Ball Holo (CGC 10 GEM MINT),18.7,0-25,true,held
2026-10-08T10:29:56.000Z,"Action Comics #1053 CGC 9.8 White Pages (DC Comics, 5/23) - Universal East Side Comics Edition A",89.8,25-100,true,sold_back
2026-10-08T10:29:56.000Z,Pokémon Scarlet & Violet Destined Rivals (1 Booster Pack - Art May Vary),10.7,0-25,true,held
2026-10-08T10:30:00.000Z,2024 Journey Together - JTG EN #164/159 Lillie's Ribombee - Illustration Rare Holo (CGC 10 GEM MINT),22.4,0-25,true,sold_back
2026-10-08T10:30:08.000Z,2025 Pokémon M2a-Mega Dream EX #199 Psyduck - Art Rare (PSA 10 GEM MINT),57.1,25-100,true,sold_back
2026-10-08T10:30:17.000Z,2024 High Class Pack: Terastal Fest ex - sv8a #022/187 Flareon ex - Holo (CGC 10 GEM MINT),15,0-25,true,sold_back
2026-10-08T10:30:20.000Z,2022 Pokémon Sword & Shield Vstar Universe #197 Ditto - Full Art (PSA 10 GEM MINT),61.5,25-100,true,sold_back
2026-10-08T10:30:24.000Z,2025 Black Star Promos - Mega Evolution MEP EN #033 Mega Lucario ex - Ascended Heroes Premium Poster Collection (Holo) (CGC 10 GEM MINT),20.1,0-25,true,sold_back
2026-10-08T10:30:26.000Z,2020 Pokémon Sword & Shield #207 Bede - Full Art Secret (PSA 10 GEM MINT),29.5,25-100,true,sold_back
2026-10-08T10:30:27.000Z,2020 Shiny Star V #286/190 Galarian Perrserker - Shiny Rare Holo (CGC 10 PRISTINE),25.9,25-100,true,held
2026-10-08T10:30:27.000Z,2025 Premium Card Collection 6 Assort Vol.1 - English #OP10-057 Leo - Bandai Card Games Fest 25-26 (Borderless) (CGC 10 PRISTINE),112,100-500,true,sold_back
2026-10-08T10:30:29.000Z,"2023 ex Starter Sets(svC,svAM,svAL,svAW) #001/021 Pikachu ex - Pikachu ex & Pawmot - svC (Holo) (CGC 10 PRISTINE)",36.1,25-100,true,held
2026-10-08T10:30:33.000Z,2025 Pokémon M2a-Mega Dream EX #245 Steven's Metagross EX - Holo Special Art Rare (PSA 10 GEM MINT),61.1,25-100,true,sold_back
2026-10-08T10:30:39.000Z,"2023 Trading Card Game Classic - CLV, CLC, CLB #002/034 Ivysaur - Venusaur & Lugia ex Deck - CLV Holo (CGC 10 GEM MINT)",22.2,0-25,true,sold_back
2026-10-08T10:30:41.000Z,2017 Black Star Promos - Sword & Shield #SWSH144 Greninja - Celebrations Elite Trainer Box (Cosmos Holo) (CGC 9 MINT),36.4,25-100,true,sold_back
2026-10-08T10:30:41.000Z,2023 Ruler of the Black Flame #120/108 Lechonk - Art Rare Holo (CGC 10 GEM MINT),18.4,0-25,true,sold_back
2026-10-08T10:30:41.000Z,2023-24 Topps Chrome UEFA Club Competitions Wonderkids #WK3 Lamine Yamal (PSA 9 MINT),79.1,25-100,true,held
2026-10-08T10:30:41.000Z,2024 Panini Donruss Optic #248 Jayden Daniels (PSA 9 MINT),18,0-25,true,sold_back
2026-10-08T10:30:41.000Z,Astral Radiance #TG11/TG30 Bronzong - Trainer Gallery Holo (CGC 9 MINT),11.6,0-25,true,sold_back
2026-10-08T10:30:45.000Z,2023 Pokémon Sword and Shield Crown Zenith #GG67 Origin Forme Palkia Vstar - Full Art Secret (PSA 9 MINT),107.6,100-500,true,sold_back
2026-10-08T10:30:50.000Z,2022 Pokémon Sword & Shield Vstar Universe #014 Charizard Vstar (PSA 10 GEM MINT),50.1,25-100,true,held
2026-10-08T10:30:51.000Z,2025 One Piece Promos #109 Monkey D. Luffy - Illustration Box Vol.3 (PSA 9 MINT),22.8,0-25,true,held
2026-10-08T10:30:53.000Z,2025 Mega Dream ex - M2a #199/193 Psyduck - Art Rare Holo (CGC 10 GEM MINT),22.9,0-25,true,sold_back
2026-10-08T10:30:54.000Z,2019 Panini Colecciones Este La Liga #63 Takefusa Kubo (PSA 10 GEM MINT),11.3,0-25,true,sold_back
2026-10-08T10:30:54.000Z,2020 Vivid Voltage #106/185 Drapion V - Holo Ultra Rare (CGC 9 MINT),10.8,0-25,true,sold_back
2026-10-08T10:30:56.000Z,2020 Vivid Voltage #049/185 Ampharos V - Holo (CGC 10 GEM MINT),22.3,0-25,true,sold_back
2026-10-08T10:30:56.000Z,2025 Phantasmal Flames - PFL EN #115/094 Mega Lopunny ex - Ultra Rare Holo (CGC 10 GEM MINT),18.1,0-25,true,sold_back
2026-10-08T10:30:56.000Z,"Star Wars: Ahsoka #1 CGC 9.8 White Pages (Marvel Comics, 9/24)",79.3,25-100,true,sold_back
2026-10-08T10:30:57.000Z,2025 Mega Dream ex - M2a #206/193 Team Rocket's Dugtrio - Art Rare Holo (CGC 10 GEM MINT),13.6,0-25,true,sold_back
2026-10-08T10:31:02.000Z,2024 Prismatic Evolutions - PRE EN #006/131 Leafeon ex - Surprise Box (Prismatic Evolutions Stamp) (Holo) (CGC 9 MINT),12,0-25,true,sold_back
2026-10-08T10:31:03.000Z,2025 A Fist of Divine Speed (OP11) - Japanese #OP06-119 Sanji - SP Ver. (SP next to number) (CGC 10 GEM MINT),80.3,25-100,true,sold_back
2026-10-08T10:31:03.000Z,2025 One Piece 3rd Anniversary! One Piece Card Treasure Campaign Pack #033 Monkey D. Luffy (PSA 9 MINT),19.4,0-25,true,sold_back
2026-10-08T10:31:06.000Z,2023 Violet ex #079/078 Tarountula - Art Rare Holo (CGC 10 GEM MINT),13.5,0-25,true,sold_back
2026-10-08T10:31:09.000Z,Pokémon Scarlet & Violet Destined Rivals (1 Booster Pack - Art May Vary),10.7,0-25,true,sold_back
2026-10-08T10:31:14.000Z,2025 Pokémon M2a-Mega Dream EX #237 Team Rocket's Mewtwo EX - Holo Special Art Rare (PSA 9 MINT),95.9,25-100,true,sold_back
2026-10-08T10:31:15.000Z,2026 Pokémon M4-Ninja Spinner #103 Cinccino EX - Holo Super Rare (PSA 10 GEM MINT),100,100-500,true,sold_back
2026-10-08T10:31:17.000Z,2024 Pokémon Scr EN-Stellar Crown #143 Bulbasaur - Illustration Rare (PSA 9 MINT),99.2,25-100,true,redeemed
2026-10-08T10:31:18.000Z,2022 One Piece OP01-Romance Dawn #024 Monkey D. Luffy (PSA 9 MINT),20.6,0-25,true,sold_back
2026-10-08T10:31:18.000Z,2023 Pokémon Svf-Ruler of the Black Flame Deck Build Box #004 Radiant Greninja - Holo (PSA 10 GEM MINT),35.7,25-100,true,sold_back
2026-10-08T10:31:18.000Z,2026 One Piece Japanese Premium Card Collection Kumamoto Prefecture Special Don!! Card - Sanji (PSA 9 MINT),21.1,0-25,true,sold_back
2026-10-08T10:31:20.000Z,Pokémon Scarlet & Violet Destined Rivals (1 Booster Pack - Art May Vary),10.7,0-25,true,held
2026-10-08T10:31:21.000Z,2023-24 Topps Finest UEFA Club Competitions #112 Jude Bellingham - Refractor (PSA 10 GEM MINT),27.5,25-100,true,sold_back
2026-10-08T10:31:23.000Z,2024 Pokémon Svm-Start Deck Generations #078 Tyranitar EX - Holo (PSA 10 GEM MINT),56.7,25-100,true,sold_back
2026-10-08T10:31:24.000Z,2024 Pokémon Paf EN-Paldean Fates #131 Pikachu - Shiny Rare (PSA 9 MINT),86.9,25-100,true,sold_back
2026-10-08T10:31:27.000Z,2022 VSTAR Universe #243/172 Gardenia's Vigor - Special Art Rare Holo (CGC 10 PRISTINE),49.3,25-100,true,sold_back
2026-10-08T10:31:32.000Z,2020 Topps Now Bundesliga #45 Youssoufa Moukoko (PSA 10 GEM MINT),10.8,0-25,true,sold_back
2026-10-08T10:31:32.000Z,2026 Topps Mega Celebration Box 8 Bit Ballers #1 Jac Caglianone (PSA 9 MINT),14.8,0-25,true,sold_back
2026-10-08T10:31:33.000Z,Pokémon Scarlet & Violet Destined Rivals (1 Booster Pack - Art May Vary),10.7,0-25,true,sold_back
2026-10-08T10:31:35.000Z,Pokémon Scarlet & Violet Destined Rivals (1 Booster Pack - Art May Vary),10.7,0-25,true,sold_back
2026-10-08T10:31:39.000Z,2021 Pokémon Celebrations #017 Groudon (PSA 8 NM-MT),12.7,0-25,true,sold_back
2026-10-08T10:31:41.000Z,2023 Pokémon Sv3a-Raging Surf #035 Gengar (PSA 10 GEM MINT),62.1,25-100,true,sold_back
2026-10-08T10:31:42.000Z,2025 One Piece Promos #109 Monkey D. Luffy - Illustration Box Vol.3 (CGC 10 PRISTINE),36.2,25-100,true,held
2026-10-08T10:31:42.000Z,2026 One Piece Japanese EB04-Extra Booster Egghead Crisis #061 Monkey D. Luffy - Alternate Art (PSA 9 MINT),36.7,25-100,true,sold_back
2026-10-08T10:31:44.000Z,2019 TAG TEAM GX: Tag All Stars #052/173 Mewtwo & Mew GX - Holo (CGC 10 GEM MINT),49.5,25-100,true,held
2026-10-08T10:31:45.000Z,2017 Black Star Promos - Sword & Shield #SWSH087 Eevee VMAX - Shining Fates Elite Trainer Box (Holo) (CGC 10 GEM MINT),20.1,0-25,true,sold_back
2026-10-08T10:31:47.000Z,2021 Pokémon 25th Anniversary Collection #001 Pikachu - Full Art (PSA 10 GEM MINT),48.7,25-100,true,held
2026-10-08T10:31:48.000Z,2025 Heat Wave Arena - sv9a #075/063 Arven's Greedent - Art Rare Holo (CGC 10 GEM MINT),14.3,0-25,true,sold_back
2026-10-08T10:31:54.000Z,2024 Pokémon Simplified Cs5b C-Gallant Galaxy: Brave #003 Venusaur (PSA 10 GEM MINT),48.9,25-100,true,held
2026-10-08T10:31:56.000Z,2017 Pokémon Sun & Moon Darkness That Consumes Light #013 Pikachu (PSA 10 GEM MINT),135.4,100-500,true,held
2026-10-08T10:31:57.000Z,2025 One Piece Japanese PRB02-Premium Booster -One Piece Card the Best- Vol.2 #109 Monkey D. Luffy (PSA 9 MINT),20.6,0-25,true,sold_back
2026-10-08T10:31:59.000Z,Pokémon Scarlet & Violet Destined Rivals (1 Booster Pack - Art May Vary),10.7,0-25,true,held
2026-10-08T10:32:05.000Z,2020 Sword & Shield #115/202 Stonjourner V - Holo (CGC 10 GEM MINT),11.6,0-25,true,sold_back
2026-10-08T10:32:11.000Z,2025 One Piece Japanese 3rd Anniversary! One Piece Card Treasure Campaign Pack #049 Sabo (PSA 10 GEM MINT),33.1,25-100,true,sold_back
2026-10-08T10:32:12.000Z,2025 One Piece Japanese OP13-Carrying on His Will #004 Sabo - Alternate Art (PSA 9 MINT),20.1,0-25,true,sold_back
2026-10-08T10:32:14.000Z,2025 Bowman Chrome Mega Box Chrome Prospects #170 Shotaro Morii (PSA 9 MINT),21.2,0-25,true,sold_back
2026-10-08T10:32:14.000Z,2026 One Piece Japanese Premium Card Collection Kumamoto Prefecture Special Don!! Card - Brook (PSA 9 MINT),20.9,0-25,true,sold_back
2026-10-08T10:32:17.000Z,2007 EX Power Keepers #53/108 Machop - Reverse Holo (CGC 8.5 NM-MT+),36.5,25-100,true,sold_back
2026-10-08T10:32:20.000Z,2016 Generations #RC22/RC32 Diancie (CGC 9 MINT),17.9,0-25,true,sold_back
2026-10-08T10:32:24.000Z,2021 VMAX Climax #203/184 Passimian - Character Rare Holo (CGC 10 PRISTINE),19.5,0-25,true,sold_back
2026-10-08T10:32:29.000Z,2021 Battle Styles #085/163 Single Strike Urshifu V - Holo (CGC 9 MINT),13,0-25,true,sold_back
2026-10-08T10:32:32.000Z,2025 Pokémon M2-Inferno X #094 Mega Charizard X EX - Holo Super Rare (PSA 10 GEM MINT),62.7,25-100,true,sold_back
2026-10-08T10:32:41.000Z,2023 Paradox Rift - PAR EN #249/182 Iron Valiant ex - Special Illustration Rare (Holo) (CGC 10 GEM MINT),56.7,25-100,true,sold_back
2026-10-08T10:32:44.000Z,2026 One Piece OP15-EB04-Adventure on Kami's Island #007 Roronoa Zoro (PSA 10 GEM MINT),47.1,25-100,true,held
2026-10-08T10:32:48.000Z,2025 Topps Chrome Inspirational #IP-18 Cooper Flagg (PSA 10 GEM MINT),87.4,25-100,true,sold_back
2026-10-08T10:32:50.000Z,2024 Pokémon SV8-Super Electric Breaker #033 Pikachu EX - Holo (PSA 10 GEM MINT),50.4,25-100,true,sold_back
2026-10-08T10:32:51.000Z,2022 VSTAR Universe #175/172 Magmortar - Art Rare Holo (CGC 10 GEM MINT),13.1,0-25,true,sold_back
2026-10-08T10:32:53.000Z,Pokémon Sun & Moon Rebel Clash (1 Booster Pack - Art May Vary),15.2,0-25,true,sold_back
2026-10-08T10:32:54.000Z,2025 Pokémon Dri EN-Destined Rivals #202 Team Rocket's Raticate - Illustration Rare (PSA 9 MINT),17.7,0-25,true,sold_back
2026-10-08T10:32:57.000Z,"2023 Trading Card Game Classic - CLF, CLL, CLK #008/032 Sandshrew - Venusaur & Lugia ex Deck - CLF Holo (CGC 10 GEM MINT)",11.8,0-25,true,sold_back
2026-10-08T10:33:00.000Z,2023 Ancient Roar #068/066 Magby - Art Rare Holo (CGC 10 GEM MINT),13.9,0-25,true,sold_back
2026-10-08T10:33:02.000Z,2025 Topps Update #201 Nick Kurtz - Holiday (PSA 9 MINT),24.7,0-25,true,sold_back
2026-10-08T10:33:03.000Z,2022 Pokémon GO #083/078 Candela - Rainbow Rare Holo (CGC 9 MINT),18.5,0-25,true,sold_back
2026-10-08T10:33:05.000Z,2025 One Piece Promos #109 Monkey D. Luffy - Illustration Box Vol.3 (PSA 9 MINT),22.8,0-25,true,sold_back
2026-10-08T10:33:06.000Z,2023 Scarlet & Violet 151 - MEW EN #040/165 Wigglytuff ex - Holo (CGC 8.5 NM-MT+),11.8,0-25,true,held
2026-10-08T10:33:09.000Z,2024 Topps Chrome #204 Marvin Harrison Jr. (CGC 10 GEM MINT),26,25-100,true,held
2026-10-08T10:33:15.000Z,Pokémon Scarlet & Violet Destined Rivals (1 Booster Pack - Art May Vary),10.7,0-25,true,sold_back
2026-10-08T10:33:18.000Z,2024 One Piece Japanese OP09-Emperors in the New World #061 Monkey D. Luffy - Alternate Art (PSA 9 MINT),48.4,25-100,true,held
2026-10-08T10:33:21.000Z,Pokémon Celebrations (1 Booster Pack - Art May Vary),37.9,25-100,true,sold_back
2026-10-08T10:33:26.000Z,2023 Scarlet & Violet #248/198 Iron Treads ex - Special Illustration Rare (Holo) (CGC 9 MINT),22.9,0-25,true,sold_back
2026-10-08T10:33:27.000Z,2021 Pokémon 25th Anniversary Collection #020 Pikachu V - Holo (PSA 10 GEM MINT),49.1,25-100,true,sold_back
2026-10-08T10:33:30.000Z,2023 Shiny Treasure ex #326/190 Alakazam ex - Shiny Super Rare Holo (CGC 10 PRISTINE),25.1,25-100,true,sold_back
2026-10-08T10:33:36.000Z,Pokémon Scarlet & Violet Destined Rivals (1 Booster Pack - Art May Vary),10.7,0-25,true,sold_back
2026-10-08T10:33:42.000Z,2026 Pokémon Asc EN-Ascended Heroes #228 Weavile - Illustration Rare (PSA 10 GEM MINT),49.9,25-100,true,held
2026-10-08T10:33:45.000Z,2024 Stellar Miracle #112/102 Gulpin - Art Rare Holo (CGC 9 MINT),10.8,0-25,true,sold_back
2026-10-08T10:33:45.000Z,Pokemon Sword & Shield Silver Tempest (1 Booster Pack - Art May Vary),18.2,0-25,true,sold_back
2026-10-08T10:33:50.000Z,2020 Bowman Chrome Prospect Autographs #CPAWP Wilderd Patino - Orange Wave (PSA 10 GEM MINT),43.7,25-100,true,sold_back
2026-10-08T10:33:50.000Z,2025 One Piece OP11-A Fist of Divine Speed #118 Monkey D. Luffy (PSA 8 NM-MT),18.3,0-25,true,sold_back
2026-10-08T10:33:50.000Z,Pokemon Sun & Moon Tag Team GX Dream League (1 Booster Pack - Art May Vary),42,25-100,true,sold_back
2026-10-08T10:33:51.000Z,1996 Base Set Alakazam - Holo (CGC 8 NM-MT),101.3,100-500,true,sold_back
2026-10-08T10:33:51.000Z,2025 Inferno X - M2 #113/080 Mega Sharpedo ex - Special Art Rare Holo (CGC 9 MINT),13.6,0-25,true,sold_back
2026-10-08T10:33:53.000Z,2025 Black Star Promos - Mega Evolution MEP EN #042 Piplup - First Partner Illustration Collection Series 1 (Holo) (CGC 10 GEM MINT),17.1,0-25,true,sold_back
2026-10-08T10:33:56.000Z,2000 Team Rocket #57/82 Grimer - 1st Edition 1st Edition (CGC 9 MINT),18.7,0-25,true,held
2026-10-08T10:33:56.000Z,"All-American Comics: Facsimile Edition #16 CGC 9.8 White Pages (DC Comics, 12/23) - Universal",96.8,25-100,true,sold_back
2026-10-08T10:33:59.000Z,2025 One Piece OP13-Carrying on His Will #084 St. Shepherd JU Peter - Alternate Art (PSA 10 GEM MINT),47.1,25-100,true,sold_back
2026-10-08T10:34:00.000Z,2025 Pokémon M2a-Mega Dream EX #242 N's Zoroark EX - Holo Special Art Rare (PSA 10 GEM MINT),77.1,25-100,true,sold_back
2026-10-08T10:34:23.000Z,Pokémon Celebrations (1 Booster Pack - Art May Vary),37.9,25-100,true,sold_back
2026-10-08T10:34:26.000Z,Pokémon Scarlet & Violet Destined Rivals (1 Booster Pack - Art May Vary),10.7,0-25,true,held
2026-10-08T10:34:29.000Z,"X-Men #12 CGC 9.8 White Pages (Marvel Comics, 11/20) - Universal Mercado Variant Cover",63.495,25-100,true,sold_back
2026-10-08T10:34:32.000Z,2024 High Class Pack: Terastal Fest ex - sv8a #032/187 Totodile - Poké Ball Holo (CGC 10 GEM MINT),19.6,0-25,true,sold_back
2026-10-08T10:34:32.000Z,Pokémon Scarlet & Violet Destined Rivals (1 Booster Pack - Art May Vary),10.7,0-25,true,sold_back
2026-10-08T10:34:35.000Z,2023 Crown Zenith #GG30/GG70 Pikachu - Galarian Gallery Holo (CGC 10 GEM MINT),99.2,25-100,true,redeemed
2026-10-08T10:34:38.000Z,2025 Pokémon Svp EN-SV Black Star Promo #173 Eevee - Prismatic Evolutions Elite Trainer Box (PSA 10 GEM MINT),109.4,100-500,true,sold_back
2026-10-08T10:34:39.000Z,2025 Pokémon Meg EN-Mega Evolution #146 Marshadow - Illustration Rare (PSA 10 GEM MINT),74.5,25-100,true,sold_back
2026-10-08T10:34:41.000Z,2024 Wild Force #080/071 Gastly - Art Rare Holo (CGC 10 GEM MINT),48.9,25-100,true,held
2026-10-08T10:34:44.000Z,2024 Prismatic Evolutions - PRE EN #160/131 Cornerstone Mask Ogerpon ex - Special Illustration Rare (Holo) (CGC 9 MINT),19.2,0-25,true,held
2026-10-08T10:34:45.000Z,2022 Pokémon Sword & Shield Vstar Universe #054 Mew Vmax - Full Art (PSA 10 GEM MINT),50.8,25-100,true,held
2026-10-08T10:34:48.000Z,2020 Shiny Star V #125/190 Eternatus VMAX - Holo (CGC 10 GEM MINT),19.7,0-25,true,sold_back
2026-10-08T10:34:48.000Z,Pokémon Sun & Moon Base Set (1 Booster Pack - Art May Vary),26.9,25-100,true,sold_back
2026-10-08T10:34:54.000Z,2025 Pokémon M2a-Mega Dream EX #199 Psyduck - Art Rare (PSA 10 GEM MINT),57.1,25-100,true,held
2026-10-08T10:34:56.000Z,2022 Pokémon Sword & Shield Dark Phantasma #074 Gengar - Full Art (PSA 10 GEM MINT),90.8,25-100,true,held
2026-10-08T10:35:02.000Z,2023 Scarlet ex #089/078 Kingambit - Art Rare Holo (CGC 10 GEM MINT),17.5,0-25,true,sold_back
2026-10-08T10:35:03.000Z,2024 Paradise Dragona - sv7a #077/064 Black Kyurem ex - Super Rare Holo (CGC 10 GEM MINT),12.1,0-25,true,held
2026-10-08T10:35:06.000Z,2026 One Piece Japanese Promos #001 Monkey D. Luffy - Ichiban Kuji Purchase Bonus (PSA 9 MINT),13.2,0-25,true,held
2026-10-08T10:35:08.000Z,2025 Pokémon Sv11b-Black Bolt #161 Zekrom EX - Holo Super Rare (PSA 10 GEM MINT),58.4,25-100,true,sold_back
2026-10-08T10:35:12.000Z,"Green Lantern #158 CGC 9.8 White Pages (DC Comics, 11/82) - Universal",63.35,25-100,true,sold_back
2026-10-08T10:35:14.000Z,2022 One Piece Japanese 25th Anniversary Premium Card Collection #013 Sanji (PSA 9 MINT),14.4,0-25,true,sold_back
2026-10-08T10:35:29.000Z,2024 Pokémon Simplified Cs5a C-Gallant Galaxy: Charm #001 Charmander (PSA 10 GEM MINT),55.8,25-100,true,sold_back
2026-10-08T10:35:35.000Z,2022 Pokémon Swsh Black Star Promo #204 Arceus V - Holo Arceus V Figure Collection (PSA 9 MINT),44.1,25-100,true,sold_back
2026-10-08T10:35:38.000Z,2023 Clay Burst #080/071 Grafaiai - Art Rare Holo (CGC 10 GEM MINT),17,0-25,true,sold_back
2026-10-08T10:35:38.000Z,Brilliant Stars (1 Booster Pack - Art May Vary),19.6,0-25,true,sold_back
2026-10-08T10:35:39.000Z,2025 Pokémon Pre EN-Prismatic Evolutions #060 Umbreon EX - Holo Surprise Box Exclusive (PSA 8 NM-MT),20.3,0-25,true,sold_back
2026-10-08T10:35:42.000Z,2019 Pokémon Sun & Moon Unified Minds #249 Naganadel GX - Holo Full Art Secret (PSA 9 MINT),30.3,25-100,true,sold_back
2026-10-08T10:35:42.000Z,2020 Topps Museum Collection UEFA Champions League #37 Pedri (PSA 10 GEM MINT),53.5,25-100,true,sold_back
2026-10-08T10:35:44.000Z,2023 Ruler of the Black Flame #116/108 Scizor - Art Rare Holo (CGC 10 PRISTINE),28.9,25-100,true,sold_back
2026-10-08T10:35:48.000Z,2021 Dark Phantasma #050/071 Radiant Steelix - Holo (CGC 10 GEM MINT),17.4,0-25,true,sold_back
2026-10-08T10:35:48.000Z,2025 Destined Rivals - DRI EN #202/182 Team Rocket's Raticate - Illustration Rare Holo (CGC 10 GEM MINT),17.4,0-25,true,sold_back
2026-10-08T10:35:56.000Z,2022 Silver Tempest #139/195 Lugia VSTAR - Holo (CGC 9 MINT),18,0-25,true,sold_back
2026-10-08T10:35:57.000Z,2026 One Piece Japanese Premium Card Collection Kumamoto Prefecture Special Don!! Card - Brook (PSA 9 MINT),20.9,0-25,true,sold_back
2026-10-08T10:36:00.000Z,Pokémon Scarlet & Violet Prismatic Evolutions (1 Booster Pack - Art May Vary),17.3,0-25,true,held
2026-10-08T10:36:11.000Z,2021 Evolving Skies #041/203 Glaceon VMAX - Holo (CGC 9.5 MINT+),12.7,0-25,true,sold_back
2026-10-08T10:36:12.000Z,2025 Bowman Chrome Prospects #BCP245 Jesus Made (PSA 9 MINT),25.5,25-100,true,held
2026-10-08T10:36:12.000Z,2026 Pokémon Asc EN-Ascended Heroes #239 Team Rocket's Dugtrio - Illustration Rare (PSA 10 GEM MINT),55.7,25-100,true,held
2026-10-08T10:36:12.000Z,"DC Comics Presents #85 CGC 9.8 White Pages (DC Comics, 9/85) - Universal",75.166667,25-100,true,sold_back
2026-10-08T10:36:14.000Z,2022-23 Topps Chrome UEFA Club Competitions #52 Mykhailo Mudryk - Blue Refractor (PSA 10 GEM MINT),20.5,0-25,true,sold_back
2026-10-08T10:36:15.000Z,2024 Pokémon Sfa EN-Shrouded Fable #068 Duskull - Illustration Rare (PSA 9 MINT),55.6,25-100,true,sold_back
2026-10-08T10:36:17.000Z,2025 Mega Brave - M1L #067/063 Vulpix - Art Rare Holo (CGC 10 PRISTINE),23,0-25,true,sold_back
2026-10-08T10:36:20.000Z,2025 Pokémon M2-Inferno X #013 Mega Charizard X EX - Holo (PSA 10 GEM MINT),49.1,25-100,true,sold_back
2026-10-08T10:36:24.000Z,2025 Pokémon MC-Start Deck 100 Battle Collection #757 Sprigatito EX - Holo (PSA 10 GEM MINT),62.8,25-100,true,held
2026-10-08T10:36:29.000Z,2024 Bowman Draft #BDC19 Roman Anthony - Chrome (PSA 9 MINT),19.5,0-25,true,sold_back
2026-10-08T10:36:36.000Z,1989 Pro Set #533 Eric Allen (PSA 10 GEM MINT),44.3,25-100,true,sold_back
2026-10-08T10:36:42.000Z,2024 Upper Deck #492 Matvei Michkov (PSA 9 MINT),44.9,25-100,true,sold_back
2026-10-08T10:36:48.000Z,Pokémon Sun & Moon Guardians Rising (1 Booster Pack - Art May Vary),39.9,25-100,true,sold_back
2026-10-08T10:36:50.000Z,2021 Pokémon 25th Anniversary Collection #020 Pikachu V - Holo (PSA 10 GEM MINT),49.1,25-100,true,sold_back
2026-10-08T10:36:53.000Z,1999 Pokémon Neo Promo #158 Totodile - Premium File (PSA 8 NM-MT),33.2,25-100,true,held
2026-10-08T10:36:56.000Z,2023 Crown Zenith #045/159 Rotom V - Holo (CGC 10 GEM MINT),19.7,0-25,true,sold_back
2026-10-08T10:36:59.000Z,2024 Journey Together - JTG EN #075/159 Alcremie ex - Holo (CGC 9 MINT),17.6,0-25,true,held
2026-10-08T10:36:59.000Z,2025 Pokémon Meg EN-Mega Evolution #151 Spearow - Illustration Rare (PSA 10 GEM MINT),48.6,25-100,true,sold_back
2026-10-08T10:37:03.000Z,Pokémon Sword & Shield Fusion Strike (1 Booster Pack - Art May Vary),22.2,0-25,true,sold_back
2026-10-08T10:37:06.000Z,2025 Topps Chrome #217 Roki Sasaki - Raywave (PSA 9 MINT),23.9,0-25,true,sold_back
2026-10-08T10:37:12.000Z,2024 Pokémon SV6-Transformation Mask #112 Tatsugiri - Art Rare (PSA 10 GEM MINT),48.6,25-100,true,held
2026-10-08T10:37:14.000Z,2023 Panini Donruss Optic #213 Bryce Young - Purple Shock (CGC 10 GEM MINT),28.2,25-100,true,sold_back
2026-10-08T10:37:15.000Z,1987 Topps #680 Ryne Sandberg (PSA 9 MINT),17,0-25,true,sold_back
2026-10-08T10:37:18.000Z,Pokémon Scarlet & Violet Prismatic Evolutions (1 Booster Pack - Art May Vary),17.3,0-25,true,held
2026-10-08T10:37:21.000Z,2019 Pokémon Sun & Moon Hidden Fates #SV37 Altaria - Holo (PSA 10 GEM MINT),66.4,25-100,true,sold_back
2026-10-08T10:37:21.000Z,2025 Pokémon Meg EN-Mega Evolution #139 Litleo - Illustration Rare (PSA 10 GEM MINT),50.5,25-100,true,sold_back
2026-10-08T10:37:26.000Z,Pokémon Japanese Sun & Moon Thunderclap Spark (1 Booster Pack - Art May Vary),24,0-25,true,sold_back
2026-10-08T10:37:26.000Z,Pokémon Scarlet & Violet Destined Rivals (1 Booster Pack - Art May Vary),10.7,0-25,true,redeemed
2026-10-08T10:37:27.000Z,2019 Pokémon Sun & Moon Double Blaze #045 Cubone (PSA 10 GEM MINT),271.9,100-500,true,held
2026-10-08T10:37:39.000Z,2023 Panini Donruss Optic #247 Anthony Richardson - Green Velocity (PSA 10 GEM MINT),12.7,0-25,true,sold_back
2026-10-08T10:37:39.000Z,2025 Bowman Paper Prospects #BP22 JJ Wetherholt (PSA 9 MINT),21.5,0-25,true,sold_back
2026-10-08T10:37:45.000Z,1989 Topps Traded #80T Carnell Lake (PSA 9 MINT),20.9,0-25,true,sold_back
2026-10-08T10:37:47.000Z,2023 Obsidian Flames - OBF EN #130/197 Umbreon - Reverse Holo Retailer Purchase Bonus () (CGC 9.5 MINT+),36.9,25-100,true,sold_back
2026-10-08T10:37:47.000Z,2023 Ruler of the Black Flame #066/108 Charizard ex - Holo (CGC 10 GEM MINT),17.8,0-25,true,sold_back
2026-10-08T10:37:50.000Z,Pokémon Sun & Moon Ultra Prism (1 Booster Pack - Art May Vary),54.7,25-100,true,held
2026-10-08T10:37:51.000Z,2023 One Piece Gift Collection 2023 #059 Boa Hancock (PSA 9 MINT),56.5,25-100,true,held
2026-10-08T10:37:51.000Z,2025 Panini Donruss Optic #273 Jaxson Dart - Holo (PSA 9 MINT),40,25-100,true,sold_back
2026-10-08T10:37:59.000Z,2000 Pokémon Neo #182 Bellossom - Holo (PSA 8 NM-MT),48.4,25-100,true,held
2026-10-08T10:37:59.000Z,Pokémon Japanese Sword & Shield Explosive Walker (1 Booster Pack - Art May Vary),15.8,0-25,true,held
2026-10-08T10:38:06.000Z,2020 Topps Chrome UEFA Champions League Sapphire Edition #49 Erling Haaland - SP (PSA 9 MINT),47.1,25-100,true,sold_back
2026-10-08T10:38:06.000Z,2023 Pokémon Clf-Trading Card Game Classic Venusaur & Lugia EX Deck #001 Bulbasaur (PSA 10 GEM MINT),53.7,25-100,true,sold_back
2026-10-08T10:38:09.000Z,2022 Promotional Cards - English #006 Monkey D. Luffy - ONE PIECE DAY Dallas (BGS 9.5 GEM MINT),839.9,500+,true,held
2026-10-08T10:38:12.000Z,2020 Bowman Paper Prospects #BP8 Jasson Dominguez (PSA 10 GEM MINT),10.9,0-25,true,sold_back
2026-10-08T10:38:15.000Z,2016 Pokémon XY Awakening Psychic King #083 Genesect EX - 1st Edition Holo Full Art (PSA 10 GEM MINT),345.7,100-500,true,sold_back
2026-10-08T10:38:15.000Z,2022 VSTAR Universe #229/172 Hisuian Samurott V - Special Art Rare Holo (CGC 10 GEM MINT),19.8,0-25,true,sold_back
2026-10-08T10:38:17.000Z,2025 Pokémon Meg EN-Mega Evolution #169 Lillie's Determination - Ultra Rare (PSA 8 NM-MT),20.9,0-25,true,held
2026-10-08T10:38:18.000Z,2023 Crown Zenith #098/159 Zamazenta V - Holo (CGC 9 MINT),10.6,0-25,true,sold_back
2026-10-08T10:38:18.000Z,2023-24 Panini Select La Liga #148 Miguel Gutierrez - Gold Mojo (PSA 9 MINT),11.5,0-25,true,redeemed
2026-10-08T10:38:20.000Z,1996 Japanese Base Set #120 Staryu (CGC 8 NM-MT),12.9,0-25,true,sold_back
2026-10-08T10:38:20.000Z,Pokémon Scarlet & Violet Destined Rivals (1 Booster Pack - Art May Vary),10.7,0-25,true,sold_back
2026-10-08T10:38:23.000Z,2017 Shining Legends #3/73 Venusaur - Reverse Holo (CGC 9 MINT),22.8,0-25,true,sold_back
2026-10-08T10:38:30.000Z,2011 Topps Chrome #1 Cam Newton - Ball Over Right Shoulder (PSA 8 NM-MT),17.7,0-25,true,redeemed
2026-10-08T10:38:35.000Z,2023 Paradox Rift - PAR EN #076/182 Cofagrigus ex - Holo (CGC 10 GEM MINT),22.3,0-25,true,held
2026-10-08T10:38:38.000Z,2022 Panini Prizm #254 Bennedict Mathurin - Silver Prizm (PSA 9 MINT),11.9,0-25,true,sold_back
2026-10-08T10:38:38.000Z,Pokémon Scarlet & Violet Destined Rivals (1 Booster Pack - Art May Vary),10.7,0-25,true,sold_back
2026-10-08T10:38:39.000Z,2018 Panini Donruss #177 Vinicius Junior - Optic (PSA 9 MINT),22.1,0-25,true,sold_back
2026-10-08T10:38:41.000Z,2025 Pokémon Jtg EN-Journey Together #168 Furret - Illustration Rare (PSA 9 MINT),28.1,25-100,true,sold_back
2026-10-08T10:38:44.000Z,2025 Pokémon MP1-Start Deck 100 Battle Collection Corociao Version #019 Influencer's Introduction (PSA 9 MINT),21.4,0-25,true,held
2026-10-08T10:38:44.000Z,2025 Pokémon Wht EN-White Flare #005 Whimsicott EX - Holo (CGC 10 PRISTINE),45.4,25-100,true,sold_back
2026-10-08T10:38:47.000Z,1989 Collegiate Collection North Carolina #13 Michael Jordan (PSA 8 NM-MT),36.4,25-100,true,held
2026-10-08T10:38:47.000Z,2005 Bowman Chrome #110 Roger Clemens (PSA 10 GEM MINT),29.9,25-100,true,sold_back
2026-10-08T10:38:50.000Z,2025 One Piece OP13-Carrying on His Will #051 Boa Hancock (PSA 10 GEM MINT),47.7,25-100,true,held
2026-10-08T10:38:56.000Z,Pokémon Scarlet & Violet Destined Rivals (1 Booster Pack - Art May Vary),10.7,0-25,true,sold_back
2026-10-08T10:38:59.000Z,2025 Black Bolt - BLK EN #003/086 Serperior ex - Holo (CGC 9.5 MINT+),22.4,0-25,true,sold_back
2026-10-08T10:39:02.000Z,2021 Parkside Nwsl Premier Edition Stars #54 Trinity Rodman (PSA 9 MINT),22.9,0-25,true,sold_back
2026-10-08T10:39:02.000Z,2023 Clay Burst #083/071 Farigiraf - Art Rare Holo (CGC 10 GEM MINT),12.3,0-25,true,sold_back
2026-10-08T10:39:03.000Z,2015 Panini Select #68 Luka Modric - Heading Ball-Red Prizm (PSA 9 MINT),20.4,0-25,true,sold_back
2026-10-08T10:39:03.000Z,2022 Pokémon S Promo #290 Squirtle - Pokemon Go Promo Card Gift Campaign (PSA 10 GEM MINT),60.5,25-100,true,held
2026-10-08T10:39:03.000Z,2023 Pokémon Cll-Trading Card Game Classic Charizard & HO-Oh EX Deck #001 Charmander (PSA 10 GEM MINT),70.9,25-100,true,sold_back
2026-10-08T10:39:08.000Z,2021 Pokémon Sword & Shield Vmax Climax #120 Rayquaza Vmax - Full Art (PSA 10 GEM MINT),48.2,25-100,true,sold_back
2026-10-08T10:39:12.000Z,2024 Topps Now #584 Shohei Ohtani (PSA 8 NM-MT),20.3,0-25,true,sold_back
2026-10-08T10:39:15.000Z,1999 Base Set #27/102 Farfetch'd - Shadowless Shadowless (CGC 9 MINT),18.1,0-25,true,sold_back
2026-10-08T10:39:17.000Z,2021 Battle Styles #155/163 Tyranitar V - Ultra Rare Holo (CGC 10 GEM MINT),342.5,100-500,true,held
2026-10-08T10:39:17.000Z,2023 Pokémon Sv2p-Snow Hazard #073 Marill - Art Rare (PSA 10 GEM MINT),58,25-100,true,sold_back
2026-10-08T10:39:20.000Z,1972 Topps #37 Carl Yastrzemski (PSA 5 EX),23.2,0-25,true,sold_back
2026-10-08T10:39:20.000Z,Pokémon Sun & Moon Base Set (1 Booster Pack - Art May Vary),26.9,25-100,true,sold_back
2026-10-08T10:39:21.000Z,2024 One Piece Japanese OP09-Emperors in the New World #119 Monkey D. Luffy (PSA 9 MINT),20.3,0-25,true,held
2026-10-08T10:39:29.000Z,2021 Parkside Nwsl Premier Edition Stars #54 Trinity Rodman (PSA 9 MINT),22.9,0-25,true,sold_back
2026-10-08T10:39:29.000Z,2024 Pokémon SV6-Transformation Mask #115 Hearthflame Mask Ogerpon EX - Holo Super Rare (PSA 10 GEM MINT),22.5,0-25,true,sold_back
2026-10-08T10:39:33.000Z,2024 Panini Prizm WNBA #145 Caitlin Clark - Ice (PSA 6 EX-MT),51.9,25-100,true,held
2026-10-08T10:39:38.000Z,2020 Bowman Draft #BD121 Spencer Torkelson (PSA 9 MINT),11.3,0-25,true,sold_back
2026-10-08T10:39:39.000Z,2025 Black Bolt - BLK EN #148/086 Pidove - Illustration Rare Holo (CGC 9 MINT),26.5,25-100,true,sold_back
2026-10-08T10:39:42.000Z,2021 Pokémon 25th Anniversary Collection #004 HO-Oh - Reverse Foil (PSA 10 GEM MINT),38.6,25-100,true,sold_back
2026-10-08T10:39:44.000Z,2017 Shining Legends #71/73 Entei GX - Ultra Rare Holo (CGC 8.5 NM-MT+),23.4,0-25,true,sold_back
2026-10-08T10:39:44.000Z,Pokémon Sun & Moon Guardians Rising (1 Booster Pack - Art May Vary),39.9,25-100,true,sold_back
2026-10-08T10:39:51.000Z,2022 Battle Region #073/067 Hoothoot - Character Rare Holo (CGC 9 MINT),11.6,0-25,true,sold_back
2026-10-08T10:39:56.000Z,2023 Pokémon Obf EN-Obsidian Flames #041 Volcarona (PSA 10 GEM MINT),50,25-100,true,sold_back
2026-10-08T10:39:56.000Z,2025 Pokémon Mep EN-Me Black Star Promo #024 Oricorio EX - Holo Mega Charizard X EX Ultra-Premium Collection (PSA 9 MINT),17.1,0-25,true,held
2026-10-08T10:39:57.000Z,2013 Topps Platinum #122 DeAndre Hopkins - Xfractor (PSA 10 GEM MINT),30.9,25-100,true,sold_back
2026-10-08T10:40:03.000Z,2020 Panini Prizm Draft Picks #42 James Wiseman - Red Ice (PSA 10 GEM MINT),21,0-25,true,held
2026-10-08T10:40:05.000Z,2020 Darkness Ablaze #193/189 Scizor VMAX - Rainbow Rare Holo (CGC 9 MINT),11.6,0-25,true,sold_back
2026-10-08T10:40:05.000Z,2022-23 Topps Chrome UEFA Club Competitions #52 Mykhailo Mudryk - Blue Refractor (PSA 10 GEM MINT),20.5,0-25,true,sold_back
2026-10-08T10:40:06.000Z,2020 Upper Deck Extended Series #HG-12 Arthur Kaliyev (CGC 10 GEM MINT),11.3,0-25,true,sold_back
2026-10-08T10:40:06.000Z,2024 Pokémon SV6-Transformation Mask #113 Chansey - Art Rare (PSA 10 GEM MINT),76,25-100,true,sold_back
2026-10-08T10:40:21.000Z,2025 Pokémon Mep EN-Me Black Star Promo #011 Mega Latias EX - Holo Mega Latias EX Box (PSA 9 MINT),20.3,0-25,true,sold_back
2026-10-08T10:40:24.000Z,2023 Triplet Beat #082/073 Quaxwell - Art Rare Holo (CGC 10 GEM MINT),17.3,0-25,true,sold_back
2026-10-08T10:40:30.000Z,2023 Pokémon Card 151 #182/165 Dragonair - Art Rare Holo (CGC 10 GEM MINT),20.7,0-25,true,sold_back
2026-10-08T10:40:36.000Z,2025 Panini Select #54 Shedeur Sanders - Silver Prizm (PSA 9 MINT),20.1,0-25,true,sold_back
2026-10-08T10:40:39.000Z,2025 Pokémon Mep EN-Me Black Star Promo #024 Oricorio EX - Holo Mega Charizard X EX Ultra-Premium Collection (PSA 9 MINT),17.1,0-25,true,sold_back
2026-10-08T10:40:41.000Z,2023 Bowman University Chrome Sapphire #8 Brian Thomas Jr. (PSA 10 GEM MINT),22.7,0-25,true,sold_back
2026-10-08T10:40:45.000Z,2022 VSTAR Universe #231/172 Hoopa V - Special Art Rare Holo (CGC 10 GEM MINT),19.2,0-25,true,held
2026-10-08T10:40:47.000Z,2023 Pokémon Sv2a-Pokémon Card 151 #032 Nidoran - Reverse Holo Master Ball (PSA 10 GEM MINT),84.4,25-100,true,sold_back
2026-10-08T10:41:02.000Z,1999 Pokémon Game #12 Ninetales - Holo (PSA 7 NM),52.3,25-100,true,sold_back
2026-10-08T10:41:03.000Z,2023 Crown Zenith #GG04/GG70 Oricorio - Galarian Gallery Holo (CGC 10 GEM MINT),43.4,25-100,true,sold_back
2026-10-08T10:41:11.000Z,2023 Scarlet & Violet 151 - MEW EN #145/165 Zapdos ex (CGC 9 MINT),22.5,0-25,true,sold_back
2026-10-08T10:41:14.000Z,1996 Collector's Choice Mini II #M129 Jermaine O'Neal/Kevin Garnett/Kobe Bryant (PSA 9 MINT),64,25-100,true,held
2026-10-08T10:41:14.000Z,2025 Topps Power Players #PP-12 Nikola Jokic (PSA 10 GEM MINT),45.6,25-100,true,sold_back
2026-10-08T10:41:17.000Z,2021 Bowman Draft Chrome Draft Pick Autographs #CDASF Sal Frelick (PSA 10 GEM MINT),94.9,25-100,true,held
2026-10-08T10:41:18.000Z,2022 Pokémon Go #028 Pikachu - Holo (PSA 10 GEM MINT),71.9,25-100,true,held
2026-10-08T10:41:21.000Z,2023 Pokémon Swsh Black Star Promo #291 Lucario Vstar - Full Art Crown Zenith Elite Trainer Box (PSA 10 GEM MINT),108.3,100-500,true,held
2026-10-08T10:41:26.000Z,2025 Pokémon Blk EN-Black Bolt #109 Cubchoo - Illustration Rare (PSA 9 MINT),37,25-100,true,held
2026-10-08T10:41:38.000Z,2019 Topps #410 Fernando Tatis Jr. (PSA 10 GEM MINT),22.2,0-25,true,held
2026-10-08T10:41:39.000Z,2019 Pokémon Sun & Moon Unified Minds #228 Garchomp & Giratina GX - Holo Full Art (PSA 10 GEM MINT),438.2,100-500,true,sold_back
2026-10-08T10:41:45.000Z,Pokémon Scarlet & Violet Destined Rivals (1 Booster Pack - Art May Vary),10.7,0-25,true,held
2026-10-08T10:41:51.000Z,2021 McDonald's Collection 2021 #9/25 Charmander - Confetti Holo (CGC 8.5 NM-MT+),12.8,0-25,true,sold_back
2026-10-08T10:41:53.000Z,2021 Pokémon Sword & Shield Vmax Climax #209 Druddigon - Full Art (PSA 10 GEM MINT),37.7,25-100,true,sold_back
2026-10-08T10:41:53.000Z,2025 Pokémon M2a-Mega Dream EX #243 Marnie's Grimmsnarl EX - Holo Special Art Rare (PSA 10 GEM MINT),50,25-100,true,sold_back
2026-10-08T10:41:59.000Z,1982 Topps #780 Pete Rose (PSA 7 NM),11.7,0-25,true,sold_back
2026-10-08T10:41:59.000Z,2026 One Piece OP14-EB04-the Azure Sea's Seven #027 Shanks - Alternate Art (PSA 10 GEM MINT),51.7,25-100,true,sold_back
2026-10-08T10:41:59.000Z,Pokémon Scarlet & Violet Destined Rivals (1 Booster Pack - Art May Vary),10.7,0-25,true,held
2026-10-08T10:42:00.000Z,2019 Pokémon Sun & Moon Tag Team GX All Stars #196 Green's Exploration - Full Art (PSA 9 MINT),461.2,100-500,true,held
2026-10-08T10:42:02.000Z,Pokémon Scarlet & Violet Destined Rivals (1 Booster Pack - Art May Vary),10.7,0-25,true,sold_back
2026-10-08T10:42:08.000Z,2022 Pokémon Sword & Shield Vstar Universe #197 Ditto - Full Art (PSA 10 GEM MINT),61.5,25-100,true,sold_back
2026-10-08T10:42:18.000Z,2023 Pokémon Sv4a-Shiny Treasure EX #327 Mew EX - Holo Ssr (PSA 10 GEM MINT),65.3,25-100,true,sold_back
2026-10-08T10:42:32.000Z,2025 Inferno X - M2 #086/080 Yamper - Art Rare Holo (CGC 10 GEM MINT),11.4,0-25,true,held
2026-10-08T10:42:33.000Z,2019 Panini Donruss Optic #180 Coby White - Purple Shock (PSA 9 MINT),13.5,0-25,true,held
2026-10-08T10:42:33.000Z,2024 Pokémon SV6-Transformation Mask #113 Chansey - Art Rare (PSA 10 GEM MINT),76,25-100,true,sold_back
2026-10-08T10:42:36.000Z,2019 Topps Chrome #202 Eloy Jimenez (PSA 10 GEM MINT),10.3,0-25,true,sold_back
2026-10-08T10:42:39.000Z,Pokémon Scarlet & Violet Destined Rivals (1 Booster Pack - Art May Vary),10.7,0-25,true,held
2026-10-08T10:42:41.000Z,2025 Pokémon M2a-Mega Dream EX #245 Steven's Metagross EX - Holo Special Art Rare (PSA 10 GEM MINT),61.1,25-100,true,sold_back
2026-10-08T10:42:41.000Z,2025-2026 Topps Living UEFA Champions League #825 Estevao Willian (PSA 9 MINT),45,25-100,true,sold_back
2026-10-08T10:42:42.000Z,1981 Topps #540 Mike Schmidt (PSA 7 NM),14.3,0-25,true,sold_back
2026-10-08T10:42:42.000Z,2023 Bowman Draft #BDC70 James Wood - Chrome-Refractor (PSA 9 MINT),14,0-25,true,sold_back
2026-10-08T10:42:42.000Z,"Daredevil #9 CGC 9.8 White Pages (Marvel Comics, 5/23) - Universal Variant Edition",42,25-100,true,sold_back
2026-10-08T10:42:47.000Z,1999 Pokémon Game #7 Hitmonchan - Holo (PSA 7 NM),36.8,25-100,true,sold_back
2026-10-08T10:42:47.000Z,2026 Topps Titans of the Game #9 Roman Anthony (PSA 9 MINT),14.8,0-25,true,held
2026-10-08T10:42:47.000Z,Pokémon Scarlet & Violet Destined Rivals (1 Booster Pack - Art May Vary),10.7,0-25,true,sold_back
2026-10-08T10:42:53.000Z,1999 Series 2 (Oval Nintendo Seal) #EP17 Island of the Giant Pokémon - Silver Foil (CGC 7.5 NM+),20,0-25,true,held
2026-10-08T10:42:53.000Z,2023 Pokémon Sv2d-Clay Burst #079 Tyranitar - Art Rare (PSA 10 GEM MINT),53,25-100,true,redeemed
2026-10-08T10:42:56.000Z,2026 Pokémon M3-Nullifying Zero #114 Meowth EX - Holo Special Art Rare (PSA 10 GEM MINT),84.7,25-100,true,sold_back
2026-10-08T10:42:59.000Z,2019 Pokémon Sun & Moon Tag Team GX All Stars #052 Mewtwo & Mew GX - Holo (PSA 9 MINT),56.3,25-100,true,sold_back
2026-10-08T10:42:59.000Z,"King Conan #1 CGC 9.8 White Pages (Marvel Comics, 3/80) - Universal",245,100-500,true,sold_back
2026-10-08T10:43:00.000Z,2025 Pokémon M2-Inferno X #094 Mega Charizard X EX - Holo Super Rare (PSA 10 GEM MINT),62.7,25-100,true,sold_back
2026-10-08T10:43:03.000Z,"House of Slaughter #1 CGC 9.8 White Pages (Boom! Studios, 10/21) - Universal Dell'Otto Variant Cover",381,100-500,true,sold_back
2026-10-08T10:43:09.000Z,2021 Evolving Skies #083/203 Medicham V - Holo (CGC 10 GEM MINT),21.6,0-25,true,sold_back
2026-10-08T10:43:09.000Z,2026 One Piece Japanese Premium Card Collection Kumamoto Prefecture Special Don!! Card - Tony Tony Chopper (PSA 8 NM-MT),15.5,0-25,true,sold_back
2026-10-08T10:43:20.000Z,2025 Pokémon Mbg-Mega Starter Set Mega Gengar EX #022 Haunter (PSA 10 GEM MINT),54.3,25-100,true,sold_back
2026-10-08T10:43:29.000Z,Pokémon Scarlet & Violet Destined Rivals (1 Booster Pack - Art May Vary),10.7,0-25,true,sold_back
2026-10-08T10:43:30.000Z,2025 Pokémon Meg EN-Mega Evolution #164 Mega Kangaskhan EX - Holo Ultra Rare (PSA 10 GEM MINT),40.7,25-100,true,sold_back
2026-10-08T10:43:32.000Z,2023 Black Star Promos - Scarlet & Violet SVPEN #011 Arcanine - Scarlet & Violet 3-Pack Blister (Cosmos Holo) (CGC 9.5 MINT+),22.4,0-25,true,sold_back
2026-10-08T10:43:32.000Z,Pokémon Sword & Shield Lost Origin (1 Booster Pack - Art May Vary),22.6,0-25,true,held
2026-10-08T10:43:33.000Z,2024 High Class Pack: Terastal Fest ex - sv8a #063/187 Espeon ex - Holo (CGC 10 GEM MINT),17,0-25,true,sold_back
2026-10-08T10:43:39.000Z,1999 Jungle #5/64 Kangaskhan - Holo (CGC 8.5 NM-MT+),60.6,25-100,true,held
2026-10-08T10:43:39.000Z,2021 VMAX Climax #126/184 Snorlax - Line Holo (CGC 10 GEM MINT),13.9,0-25,true,held
2026-10-08T10:43:39.000Z,Pokémon Scarlet & Violet Destined Rivals (1 Booster Pack - Art May Vary),10.7,0-25,true,sold_back
2026-10-08T10:43:42.000Z,1961 Lake to Lake Packers #11 Jesse Whittenton (PSA 6 EX-MT),18.4,0-25,true,sold_back
2026-10-08T10:43:44.000Z,2024 Pokémon Sv6a-Night Wanderer #075 Persian - Art Rare (PSA 10 GEM MINT),52.5,25-100,true,sold_back
2026-10-08T10:43:45.000Z,2020 Vivid Voltage #050 Raikou - Amazing Rare Holo (BGS 9.5 GEM MINT),18.7,0-25,true,sold_back
2026-10-08T10:43:48.000Z,2019 Pokémon SM Black Star Promo #SM163 Mimikyu - Holo Team Up Single Pack Blisters (PSA 9 MINT),156,100-500,true,sold_back
2026-10-08T10:43:53.000Z,2025 White Flare - sv11W #095/086 Virizion - Art Rare Holo (CGC 10 GEM MINT),18,0-25,true,sold_back
2026-10-08T10:43:54.000Z,2025 Mega Dream ex - M2a #126/193 Mega Dragonite ex - Holo (CGC 10 PRISTINE),17.8,0-25,true,sold_back
2026-10-08T10:43:56.000Z,2018 Fairy Rise #025/050 Alolan Ninetales GX - Holo (CGC 10 GEM MINT),20.8,0-25,true,sold_back
2026-10-08T10:43:56.000Z,2022 Pokémon SV Promo #001 Pikachu - Scarlet & Violet Pre-Order (PSA 10 GEM MINT),103.8,100-500,true,sold_back
2026-10-08T10:43:56.000Z,Pokémon Sun & Moon Celestial Storm (1 Booster Pack - Art May Vary),70.8,25-100,true,redeemed
2026-10-08T10:43:57.000Z,2019 Panini Prizm #250 RJ Barrett - Fast Break Prizm-Blue (PSA 10 GEM MINT),106,100-500,true,held
2026-10-08T10:43:57.000Z,2024 Panini Select Select Certified Rookies #3 Drake Maye (PSA 9 MINT),20.4,0-25,true,sold_back
2026-10-08T10:44:05.000Z,2022-23 Topps Chrome UEFA Club Competitions #52 Mykhailo Mudryk - Aqua Lava (PSA 10 GEM MINT),21.5,0-25,true,sold_back
2026-10-08T10:44:05.000Z,"Conan the Barbarian #1 CGC 8.5 Off-white to White Pages (Marvel Comics, 10/70) - Universal",585,500+,true,redeemed
2026-10-08T10:44:05.000Z,"Spawn #18 CGC 9.8 White Pages (Image Comics, 2/94) - Universal",60.6,25-100,true,held
2026-10-08T10:44:06.000Z,2002 Neo Destiny #86/105 Unown L - 1st Edition 1st Edition (CGC 10 GEM MINT),36.3,25-100,true,sold_back
2026-10-08T10:44:14.000Z,2021 Fusion Arts #039/100 Mew V - Holo (CGC 10 GEM MINT),21.6,0-25,true,sold_back
2026-10-08T10:44:15.000Z,1955 Bowman #21 Lee Riley (PSA 6 EX-MT),19.3,0-25,true,sold_back
2026-10-08T10:44:18.000Z,2023 Temporal Forces - TEF EN #169/162 Charjabug - Illustration Rare Holo (CGC 10 GEM MINT),17.7,0-25,true,sold_back
2026-10-08T10:44:21.000Z,Pokémon Scarlet & Violet Destined Rivals (1 Booster Pack - Art May Vary),10.7,0-25,true,sold_back
2026-10-08T10:44:32.000Z,2025 Pokémon Simplified CBB3 C-Gem Pack Vol 3 #02 Cubone (PSA 10 GEM MINT),80,25-100,true,sold_back
2026-10-08T10:44:33.000Z,2025 Pokémon MP1-Start Deck 100 Battle Collection Corociao Version #019 Influencer's Introduction (PSA 9 MINT),21.4,0-25,true,sold_back
2026-10-08T10:44:35.000Z,"Fantastic Four #33 CGC 6.5 White Pages (Marvel Comics, 12/64) - Universal",201,100-500,true,sold_back
2026-10-08T10:44:36.000Z,2022 Pokémon SV Promo #001 Pikachu - Scarlet & Violet Pre-Order (PSA 10 GEM MINT),63.7,25-100,true,sold_back
2026-10-08T10:44:41.000Z,Astral Radiance #TG03/TG30 Kingdra - Trainer Gallery Holo (CGC 8 NM-MT),10.9,0-25,true,sold_back
2026-10-08T10:44:42.000Z,2025 Pokémon Simplified CBB3 C-Gem Pack Vol 3 #04 Gengar (PSA 10 GEM MINT),64,25-100,true,sold_back
2026-10-08T10:44:45.000Z,2025 Panini Donruss WNBA #86 Paige Bueckers (CGC 10 GEM MINT),21.3,0-25,true,sold_back
2026-10-08T10:44:50.000Z,2023 One Piece OP02-Paramount War #073 Little Sadi - Alternate Art (PSA 10 GEM MINT),42.3,25-100,true,sold_back
2026-10-08T10:44:50.000Z,2025 Black Star Promos - Mega Evolution MEP EN #022 Charcadet - Phantasmal Flames Elite Trainer Box (Holo) (CGC 10 GEM MINT),19.4,0-25,true,sold_back
2026-10-08T10:44:51.000Z,2022 Panini Donruss FIFA #198 Julian Alvarez - Red (PSA 10 GEM MINT),40.9,25-100,true,sold_back
2026-10-08T10:44:51.000Z,2025 Phantasmal Flames - PFL EN #105/094 Wigglytuff - Illustration Rare Holo (CGC 10 GEM MINT),21.7,0-25,true,sold_back
2026-10-08T10:44:51.000Z,Scarlet & Violet Promos - Simplified #004/SV-P Pikachu - Gem Pack Vol. 1 Purchase (Holo) (CGC 10 PRISTINE),41.7,25-100,true,sold_back
2026-10-08T10:44:56.000Z,2025 Pokémon M2a-Mega Dream EX #237 Team Rocket's Mewtwo EX - Holo Special Art Rare (PSA 9 MINT),95.9,25-100,true,sold_back
2026-10-08T10:45:05.000Z,2022-23 Topps Merlin Chrome UEFA Club Competitions #103 Neymar Jr (PSA 10 GEM MINT),20,0-25,true,held
2026-10-08T10:45:06.000Z,2025 Pokémon Svp EN-SV Black Star Promo #208 Victini - Unova Victini Illustration Collection (PSA 9 MINT),23.9,0-25,true,sold_back
2026-10-08T10:45:08.000Z,2025 Pokémon M2a-Mega Dream EX #236 Iono's Bellibolt EX - Holo Special Art Rare (PSA 10 GEM MINT),48.3,25-100,true,held
2026-10-08T10:45:08.000Z,2025 Topps #201 Cooper Flagg (PSA 9 MINT),23.2,0-25,true,sold_back
2026-10-08T10:45:09.000Z,2022 Pokémon Go #030 Mewtwo V - Holo (PSA 10 GEM MINT),64.5,25-100,true,sold_back
2026-10-08T10:45:14.000Z,2022 Pokémon Sword & Shield Silver Tempest #184 Regidrago V - Holo Full Art (PSA 10 GEM MINT),98.5,25-100,true,sold_back
2026-10-08T10:45:17.000Z,2025 Pokémon Simplified CBB3 C-Gem Pack Vol 3 #07 Mimikyu (PSA 10 GEM MINT),81.4,25-100,true,sold_back
2026-10-08T10:45:20.000Z,2013 Topps Chrome #118 Travis Kelce (PSA 9 MINT),73.7,25-100,true,sold_back
2026-10-08T10:45:20.000Z,2025 Pokémon M2a-Mega Dream EX #243 Marnie's Grimmsnarl EX - Holo Special Art Rare (PSA 10 GEM MINT),50,25-100,true,held
2026-10-08T10:45:20.000Z,2025 Pokémon Play! Pokémon Prize Pack: Series 6 #123 Heatran (PSA 9 MINT),12.5,0-25,true,sold_back
2026-10-08T10:45:23.000Z,2024 Pokémon Sfa EN-Shrouded Fable #066 Houndoom - Illustration Rare (PSA 9 MINT),54.5,25-100,true,sold_back
2026-10-08T10:45:24.000Z,2017 Shining Legends #9/73 Shining Genesect - Holo (CGC 9 MINT),22.8,0-25,true,held
2026-10-08T10:45:27.000Z,2022 VSTAR Universe #223/172 Deoxys VSTAR - Special Art Rare Holo (CGC 10 PRISTINE),78.1,25-100,true,sold_back
2026-10-08T10:45:27.000Z,2024 Pokémon Simplified Cs5a C-Gallant Galaxy: Charm #004 Charizard V - Holo (PSA 10 GEM MINT),70,25-100,true,held
2026-10-08T10:45:30.000Z,2026 Pokémon M4-Ninja Spinner #086 Froakie - Art Rare (PSA 10 GEM MINT),37.7,25-100,true,sold_back
2026-10-08T10:45:32.000Z,Pokemon Scarlet & Violet Surging Sparks (1 Booster Pack - Art May Vary),10,0-25,true,sold_back
2026-10-08T10:45:33.000Z,2025 Pokémon Meg EN-Mega Evolution #150 Steelix - Illustration Rare (PSA 10 GEM MINT),56.4,25-100,true,sold_back
2026-10-08T10:45:39.000Z,2025 Black Bolt - sv11B #119/086 Eelektross - Art Rare Holo (CGC 10 PRISTINE),23.9,0-25,true,held
2026-10-08T10:45:41.000Z,Pokémon Scarlet & Violet Destined Rivals (1 Booster Pack - Art May Vary),10.7,0-25,true,sold_back
2026-10-08T10:45:44.000Z,2025 Inferno X - M2 #085/080 Piplup - Art Rare Holo (CGC 10 GEM MINT),12.7,0-25,true,held
2026-10-08T10:45:47.000Z,2020 Bowman Chrome #25 Yordan Alvarez (PSA 9 MINT),20.9,0-25,true,sold_back
2026-10-08T10:45:48.000Z,2021 Pokémon Sword & Shield Eevee Heroes #026 Pikachu (PSA 10 GEM MINT),60.6,25-100,true,sold_back
2026-10-08T10:45:56.000Z,2025 Topps Chrome Update #178 Nick Kurtz - Prism Refractor (PSA 9 MINT),22.5,0-25,true,sold_back
2026-10-08T10:45:57.000Z,"Avengers #684 CGC 9.8 White Pages (Marvel Comics, 5/18) - Universal",63.5,25-100,true,sold_back
2026-10-08T10:45:57.000Z,"Fantastic Four #98 CGC 9.0 Off-white to White Pages (Marvel Comics, 5/70) - Universal",94.333333,25-100,true,sold_back
2026-10-08T10:46:02.000Z,2022 Pokémon Sword & Shield Silver Tempest #TG15 Blaziken Vmax - Full Art (PSA 9 MINT),38.1,25-100,true,sold_back
2026-10-08T10:46:03.000Z,2025 One Piece OP13-Carrying on His Will #002 Portgas D. Ace - Alternate Art (PSA 10 GEM MINT),55.4,25-100,true,held
2026-10-08T10:46:05.000Z,2025 Pokémon M2-Inferno X #094 Mega Charizard X EX - Holo Super Rare (PSA 10 GEM MINT),62.7,25-100,true,sold_back
2026-10-08T10:46:06.000Z,2025 Pokémon Mep EN-Me Black Star Promo #023 Mega Charizard X EX - Holo Mega Charizard X EX Ultra-Premium Collection (PSA 9 MINT),40.1,25-100,true,sold_back
2026-10-08T10:46:09.000Z,Pokémon Scarlet & Violet Destined Rivals (1 Booster Pack - Art May Vary),10.7,0-25,true,sold_back
2026-10-08T10:46:11.000Z,2025 Panini Prizm #342 Riley Leonard - Super Bowl LX Prizm (PSA 9 MINT),39.3,25-100,true,sold_back
2026-10-08T10:46:18.000Z,2025 Pokémon M1s-Mega Symphonia #070 Helioptile - Art Rare (PSA 10 GEM MINT),42.6,25-100,true,sold_back
2026-10-08T10:46:23.000Z,2025 Black Star Promos - Mega Evolution MEP EN #042 Piplup - First Partner Illustration Collection Series 1 (Holo) (CGC 10 GEM MINT),17.1,0-25,true,sold_back
2026-10-08T10:46:24.000Z,1960 Topps #293 Gene Conley (PSA 6 EX-MT),20.6,0-25,true,held
2026-10-08T10:46:24.000Z,2019 Sword & Shield Promos #267/S-P Arceus V - Pokémon Legends: Arceus Pre-Order Insert (Holo) (CGC 9.5 MINT+),23.8,0-25,true,sold_back
2026-10-08T10:46:27.000Z,2025 Black Star Promos - Mega Evolution MEP EN #038 Charmander - First Partner Illustration Collection Series 1 (Holo) (CGC 9 MINT),23.3,0-25,true,sold_back
2026-10-08T10:46:27.000Z,Pokémon Scarlet & Violet Destined Rivals (1 Booster Pack - Art May Vary),10.7,0-25,true,sold_back
2026-10-08T10:46:29.000Z,2021 Celebrations - Classic Collection #20/111 Cleffa - Neo Genesis Holo (CGC 10 GEM MINT),19.7,0-25,true,sold_back
2026-10-08T10:46:29.000Z,2023 Pokémon Sv2a-Pokémon Card 151 #182 Dragonair - Art Rare (PSA 10 GEM MINT),49.4,25-100,true,sold_back
2026-10-08T10:46:30.000Z,2023 Pokémon Sv2a-Pokémon Card 151 #173 Pikachu - Art Rare (PSA 10 GEM MINT),98.9,25-100,true,held
2026-10-08T10:46:39.000Z,2022-23 Topps Chrome UEFA Club Competitions Youthquake #YQ31 Alejandro Garnacho (PSA 10 GEM MINT),13.5,0-25,true,sold_back
2026-10-08T10:46:42.000Z,2025 Inferno X - M2 #085/080 Piplup - Art Rare Holo (CGC 9 MINT),17.8,0-25,true,sold_back
2026-10-08T10:46:42.000Z,2025 Panini Donruss WNBA #86 Paige Bueckers (CGC 10 GEM MINT),21.3,0-25,true,sold_back
2026-10-08T10:46:44.000Z,Pokémon Scarlet & Violet Destined Rivals (1 Booster Pack - Art May Vary),10.7,0-25,true,sold_back
2026-10-08T10:46:45.000Z,1999 Team Rocket #62/82 Meowth (CGC 10 GEM MINT),31.5,25-100,true,sold_back
2026-10-08T10:46:45.000Z,2021 VMAX Climax #225/184 Boltund V - Character Super Rare Holo (CGC 10 PRISTINE),35.4,25-100,true,sold_back
2026-10-08T10:46:45.000Z,2022 Pokémon Sword & Shield Astral Radiance #215 Trekking Shoes - Full Art Secret (PSA 10 GEM MINT),48.3,25-100,true,sold_back
2026-10-08T10:46:45.000Z,2023 Pokémon Mew EN-151 #183 Charizard EX - Holo Ultra Rare (PSA 9 MINT),45.9,25-100,true,sold_back
2026-10-08T10:46:54.000Z,2022 Pokémon Sword & Shield Start Deck 100 Corocoro Comic Version #007 Eevee V - Holo (PSA 10 GEM MINT),56.9,25-100,true,sold_back
2026-10-08T10:46:54.000Z,2022 VSTAR Universe #050/172 Mewtwo V - Holo (CGC 10 GEM MINT),26.4,25-100,true,sold_back
2026-10-08T10:46:54.000Z,2024 Pokémon Sv5a-Crimson Haze #070 Infernape - Art Rare (PSA 10 GEM MINT),48.4,25-100,true,sold_back
2026-10-08T10:47:00.000Z,2025 Pokémon Pfl EN-Phantasmal Flames #128 Mega Lopunny EX - Holo Special Illustration Rare (PSA 10 GEM MINT),52.3,25-100,true,sold_back
2026-10-08T10:47:02.000Z,2025 Topps 2024 Greatest Hits #GH8 Shohei Ohtani (PSA 9 MINT),21.2,0-25,true,held
2026-10-08T10:47:02.000Z,Pokémon Scarlet & Violet Destined Rivals (1 Booster Pack - Art May Vary),10.7,0-25,true,held
2026-10-08T10:47:06.000Z,1999 Base Set #94/102 Potion (CGC 10 GEM MINT),23.8,0-25,true,sold_back
2026-10-08T10:47:06.000Z,2024 Pokémon SV6-Transformation Mask #115 Hearthflame Mask Ogerpon EX - Holo Super Rare (PSA 10 GEM MINT),22.5,0-25,true,sold_back
2026-10-08T10:47:06.000Z,2025 Destined Rivals - DRI EN #145/182 Steven's Metagross ex - Holo (CGC 9 MINT),12.5,0-25,true,held
2026-10-08T10:47:08.000Z,2023 Pokémon Obf EN-Obsidian Flames #041 Volcarona (PSA 10 GEM MINT),50,25-100,true,sold_back
2026-10-08T10:47:09.000Z,2022 Bowman Chrome Prospect Autographs #CPARR Ryan Reckley - Refractor (PSA 9 MINT),13,0-25,true,sold_back
2026-10-08T10:47:18.000Z,2022 Pokémon Sword & Shield Dark Phantasma #097 Hisuian Zoroark Vstar - Full Art Ultra Rare (PSA 10 GEM MINT),37.7,25-100,true,sold_back
2026-10-08T10:47:21.000Z,2023 Triplet Beat #083/073 Mismagius - Art Rare Holo (CGC 10 GEM MINT),19.9,0-25,true,sold_back
2026-10-08T10:47:24.000Z,2025 Pokémon Meg EN-Mega Evolution #169 Lillie's Determination - Ultra Rare (PSA 9 MINT),22,0-25,true,sold_back
2026-10-08T10:47:29.000Z,2025 Pokémon M2a-Mega Dream EX #236 Iono's Bellibolt EX - Holo Special Art Rare (PSA 10 GEM MINT),48.3,25-100,true,sold_back
2026-10-08T10:47:29.000Z,"Ka-Zar Lord of the Savage Land #5 CGC 9.8 White Pages (Marvel Comics, 4/22) - Universal Acuna Variant Cover",25,25-100,true,sold_back
2026-10-08T10:47:30.000Z,1991 Pacific #551 Brett Favre (PSA 9 MINT),15.7,0-25,true,sold_back
2026-10-08T10:47:30.000Z,2015 Panini Prizm #322 D'Angelo Russell (PSA 10 GEM MINT),15.1,0-25,true,sold_back
2026-10-08T10:47:30.000Z,2025 Mega Brave - M1L #066/063 Exeggutor - Art Rare Holo (CGC 10 PRISTINE),17.9,0-25,true,sold_back
2026-10-08T10:47:32.000Z,2025 Pokémon Simplified 151 C-Collection 151 #094 Gengar - Reverse Holo (PSA 9 MINT),22.6,0-25,true,sold_back
2026-10-08T10:47:35.000Z,1994 SP Championship #4 Michael Jordan (CGC 9 MINT),27.2,25-100,true,sold_back
2026-10-08T10:47:38.000Z,2007 SP Authentic #225 Jordan Palmer AU RC (BGS 9 MINT),35,25-100,true,sold_back
2026-10-08T10:47:38.000Z,2021 Battle Styles #109/163 Corviknight V - Holo (CGC 8.5 NM-MT+),22,0-25,true,sold_back
2026-10-08T10:47:41.000Z,1999 Topps #224 Ken Griffey Jr (PSA 9 MINT),18.4,0-25,true,sold_back
2026-10-08T10:47:41.000Z,2023 Raging Surf #018/062 Zekrom - Holo (CGC 9 MINT),12.9,0-25,true,sold_back
2026-10-08T10:47:41.000Z,2025 Black Star Promos - Mega Evolution MEP EN #038 Charmander - First Partner Illustration Collection Series 1 (Holo) (CGC 10 GEM MINT),37.8,25-100,true,sold_back
2026-10-08T10:47:45.000Z,2026 Pokémon Asc EN-Ascended Heroes #222 Ethan's Magcargo - Illustration Rare (PSA 10 GEM MINT),51.8,25-100,true,sold_back
2026-10-08T10:47:50.000Z,Pokémon Scarlet & Violet Destined Rivals (1 Booster Pack - Art May Vary),10.7,0-25,true,held
2026-10-08T10:47:53.000Z,2023 Black Star Promos - Scarlet & Violet SVP EN #168 Vaporeon - Prismatic Evolutions Poster Collection (Cosmos Holo) (CGC 9.5 MINT+),11.6,0-25,true,sold_back
2026-10-08T10:48:05.000Z,Pokémon Sun & Moon Lost Thunder (1 Booster Pack - Art May Vary),64.4,25-100,true,sold_back
2026-10-08T10:48:06.000Z,2019 Upper Deck #491 Joel Farabee (PSA 9 MINT),16.1,0-25,true,sold_back
2026-10-08T10:48:06.000Z,2023 Clay Burst #083/071 Farigiraf - Art Rare Holo (CGC 10 GEM MINT),12.3,0-25,true,sold_back
2026-10-08T10:48:06.000Z,2025 Inferno X - M2 #013/080 Mega Charizard X ex - Holo (CGC 9 MINT),12.7,0-25,true,sold_back
2026-10-08T10:48:11.000Z,2020 Topps #392 Luis Robert (PSA 10 GEM MINT),10.6,0-25,true,sold_back
2026-10-08T10:48:12.000Z,1999 Base Set #66/102 Tangela (CGC 10 GEM MINT),38.6,25-100,true,sold_back
2026-10-08T10:48:17.000Z,2022 Silver Tempest #TG07/TG30 Rockruff - Trainer Gallery Holo (CGC 10 GEM MINT),23.5,0-25,true,sold_back
2026-10-08T10:48:17.000Z,2025 One Piece 3rd Anniversary! One Piece Card Treasure Campaign Pack #033 Monkey D. Luffy (PSA 9 MINT),19.4,0-25,true,sold_back
2026-10-08T10:48:18.000Z,2025 Gem Pack Volume 2 - CBB2C - Simplified #05 05/14 Espeon - Stars Holo (CGC 9 MINT),11.6,0-25,true,sold_back
2026-10-08T10:48:20.000Z,Pokémon Scarlet & Violet Destined Rivals (1 Booster Pack - Art May Vary),10.7,0-25,true,sold_back
2026-10-08T10:48:24.000Z,1999 Fossil #24/62 Kabutops (CGC 7.5 NM+),12.6,0-25,true,sold_back
2026-10-08T10:48:24.000Z,2024 Pokémon Sv8a-Terastal Fest EX #209 Jolteon EX - Holo Special Art Rare (PSA 10 GEM MINT),84,25-100,true,held
2026-10-08T10:48:29.000Z,2024 Stellar Crown - SCR EN #041/142 Greninja ex - Holo (CGC 9 MINT),14.2,0-25,true,sold_back
2026-10-08T10:48:30.000Z,2023 Pokémon Sv2a-Pokémon Card 151 #178 Tangela - Art Rare (PSA 10 GEM MINT),45.6,25-100,true,sold_back
2026-10-08T10:48:33.000Z,2000 Team Rocket #50/82 Charmander - 1st Edition 1st Edition (CGC 7.5 NM+),22.6,0-25,true,sold_back
2026-10-08T10:48:36.000Z,2023 Black Star Promos - Scarlet & Violet SVP EN #214 Pikachu - Illustration Contest 2024 Winner (CGC 10 GEM MINT),40.8,25-100,true,held
2026-10-08T10:48:36.000Z,Pokémon Scarlet & Violet Destined Rivals (1 Booster Pack - Art May Vary),10.7,0-25,true,sold_back
2026-10-08T10:48:39.000Z,2025 Black Star Promos - Mega Evolution MEP EN #044 Litten - First Partner Illustration Collection Series 1 (Holo) (CGC 10 GEM MINT),18.1,0-25,true,sold_back
2026-10-08T10:48:39.000Z,2025 Pokémon Taruka (2025) Darkrai - Picture Card (No Textbox) (CGC 10 PRISTINE),20.8,0-25,true,sold_back
2026-10-08T10:48:44.000Z,2023 Future Flash #073/066 Espathra - Art Rare Holo (CGC 10 PRISTINE),18.7,0-25,true,sold_back
2026-10-08T10:48:45.000Z,1989 Upper Deck #215 George Brett (PSA 9 MINT),17,0-25,true,sold_back
2026-10-08T10:48:45.000Z,2023 Pokémon Card 151 #170/165 Squirtle - Art Rare Holo (CGC 8 NM-MT),21.3,0-25,true,sold_back
2026-10-08T10:48:50.000Z,Pokémon Japanese Sun & Moon Dragon Storm (1 Booster Pack - Art May Vary),44,25-100,true,sold_back
2026-10-08T10:48:53.000Z,2024 Paldean Fates - PAF EN #002/091 Forretress ex - Holo (CGC 9 MINT),12.6,0-25,true,sold_back
2026-10-08T10:49:05.000Z,Pokémon Sun & Moon Ultra Prism (1 Booster Pack - Art May Vary),54.7,25-100,true,sold_back
2026-10-08T10:49:08.000Z,2022 Pokémon Sword & Shield Vstar Universe #230 Hisuian Samurott Vstar - Full Art (PSA 10 GEM MINT),41.4,25-100,true,sold_back
2026-10-08T10:49:08.000Z,2024 Topps Chrome #213 Junior Caminero - X-Fractor (PSA 9 MINT),24.1,0-25,true,held
2026-10-08T10:49:11.000Z,2023 Scarlet ex #014/078 Gyarados ex - Holo (CGC 10 PRISTINE),19.6,0-25,true,sold_back
2026-10-08T10:49:12.000Z,2021 Pokémon 25th Anniversary Collection #001 Pikachu - Full Art (PSA 9 MINT),19.7,0-25,true,sold_back
2026-10-08T10:49:15.000Z,2023 Pokémon Card 151 #184/165 Venusaur ex - Super Rare Holo (CGC 10 GEM MINT),18.3,0-25,true,sold_back
2026-10-08T10:49:17.000Z,2024 Surging Sparks - SSP EN #192/191 Exeggcute - Illustration Rare Holo (CGC 10 GEM MINT),18.1,0-25,true,sold_back
2026-10-08T10:49:27.000Z,2023 Violet ex #089/078 Bombirdier - Art Rare Holo (CGC 10 PRISTINE),21.1,0-25,true,sold_back
2026-10-08T10:49:32.000Z,1986 Topps #196 Chip Banks (PSA 9 MINT),24.9,0-25,true,held
2026-10-08T10:49:32.000Z,2025 Glory of the Rocket Gang - sv10 #101/098 Blaziken - Art Rare Holo (CGC 10 GEM MINT),18.4,0-25,true,held
2026-10-08T10:49:39.000Z,2022 VSTAR Universe #052/172 Mew - Holo (CGC 10 GEM MINT),20.3,0-25,true,sold_back
2026-10-08T10:49:39.000Z,2023 Snow Hazard #076/071 Arctibax - Art Rare Holo (CGC 10 PRISTINE),17.4,0-25,true,sold_back
2026-10-08T10:49:39.000Z,Pokémon Scarlet & Violet 151 (1 Booster Pack - Art May Vary),33.6,25-100,true,sold_back
2026-10-08T10:49:44.000Z,Magic: The Gathering Murders at Karlov Manor - Collector Booster (1 Booster Pack - Art May Vary),37.2,25-100,true,held
2026-10-08T10:49:48.000Z,2023 Pokémon Clc-Trading Card Game Classic Charizard & HO-Oh EX Deck #001 Charmander (PSA 9 MINT),43.3,25-100,true,sold_back
2026-10-08T10:49:51.000Z,2000 Pokémon Rocket #10 Dark Machamp - Holo (PSA 8 NM-MT),102.8,100-500,true,held
2026-10-08T10:49:56.000Z,2025 Pokémon Simplified CBB3 C-Gem Pack Vol 3 #07 Chandelure (PSA 10 GEM MINT),61.4,25-100,true,sold_back
2026-10-08T10:50:03.000Z,2025 Black Star Promos - Mega Evolution MEP EN #012 Mega Lucario ex - Mega Lucario ex Figure Collection (Holo) (CGC 9.5 MINT+),18.1,0-25,true,sold_back
2026-10-08T10:50:05.000Z,2022 Pokémon Sword & Shield Silver Tempest #TG15 Blaziken Vmax - Full Art (PSA 9 MINT),38.1,25-100,true,sold_back
2026-10-08T10:50:06.000Z,2000 Neo Genesis #26/111 Aipom - 1st Edition (CGC 9 MINT),17.9,0-25,true,held
2026-10-08T10:50:09.000Z,1999 Pokémon Neo Promo #156 Quilava - Premium File (PSA 9 MINT),36.2,25-100,true,sold_back
2026-10-08T10:50:11.000Z,Pokémon XY Steam Siege (1 Booster Pack - Art May Vary),35.5,25-100,true,sold_back
2026-10-08T10:50:21.000Z,Pokemon Sword & Shield Darkness Ablaze (1 Booster Pack - Art May Vary),11.3,0-25,true,sold_back
2026-10-08T10:50:24.000Z,2022 Pokémon Sword & Shield Incandescent Arcana #071 Jynx - Full Art (PSA 10 GEM MINT),37.4,25-100,true,sold_back
2026-10-08T10:50:26.000Z,2023 Black Star Promos - Scarlet & Violet SVP EN #215 Toxtricity ex - Illustration Contest 2024 Winner (CGC 10 PRISTINE),20,0-25,true,sold_back
2026-10-08T10:50:30.000Z,2024 Transformation Mask #103/101 Dipplin - Art Rare Holo (CGC 10 PRISTINE),17.3,0-25,true,held
2026-10-08T10:50:33.000Z,2000 Team Rocket #68/82 Squirtle - 1st Edition 1st Edition (CGC 8.5 NM-MT+),19.3,0-25,true,sold_back
2026-10-08T10:50:41.000Z,2025 Pokémon Meg EN-Mega Evolution #150 Steelix - Illustration Rare (PSA 10 GEM MINT),56.4,25-100,true,sold_back
2026-10-08T10:50:48.000Z,2023 Bowman University Chrome #16 Shedeur Sanders (PSA 9 MINT),18.3,0-25,true,sold_back
2026-10-08T10:50:53.000Z,2023 Pokémon Sword and Shield Crown Zenith #GG64 Melony - Full Art (PSA 10 GEM MINT),67.1,25-100,true,held
2026-10-08T10:50:53.000Z,2025 Topps #1 Shohei Ohtani (PSA 9 MINT),25.8,25-100,true,sold_back
2026-10-08T10:50:53.000Z,Pokémon Japanese Sun & Moon Full Metal Wall (1 Booster Pack - Art May Vary),14.4,0-25,true,sold_back
2026-10-08T10:50:57.000Z,2019 Dream League #061/049 Stoutland - Character Rare Holo (CGC 10 PRISTINE),21.1,0-25,true,sold_back
2026-10-08T10:50:59.000Z,2019 Fusion Strike #255/264 Genesect V - Ultra Rare Holo (CGC 9 MINT),24.8,0-25,true,sold_back
2026-10-08T10:51:00.000Z,2024 Bowman University Chrome Sapphire #62 Sarah Strong (PSA 9 MINT),19.9,0-25,true,sold_back
2026-10-08T10:51:00.000Z,Pokémon Sun & Moon Celestial Storm (1 Booster Pack - Art May Vary),70.8,25-100,true,sold_back
2026-10-08T10:51:11.000Z,2020 Darkness Ablaze #060/189 Vikavolt V - Holo (CGC 10 GEM MINT),20,0-25,true,sold_back
2026-10-08T10:51:14.000Z,2023 Black Star Promos - Scarlet & Violet SVP EN #200 Eevee - Destined Rivals 1-Pack Blister (Cosmos Holo) (CGC 10 GEM MINT),38.2,25-100,true,held
2026-10-08T10:51:21.000Z,2023 Obsidian Flames - OBF EN #208/197 Pidgeotto - Illustration Rare Holo (CGC 9 MINT),17.7,0-25,true,sold_back
2026-10-08T10:51:27.000Z,2023 Topps Chrome #95 Corbin Carroll - Sepia Refractor (PSA 9 MINT),15.5,0-25,true,sold_back
2026-10-08T10:51:32.000Z,2025 Battle Partners - sv9 #110/100 Furret - Art Rare Holo (CGC 9 MINT),12,0-25,true,sold_back
2026-10-08T10:51:35.000Z,2023 Pokémon Pal EN-Paldea Evolved #208 Frigibax - Illustration Rare (PSA 9 MINT),31.8,25-100,true,sold_back
2026-10-08T10:51:35.000Z,Pokémon Scarlet & Violet Destined Rivals (1 Booster Pack - Art May Vary),10.7,0-25,true,sold_back
2026-10-08T10:51:45.000Z,2024 Prismatic Evolutions - PRE EN #097/131 Black Belt's Training - Poké Ball Holo (CGC 10 GEM MINT),28.3,25-100,true,sold_back
2026-10-08T10:51:53.000Z,2024 Paldean Fates - PAF EN #002/091 Forretress ex - Holo (CGC 9 MINT),12.6,0-25,true,sold_back
2026-10-08T10:51:53.000Z,2025 Pokémon Simplified CBB3 C-Gem Pack Vol 3 #07 Chandelure (PSA 10 GEM MINT),61.4,25-100,true,sold_back
2026-10-08T10:51:54.000Z,2024 Pokémon SV-P Promo #197 Pikachu - Gym Event Campaign (PSA 10 GEM MINT),61.8,25-100,true,held
2026-10-08T10:51:56.000Z,2023 Panini Prizm #45 Domantas Sabonis - White Ice (PSA 10 GEM MINT),22.7,0-25,true,sold_back
2026-10-08T10:51:57.000Z,2025 White Flare - WHT EN #005/086 Whimsicott ex - Holo (CGC 10 GEM MINT),12.6,0-25,true,sold_back
2026-10-08T10:52:05.000Z,2024 Pokémon SV6-Transformation Mask #112 Tatsugiri - Art Rare (PSA 10 GEM MINT),48.6,25-100,true,held
2026-10-08T10:52:05.000Z,2025 Panini Select #54 Shedeur Sanders - Silver Prizm (PSA 9 MINT),20.1,0-25,true,sold_back
2026-10-08T10:52:06.000Z,1999 Base Set #36/102 Magmar (CGC 9 MINT),17.2,0-25,true,sold_back
2026-10-08T10:52:12.000Z,2025 Topps Finest #16 Shohei Ohtani (PSA 8 NM-MT),27.4,25-100,true,sold_back
2026-10-08T10:52:18.000Z,2025 Gem Pack Volume 1 - CBB1C - Simplified #07 01/09 Captain Pikachu - Reverse Holo Energy Symbol (CGC 9 MINT),12.4,0-25,true,held
2026-10-08T10:52:21.000Z,"2023 Trading Card Game Classic - CLF, CLL, CLK #013/032 Doduo - Venusaur & Lugia ex Deck - CLF Holo (CGC 10 PRISTINE)",13.5,0-25,true,held
2026-10-08T10:52:27.000Z,2021 Pokémon Celebrations #010 Zekrom (PSA 8 NM-MT),19.7,0-25,true,sold_back
2026-10-08T10:52:32.000Z,2020 Sword & Shield #115/202 Stonjourner V - Holo (CGC 10 GEM MINT),11.6,0-25,true,sold_back
2026-10-08T10:52:32.000Z,2022 Bowman University Chrome Prospects #39 Stetson Bennett (PSA 10 GEM MINT),23.8,0-25,true,sold_back
2026-10-08T10:52:33.000Z,2023 Pillars of Strength (OP03) - English #OP03-108 Charlotte Cracker - (Borderless) Alt Art (CGC 9 MINT),20.4,0-25,true,sold_back
2026-10-08T10:52:35.000Z,2023 Pokémon Sv1a-Triplet Beat #079 Crocalor - Art Rare (PSA 10 GEM MINT),39,25-100,true,sold_back
2026-10-08T10:52:41.000Z,2025 Destined Rivals - DRI EN #049/182 Misty's Gyarados - Prerelease (Cosmos Holo) (CGC 10 GEM MINT),96,25-100,true,sold_back
2026-10-08T10:52:42.000Z,1986 Fleer #67 Jeff Malone (PSA 7 NM),22.6,0-25,true,held
2026-10-08T10:52:42.000Z,2020 Topps #392 Luis Robert (PSA 10 GEM MINT),10.6,0-25,true,held
2026-10-08T10:52:48.000Z,2021 Pokémon 25th Anniversary Collection #001 Pikachu - Full Art (PSA 9 MINT),19.7,0-25,true,held
2026-10-08T10:52:59.000Z,"2025 One Piece Japanese Promos #096 Girl - One Piece Magazine Extra Issue Focus on ""One Piece Fan Letter"" (PSA 10 GEM MINT)",41.5,25-100,true,sold_back
2026-10-08T10:53:03.000Z,1987 Fleer #33 Dale Ellis (PSA 7 NM),11.9,0-25,true,sold_back
2026-10-08T10:53:03.000Z,2020 Bowman Paper Prospects #BP8 Jasson Dominguez (PSA 10 GEM MINT),10.9,0-25,true,sold_back
2026-10-08T10:53:06.000Z,2026 Pokémon Por EN-Perfect Order #094 Clefairy - Illustration Rare (PSA 9 MINT),26.4,25-100,true,sold_back
2026-10-08T10:53:08.000Z,2016 Evolutions #51/108 Mewtwo (CGC 9 MINT),23.4,0-25,true,sold_back
2026-10-08T10:53:09.000Z,2026 Pokémon Asc EN-Ascended Heroes #270 Mega Scrafty EX - Holo Mega Attack Rare (PSA 10 GEM MINT),49.1,25-100,true,sold_back
2026-10-08T10:53:18.000Z,2025 Pokémon Pfl EN-Phantasmal Flames #129 Dawn - Special Illustration Rare (PSA 10 GEM MINT),57.6,25-100,true,sold_back
2026-10-08T10:53:24.000Z,2021 VMAX Climax #074/184 Sylveon V - Holo (CGC 10 PRISTINE),23.9,0-25,true,sold_back
2026-10-08T10:53:27.000Z,2026 Pokémon Asc EN-Ascended Heroes #257 Canari - Ultra Rare (PSA 10 GEM MINT),49.6,25-100,true,sold_back
2026-10-08T10:53:33.000Z,2026 Topps 1991 Topps Baseball #71 Roman Anthony (PSA 9 MINT),18,0-25,true,held
2026-10-08T10:53:33.000Z,Pokémon Japanese Sun & Moon Thunderclap Spark (1 Booster Pack - Art May Vary),24,0-25,true,sold_back
2026-10-08T10:53:38.000Z,2024 Topps Stars of MLB #SMLB21 Shohei Ohtani (PSA 8 NM-MT),25.2,25-100,true,sold_back
2026-10-08T10:53:39.000Z,2026 Perfect Order - POR EN #099/088 Raticate - Illustration Rare Holo (CGC 10 PRISTINE),25.7,25-100,true,sold_back
2026-10-08T10:53:42.000Z,2025 Pokémon Mbg-Mega Starter Set Mega Gengar EX #022 Haunter (PSA 10 GEM MINT),54.3,25-100,true,sold_back
2026-10-08T10:53:45.000Z,2024 Pokémon Tef EN-Temporal Forces #170 Bronzor - Illustration Rare (PSA 9 MINT),18.4,0-25,true,sold_back
2026-10-08T10:53:50.000Z,2023 Pokémon SV3-Ruler of the Black Flame #125 Charizard EX - Holo Super Rare (PSA 10 GEM MINT),64.3,25-100,true,held
2026-10-08T10:53:51.000Z,Pokémon Sword & Shield Lost Origin (1 Booster Pack - Art May Vary),22.6,0-25,true,sold_back
2026-10-08T10:53:53.000Z,2024 Panini Instant WNBA Rookie of the Year #A Caitlin Clark (PSA 9 MINT),30,25-100,true,sold_back
2026-10-08T10:53:53.000Z,2026 One Piece Japanese Premium Card Collection Kumamoto Prefecture Special Don!! Card - Jinbe (PSA 9 MINT),15,0-25,true,sold_back
2026-10-08T10:53:53.000Z,Jordan 11 Retro Low Concord Bred - Size 10,213,100-500,true,sold_back
2026-10-08T10:53:54.000Z,2000 Collector's Edge Graded #132 Steve McNair - Uncirculated (PSA 9 MINT),12.6,0-25,true,held
2026-10-08T10:53:59.000Z,2023 Shiny Treasure ex #337/190 Squawkabilly ex - Shiny Super Rare Holo (CGC 10 PRISTINE),20.3,0-25,true,held
2026-10-08T10:54:00.000Z,2009 Platinum #61/127 Seviper - Reverse Holo (CGC 8 NM-MT),12.1,0-25,true,sold_back
2026-10-08T10:54:00.000Z,2026 One Piece Starter Deck ST29-Egghead #001 Monkey D. Luffy (PSA 9 MINT),13.1,0-25,true,sold_back
2026-10-08T10:54:09.000Z,2023 Triplet Beat #076/073 Floragato - Art Rare Holo (CGC 10 GEM MINT),22.4,0-25,true,sold_back
2026-10-08T10:54:23.000Z,Pokémon Scarlet & Violet Destined Rivals (1 Booster Pack - Art May Vary),10.7,0-25,true,sold_back
2026-10-08T10:54:26.000Z,2017 Pokémon SM Black Star Promo #SM82 Shining Lugia - Holo Holo Shining Legends Super Premium Collection (PSA 8 NM-MT),146.7,100-500,true,sold_back
2026-10-08T10:54:32.000Z,2025 Bowman U Now #66 Fernando Mendoza (PSA 10 GEM MINT),75,25-100,true,held
2026-10-08T10:54:35.000Z,Pokémon Scarlet & Violet Destined Rivals (1 Booster Pack - Art May Vary),10.7,0-25,true,sold_back
2026-10-08T10:54:36.000Z,2026 Pokémon Mep EN-Me Black Star Promo #039 Squirtle - First Partner Illustration Collection Series 1 (PSA 9 MINT),28.1,25-100,true,sold_back
2026-10-08T10:54:42.000Z,2023 Pokémon Sv1v-Violet EX #095 Banette EX - Holo Super Rare (PSA 10 GEM MINT),53.1,25-100,true,sold_back
2026-10-08T10:54:44.000Z,Pokémon Sword & Shield Vivid Voltage (1 Booster Pack - Art May Vary),14,0-25,true,sold_back
2026-10-08T10:54:45.000Z,1999 Fossil #4/62 Dragonite - Galaxy Star Holo (CGC 7 NM),254.7,100-500,true,held
2026-10-08T10:54:50.000Z,2025 Royal Blood (OP10) - English #OP10-037 Lim - (Borderless) Alt Art (CGC 10 GEM MINT),12.2,0-25,true,sold_back
2026-10-08T10:54:50.000Z,2026 One Piece EB03-Extra Booster -One Piece Heroines Edition #008 Hibari - Alternate Art (PSA 9 MINT),16.3,0-25,true,sold_back
2026-10-08T10:54:54.000Z,2023 Panini Luminance #101 Anthony Richardson - Green (PSA 10 GEM MINT),25.7,25-100,true,sold_back
2026-10-08T10:54:54.000Z,2025 Pokémon M2-Inferno X #092 Ambipom - Art Rare (PSA 10 GEM MINT),23.6,0-25,true,sold_back
2026-10-08T10:55:05.000Z,Pokémon Japanese Sword & Shield Rebellion Crash (1 Booster Pack - Art May Vary),19.9,0-25,true,sold_back
2026-10-08T10:55:20.000Z,2024 High Class Pack: Terastal Fest ex - sv8a #093/187 Umbreon ex - Holo (CGC 10 GEM MINT),19.1,0-25,true,held
2026-10-08T10:55:21.000Z,2024 Pokémon Sv8a-Terastal Fest EX #223 Eevee EX - Holo Special Art Rare (PSA 10 GEM MINT),88.3,25-100,true,held
2026-10-08T10:55:29.000Z,2019 Topps Chrome #202 Eloy Jimenez (PSA 10 GEM MINT),10.3,0-25,true,sold_back
2026-10-08T10:55:35.000Z,1999 Upper Deck MJ Athlete of the Century #14 Michael Jordan (PSA 8 NM-MT),44.5,25-100,true,held
2026-10-08T10:55:36.000Z,2024 Surging Sparks - SSP EN #057/191 Pikachu ex - Holo (CGC 8.5 NM-MT+),11.5,0-25,true,sold_back
2026-10-08T10:55:39.000Z,2018 Bowman Paper Prospects #BP150 Vladimir Guerrero Jr. (PSA 10 GEM MINT),15.3,0-25,true,sold_back
2026-10-08T10:55:57.000Z,1989 Score #18 Michael Irvin (PSA 9 MINT),33.7,25-100,true,sold_back
2026-10-08T10:56:02.000Z,2025 Black Bolt - BLK EN #046/086 Excadrill ex - Holo (CGC 10 GEM MINT),14,0-25,true,sold_back
2026-10-08T10:56:02.000Z,Magic: The Gathering Streets of New Capenna - Draft Booster (1 Booster Pack - Art May Vary),6.4,0-25,true,held
2026-10-08T10:56:05.000Z,"2023 Trading Card Game Classic - CLV, CLC, CLB #006/034 Magmar - Charizard & Ho-Oh ex Deck - CLC Holo (CGC 10 GEM MINT)",17.2,0-25,true,sold_back
2026-10-08T10:56:09.000Z,2024 Pokémon Sv5a-Crimson Haze #070 Infernape - Art Rare (PSA 10 GEM MINT),48.4,25-100,true,sold_back
2026-10-08T10:56:15.000Z,2025 Pokémon M2-Inferno X #013 Mega Charizard X EX - Holo (PSA 10 GEM MINT),49.1,25-100,true,sold_back
2026-10-08T10:56:18.000Z,2021 Panini Mosaic UEFA Euro '20 #81 Lyndon Dykes (CGC 10 GEM MINT),10.5,0-25,true,sold_back
2026-10-08T10:56:23.000Z,2022 Panini Prizm #254 Bennedict Mathurin - Silver Prizm (PSA 9 MINT),11.9,0-25,true,sold_back
2026-10-08T10:56:24.000Z,"Echolands #1 CGC 9.8 White Pages (Image Comics, 9/21) - Universal Second Printing",16,0-25,true,held
2026-10-08T10:56:30.000Z,2000 Base Set 2 #76/130 Goldeen (CGC 9 MINT),12.2,0-25,true,sold_back
2026-10-08T10:56:32.000Z,2025 Inferno X - M2 #098/080 Mega Sharpedo ex - Super Rare Holo (CGC 10 PRISTINE),22.5,0-25,true,held
2026-10-08T10:56:32.000Z,"Green Lantern #158 CGC 9.8 White Pages (DC Comics, 11/82) - Universal",63.35,25-100,true,held
2026-10-08T10:56:32.000Z,Pokémon Scarlet & Violet Destined Rivals (1 Booster Pack - Art May Vary),10.7,0-25,true,redeemed
2026-10-08T10:56:32.000Z,"Shuri #2 CGC 9.8 White Pages (Marvel Comics, 1/19) - Universal",37.458,25-100,true,held
2026-10-08T10:56:33.000Z,2026 One Piece Japanese Premium Card Collection Kumamoto Prefecture Special Don!! Card - Sanji (PSA 9 MINT),21.1,0-25,true,sold_back
2026-10-08T10:56:35.000Z,Magic: The Gathering Bloomburrow - Play Booster (1 Booster Pack - Art May Vary),10.1,0-25,true,held
2026-10-08T10:56:36.000Z,2025 Battle Partners - sv9 #111/100 Noibat - Art Rare Holo (CGC 10 PRISTINE),21.2,0-25,true,sold_back
2026-10-08T10:56:42.000Z,"2003 EX Dragon (2003 Copyright, w/ ""e"" Symbol) #12/97 Torkoal - Reverse Holo (CGC 9 MINT)",165.9,100-500,true,sold_back
2026-10-08T10:56:44.000Z,2022 Topps Update #US100 Bobby Witt Jr. (PSA 9 MINT),19.6,0-25,true,sold_back
2026-10-08T10:56:48.000Z,2025 One Piece Japanese Premium Card Collection -Best Selection Vol.4 #095 Laffitte (PSA 9 MINT),12.5,0-25,true,sold_back
2026-10-08T10:56:50.000Z,2023 Pokémon Par EN-Paradox Rift #204 Garbodor - Illustration Rare (PSA 9 MINT),33.7,25-100,true,sold_back
2026-10-08T10:56:51.000Z,2025 Pokémon M2a-Mega Dream EX #243 Marnie's Grimmsnarl EX - Holo Special Art Rare (PSA 10 GEM MINT),50,25-100,true,sold_back
2026-10-08T10:56:57.000Z,"Darkwing Duck #1 CGC 9.8 White Pages (Dynamite Entertainment, 2023) - Universal Spectral Comics Convention Edition",61.333333,25-100,true,sold_back
2026-10-08T10:56:59.000Z,Magic: The Gathering Streets of New Capenna - Draft Booster (1 Booster Pack - Art May Vary),6.4,0-25,true,sold_back
2026-10-08T10:57:05.000Z,2024 Panini Donruss Optic Downtown Legends #6 Christian Okoye (PSA 9 MINT),236.7,100-500,true,sold_back
2026-10-08T10:57:11.000Z,2023 Crown Zenith #GG55/GG70 Regigigas VSTAR - Galarian Gallery Holo (CGC 9 MINT),21.5,0-25,true,sold_back
2026-10-08T10:57:15.000Z,Pokemon Sun & Moon Tag Team GX Dream League (1 Booster Pack - Art May Vary),42,25-100,true,sold_back
2026-10-08T10:57:18.000Z,2023 Panini Prizm #365 DE'Von Achane - Silver Prizm (PSA 9 MINT),19.7,0-25,true,sold_back
2026-10-08T10:57:21.000Z,Magic: The Gathering Modern Horizons 3 - Play Booster (1 Booster Pack - Art May Vary),13.1,0-25,true,sold_back
2026-10-08T10:57:24.000Z,Magic: The Gathering Aetherdrift - Play Booster (1 Booster Pack - Art May Vary),6.1,0-25,true,sold_back
2026-10-08T10:57:24.000Z,Magic: The Gathering Dragon's Maze (1 Booster Pack - Art May Vary),7,0-25,true,sold_back
2026-10-08T10:57:32.000Z,Pokémon Scarlet & Violet 151 (1 Booster Pack - Art May Vary),33.6,25-100,true,sold_back
2026-10-08T10:57:36.000Z,2025 One Piece Japanese Premium Card Collection -Best Selection Vol.4 #077 Gum-Gum Lightning (PSA 9 MINT),12.6,0-25,true,sold_back
2026-10-08T10:57:39.000Z,1955 Bowman #21 Lee Riley (PSA 6 EX-MT),19.3,0-25,true,sold_back
2026-10-08T10:57:39.000Z,2024 Panini Donruss Optic #248 Jayden Daniels (PSA 9 MINT),18,0-25,true,sold_back
2026-10-08T10:57:44.000Z,2025 Mega Dream ex - M2a #239/193 Mega Hawlucha ex - Special Art Rare Holo (CGC 9 MINT),17.2,0-25,true,sold_back
2026-10-08T10:57:47.000Z,2023 One Piece Japanese Promos #035 Monkey D. Luffy - Meetup Event Participation (PSA 9 MINT),13.8,0-25,true,sold_back
2026-10-08T10:57:51.000Z,2026 Topps #189 Roman Anthony (PSA 9 MINT),19.2,0-25,true,sold_back
2026-10-08T10:58:00.000Z,2023 Shrouded Fable - SFA EN #070/064 Dusknoir - Illustration Rare Holo (CGC 7.5 NM+),18.8,0-25,true,sold_back
2026-10-08T10:58:06.000Z,2023 Pokémon Sv2a-Pokémon Card 151 #001 Bulbasaur - Reverse Holo Master Ball (PSA 10 GEM MINT),75.7,25-100,true,sold_back
2026-10-08T10:58:09.000Z,2000 Pokémon Rocket #64 Ponyta - 1st Edition (PSA 9 MINT),29.4,25-100,true,sold_back
2026-10-08T10:58:20.000Z,2023 Panini Prizm #152 Brandon Miller (PSA 10 GEM MINT),31.3,25-100,true,held
2026-10-08T10:58:24.000Z,2017 Black Star Promos - Sword & Shield #SWSH137 Light Toxtricity - Celebrations (Holo) (CGC 8.5 NM-MT+),11,0-25,true,sold_back
2026-10-08T10:58:29.000Z,2023 Panini Select #311 Victor Wembanyama - Blue Prizm (PSA 8 NM-MT),74.7,25-100,true,sold_back
2026-10-08T10:58:33.000Z,Astral Radiance #184/189 Gardenia's Vigor - Ultra Rare Holo (CGC 10 GEM MINT),19.7,0-25,true,sold_back
2026-10-08T10:58:35.000Z,2017 Panini Prizm #109 John Collins (PSA 9 MINT),10.6,0-25,true,sold_back
2026-10-08T10:58:42.000Z,2022 Pokémon Sword & Shield Vstar Universe #180 Electivire - Full Art (PSA 10 GEM MINT),37,25-100,true,sold_back
2026-10-08T10:58:50.000Z,2022 Pokémon Sword & Shield Astral Radiance #TG03 Kingdra - Full Art (PSA 10 GEM MINT),312.9,100-500,true,sold_back
2026-10-08T10:58:53.000Z,1986 Star Canseco Jose Canseco - Puzzle Back-His Era Begins-Follow Through Yellow Jersey (PSA 8 NM-MT),19.5,0-25,true,sold_back
2026-10-08T10:58:56.000Z,2020 Panini Prizm Draft Picks #98 LaMelo Ball (PSA 10 GEM MINT),14.3,0-25,true,sold_back
2026-10-08T10:59:05.000Z,2025 Topps Holiday #H161 Cooper Flagg (PSA 10 GEM MINT),81.9,25-100,true,sold_back
2026-10-08T10:59:09.000Z,1972 Topps #245 Len Dawson (PSA 6 EX-MT),23.4,0-25,true,sold_back
2026-10-08T10:59:12.000Z,2025 Inferno X - M2 #085/080 Piplup - Art Rare Holo (CGC 10 PRISTINE),20.2,0-25,true,held
2026-10-08T10:59:12.000Z,Pokémon Scarlet & Violet Prismatic Evolutions (1 Booster Pack - Art May Vary),17.3,0-25,true,sold_back
2026-10-08T10:59:18.000Z,1982 Topps #780 Pete Rose (PSA 7 NM),11.7,0-25,true,sold_back
2026-10-08T10:59:18.000Z,2022 Bowman University Chrome Prospects #39 Stetson Bennett (PSA 10 GEM MINT),23.8,0-25,true,sold_back
2026-10-08T10:59:20.000Z,2021 Pokémon 25th Anniversary Collection #005 Lugia (PSA 10 GEM MINT),48.7,25-100,true,sold_back
2026-10-08T10:59:20.000Z,2023 Pokémon Sv2a-Pokémon Card 151 #181 Snorlax - Art Rare (PSA 10 GEM MINT),71.8,25-100,true,sold_back
2026-10-08T10:59:20.000Z,Pokemon Sun & Moon Tag Team GX Dream League (1 Booster Pack - Art May Vary),42,25-100,true,held
2026-10-08T10:59:33.000Z,Pokémon Scarlet & Violet 151 (1 Booster Pack - Art May Vary),33.6,25-100,true,sold_back
2026-10-08T10:59:38.000Z,2025 Pokémon M2-Inferno X #013 Mega Charizard X EX - Holo (PSA 10 GEM MINT),49.1,25-100,true,held
2026-10-08T10:59:41.000Z,1999 Fossil #54/62 Shellder (CGC 8.5 NM-MT+),13.5,0-25,true,sold_back
2026-10-08T10:59:44.000Z,2023 Pokémon Sv2a-Pokémon Card 151 #181 Snorlax - Art Rare (PSA 9 MINT),30,25-100,true,sold_back
2026-10-08T10:59:44.000Z,2025 Glory of the Rocket Gang - sv10 #112/098 Team Rocket's Moltres ex - Super Rare Holo (CGC 10 GEM MINT),22.2,0-25,true,sold_back
2026-10-08T10:59:45.000Z,Pokémon Sun & Moon Lost Thunder (1 Booster Pack - Art May Vary),64.4,25-100,true,sold_back
2026-10-08T10:59:50.000Z,Pokémon Sword & Shield Vivid Voltage (1 Booster Pack - Art May Vary),14,0-25,true,sold_back
2026-10-08T10:59:53.000Z,2022 Bowman Chrome Prospect Autographs #CPARR Ryan Reckley - Refractor (PSA 9 MINT),13,0-25,true,sold_back
2026-10-08T10:59:54.000Z,2025 Pokémon M2a-Mega Dream EX #223 Mega Charizard X EX - Holo Mega Attack Rare (PSA 10 GEM MINT),71.2,25-100,true,sold_back
2026-10-08T10:59:57.000Z,2024 Pokémon Paf EN-Paldean Fates #233 Gardevoir EX - Holo Special Illustration Rare (PSA 10 GEM MINT),339.4,100-500,true,sold_back
2026-10-08T11:00:00.000Z,2025 Panini Select #54 Shedeur Sanders - Silver Prizm (PSA 9 MINT),20.1,0-25,true,sold_back
2026-10-08T11:00:02.000Z,Pokémon Scarlet & Violet 151 (1 Booster Pack - Art May Vary),33.6,25-100,true,held
2026-10-08T11:00:03.000Z,2023 Panini Donruss #305 Bijan Robinson (PSA 10 GEM MINT),46.4,25-100,true,sold_back
2026-10-08T11:00:06.000Z,2025 Pokémon Pfl EN-Phantasmal Flames #129 Dawn - Special Illustration Rare (PSA 10 GEM MINT),57.6,25-100,true,sold_back
2026-10-08T11:00:09.000Z,2024 Crimson Haze #075/066 Hisuian Growlithe - Art Rare Holo (CGC 10 PRISTINE),23.7,0-25,true,sold_back
2026-10-08T11:00:14.000Z,Pokémon XY Breakthrough (1 Booster Pack - Art May Vary),69.5,25-100,true,sold_back
2026-10-08T11:00:15.000Z,2021 Panini Illusions Clear Shots #CS-19 Justin Fields - Signature-Gold (PSA 9 MINT),104.3,100-500,true,sold_back
2026-10-08T11:00:20.000Z,2023 Raging Surf #071/062 Yveltal - Art Rare Holo (CGC 10 GEM MINT),19.9,0-25,true,sold_back
2026-10-08T11:00:23.000Z,2018 Panini Prizm #78 Trae Young - Red/White/Blue Prizm (PSA 10 GEM MINT),46.3,25-100,true,held
2026-10-08T11:00:24.000Z,Pokémon Japanese Sword & Shield Explosive Walker (1 Booster Pack - Art May Vary),15.8,0-25,true,sold_back
2026-10-08T11:00:27.000Z,Pokémon Celebrations (1 Booster Pack - Art May Vary),37.9,25-100,true,sold_back
2026-10-08T11:00:30.000Z,1961 Lake to Lake Packers #11 Jesse Whittenton (PSA 6 EX-MT),18.4,0-25,true,sold_back
2026-10-08T11:00:32.000Z,2023 Pokémon Sv4m-Future Flash #074 Steelix - Art Rare (PSA 10 GEM MINT),59,25-100,true,sold_back
2026-10-08T11:00:41.000Z,1990 Score Canadian #428 Jaromir Jagr (PSA 10 GEM MINT),89.2,25-100,true,sold_back
2026-10-08T11:00:47.000Z,2022 VSTAR Universe #195/172 Latias - Art Rare Holo (CGC 10 GEM MINT),20.7,0-25,true,sold_back
2026-10-08T11:00:50.000Z,2020 Bowman Draft #BD121 Spencer Torkelson (PSA 9 MINT),11.3,0-25,true,sold_back
2026-10-08T11:00:53.000Z,Pokémon Sun & Moon Rebel Clash (1 Booster Pack - Art May Vary),15.2,0-25,true,sold_back
2026-10-08T11:00:54.000Z,2022 Panini Contenders #114 Desmond Ridder - Variation-Autograph-Red Zone (PSA 9 MINT),36.8,25-100,true,sold_back
2026-10-08T11:00:56.000Z,Pokémon Japanese Sun & Moon Full Metal Wall (1 Booster Pack - Art May Vary),14.4,0-25,true,held
2026-10-08T11:00:56.000Z,Pokémon Scarlet & Violet Destined Rivals (1 Booster Pack - Art May Vary),10.7,0-25,true,held
2026-10-08T11:01:03.000Z,2022 Bowman Draft Chrome Sapphire Edition #BDC190 Jett Williams (PSA 9 MINT),14.3,0-25,true,sold_back
2026-10-08T11:01:06.000Z,2025 Pokémon Meg EN-Mega Evolution #178 Mega Gardevoir EX - Holo Special Illustration Rare (PSA 10 GEM MINT),281.4,100-500,true,sold_back
2026-10-08T11:01:08.000Z,2023 Pokémon Card 151 #002/165 Ivysaur - Reverse Holo Master Ball (CGC 10 GEM MINT),17.5,0-25,true,held
2026-10-08T11:01:12.000Z,1999 Fossil #24/62 Kabutops (CGC 7.5 NM+),12.6,0-25,true,sold_back
2026-10-08T11:01:12.000Z,Pokémon Sun & Moon Rebel Clash (1 Booster Pack - Art May Vary),15.2,0-25,true,sold_back
2026-10-08T11:01:21.000Z,2025 Topps #201 Cooper Flagg (PSA 9 MINT),23.2,0-25,true,sold_back
2026-10-08T11:01:23.000Z,1981 Topps #540 Mike Schmidt (PSA 7 NM),14.3,0-25,true,sold_back
2026-10-08T11:01:26.000Z,2018 Tag Bolt #013/095 Charizard - Holo (CGC 10 GEM MINT),28.4,25-100,true,sold_back
2026-10-08T11:01:38.000Z,2025 Bowman U Now #60 Fernando Mendoza (PSA 10 GEM MINT),52.4,25-100,true,sold_back
2026-10-08T11:01:39.000Z,2020 Vivid Voltage #138/185 Rayquaza - Amazing Rare Holo (CGC 10 GEM MINT),75.9,25-100,true,sold_back
2026-10-08T11:01:39.000Z,2023 Clay Burst #082/071 Flamigo - Art Rare Holo (CGC 10 PRISTINE),19,0-25,true,sold_back
2026-10-08T11:01:59.000Z,1999 Pokémon Yamabuki City Gym Deck Sabrina's Gaze (PSA 9 MINT),132.7,100-500,true,sold_back
2026-10-08T11:02:02.000Z,2021 VMAX Climax #207/184 Galarian Obstagoon - Character Rare Holo (CGC 10 PRISTINE),17.7,0-25,true,sold_back
2026-10-08T11:02:05.000Z,2021 Celebrations - Classic Collection #24 ____'s Pikachu - Black Star Promos Holo (CGC 10 GEM MINT),72.6,25-100,true,sold_back
2026-10-08T11:02:06.000Z,2020 Bowman Draft #BD121 Spencer Torkelson (PSA 9 MINT),11.3,0-25,true,sold_back
2026-10-08T11:02:11.000Z,2020 Panini Select #344 Justin Herbert (PSA 10 GEM MINT),37.8,25-100,true,sold_back
2026-10-08T11:02:12.000Z,2020 Pokémon S Promo #075 Eevee - Pokemon Card Gym (PSA 10 GEM MINT),75.2,25-100,true,sold_back
2026-10-08T11:02:12.000Z,2023 Pokémon Sv2a-Pokémon Card 151 #182 Dragonair - Art Rare (PSA 10 GEM MINT),49.4,25-100,true,held
2026-10-08T11:02:12.000Z,2026 One Piece Japanese Premium Card Collection Kumamoto Prefecture Special Don!! Card - Brook (PSA 9 MINT),20.9,0-25,true,held
2026-10-08T11:02:27.000Z,2024 Panini Donruss Optic Downtown Duos #15 Kyler Murray/Marvin Harrison Jr. (PSA 9 MINT),331.6,100-500,true,held
2026-10-08T11:02:30.000Z,2024 Pokémon Simplified Cs5a C-Gallant Galaxy: Charm #004 Charizard V - Holo (PSA 10 GEM MINT),70,25-100,true,held
2026-10-08T11:02:30.000Z,Pokémon Scarlet & Violet Destined Rivals (1 Booster Pack - Art May Vary),10.7,0-25,true,sold_back
2026-10-08T11:02:45.000Z,2019 Panini Mosaic Will to Win #6 Anthony Davis - Green Mosaic (PSA 10 GEM MINT),22.5,0-25,true,held
2026-10-08T11:02:48.000Z,2025 Upper Deck #487 Michael Misa (PSA 8 NM-MT),36.4,25-100,true,sold_back
2026-10-08T11:02:50.000Z,2025 Pokémon M2-Inferno X #094 Mega Charizard X EX - Holo Super Rare (PSA 10 GEM MINT),62.7,25-100,true,held
2026-10-08T11:02:50.000Z,2025 Pokémon Sv11b-Black Bolt #087 Snivy - Art Rare (PSA 10 GEM MINT),40.9,25-100,true,sold_back
2026-10-08T11:02:51.000Z,Pokémon Sun & Moon Base Set (1 Booster Pack - Art May Vary),26.9,25-100,true,sold_back
2026-10-08T11:02:53.000Z,2024 Panini Donruss Optic #248 Jayden Daniels - Holo (PSA 9 MINT),36.3,25-100,true,sold_back
2026-10-08T11:03:03.000Z,2024 Twilight Masquerade - TWM EN #172/167 Torkoal - Illustration Rare Holo (CGC 9 MINT),12.5,0-25,true,held
2026-10-08T11:03:05.000Z,1989 Pro Set #235 Randall McDaniel (PSA 10 GEM MINT),35.2,25-100,true,held
2026-10-08T11:03:11.000Z,2025 Pokémon Pfl EN-Phantasmal Flames #056 Mega Gengar EX - Holo (PSA 10 GEM MINT),52.4,25-100,true,held
2026-10-08T11:03:20.000Z,2025 Pokémon Svp EN-SV Black Star Promo #208 Victini - Unova Victini Illustration Collection (PSA 9 MINT),23.9,0-25,true,sold_back
2026-10-08T11:03:21.000Z,1961 Topps #259 John Schaive (PSA 9 MINT),80.7,25-100,true,sold_back
2026-10-08T11:03:23.000Z,2024 Wild Force #080/071 Gastly - Art Rare Holo (CGC 8 NM-MT),26.1,25-100,true,sold_back
2026-10-08T11:03:30.000Z,2020 Upper Deck #237 Nick Robertson (PSA 10 GEM MINT),35.7,25-100,true,sold_back
2026-10-08T11:03:30.000Z,2025 Mega Brave - M1L #064/063 Bulbasaur - Art Rare Holo (CGC 9 MINT),18.9,0-25,true,sold_back
2026-10-08T11:03:36.000Z,2023 Ruler of the Black Flame #123/108 Vespiquen ex - Super Rare Holo (CGC 10 PRISTINE),18.9,0-25,true,sold_back
2026-10-08T11:03:41.000Z,2016 Pokémon XY Awakening Psychic King #019 White Kyurem - 1st Edition Holo (PSA 10 GEM MINT),81.8,25-100,true,held
2026-10-08T11:03:41.000Z,Pokémon Scarlet & Violet Destined Rivals (1 Booster Pack - Art May Vary),10.7,0-25,true,sold_back
2026-10-08T11:03:42.000Z,Pokémon Sun & Moon Ultra Prism (1 Booster Pack - Art May Vary),54.7,25-100,true,sold_back
2026-10-08T11:03:44.000Z,1967 Topps #31 John McCormick (PSA 8 NM-MT),37.9,25-100,true,sold_back
2026-10-08T11:03:44.000Z,2025 Mega Symphonia - M1S #091/063 Wally's Compassion - Special Art Rare Holo (CGC 10 GEM MINT),21.6,0-25,true,sold_back
2026-10-08T11:03:47.000Z,2025 Pokémon M1s-Mega Symphonia #067 Snover - Art Rare (PSA 10 GEM MINT),23.9,0-25,true,sold_back
2026-10-08T11:03:48.000Z,1982 Topps #780 Pete Rose (PSA 7 NM),11.7,0-25,true,sold_back
2026-10-08T11:03:57.000Z,2021 Panini Classics Classic Beginnings #CB-JW Jaylen Waddle - Signatures-Gold (PSA 10 GEM MINT),140.8,100-500,true,sold_back
2026-10-08T11:03:59.000Z,2017 Black Star Promos - Sword & Shield #SWSH029 Rayquaza - Cosmos Holo (CGC 8.5 NM-MT+),10.5,0-25,true,sold_back
2026-10-08T11:04:02.000Z,2024 Pokémon Sv7a-Paradise Dragona #076 Braviary - Art Rare (PSA 10 GEM MINT),30.8,25-100,true,sold_back
2026-10-08T11:04:03.000Z,2021 VMAX Climax #119/184 Rayquaza V - Holo (CGC 10 PRISTINE),21.8,0-25,true,sold_back
2026-10-08T11:04:03.000Z,2023 Triplet Beat #083/073 Mismagius - Art Rare Holo (CGC 10 GEM MINT),19.9,0-25,true,sold_back
2026-10-08T11:04:17.000Z,2025 Pokémon Blk EN-Black Bolt #113 Tynamo - Illustration Rare (PSA 10 GEM MINT),293.4,100-500,true,sold_back
2026-10-08T11:04:18.000Z,2022 Pokémon Sword & Shield Dark Phantasma #077 Snorlax - Full Art (PSA 10 GEM MINT),68.5,25-100,true,sold_back
2026-10-08T11:04:21.000Z,1999 Fossil #55/62 Slowpoke (CGC 10 PRISTINE),215.5,100-500,true,sold_back
2026-10-08T11:04:27.000Z,2023 Scarlet & Violet 151 - MEW EN #003/165 Venusaur ex - Holo (CGC 9 MINT),11.1,0-25,true,sold_back
2026-10-08T11:04:30.000Z,Pokémon Scarlet & Violet 151 (1 Booster Pack - Art May Vary),33.6,25-100,true,held
2026-10-08T11:04:30.000Z,Pokémon Scarlet & Violet Destined Rivals (1 Booster Pack - Art May Vary),10.7,0-25,true,sold_back
2026-10-08T11:04:32.000Z,2022 Pokémon Sword & Shield Incandescent Arcana #073 Smeargle - Full Art (PSA 10 GEM MINT),49.1,25-100,true,held
2026-10-08T11:04:32.000Z,2023 One Piece Premium Card Collection -One Piece Film Red #016 Shanks (PSA 10 GEM MINT),92.1,25-100,true,sold_back
2026-10-08T11:04:35.000Z,2021 Pokémon Sword & Shield Shining Fates #051 Ditto Vmax - Full Art (PSA 8 NM-MT),22.9,0-25,true,sold_back
2026-10-08T11:04:42.000Z,2021 Pokémon Swsh Black Star Promo #129 Umbreon - Holo Evolving Skies Three Pack Blisters (PSA 9 MINT),58.8,25-100,true,sold_back
2026-10-08T11:04:51.000Z,2020 Darkness Ablaze #193/189 Scizor VMAX - Rainbow Rare Holo (CGC 9 MINT),11.6,0-25,true,sold_back
2026-10-08T11:04:51.000Z,2025 Inferno X - M2 #088/080 Flygon - Art Rare Holo (CGC 10 PRISTINE),18,0-25,true,sold_back
2026-10-08T11:04:56.000Z,2024 Surging Sparks - SSP EN #037/191 Scovillain ex - Holo (CGC 9 MINT),13.2,0-25,true,sold_back
2026-10-08T11:04:57.000Z,2024 Bowman Draft #BD22 Konnor Griffin (PSA 9 MINT),11.7,0-25,true,sold_back
2026-10-08T11:05:03.000Z,2023 Temporal Forces - TEF EN #170/162 Bronzor - Illustration Rare Holo (CGC 10 GEM MINT),20,0-25,true,sold_back
2026-10-08T11:05:09.000Z,2020 Panini Donruss Optic #169 Brandon Aiyuk - Autograph (PSA 10 GEM MINT),54.8,25-100,true,sold_back
2026-10-08T11:05:14.000Z,2026 One Piece Japanese Premium Card Collection Kumamoto Prefecture Special Don!! Card - Brook (PSA 9 MINT),20.9,0-25,true,sold_back
2026-10-08T11:05:15.000Z,2022 One Piece Japanese 25th Anniversary Premium Card Collection #010 Franky (PSA 9 MINT),23.2,0-25,true,held
2026-10-08T11:05:20.000Z,2025 Pokémon Meg EN-Mega Evolution #152 Delibird - Illustration Rare (PSA 8 NM-MT),14.2,0-25,true,held
2026-10-08T11:05:27.000Z,Pokémon Scarlet & Violet Destined Rivals (1 Booster Pack - Art May Vary),10.7,0-25,true,sold_back
2026-10-08T11:05:30.000Z,2024 High Class Pack: Terastal Fest ex - sv8a #093/187 Umbreon ex - Holo (CGC 10 GEM MINT),19.1,0-25,true,sold_back
2026-10-08T11:05:36.000Z,Jordan 4 Retro SE Craft Photon Dust - Size 10,208,100-500,true,sold_back
2026-10-08T11:05:38.000Z,2023 Pokémon Sv2a-Pokémon Card 151 #180 Omanyte - Art Rare (PSA 10 GEM MINT),39.7,25-100,true,sold_back
2026-10-08T11:05:42.000Z,"2023 Trading Card Game Classic - CLF, CLL, CLK #008/032 Sandshrew - Venusaur & Lugia ex Deck - CLF Holo (CGC 10 GEM MINT)",11.8,0-25,true,sold_back
2026-10-08T11:05:44.000Z,2026 Ascended Heroes - ASC EN #020/217 Charmander - Mega Charizard Y Tech Sticker Collection (Cosmos Holo) (CGC 10 GEM MINT),20.7,0-25,true,sold_back
2026-10-08T11:05:50.000Z,2025 Bowman Draft #BDC-102 Konnor Griffin - Chrome (PSA 9 MINT),15.6,0-25,true,sold_back
2026-10-08T11:05:59.000Z,2022 Pokémon Go #018 Radiant Blastoise - Holo (PSA 9 MINT),32,25-100,true,sold_back
2026-10-08T11:05:59.000Z,2023 Pokémon Sv2p-Snow Hazard #086 Slowking EX - Holo Super Rare (PSA 10 GEM MINT),47.5,25-100,true,held
2026-10-08T11:06:15.000Z,Pokémon Scarlet & Violet Destined Rivals (1 Booster Pack - Art May Vary),10.7,0-25,true,sold_back
2026-10-08T11:06:17.000Z,2023 Pokémon Cll-Trading Card Game Classic Charizard & HO-Oh EX Deck #001 Charmander (PSA 10 GEM MINT),70.9,25-100,true,held
2026-10-08T11:06:20.000Z,2025 Pokémon M2-Inferno X #013 Mega Charizard X EX - Holo (PSA 10 GEM MINT),49.1,25-100,true,sold_back
2026-10-08T11:06:21.000Z,2024 Panini Instant WNBA Draft Night #DN3 Kamilla Cardoso (PSA 10 GEM MINT),20.8,0-25,true,sold_back
2026-10-08T11:06:29.000Z,2025 Pokémon M2-Inferno X #111 Oricorio EX - Holo Special Art Rare (PSA 10 GEM MINT),51.8,25-100,true,held
2026-10-08T11:06:29.000Z,2026 Pokémon Asc EN-Ascended Heroes #228 Weavile - Illustration Rare (PSA 10 GEM MINT),49.9,25-100,true,held
2026-10-08T11:06:29.000Z,2026 Pokémon M3-Nullifying Zero #092 Raticate - Art Rare (PSA 10 GEM MINT),32.7,25-100,true,sold_back
2026-10-08T11:06:30.000Z,2023 Violet ex #089/078 Bombirdier - Art Rare Holo (CGC 10 GEM MINT),19.8,0-25,true,sold_back
2026-10-08T11:06:30.000Z,2025 Panini Mosaic Notoriety #11 Jaxson Dart (PSA 8 NM-MT),10.5,0-25,true,held
2026-10-08T11:06:41.000Z,Pokémon Scarlet & Violet Twilight Masquerade - Sleeved (1 Booster Pack - Art May Vary),13.5,0-25,true,sold_back
2026-10-08T11:06:42.000Z,2022 VSTAR Universe #223/172 Deoxys VSTAR - Special Art Rare Holo (CGC 10 PRISTINE),78.1,25-100,true,sold_back
2026-10-08T11:06:50.000Z,2023 Pokémon Card 151 #054/165 Psyduck - Reverse Holo Poké Ball (CGC 10 GEM MINT),22.4,0-25,true,sold_back
2026-10-08T11:06:53.000Z,2024 Transformation Mask #108/101 Fezandipiti - Art Rare Holo (CGC 10 PRISTINE),18.5,0-25,true,sold_back
2026-10-08T11:06:56.000Z,2018 Panini Donruss #177 Vinicius Junior - Optic (PSA 9 MINT),22.1,0-25,true,sold_back
2026-10-08T11:06:56.000Z,2021 Parkside Nwsl Premier Edition Stars #54 Trinity Rodman (PSA 9 MINT),22.9,0-25,true,sold_back
2026-10-08T11:06:56.000Z,2025 Pokémon Mep EN-Me Black Star Promo #026 Meloetta - Mega Diancie EX Mega Battle Deck (PSA 9 MINT),20.9,0-25,true,sold_back
2026-10-08T11:07:00.000Z,2021 25th Anniversary Collection #024/028 Flying Pikachu VMAX - Holo (CGC 10 GEM MINT),19.4,0-25,true,sold_back
2026-10-08T11:07:03.000Z,2024 Journey Together - JTG EN #075/159 Alcremie ex - Holo (CGC 9 MINT),17.6,0-25,true,sold_back
2026-10-08T11:07:06.000Z,1966 Topps #91 Harry Howell (PSA 6 EX-MT),40.9,25-100,true,sold_back
2026-10-08T11:07:06.000Z,2025 Topps #201 Cooper Flagg (PSA 9 MINT),23.2,0-25,true,sold_back
2026-10-08T11:07:09.000Z,2025 Gem Pack Volume 2 - CBB2C - Simplified #04 10/14 Flareon - Reverse Holo Master Ball (CGC 9 MINT),11.9,0-25,true,sold_back
2026-10-08T11:07:17.000Z,2025 White Flare - sv11W #111/086 Blitzle - Art Rare Holo (CGC 10 PRISTINE),22.9,0-25,true,sold_back
2026-10-08T11:07:21.000Z,2019 Pokémon Sun & Moon Cosmic Eclipse #1 Venusaur & Snivy GX - Holo (PSA 10 GEM MINT),302.7,100-500,true,redeemed
2026-10-08T11:07:23.000Z,Pokémon Scarlet & Violet Destined Rivals (1 Booster Pack - Art May Vary),10.7,0-25,true,held
2026-10-08T11:07:27.000Z,2025 Pokémon Pre EN-Prismatic Evolutions #147 Ceruledge EX - Holo Special Illustration Rare (PSA 9 MINT),86.8,25-100,true,held
2026-10-08T11:07:29.000Z,2025 Phantasmal Flames - PFL EN #127/094 Mega Sharpedo ex - Special Illustration Rare (Holo) (CGC 10 GEM MINT),22.4,0-25,true,held
2026-10-08T11:07:36.000Z,2025 Pokémon Pfl EN-Phantasmal Flames #118 Dawn - Ultra Rare (PSA 9 MINT),17.4,0-25,true,sold_back
2026-10-08T11:07:39.000Z,2021 Panini Donruss #116 Patrick Mahomes II - Variation-Press Proof Premium (PSA 9 MINT),35,25-100,true,sold_back
2026-10-08T11:07:41.000Z,2020 Shiny Star V #291/190 Duraludon - Shiny Rare Holo (CGC 10 GEM MINT),17.5,0-25,true,sold_back
2026-10-08T11:07:44.000Z,Pokémon Scarlet & Violet Destined Rivals (1 Booster Pack - Art May Vary),10.7,0-25,true,sold_back
2026-10-08T11:07:44.000Z,Pokémon XY Evolutions (1 Booster Pack - Art May Vary),74,25-100,true,sold_back
2026-10-08T11:07:45.000Z,2023 Pokémon Svp EN-SV Black Star Promo #051 Snorlax - 151 Elite Trainer Box (PSA 5 EX),33.5,25-100,true,sold_back
2026-10-08T11:07:45.000Z,"Star Wars #54 CGC 6.0 Off-white to White Pages (Marvel Comics, 12/81) - Newsstand Edition Universal",30,25-100,true,sold_back
2026-10-08T11:07:50.000Z,2025 Pokémon M2-Inferno X #086 Yamper - Art Rare (PSA 10 GEM MINT),40.6,25-100,true,sold_back
2026-10-08T11:07:59.000Z,2020 Panini Donruss #302 Tua Tagovailoa (PSA 10 GEM MINT),13.4,0-25,true,sold_back
2026-10-08T11:08:11.000Z,2021 Topps Finest UEFA CL #22 Jordan Henderson - Refractor (CGC 10 GEM MINT),29,25-100,true,sold_back
2026-10-08T11:08:12.000Z,2022 Pokémon Sword & Shield Silver Tempest #TG01 Braixen - Full Art (PSA 9 MINT),20,0-25,true,sold_back
2026-10-08T11:08:12.000Z,"2023 Trading Card Game Classic - CLF, CLL, CLK #002/032 Wartortle - Blastoise & Suicune ex Deck - CLK Holo (CGC 10 GEM MINT)",21.1,0-25,true,sold_back
2026-10-08T11:08:15.000Z,2023 Pokémon SV3-Ruler of the Black Flame #109 Gloom - Art Rare (PSA 9 MINT),18.5,0-25,true,held
2026-10-08T11:08:15.000Z,2025 Bowman University Chrome #SP-16 Diego Pavia - Image Variation (PSA 10 GEM MINT),65,25-100,true,sold_back
2026-10-08T11:08:18.000Z,2000 Gym Challenge #60/132 Blaine's Charmander (CGC 9 MINT),20.8,0-25,true,sold_back
2026-10-08T11:08:23.000Z,1996 Base Set Koffing (CGC 10 GEM MINT),74,25-100,true,sold_back
2026-10-08T11:08:23.000Z,2023 Pokémon Sv1v-Violet EX #080 Toedscool - Art Rare (PSA 10 GEM MINT),21.8,0-25,true,held
2026-10-08T11:08:36.000Z,2025 Topps Now #221 LeBron James (PSA 9 MINT),32.6,25-100,true,sold_back
2026-10-08T11:08:39.000Z,2021 Pokémon Swsh Black Star Promo #136 Mimikyu - Holo Celebrations Collection (PSA 9 MINT),36.9,25-100,true,sold_back
2026-10-08T11:08:42.000Z,2021-22 Panini Chronicles #300 Giacomo Raspadori - Contenders Optic Rookie Ticket Serie A-Purple Mojo (PSA 10 GEM MINT),20,0-25,true,sold_back
2026-10-08T11:08:44.000Z,1990 Score #302 Junior Seau (PSA 10 GEM MINT),68.2,25-100,true,sold_back
2026-10-08T11:08:44.000Z,Pokémon Crown Zenith (1 Booster Pack - Art May Vary),29.4,25-100,true,sold_back
2026-10-08T11:08:51.000Z,2022 Silver Tempest #070/195 Mawile V - Holo (CGC 8 NM-MT),22.2,0-25,true,sold_back
2026-10-08T11:08:57.000Z,2025 Destined Rivals - DRI EN #145/182 Steven's Metagross ex - Holo (CGC 9 MINT),12.5,0-25,true,sold_back
2026-10-08T11:09:02.000Z,2025 Mega Dream ex - M2a #197/193 Ethan's Magcargo - Art Rare Holo (CGC 10 GEM MINT),19.5,0-25,true,sold_back
2026-10-08T11:09:06.000Z,2020 Panini Mosaic UEFA Euro 2020 #148 Ryan Gravenberch (CGC 10 PRISTINE),22,0-25,true,sold_back
2026-10-08T11:09:06.000Z,2025 Panini Donruss #350 Cam Ward (PSA 10 GEM MINT),47.2,25-100,true,sold_back
2026-10-08T11:09:08.000Z,2022 Panini Prizm #254 Bennedict Mathurin - Silver Prizm (PSA 9 MINT),11.9,0-25,true,sold_back
2026-10-08T11:09:14.000Z,2026 One Piece Japanese Premium Card Collection Kumamoto Prefecture Special Don!! Card - Jinbe (PSA 9 MINT),15,0-25,true,sold_back
2026-10-08T11:09:15.000Z,2018 Tag Bolt #066/095 Eevee & Snorlax GX - Holo (CGC 8.5 NM-MT+),27,25-100,true,sold_back
2026-10-08T11:09:15.000Z,2024 Pokémon SV6-Transformation Mask #103 Dipplin - Art Rare (PSA 10 GEM MINT),22.8,0-25,true,sold_back
2026-10-08T11:09:15.000Z,2025 One Piece Japanese Premium Card Collection -Best Selection Vol.4 #092 Perona (PSA 10 GEM MINT),42.2,25-100,true,sold_back
2026-10-08T11:09:18.000Z,1995 Studio #32 Manny Ramirez - Gold (PSA 9 MINT),10.5,0-25,true,sold_back
2026-10-08T11:09:21.000Z,2025 Pokémon M2a-Mega Dream EX #199 Psyduck - Art Rare (PSA 10 GEM MINT),57.1,25-100,true,sold_back
2026-10-08T11:09:26.000Z,2024 Panini Spectra #209 Ricky Pearsall - Patch Autograph-Celestial (PSA 9 MINT),51,25-100,true,sold_back
2026-10-08T11:09:41.000Z,2025 Topps #201 Cooper Flagg (PSA 9 MINT),23.2,0-25,true,sold_back
2026-10-08T11:09:42.000Z,2017 Pokémon SM Black Star Promo #SM82 Shining Lugia - Holo Holo Shining Legends Super Premium Collection (PSA 8 NM-MT),146.7,100-500,true,sold_back
2026-10-08T11:09:42.000Z,2024 Topps Chrome #88 Jackson Holliday - Pink Refractor (PSA 10 GEM MINT),25.6,25-100,true,sold_back
2026-10-08T11:09:44.000Z,2019 Old Maid (Red Back) Pidgey (CGC 10 PRISTINE),13.4,0-25,true,held
2026-10-08T11:09:44.000Z,2021 Eevee Heroes #047/069 Umbreon V - Holo (CGC 10 GEM MINT),21.1,0-25,true,sold_back
2026-10-08T11:09:44.000Z,2023 Pokémon Sv1v-Violet EX #095 Banette EX - Holo Super Rare (PSA 10 GEM MINT),53.1,25-100,true,sold_back
2026-10-08T11:09:48.000Z,2025 Pokémon Pre EN-Prismatic Evolutions #157 Iron Valiant EX - Holo Special Illustration Rare (PSA 9 MINT),45.9,25-100,true,sold_back
2026-10-08T11:09:51.000Z,2021 Panini Donruss #182 Aaron Judge - Variation (PSA 9 MINT),22,0-25,true,sold_back
2026-10-08T11:09:53.000Z,2025 One Piece Japanese Limited Card Collection Vol.1 #042 Usopp (PSA 10 GEM MINT),43.1,25-100,true,sold_back
2026-10-08T11:10:03.000Z,2000 Gym Challenge #42/132 Giovanni's Machoke - 1st Edition 1st Edition (CGC 8 NM-MT),22.1,0-25,true,sold_back
2026-10-08T11:10:03.000Z,2019 Pokémon SM Black Star Promo #SM162 Pikachu - Holo Team Up Single Pack Blisters (PSA 9 MINT),260.4,100-500,true,sold_back
2026-10-08T11:10:03.000Z,2025 Inferno X - M2 #013/080 Mega Charizard X ex - Holo (CGC 10 GEM MINT),19.7,0-25,true,sold_back
2026-10-08T11:10:05.000Z,1989 Score Traded #100T Ken Griffey Jr (PSA 9 MINT),38.8,25-100,true,sold_back
2026-10-08T11:10:08.000Z,2024 Paldean Fates - PAF EN #075/091 Squawkabilly ex - Holo (CGC 10 GEM MINT),17.1,0-25,true,sold_back
2026-10-08T11:10:14.000Z,2019 TAG TEAM GX: Tag All Stars #054/173 Mewtwo - Holo (CGC 10 GEM MINT),18.9,0-25,true,sold_back
2026-10-08T11:10:15.000Z,1990 Score Supplemental #101T Emmitt Smith (PSA 8 NM-MT),75.2,25-100,true,held
2026-10-08T11:10:17.000Z,2019 Panini Chronicles Contenders Rookie Ticket #RT18 Mason Mount (PSA 10 GEM MINT),22.3,0-25,true,held
2026-10-08T11:10:21.000Z,2025 One Piece Japanese Promotion Card Set 2025 #106 Monkey D. Luffy (PSA 10 GEM MINT),38.4,25-100,true,sold_back
2026-10-08T11:10:21.000Z,"Avengers West Coast #54 CGC 9.8 White Pages (Marvel Comics, 1/90) - Universal",77,25-100,true,sold_back
2026-10-08T11:10:29.000Z,2024 Pokémon Sv7a-Paradise Dragona #071 Vibrava - Art Rare (CGC 10 GEM MINT),11.1,0-25,true,sold_back
2026-10-08T11:10:29.000Z,2025 Topps #201 Cooper Flagg (PSA 9 MINT),23.2,0-25,true,sold_back
2026-10-08T11:10:32.000Z,2023 Scarlet & Violet 151 - MEW EN #003/165 Venusaur ex - Holo (CGC 10 GEM MINT),18.6,0-25,true,sold_back
2026-10-08T11:10:36.000Z,2022 Panini Donruss FIFA #198 Julian Alvarez - Red (PSA 10 GEM MINT),40.9,25-100,true,held
2026-10-08T11:10:41.000Z,2020 Bowman Paper Prospects #BP8 Jasson Dominguez (PSA 10 GEM MINT),10.9,0-25,true,sold_back
2026-10-08T11:10:47.000Z,"Wonder Woman #9 CGC 9.8 White Pages (DC Comics, 10/87) - Universal",71.3,25-100,true,sold_back
2026-10-08T11:10:48.000Z,2023 Bowman's Best Top Prospects #TP23 Max Clark - Green Refractor (PSA 9 MINT),24.8,0-25,true,held
2026-10-08T11:10:57.000Z,2025 Topps #201 Cooper Flagg (PSA 9 MINT),23.2,0-25,true,sold_back
2026-10-08T11:10:59.000Z,2022 Pokémon Sword & Shield Vstar Universe #108 Rayquaza Vmax - Full Art (PSA 10 GEM MINT),51.6,25-100,true,sold_back
2026-10-08T11:10:59.000Z,2022 Topps Update Black Gold #BG20 Oneil Cruz (PSA 10 GEM MINT),38.7,25-100,true,held
2026-10-08T11:10:59.000Z,Pokémon Scarlet & Violet Destined Rivals (1 Booster Pack - Art May Vary),10.7,0-25,true,sold_back
2026-10-08T11:11:00.000Z,2025 Topps Stars of MLB #SMLB18 James Wood (PSA 9 MINT),12.9,0-25,true,sold_back
2026-10-08T11:11:05.000Z,2000 Pokémon Gym Challenge #79 Koga's Koffing - 1st Edition (PSA 9 MINT),31.6,25-100,true,sold_back
2026-10-08T11:11:15.000Z,2016 Pokémon XY Awakening Psychic King #083 Genesect EX - 1st Edition Holo Full Art (PSA 10 GEM MINT),345.7,100-500,true,sold_back
2026-10-08T11:11:17.000Z,Pokémon GO (1 Booster Pack - Art May Vary),17.5,0-25,true,sold_back
2026-10-08T11:11:18.000Z,2025 Pokémon M2-Inferno X #013 Mega Charizard X EX - Holo (PSA 10 GEM MINT),49.1,25-100,true,sold_back
2026-10-08T11:11:21.000Z,2024 Bowman University Chrome Sapphire #62 Sarah Strong (PSA 9 MINT),19.9,0-25,true,sold_back
2026-10-08T11:11:21.000Z,2025 Pokémon Meg EN-Mega Evolution #134 Ivysaur - Illustration Rare (PSA 10 GEM MINT),77.9,25-100,true,held
2026-10-08T11:11:26.000Z,1999 Pokémon League Promo #1 Pikachu (PSA 9 MINT),384.9,100-500,true,sold_back
2026-10-08T11:11:32.000Z,"Carnage: Black, White & Blood #4 CGC 9.8 White Pages (Marvel Comics, 9/21) - Universal Variant Edition",38.5,25-100,true,sold_back
2026-10-08T11:11:35.000Z,2025 Mega Brave - M1L #038/063 Mega Absol ex - Holo (CGC 10 PRISTINE),18.8,0-25,true,held
2026-10-08T11:11:39.000Z,1990 Topps #2 Wayne Gretzky (PSA 10 GEM MINT),91.1,25-100,true,redeemed
2026-10-08T11:11:39.000Z,2022 Pokémon Go #028 Pikachu - Holo (PSA 10 GEM MINT),71.9,25-100,true,sold_back
2026-10-08T11:11:39.000Z,2025 Pokémon Jtg EN-Journey Together #117 Hop's Snorlax (PSA 9 MINT),23.7,0-25,true,sold_back
2026-10-08T11:11:39.000Z,Pokémon XY Breakpoint (1 Booster Pack - Art May Vary),52,25-100,true,held
2026-10-08T11:11:41.000Z,2019 Topps Chrome #202 Eloy Jimenez (PSA 10 GEM MINT),10.3,0-25,true,sold_back
2026-10-08T11:11:57.000Z,Pokémon Sun & Moon Unbroken Bonds (1 Booster Pack - Art May Vary),73,25-100,true,held
2026-10-08T11:12:02.000Z,1972 Topps #140 Larry Csonka (PSA 7 NM),40.1,25-100,true,held
2026-10-08T11:12:03.000Z,2022 Pokémon GO #010/071 Charizard - Holo (CGC 10 GEM MINT),21.9,0-25,true,held
2026-10-08T11:12:03.000Z,"Mighty Morphin #6 CGC 9.8 White Pages (Boom! Studios, 4/21) - Universal Momoko Variant Cover",60,25-100,true,held
2026-10-08T11:12:06.000Z,2022 Pokémon Sword & Shield Start Deck 100 Corocoro Comic Version #008 Snorlax (PSA 10 GEM MINT),61.5,25-100,true,sold_back
2026-10-08T11:12:17.000Z,Pokémon Celebrations (1 Booster Pack - Art May Vary),37.9,25-100,true,sold_back
2026-10-08T11:12:18.000Z,2023 Pokémon Cll-Trading Card Game Classic Charizard & HO-Oh EX Deck #002 Charmeleon (PSA 10 GEM MINT),57.8,25-100,true,sold_back
2026-10-08T11:12:26.000Z,2019 Pokémon SM Black Star Promo #SM168 Pikachu & Zekrom GX - Holo Full Art Tag Team Tins (PSA 9 MINT),312.8,100-500,true,sold_back
2026-10-08T11:12:26.000Z,2025 Topps #201 Cooper Flagg (PSA 9 MINT),23.2,0-25,true,sold_back
2026-10-08T11:12:30.000Z,2025 One Piece Promos #113 Roronoa Zoro - Illustration Box Vol.3 (PSA 10 GEM MINT),43.9,25-100,true,held
2026-10-08T11:12:36.000Z,1996 Base Set Dratini (CGC 9 MINT),30.3,25-100,true,sold_back
2026-10-08T11:12:36.000Z,2024 Pokémon Twm EN-Twilight Masquerade #188 Eevee - Illustration Rare (PSA 9 MINT),81.8,25-100,true,sold_back
2026-10-08T11:12:38.000Z,2025 Pokémon Simplified CBB1 C-Gem Pack Vol 1 #02 Captain Pikachu (PSA 10 GEM MINT),60.6,25-100,true,sold_back
2026-10-08T11:12:39.000Z,Pokémon Sun & Moon Lost Thunder (1 Booster Pack - Art May Vary),64.4,25-100,true,sold_back
2026-10-08T11:12:42.000Z,"2023 Trading Card Game Classic - CLF, CLL, CLK #007/032 Ho-Oh ex - Charizard & Ho-Oh ex Deck - CLL Holo (CGC 10 PRISTINE)",22.2,0-25,true,sold_back
2026-10-08T11:12:50.000Z,2026 Panini Prizm Monopoly FIFA World Cup #7 Kylian Mbappe - Gold Cracked Ice (PSA 8 NM-MT),46,25-100,true,sold_back
2026-10-08T11:12:53.000Z,2022 One Piece OP01-Romance Dawn #024 Monkey D. Luffy (PSA 9 MINT),20.6,0-25,true,sold_back
2026-10-08T11:12:53.000Z,Dragon Majesty (1 Booster Pack - Art May Vary),110.7,100-500,true,sold_back
2026-10-08T11:12:59.000Z,2024 Crimson Haze #076/066 Probopass - Art Rare Holo (CGC 10 PRISTINE),22.4,0-25,true,sold_back
2026-10-08T11:13:02.000Z,2025 Topps #201 Cooper Flagg (PSA 9 MINT),23.2,0-25,true,sold_back
2026-10-08T11:13:05.000Z,2022 VSTAR Universe #184/172 Lunatone - Art Rare Holo (CGC 10 PRISTINE),20.3,0-25,true,held
2026-10-08T11:13:06.000Z,2021 Pokémon 25th Anniversary Collection #001 Pikachu - Full Art (PSA 10 GEM MINT),48.7,25-100,true,sold_back
2026-10-08T11:13:06.000Z,Pokémon Scarlet & Violet Destined Rivals (1 Booster Pack - Art May Vary),10.7,0-25,true,sold_back
2026-10-08T11:13:06.000Z,Pokémon Scarlet & Violet Destined Rivals (1 Booster Pack - Art May Vary),10.7,0-25,true,held
2026-10-08T11:13:08.000Z,1997 Rocket Gang #54 Psyduck (CGC 9 MINT),22.1,0-25,true,sold_back
2026-10-08T11:13:09.000Z,2024 Pokémon Sv8a-Terastal Fest EX #200 Leafeon EX - Holo Special Art Rare (PSA 10 GEM MINT),110.7,100-500,true,sold_back
2026-10-08T11:13:09.000Z,Pokémon Scarlet & Violet 151 (1 Booster Pack - Art May Vary),33.6,25-100,true,sold_back
2026-10-08T11:13:15.000Z,2022 Pokémon Sword & Shield Vstar Universe #054 Mew Vmax - Full Art (PSA 10 GEM MINT),50.8,25-100,true,sold_back
2026-10-08T11:13:18.000Z,"2003 EX Dragon (2003 Copyright, w/ ""e"" Symbol) #12/97 Torkoal - Reverse Holo (CGC 9 MINT)",165.9,100-500,true,sold_back
2026-10-08T11:13:18.000Z,2021 Pokémon Sword & Shield Chilling Reign #205 Shadow Rider Calyrex Vmax - Full Art Secret (PSA 10 GEM MINT),107.4,100-500,true,redeemed
2026-10-08T11:13:18.000Z,2025 Pokémon M2a-Mega Dream EX #236 Iono's Bellibolt EX - Holo Special Art Rare (PSA 10 GEM MINT),48.3,25-100,true,sold_back
2026-10-08T11:13:18.000Z,2025 Premium Booster: The Best Vol.2 (PRB-02) - English #ST16-004 Shanks - (EN above Japan on Border) (CGC 10 GEM MINT),34.3,25-100,true,sold_back
2026-10-08T11:13:24.000Z,2021 Celebrations #011/025 Mew - Holo (CGC 8.5 NM-MT+),13.4,0-25,true,sold_back
2026-10-08T11:13:24.000Z,Pokémon GO (1 Booster Pack - Art May Vary),17.5,0-25,true,sold_back
2026-10-08T11:13:30.000Z,1999 Pokémon Fossil #13 Muk - Holo (PSA 8 NM-MT),37.2,25-100,true,sold_back
2026-10-08T11:13:44.000Z,2024 Pokémon Simplified Cs5a C-Gallant Galaxy: Charm #004 Charizard V - Holo (PSA 10 GEM MINT),70,25-100,true,held
2026-10-08T11:13:44.000Z,Pokémon Scarlet & Violet 151 (1 Booster Pack - Art May Vary),33.6,25-100,true,held
2026-10-08T11:13:47.000Z,2000 Gym Challenge #111/132 Blaine's Quiz #2 - 1st Edition 1st Edition (CGC 9.5 MINT+),32.5,25-100,true,sold_back
2026-10-08T11:13:47.000Z,2026 One Piece OP15-EB04-Adventure on Kami's Island #105 Sabo - Special Alternate Art (PSA 10 GEM MINT),149.6,100-500,true,sold_back
2026-10-08T11:13:48.000Z,Pokémon Scarlet & Violet Destined Rivals (1 Booster Pack - Art May Vary),10.7,0-25,true,held
2026-10-08T11:13:57.000Z,"2023 Trading Card Game Classic - CLF, CLL, CLK #007/032 Pinsir - Venusaur & Lugia ex Deck - CLF Holo (CGC 10 PRISTINE)",18.2,0-25,true,sold_back
2026-10-08T11:13:59.000Z,2023 One Piece Japanese OP03-Pillars of Strength #113 Charlotte Perospero - Alternate Art (PSA 9 MINT),22.3,0-25,true,sold_back
2026-10-08T11:14:03.000Z,2026 One Piece OP14-EB04-the Azure Sea's Seven #061 Vergo - Alternate Art (PSA 10 GEM MINT),32.7,25-100,true,held
2026-10-08T11:14:08.000Z,2025 Inferno X - M2 #091/080 Wigglytuff - Art Rare Holo (CGC 10 PRISTINE),18.9,0-25,true,sold_back
2026-10-08T11:14:08.000Z,Pokémon Scarlet & Violet Temporal Forces - Sleeved (1 Booster Pack - Art May Vary),14.4,0-25,true,sold_back
2026-10-08T11:14:11.000Z,2025 Pokémon Meg EN-Mega Evolution #151 Spearow - Illustration Rare (PSA 10 GEM MINT),48.6,25-100,true,sold_back
2026-10-08T11:14:11.000Z,2026 One Piece Japanese Premium Card Collection Kumamoto Prefecture Special Don!! Card - Brook (PSA 9 MINT),20.9,0-25,true,sold_back
2026-10-08T11:14:14.000Z,2023 Shiny Treasure ex #253/190 Abra - Shiny Rare Holo (CGC 10 GEM MINT),21.2,0-25,true,sold_back
2026-10-08T11:14:14.000Z,2025 Pokémon Simplified CBB3 C-Gem Pack Vol 3 #05 Gengar (PSA 10 GEM MINT),39.4,25-100,true,held
2026-10-08T11:14:18.000Z,2025 Pokémon Mbg-Mega Starter Set Mega Gengar EX #022 Haunter (PSA 10 GEM MINT),54.3,25-100,true,sold_back
2026-10-08T11:14:20.000Z,2025 Pokémon Sv11b-Black Bolt #132 Gurdurr - Art Rare (PSA 10 GEM MINT),83.6,25-100,true,sold_back
2026-10-08T11:14:21.000Z,2022 One Piece Japanese OP02-Paramount War #036 Nami (PSA 9 MINT),35,25-100,true,sold_back
2026-10-08T11:14:24.000Z,2025 Topps #201 Cooper Flagg (PSA 9 MINT),23.2,0-25,true,sold_back
2026-10-08T11:14:27.000Z,2020 Panini La Liga Megacracks #430 Pedri (PSA 9 MINT),19.2,0-25,true,sold_back
2026-10-08T11:14:42.000Z,1956 Topps #39 Don Mossi - White Back (PSA 8 NM-MT),146,100-500,true,sold_back
2026-10-08T11:14:42.000Z,2026 Ninja Spinner - M4 #087/083 Frogadier - Art Rare Holo (CGC 10 PRISTINE),19,0-25,true,sold_back
2026-10-08T11:14:44.000Z,2025 One Piece OP13-Carrying on His Will #054 Yamato - Alternate Art (PSA 9 MINT),17.8,0-25,true,sold_back
2026-10-08T11:15:02.000Z,2024 One Piece Japanese PRB01-Premium Booster -One Piece Card the Best #119 Monkey D. Luffy (PSA 9 MINT),21,0-25,true,held
2026-10-08T11:15:09.000Z,2020 Pokémon Sword & Shield Vivid Voltage #102 Zamazenta (PSA 10 GEM MINT),51.6,25-100,true,sold_back
2026-10-08T11:15:14.000Z,2000 Fleer E-X #39 Kobe Bryant (PSA 8 NM-MT),52.8,25-100,true,held
2026-10-08T11:15:15.000Z,2017 Black Star Promos - Sword & Shield #SWSH087 Eevee VMAX - Shining Fates Elite Trainer Box (Holo) (CGC 10 GEM MINT),20.1,0-25,true,sold_back
2026-10-08T11:15:15.000Z,2023 One Piece Japanese Promos #043 Monkey D. Luffy - Weekly Shonen Jump-Issue 36-37 (PSA 9 MINT),48,25-100,true,sold_back
2026-10-08T11:15:15.000Z,2023 Pokémon Mew EN-151 #169 Charmeleon - Illustration Rare (PSA 9 MINT),78.9,25-100,true,sold_back
2026-10-08T11:15:15.000Z,2025 Mega Brave - M1L #076/063 Mega Venusaur ex - Super Rare Holo (CGC 10 GEM MINT),20.3,0-25,true,sold_back
2026-10-08T11:15:17.000Z,2022 VSTAR Universe #015/172 Radiant Charizard - Holo (CGC 10 GEM MINT),24.6,0-25,true,held
2026-10-08T11:15:18.000Z,2021 Panini Prizm Premier League #203 Gabriel Martinelli - Orange Mojo Prizm (PSA 10 GEM MINT),44.8,25-100,true,held
2026-10-08T11:15:18.000Z,2022 Bowman Chrome University #50 Caitlin Clark (PSA 9 MINT),30,25-100,true,sold_back
2026-10-08T11:15:20.000Z,1996 Base Set Alakazam - Holo (CGC 8 NM-MT),101.3,100-500,true,sold_back
2026-10-08T11:15:23.000Z,2020 Panini Chronicles Classics #1 Joe Burrow (PSA 8 NM-MT),12.9,0-25,true,held
2026-10-08T11:15:29.000Z,Jordan 5 Retro Wolf Grey (2026) - Size 10,257,100-500,true,redeemed
2026-10-08T11:15:30.000Z,2020 Panini Colecciones Este La Liga Spanish #18BIS Yunus Musah (PSA 10 GEM MINT),19.1,0-25,true,held
2026-10-08T11:15:30.000Z,2020 Panini Prizm Draft Picks #98 LaMelo Ball (PSA 10 GEM MINT),14.3,0-25,true,held
2026-10-08T11:15:32.000Z,1987 Donruss #66 Will Clark (PSA 10 GEM MINT),86,25-100,true,sold_back
2026-10-08T11:15:33.000Z,Ascended Heroes (1 Booster Pack - Art May Vary),16.4,0-25,true,held
2026-10-08T11:15:33.000Z,"Iron Man #99 CGC 6.0 Cream to Off-white Pages (Marvel Comics, 6/77) - Universal",35,25-100,true,sold_back
2026-10-08T11:15:33.000Z,"Something is Killing the Children #10 CGC 9.4 White Pages (Boom! Studios, 9/20) - Universal",38.666667,25-100,true,sold_back
2026-10-08T11:15:36.000Z,2017 Panini Prizm #109 John Collins (PSA 9 MINT),10.6,0-25,true,sold_back
2026-10-08T11:15:38.000Z,2023 Pokémon Sv4m-Future Flash #074 Steelix - Art Rare (PSA 10 GEM MINT),59,25-100,true,held
2026-10-08T11:15:38.000Z,Pokémon Scarlet & Violet Destined Rivals (1 Booster Pack - Art May Vary),10.7,0-25,true,held
2026-10-08T11:15:51.000Z,2024 Pokémon SV-P Promo #190 Pikachu in Batik Shirt - Pikachu's Indonesia Journey Campaign (PSA 10 GEM MINT),86.7,25-100,true,redeemed
2026-10-08T11:15:53.000Z,2024 Prismatic Evolutions - PRE EN #092/131 Terapagos ex - Holo (CGC 10 GEM MINT),18.2,0-25,true,sold_back
2026-10-08T11:15:54.000Z,2024 Panini Select Select Future #5 Drake Maye (PSA 6 EX-MT),12.7,0-25,true,held
2026-10-08T11:15:57.000Z,2015 Ancient Origins #15/98 Entei - Holo (CGC 9 MINT),68.9,25-100,true,sold_back
2026-10-08T11:16:03.000Z,2023 Crown Zenith #120/159 Greedent V - Holo (CGC 10 GEM MINT),13.2,0-25,true,sold_back
2026-10-08T11:16:05.000Z,2013 Black Star Promos #XY22 Darkrai - Phantom Forces 3-Pack Blister (Holo) (CGC 8 NM-MT),78.1,25-100,true,sold_back
2026-10-08T11:16:05.000Z,"2023 Trading Card Game Classic - CLF, CLL, CLK #009/032 Raichu - Charizard & Ho-Oh ex Deck - CLL Holo (CGC 9 MINT)",11,0-25,true,sold_back
2026-10-08T11:16:06.000Z,2021 Eevee Heroes #100/069 Turffield Gym - Ultra Rare Holo (CGC 10 GEM MINT),18.9,0-25,true,sold_back
2026-10-08T11:16:08.000Z,2025 Pokémon M1s-Mega Symphonia #074 Delibird - Art Rare (PSA 10 GEM MINT),23,0-25,true,held
2026-10-08T11:16:09.000Z,2025 One Piece 3rd Anniversary! One Piece Card Treasure Campaign Pack #033 Monkey D. Luffy (PSA 9 MINT),19.4,0-25,true,sold_back
2026-10-08T11:16:14.000Z,2023 Panini Donruss Optic #247 Anthony Richardson - Green Velocity (PSA 10 GEM MINT),12.7,0-25,true,sold_back
2026-10-08T11:16:15.000Z,1999 Fossil #55/62 Slowpoke (CGC 10 PRISTINE),215.5,100-500,true,sold_back
2026-10-08T11:16:21.000Z,2022 Battle Region #073/067 Hoothoot - Character Rare Holo (CGC 10 PRISTINE),20.1,0-25,true,sold_back
2026-10-08T11:16:29.000Z,1998 Pokémon Gym Deck Potion (PSA 10 GEM MINT),69.7,25-100,true,sold_back
2026-10-08T11:16:32.000Z,2025 One Piece Japanese Premium Card Collection -Best Selection Vol.4 #095 Laffitte (PSA 9 MINT),12.5,0-25,true,sold_back
2026-10-08T11:16:32.000Z,"Spider-Man and His Amazing Friends #1 CGC 8.0 White Pages (Marvel Comics, 12/81) - Newsstand Edition Universal",40.9,25-100,true,sold_back
2026-10-08T11:16:33.000Z,2025 Pokémon M2a-Mega Dream EX #195 Dustox - Art Rare (PSA 10 GEM MINT),25.1,25-100,true,sold_back
2026-10-08T11:16:36.000Z,2024 Panini Revolution #130 Jaylen Wells - Future Frame (PSA 10 GEM MINT),40.4,25-100,true,held
2026-10-08T11:16:38.000Z,2023 Pokémon Mew EN-151 #201 Alakazam EX - Holo Special Illustration Rare (PSA 9 MINT),70.4,25-100,true,sold_back
2026-10-08T11:16:39.000Z,2022 VSTAR Universe #108/172 Rayquaza VMAX - Holo (CGC 9 MINT),12.7,0-25,true,sold_back
2026-10-08T11:16:42.000Z,2025 Pokémon Meg EN-Mega Evolution #138 Vulpix - Illustration Rare (PSA 10 GEM MINT),70,25-100,true,held
2026-10-08T11:16:45.000Z,2025 Topps Now MLS #136 Tadeo Allende (PSA 10 GEM MINT),40.5,25-100,true,sold_back
2026-10-08T11:16:47.000Z,2022-23 Topps Finest UEFA Club Competitions Prized Footballers #PF12 Benjamin Sesko - Blue Refractor (PSA 10 GEM MINT),35.8,25-100,true,sold_back
2026-10-08T11:16:51.000Z,2021 Eevee Heroes #015/069 Vaporeon V - Holo (CGC 10 GEM MINT),14.3,0-25,true,sold_back
2026-10-08T11:16:54.000Z,2023 Panini Donruss #305 Bijan Robinson - Optic Preview-Blue Scope (PSA 10 GEM MINT),73.5,25-100,true,held
2026-10-08T11:16:57.000Z,2025 Pokémon M2-Inferno X #111 Oricorio EX - Holo Special Art Rare (PSA 10 GEM MINT),51.8,25-100,true,sold_back
2026-10-08T11:17:00.000Z,2023 Pokémon Card 151 #184/165 Venusaur ex - Super Rare Holo (CGC 10 GEM MINT),18.3,0-25,true,sold_back
2026-10-08T11:17:00.000Z,2025 Pokémon Simplified CBB1 C-Gem Pack Vol 1 #02 Captain Pikachu (PSA 10 GEM MINT),60.6,25-100,true,sold_back
2026-10-08T11:17:03.000Z,2020 Upper Deck #250 Alexis Lafreniere/Vitali Kravtsov (PSA 10 GEM MINT),28.3,25-100,true,held
2026-10-08T11:17:03.000Z,2025 Pokémon M2a-Mega Dream EX #232 Mega Dragonite EX - Holo Mega Attack Rare (PSA 9 MINT),22.7,0-25,true,sold_back
2026-10-08T11:17:09.000Z,2024 Stellar Miracle Deck Build Box - SVK #006/044 Mew ex - (Non Holo) (CGC 9 MINT),12.8,0-25,true,sold_back
2026-10-08T11:17:20.000Z,1988 Fleer #17 Michael Jordan (PSA 6 EX-MT),216.1,100-500,true,sold_back
2026-10-08T11:17:20.000Z,2023 Pokémon Mew EN-151 #178 Tangela - Illustration Rare (PSA 9 MINT),25.7,25-100,true,sold_back
2026-10-08T11:17:21.000Z,2022 Bowman Chrome UEFA U21 European Championship #86 Mario Vuskovic - Neon Green Refractor (CGC 10 GEM MINT),23,0-25,true,sold_back
2026-10-08T11:17:23.000Z,1963 Fleer #56 Roberto Clemente (PSA 5 EX),227,100-500,true,sold_back
2026-10-08T11:17:27.000Z,2021 Panini National Treasures Colossal Material Autographs #CMT Cameron Thomas (PSA 10 GEM MINT),800,500+,true,held
2026-10-08T11:17:29.000Z,2001 Pokémon Neo Discovery #15 Ursaring - Holo (PSA 8 NM-MT),98.7,25-100,true,sold_back
2026-10-08T11:17:30.000Z,2023 Ruler of the Black Flame #122/108 Tyranitar ex - Super Rare Holo (CGC 10 PRISTINE),24.1,0-25,true,sold_back
2026-10-08T11:17:32.000Z,2026 Pokémon Asc EN-Ascended Heroes #241 Medicham - Illustration Rare (PSA 10 GEM MINT),48.4,25-100,true,sold_back
2026-10-08T11:17:41.000Z,2024 Pokémon Sv6a-Night Wanderer #065 Tapu Bulu - Art Rare (PSA 10 GEM MINT),37,25-100,true,sold_back
2026-10-08T11:17:42.000Z,2017 Black Star Promos - Sword & Shield #SWSH292 Zacian V - Holo Crown Zenith Premium Figure Collection (CGC 10 GEM MINT),74.8,25-100,true,sold_back
2026-10-08T11:17:44.000Z,1996 Finest #217 Steve Nash - Refractor (PSA 8 NM-MT),89.9,25-100,true,sold_back
2026-10-08T11:17:47.000Z,2025 Topps Pro Debut #32 Konnor Griffin - Chrome (PSA 8 NM-MT),22.2,0-25,true,sold_back
2026-10-08T11:17:48.000Z,"2022 Romance Dawn (OP01) - English #OP01-047 Trafalgar Law - Post-Errata (""Up to"") (CGC 10 PRISTINE)",79.9,25-100,true,sold_back
2026-10-08T11:17:51.000Z,2016 Black Star Promos - Sun & Moon #SM82 Shining Lugia - Shining Legends (Holo) (CGC 7.5 NM+),55,25-100,true,sold_back
2026-10-08T11:17:51.000Z,2023 Pokémon 151 Ultra-Premium Collection #205 Mew EX - Holo (PSA 9 MINT),52.8,25-100,true,sold_back
2026-10-08T11:17:51.000Z,2024 Paldean Fates - PAF EN #148/091 Abra - Shiny Rare Holo (CGC 8.5 NM-MT+),12.3,0-25,true,sold_back
2026-10-08T11:17:53.000Z,2026 Pokémon Asc EN-Ascended Heroes #240 Hitmontop - Illustration Rare (PSA 10 GEM MINT),53.9,25-100,true,sold_back
2026-10-08T11:17:54.000Z,2020 Pokémon S Promo #101 Eevee Vmax - Full Art V Start Battle Winner Prize (PSA 10 GEM MINT),65.5,25-100,true,sold_back
2026-10-08T11:18:03.000Z,2025 Pokémon Pfl EN-Phantasmal Flames #105 Wigglytuff - Illustration Rare (PSA 10 GEM MINT),70.6,25-100,true,sold_back
2026-10-08T11:18:05.000Z,2017 Black Star Promos - Sword & Shield #SWSH087 Eevee VMAX - Shining Fates Elite Trainer Box (Holo) (CGC 9 MINT),10.5,0-25,true,sold_back
2026-10-08T11:18:09.000Z,Pokémon Sun & Moon Rebel Clash (1 Booster Pack - Art May Vary),15.2,0-25,true,sold_back
2026-10-08T11:18:11.000Z,2023 Pokémon Mew EN-151 #175 Psyduck - Illustration Rare (PSA 9 MINT),71.3,25-100,true,held
2026-10-08T11:18:12.000Z,2022 Pokémon Sword & Shield Vstar Universe #108 Rayquaza Vmax - Full Art (PSA 10 GEM MINT),51.6,25-100,true,sold_back
2026-10-08T11:18:14.000Z,2022-23 Topps Chrome UEFA Club Competitions #52 Mykhailo Mudryk - Blue Refractor (PSA 10 GEM MINT),20.5,0-25,true,sold_back
2026-10-08T11:18:17.000Z,1989 Topps Traded #80T Carnell Lake (PSA 9 MINT),20.9,0-25,true,sold_back
2026-10-08T11:18:18.000Z,2025 Gem Pack Volume 2 - CBB2C - Simplified #08 13/14 Glaceon V - Holo (CGC 10 PRISTINE),19.9,0-25,true,held
2026-10-08T11:18:26.000Z,2022 One Piece Japanese 25th Anniversary Premium Card Collection #013 Sanji (PSA 9 MINT),14.4,0-25,true,sold_back
2026-10-08T11:18:30.000Z,1999 Pokémon Game #88 Professor Oak - Shadowless (PSA 7 NM),40.5,25-100,true,sold_back
2026-10-08T11:18:30.000Z,2023 Pokémon Clf-Trading Card Game Classic Venusaur & Lugia EX Deck #002 Ivysaur (PSA 10 GEM MINT),54.7,25-100,true,sold_back
2026-10-08T11:18:35.000Z,2017 Pokémon Sun & Moon #147 Lillie - Full Art (PSA 9 MINT),80.2,25-100,true,held
2026-10-08T11:18:36.000Z,2024 High Class Pack: Terastal Fest ex - sv8a #126/187 Eevee ex - Holo (CGC 10 PRISTINE),21.2,0-25,true,sold_back
2026-10-08T11:18:38.000Z,2022 Pokémon Sword & Shield Vstar Universe #197 Ditto - Full Art (PSA 10 GEM MINT),61.5,25-100,true,sold_back
2026-10-08T11:18:39.000Z,2025 Pokémon SV-P Promo #260 Tohoku's Pikachu - Special Box Pokemon Center Tohoku (PSA 9 MINT),85.2,25-100,true,sold_back
2026-10-08T11:18:50.000Z,2023 Black Star Promos - Scarlet & Violet SVP EN #203 Team Rocket's Wobbuffet - Destined Rivals Elite Trainer Box (Holo) (CGC 9 MINT),13.6,0-25,true,sold_back
2026-10-08T11:18:50.000Z,2023 Pokémon Sv2d-Clay Burst #079 Tyranitar - Art Rare (PSA 10 GEM MINT),53,25-100,true,sold_back
2026-10-08T11:18:50.000Z,2025 Pokémon M2a-Mega Dream EX #127 Rayquaza - Reverse Holo (PSA 10 GEM MINT),58.2,25-100,true,sold_back
2026-10-08T11:18:51.000Z,1976 Topps #140 Lynn Swann (PSA 8 NM-MT),74.5,25-100,true,sold_back
2026-10-08T11:18:53.000Z,2026 Pokémon Asc EN-Ascended Heroes #222 Ethan's Magcargo - Illustration Rare (PSA 10 GEM MINT),51.8,25-100,true,sold_back
2026-10-08T11:18:54.000Z,2025 Pokémon Simplified CBB2 C-Gem Pack Vol 2 #04 Penny (PSA 9 MINT),17.4,0-25,true,sold_back
2026-10-08T11:18:56.000Z,2025 Battle Partners - sv9 #110/100 Furret - Art Rare Holo (CGC 9 MINT),12,0-25,true,held
2026-10-08T11:18:57.000Z,2004 SP Authentic #38 Kobe Bryant (PSA 9 MINT),72.9,25-100,true,sold_back
2026-10-08T11:18:59.000Z,2025 Glory of the Rocket Gang - sv10 #101/098 Blaziken - Art Rare Holo (CGC 10 GEM MINT),18.4,0-25,true,sold_back
2026-10-08T11:18:59.000Z,Pokemon Sun & Moon Tag Team GX Dream League (1 Booster Pack - Art May Vary),42,25-100,true,held
2026-10-08T11:19:03.000Z,2025 White Flare - sv11W #145/086 Ferrothorn - Art Rare Holo (CGC 10 PRISTINE),21.8,0-25,true,sold_back
2026-10-08T11:19:05.000Z,2019 Old Maid (Red Back) Top Player (CGC 10 PRISTINE),18.6,0-25,true,sold_back
2026-10-08T11:19:06.000Z,2020 Darkness Ablaze #115/189 Grimmsnarl VMAX - Holo (CGC 9 MINT),17.7,0-25,true,sold_back
2026-10-08T11:19:06.000Z,2023 Pokémon Sv2a-Pokémon Card 151 #032 Nidoran - Reverse Holo Master Ball (PSA 10 GEM MINT),84.4,25-100,true,sold_back
2026-10-08T11:19:11.000Z,2026 Pokémon Asc EN-Ascended Heroes #257 Canari - Ultra Rare (PSA 10 GEM MINT),49.6,25-100,true,held
2026-10-08T11:19:15.000Z,Pokemon Sun & Moon Tag Team GX Dream League (1 Booster Pack - Art May Vary),42,25-100,true,sold_back
2026-10-08T11:19:17.000Z,2024 Panini Select #279 Isaiah Collier - Neon Orange Pulsar Fotl (PSA 10 GEM MINT),83.6,25-100,true,sold_back
2026-10-08T11:19:18.000Z,2017 Black Star Promos - Sword & Shield #SWSH087 Eevee VMAX - Shining Fates Elite Trainer Box (Holo) (CGC 9 MINT),10.5,0-25,true,sold_back
2026-10-08T11:19:18.000Z,2020 Darkness Ablaze #193/189 Scizor VMAX - Rainbow Rare Holo (CGC 9 MINT),11.6,0-25,true,sold_back
2026-10-08T11:19:21.000Z,2023 Pokémon Sv2d-Clay Burst #075 Sandygast - Art Rare (PSA 10 GEM MINT),23.4,0-25,true,sold_back
2026-10-08T11:19:23.000Z,1997 Pokémon Rocket #68 Dark Machamp - Holo (PSA 8 NM-MT),80.6,25-100,true,sold_back
2026-10-08T11:19:27.000Z,2020 Stadium Club Chrome UEFA Champions League #26 Pedri (PSA 9 MINT),20.8,0-25,true,sold_back
2026-10-08T11:19:30.000Z,2026 Pokémon Asc EN-Ascended Heroes #268 Mega Hawlucha EX - Holo Mega Attack Rare (PSA 9 MINT),17.7,0-25,true,sold_back
2026-10-08T11:19:35.000Z,2022 Pokémon Sword & Shield Start Deck 100 Corocoro Comic Version #008 Snorlax (PSA 10 GEM MINT),61.5,25-100,true,sold_back
2026-10-08T11:19:36.000Z,2019 Panini Prizm #250 RJ Barrett - Purple Prizm (BGS 9.5 GEM MINT),41.8,25-100,true,sold_back
2026-10-08T11:19:36.000Z,2026 One Piece EB03-Extra Booster -One Piece Heroines Edition #055 Nico Robin (PSA 9 MINT),19.6,0-25,true,sold_back
2026-10-08T11:19:38.000Z,1972 Topps #245 Len Dawson (PSA 6 EX-MT),23.4,0-25,true,sold_back
2026-10-08T11:19:38.000Z,Ascended Heroes (1 Booster Pack - Art May Vary),16.4,0-25,true,sold_back
2026-10-08T11:19:44.000Z,2022 One Piece Starter Deck ST03-the Seven Warlords of the Sea #012 Pacifista - Super Pre-Release (PSA 10 GEM MINT),68.3,25-100,true,sold_back
2026-10-08T11:19:47.000Z,2020 Sword & Shield #091/202 Indeedee V - Holo (CGC 9 MINT),10.9,0-25,true,sold_back
2026-10-08T11:19:50.000Z,2022 Silver Tempest #198/195 Regieleki VMAX - Rainbow Rare Holo (CGC 10 PRISTINE),20.8,0-25,true,sold_back
2026-10-08T11:19:51.000Z,2018 Panini Prizm Sensational Swatches #87 Luka Doncic (PSA 8 NM-MT),78.9,25-100,true,sold_back
2026-10-08T11:19:51.000Z,2022 Topps Match Attax Nations League #CD50 Memphis Depay (CGC 10 GEM MINT),19.4,0-25,true,sold_back
2026-10-08T11:19:54.000Z,1997 Pinnacle Inside WNBA #26 Sheryl Swoopes (PSA 9 MINT),23.5,0-25,true,sold_back
2026-10-08T11:19:54.000Z,2021 Pokémon Sword & Shield Evolving Skies #059 Dracozolt Vmax - Full Art (PSA 10 GEM MINT),81.8,25-100,true,sold_back
2026-10-08T11:19:54.000Z,2023 One Piece Japanese Promos #035 Monkey D. Luffy - Meetup Event Participation (PSA 9 MINT),13.8,0-25,true,sold_back
2026-10-08T11:19:56.000Z,2021 Shining Fates #050/072 Ditto V - Holo (CGC 10 GEM MINT),22.8,0-25,true,sold_back
2026-10-08T11:19:59.000Z,Pokémon Sword & Shield Fusion Strike (1 Booster Pack - Art May Vary),22.2,0-25,true,held
2026-10-08T11:20:02.000Z,2023 Pokémon Sv2p-Snow Hazard #082 Rookidee - Art Rare (PSA 10 GEM MINT),45,25-100,true,sold_back
2026-10-08T11:20:03.000Z,2025 Mega Gengar ex Starter Set - mBG #022/021 Haunter - Mega Gengar ex Set Holo (CGC 10 PRISTINE),39.2,25-100,true,held
2026-10-08T11:20:06.000Z,2024 One Piece Japanese Starter Deck ST18-Purple Monkey D. Luffy #041 Monkey D. Luffy (PSA 9 MINT),18.9,0-25,true,sold_back
2026-10-08T11:20:08.000Z,2025 Pokémon Pre EN-Prismatic Evolutions #060 Umbreon EX - Holo Surprise Box Exclusive (PSA 10 GEM MINT),108.8,100-500,true,redeemed
2026-10-08T11:20:09.000Z,2021 Parkside Nwsl Premier Edition Stars #54 Trinity Rodman (PSA 9 MINT),22.9,0-25,true,sold_back
2026-10-08T11:20:11.000Z,2025 One Piece OP13-Carrying on His Will #004 Sabo - Alternate Art (PSA 10 GEM MINT),57.8,25-100,true,sold_back
2026-10-08T11:20:12.000Z,2022 Pokémon Sword & Shield Vstar Universe #054 Mew Vmax - Full Art (PSA 10 GEM MINT),50.8,25-100,true,sold_back
2026-10-08T11:20:12.000Z,2025 Mega Dream ex - M2a #228/193 Mega Lucario ex - Mega Attack Rare Holo (CGC 10 GEM MINT),19.3,0-25,true,held
2026-10-08T11:20:12.000Z,2025 Topps Chrome Destiny #D-4 Kon Knueppel - Refractor (PSA 9 MINT),63.3,25-100,true,held
2026-10-08T11:20:15.000Z,2019 Old Maid (Red Back) Gengar (CGC 10 PRISTINE),45.6,25-100,true,sold_back
2026-10-08T11:20:17.000Z,2025 Mega Evolution - MEG EN #170/132 Lt. Surge's Bargain - Ultra Rare Holo (CGC 10 GEM MINT),17.7,0-25,true,sold_back
2026-10-08T11:20:24.000Z,1999 Jungle #14/64 Victreebel - 1st Edition Holo (CGC 8 NM-MT),88.6,25-100,true,held
2026-10-08T11:20:27.000Z,1999 Pokémon Game #24 Charmeleon - Shadowless (PSA 6 EX-MT),31.8,25-100,true,sold_back
2026-10-08T11:20:33.000Z,2021 Panini Mosaic #179 Shohei Ohtani (PSA 9 MINT),26.2,25-100,true,redeemed
2026-10-08T11:20:33.000Z,2022 Silver Tempest #015/195 Chesnaught V - Holo (CGC 9 MINT),13.9,0-25,true,sold_back
2026-10-08T11:20:38.000Z,2025 Black Star Promos - Mega Evolution MEP EN #038 Charmander - First Partner Illustration Collection Series 1 (Holo) (CGC 9 MINT),23.3,0-25,true,sold_back
2026-10-08T11:20:38.000Z,2026 One Piece Japanese Premium Card Collection Kumamoto Prefecture Special Don!! Card - Brook (PSA 9 MINT),20.9,0-25,true,sold_back
2026-10-08T11:20:41.000Z,1999 Topps Chrome #116 Baron Davis (PSA 10 GEM MINT),83,25-100,true,held
2026-10-08T11:20:42.000Z,2024 Pokémon Sv7a-Paradise Dragona #067 Castform Sunny Form - Art Rare (PSA 10 GEM MINT),35.3,25-100,true,sold_back
2026-10-08T11:20:44.000Z,2024 Paldean Fates - PAF EN #235/091 Arven - Special Illustration Rare (Holo) (CGC 9 MINT),12.1,0-25,true,held
2026-10-08T11:20:44.000Z,2025 Topps Stars of MLB #SMLB18 James Wood (PSA 9 MINT),12.9,0-25,true,sold_back
2026-10-08T11:20:45.000Z,2025 One Piece Promos #034 Perona - Illustration Box Vol.4 (PSA 10 GEM MINT),41.8,25-100,true,sold_back
2026-10-08T11:20:47.000Z,Pokémon Sun & Moon Base Set (1 Booster Pack - Art May Vary),26.9,25-100,true,held
2026-10-08T11:21:00.000Z,2022-23 Topps Chrome UEFA Club Competitions Chrome Autographs #WZ Warren Zaire-Emery (PSA 9 MINT),47.2,25-100,true,sold_back
2026-10-08T11:21:03.000Z,2023-24 Panini Select FIFA #29 Federico Valverde - Pink (PSA 8 NM-MT),41.7,25-100,true,sold_back
2026-10-08T11:21:05.000Z,2025 Bowman University Chrome Bowman Chrome Prospect Autographs #FM Francis Mauigoa (PSA 10 GEM MINT),38.4,25-100,true,sold_back
2026-10-08T11:21:06.000Z,2023 Paldea Evolved - PAL EN #253/193 Grusha - Ultra Rare Holo (CGC 10 GEM MINT),23.8,0-25,true,sold_back
2026-10-08T11:21:06.000Z,2023 Pokémon Mew EN-151 #176 Poliwhirl - Illustration Rare (PSA 8 NM-MT),40.6,25-100,true,held
2026-10-08T11:21:06.000Z,2026 One Piece OP15-EB04-Adventure on Kami's Island #007 Roronoa Zoro (PSA 10 GEM MINT),47.1,25-100,true,sold_back
2026-10-08T11:21:12.000Z,2024 Journey Together - JTG EN #011/159 Amoonguss ex - Holo (CGC 9 MINT),10.9,0-25,true,sold_back
2026-10-08T11:21:14.000Z,2026 One Piece OP14-EB04-the Azure Sea's Seven #031 Nami (PSA 9 MINT),18.3,0-25,true,sold_back
2026-10-08T11:21:15.000Z,2025 Black Star Promos - Mega Evolution MEP EN #012 Mega Lucario ex - Mega Lucario ex Figure Collection (Holo) (CGC 9.5 MINT+),18.1,0-25,true,sold_back
2026-10-08T11:21:18.000Z,2022 Incandescent Arcana #086/068 Serperior VSTAR - Hyper Rare Holo (CGC 10 GEM MINT),21.2,0-25,true,sold_back
2026-10-08T11:21:23.000Z,1982 Topps #780 Pete Rose (PSA 7 NM),11.7,0-25,true,sold_back
2026-10-08T11:21:32.000Z,2019 Pokemon Sword and Shield Black Star Promos Eldegoss V/(Shining Fates Tins) P SWSH084 (BGS 10 PRISTINE),28.5,25-100,true,held
2026-10-08T11:21:32.000Z,Pokémon Japanese Sword & Shield Explosive Walker (1 Booster Pack - Art May Vary),15.8,0-25,true,sold_back
2026-10-08T11:21:33.000Z,2023 Black Star Promos - Scarlet & Violet SVP EN #215 Toxtricity ex - Illustration Contest 2024 Winner (CGC 10 GEM MINT),10.8,0-25,true,redeemed
2026-10-08T11:21:33.000Z,2025 Phantasmal Flames - PFL EN #013/094 Mega Charizard X ex - Holo (CGC 10 GEM MINT),21.9,0-25,true,sold_back
2026-10-08T11:21:35.000Z,Pokémon Scarlet & Violet Destined Rivals (1 Booster Pack - Art May Vary),10.7,0-25,true,sold_back
2026-10-08T11:21:38.000Z,2016 Pokémon XY Black Star Promo #XY114 Darkrai - Full Art Mythical Pokemon Collection (PSA 8 NM-MT),167.5,100-500,true,sold_back
2026-10-08T11:21:41.000Z,2023 Panini Prizm #365 DE'Von Achane - Silver Prizm (PSA 9 MINT),19.7,0-25,true,sold_back
2026-10-08T11:21:42.000Z,2025 One Piece Promos #109 Monkey D. Luffy - Illustration Box Vol.3 (PSA 9 MINT),22.8,0-25,true,sold_back
2026-10-08T11:21:45.000Z,2019 Panini Select #96 Cam Reddish - Red Prizm (PSA 10 GEM MINT),12.5,0-25,true,sold_back
2026-10-08T11:21:47.000Z,1999 Pokémon Yamabuki City Gym Deck Sabrina's Gaze (PSA 9 MINT),132.7,100-500,true,held
2026-10-08T11:21:48.000Z,1999 Pokémon Fossil #60 Gambler - 1st Edition (PSA 8 NM-MT),42.3,25-100,true,sold_back
2026-10-08T11:21:48.000Z,2022-23 Topps Chrome Sapphire Edition UEFA Club Competitions #50 Alejandro Garnacho - SP (PSA 10 GEM MINT),22.4,0-25,true,sold_back
2026-10-08T11:21:48.000Z,2025 One Piece PRB02-Premium Booster -One Piece Card the Best- Vol.2 #002 Trafalgar Law - Alternate Art (PSA 10 GEM MINT),58.2,25-100,true,sold_back
2026-10-08T11:21:54.000Z,2018 GX Ultra Shiny #027/150 Glaceon GX - Holo (CGC 10 GEM MINT),17.5,0-25,true,held
2026-10-08T11:22:05.000Z,2022 VSTAR Universe #220/172 Zeraora VSTAR - Special Art Rare Holo (CGC 10 PRISTINE),44.4,25-100,true,sold_back
2026-10-08T11:22:06.000Z,2022 Bowman Draft Chrome Sapphire Edition #BDC190 Jett Williams (PSA 9 MINT),14.3,0-25,true,sold_back
2026-10-08T11:22:08.000Z,2018 Panini Prizm World Cup #187 Son Heungmin (PSA 9 MINT),29.9,25-100,true,sold_back
2026-10-08T11:22:08.000Z,2019 Unbroken Bonds #20/214 Reshiram & Charizard GX - Holo (CGC 9 MINT),61.5,25-100,true,held
2026-10-08T11:22:09.000Z,2022-23 Topps Chrome UEFA Club Competitions Youthquake #YQ31 Alejandro Garnacho (PSA 10 GEM MINT),13.5,0-25,true,sold_back
2026-10-08T11:22:09.000Z,Pokémon Scarlet & Violet Destined Rivals (1 Booster Pack - Art May Vary),10.7,0-25,true,sold_back
2026-10-08T11:22:12.000Z,1999 Base Set #78/102 Scoop Up (CGC 9 MINT),21.6,0-25,true,held
2026-10-08T11:22:12.000Z,2025 Panini Donruss Optic #201 Travis Hunter - Holo (PSA 9 MINT),25.3,25-100,true,sold_back
2026-10-08T11:22:17.000Z,2025 One Piece OP13-Carrying on His Will #054 Yamato - Alternate Art (PSA 9 MINT),17.8,0-25,true,held
2026-10-08T11:22:20.000Z,2021 VMAX Climax #255/184 Acerola's Premonition - Super Rare Holo (CGC 10 PRISTINE),102.7,100-500,true,sold_back
2026-10-08T11:22:26.000Z,2016 Pokémon XY Evolutions #111 Surfing Pikachu (PSA 9 MINT),62,25-100,true,sold_back
2026-10-08T11:22:26.000Z,2018 Tag Bolt #013/095 Charizard - Holo (CGC 9.5 MINT+),21.8,0-25,true,sold_back
2026-10-08T11:22:27.000Z,2025 A Fist of Divine Speed (OP11) - Japanese #OP11-118 Monkey D. Luffy (CGC 10 PRISTINE),40.2,25-100,true,sold_back
2026-10-08T11:22:29.000Z,1999 Pokémon Game #17 Beedrill - 1st Edition (PSA 9 MINT),694.8,500+,true,held
2026-10-08T11:22:29.000Z,2024 High Class Pack: Terastal Fest ex - sv8a #204/187 Hearthflame Mask Ogerpon ex - Special Art Rare Holo (CGC 10 GEM MINT),18.8,0-25,true,sold_back
2026-10-08T11:22:33.000Z,2025 Mega Gengar ex Starter Set - mBG #022/021 Haunter - Mega Gengar ex Set Holo (CGC 10 PRISTINE),39.2,25-100,true,held
2026-10-08T11:22:35.000Z,2025 Mega Dream ex - M2a #227/193 Mega Diancie ex - Mega Attack Rare Holo (CGC 10 GEM MINT),17.9,0-25,true,sold_back
2026-10-08T11:22:36.000Z,Pokémon Scarlet & Violet Destined Rivals (1 Booster Pack - Art May Vary),10.7,0-25,true,sold_back
2026-10-08T11:22:38.000Z,2024 One Piece Wings of the Captain #118 Roronoa Zoro - Manga Alternate Art (PSA 10 GEM MINT),4259.7,500+,true,held
2026-10-08T11:22:38.000Z,2025 Pokémon MC-Start Deck 100 Battle Collection #757 Sprigatito EX - Holo (PSA 10 GEM MINT),62.8,25-100,true,sold_back
2026-10-08T11:22:42.000Z,2025 Mega Dream ex - M2a #204/193 Hop's Trevenant - Art Rare Holo (CGC 10 GEM MINT),11.9,0-25,true,sold_back
2026-10-08T11:22:44.000Z,2022 Pokémon Go #028 Pikachu - Holo (PSA 10 GEM MINT),71.9,25-100,true,sold_back
2026-10-08T11:22:48.000Z,2024 Pokémon SV7-Stellar Miracle #131 Lacey - Special Art Rare (PSA 10 GEM MINT),78.3,25-100,true,sold_back
2026-10-08T11:22:48.000Z,"Ka-Zar Lord of the Savage Land #5 CGC 9.8 White Pages (Marvel Comics, 4/22) - Universal Acuna Variant Cover",25,25-100,true,sold_back
2026-10-08T11:22:50.000Z,2023 Shiny Treasure ex #299/190 Scizor - Shiny Rare Holo (CGC 10 GEM MINT),17.3,0-25,true,sold_back
2026-10-08T11:22:51.000Z,2022 Lost Origin #118/196 Drapion V - Holo (CGC 10 GEM MINT),23.6,0-25,true,sold_back
2026-10-08T11:22:53.000Z,Pokémon Scarlet & Violet Destined Rivals (1 Booster Pack - Art May Vary),10.7,0-25,true,held
2026-10-08T11:22:54.000Z,1993 Score the Franchise #12 Ken Griffey Jr (PSA 8 NM-MT),26.3,25-100,true,held
2026-10-08T11:22:57.000Z,2021 VMAX Climax #185/184 Abomasnow - Character Rare Holo (CGC 10 PRISTINE),17.5,0-25,true,sold_back
2026-10-08T11:22:59.000Z,2024 Stellar Crown - SCR EN #107/142 Archaludon - Play! Pokémon Prize Pack Series (Cosmos Holo) Holo (CGC 9.5 MINT+),12,0-25,true,sold_back
2026-10-08T11:22:59.000Z,2025 Mega Brave - M1L #070/063 Garganacl - Art Rare Holo (CGC 10 PRISTINE),15.9,0-25,true,sold_back
2026-10-08T11:23:00.000Z,2024 Stellar Crown - SCR EN #115/142 Noctowl - Play! Pokémon Prize Pack Series (Cosmos Holo) Holo (CGC 9 MINT),12.9,0-25,true,sold_back
2026-10-08T11:23:00.000Z,2026 Pokémon Asc EN-Ascended Heroes #268 Mega Hawlucha EX - Holo Mega Attack Rare (PSA 9 MINT),17.7,0-25,true,sold_back
2026-10-08T11:23:05.000Z,2022 Silver Tempest #139/195 Lugia VSTAR - Holo (CGC 9 MINT),18,0-25,true,sold_back
2026-10-08T11:23:05.000Z,Pokémon Scarlet & Violet Destined Rivals (1 Booster Pack - Art May Vary),10.7,0-25,true,held
2026-10-08T11:23:06.000Z,2024 Transformation Mask #112/101 Tatsugiri - Art Rare Holo (CGC 10 GEM MINT),25.8,25-100,true,sold_back
2026-10-08T11:23:09.000Z,2025 One Piece OP13-Carrying on His Will #051 Boa Hancock (PSA 10 GEM MINT),47.7,25-100,true,sold_back
2026-10-08T11:23:14.000Z,1999 Black Star Promos #33 Scizor - Pokémon League (CGC 8.5 NM-MT+),28.3,25-100,true,sold_back
2026-10-08T11:23:15.000Z,2023 Shiny Treasure ex #115/190 Charizard ex - Holo (CGC 10 GEM MINT),19.4,0-25,true,sold_back
2026-10-08T11:23:17.000Z,2020 Topps Now Bundesliga #45 Youssoufa Moukoko (PSA 10 GEM MINT),10.8,0-25,true,sold_back
2026-10-08T11:23:21.000Z,2023 Ancient Roar #068/066 Magby - Art Rare Holo (CGC 10 GEM MINT),13.9,0-25,true,sold_back
2026-10-08T11:23:29.000Z,2000 Neo Genesis #73/111 Slowpoke - 1st Edition (CGC 9 MINT),48.4,25-100,true,sold_back
2026-10-08T11:23:32.000Z,2021 Pokémon Sword & Shield Gengar Vmax High-Class Deck #002 Gengar Vmax - Full Art (PSA 9 MINT),47,25-100,true,sold_back
2026-10-08T11:23:38.000Z,Pokémon Scarlet & Violet Base Set (1 Booster Pack - Art May Vary),10.6,0-25,true,sold_back
2026-10-08T11:23:39.000Z,2023 Pokémon SV3-Ruler of the Black Flame #115 Houndour - Art Rare (PSA 10 GEM MINT),35.3,25-100,true,held
2026-10-08T11:23:42.000Z,2024 High Class Pack: Terastal Fest ex - sv8a #031/187 Vaporeon ex - Holo (CGC 10 PRISTINE),20.3,0-25,true,sold_back
2026-10-08T11:23:42.000Z,2024 Wild Force #077/071 Relicanth - Art Rare Holo (CGC 8 NM-MT),19.1,0-25,true,sold_back
2026-10-08T11:23:45.000Z,2023 Clay Burst #083/071 Farigiraf - Art Rare Holo (CGC 10 GEM MINT),12.3,0-25,true,sold_back
2026-10-08T11:23:45.000Z,2025 Black Star Promos - Mega Evolution MEP EN #024 Oricorio ex - Mega Charizard X ex Ultra Premium Collection (Holo) (CGC 10 PRISTINE),73.6,25-100,true,sold_back
2026-10-08T11:23:51.000Z,2025 Pokémon M2-Inferno X #094 Mega Charizard X EX - Holo Super Rare (PSA 10 GEM MINT),62.7,25-100,true,sold_back
2026-10-08T11:23:51.000Z,2026 One Piece OP14-EB04-the Azure Sea's Seven #079 Crocodile - Alternate Art (PSA 10 GEM MINT),45,25-100,true,sold_back
2026-10-08T11:24:03.000Z,2026 One Piece Japanese Premium Card Collection Kumamoto Prefecture Special Don!! Card - Usopp (PSA 9 MINT),15.9,0-25,true,held
2026-10-08T11:24:06.000Z,2025 Battle Partners - sv9 #102/100 Articuno - Art Rare Holo (CGC 10 GEM MINT),21.4,0-25,true,held
2026-10-08T11:24:11.000Z,Pokémon Sword & Shield Fusion Strike (1 Booster Pack - Art May Vary),22.2,0-25,true,redeemed
2026-10-08T11:24:14.000Z,2025 Glory of the Rocket Gang - sv10 #110/098 Kangaskhan - Art Rare Holo (CGC 10 PRISTINE),21.5,0-25,true,sold_back
2026-10-08T11:24:15.000Z,2023 Black Star Promos - Scarlet & Violet SVP EN #170 Leafeon - Prismatic Evolutions Tech Sticker Collection (Cosmos Holo) (CGC 9.5 MINT+),14,0-25,true,sold_back
2026-10-08T11:24:18.000Z,2023 Pokémon Card 151 #094/165 Gengar - Reverse Holo Poke Ball (CGC 9 MINT),20.3,0-25,true,sold_back
2026-10-08T11:24:23.000Z,Alexander III 'the Great' KINGDOM OF MACEDON AR Drachm early posthumous issue NGC,176,100-500,true,sold_back
2026-10-08T11:24:24.000Z,1988 Fleer #129 Charles Barkley - All-Star (PSA 7 NM),14.1,0-25,true,sold_back
2026-10-08T11:24:24.000Z,2019 Old Maid (Red Back) Raichu (CGC 10 PRISTINE),14.9,0-25,true,sold_back
2026-10-08T11:24:24.000Z,2021 VMAX Climax #126/184 Snorlax - Line Holo (CGC 10 GEM MINT),13.9,0-25,true,sold_back
2026-10-08T11:24:24.000Z,2025 Black Bolt - BLK EN #046/086 Excadrill ex - Holo (CGC 10 GEM MINT),14,0-25,true,sold_back
2026-10-08T11:24:24.000Z,2026 Nihil Zero - M3 #096/080 Mega Clefable ex - Super Rare Holo (CGC 10 PRISTINE),19.3,0-25,true,sold_back
2026-10-08T11:24:26.000Z,1978 Topps #320 John Stallworth (PSA 6 EX-MT),24.6,0-25,true,sold_back
2026-10-08T11:24:26.000Z,2024 Surging Sparks - SSP EN #223/191 Hydreigon ex - Ultra Rare Holo (CGC 10 GEM MINT),20.4,0-25,true,sold_back
2026-10-08T11:24:27.000Z,2020 Pokémon Sword & Shield Vivid Voltage #138 Rayquaza (PSA 9 MINT),43.6,25-100,true,sold_back
2026-10-08T11:24:27.000Z,2022 VSTAR Universe #068/172 Enamorus V - Holo (CGC 10 GEM MINT),11.7,0-25,true,sold_back
2026-10-08T11:24:35.000Z,1991 Upper Deck #44 Michael Jordan (PSA 7 NM),25.2,25-100,true,held
2026-10-08T11:24:36.000Z,2025 Mega Dream ex - M2a #199/193 Psyduck - Art Rare Holo (CGC 10 PRISTINE),37.6,25-100,true,held
2026-10-08T11:24:41.000Z,2025 Phantasmal Flames - PFL EN #056/094 Mega Gengar ex - Holo (CGC 9.5 MINT+),20.1,0-25,true,sold_back
2026-10-08T11:24:47.000Z,2023 Pokémon Card 151 #180/165 Omanyte - Art Rare Holo (CGC 10 GEM MINT),12.3,0-25,true,sold_back
2026-10-08T11:24:50.000Z,2018 Panini Donruss #158 Cristiano Ronaldo (PSA 10 GEM MINT),98,25-100,true,sold_back
2026-10-08T11:24:54.000Z,2025 Pokémon Holiday Calendar #025 Pikachu (PSA 9 MINT),42.5,25-100,true,sold_back
2026-10-08T11:24:56.000Z,1999 Base Set #84/102 PlusPower (CGC 8 NM-MT),20,0-25,true,sold_back
2026-10-08T11:24:56.000Z,2024 Prismatic Evolutions - PRE EN #060/131 Umbreon ex - Surprise Box (Prismatic Evolutions Stamp) (Holo) (CGC 9.5 MINT+),21.4,0-25,true,sold_back
2026-10-08T11:24:59.000Z,2000 Base Set 2 #94/130 Starmie (CGC 8.5 NM-MT+),11.3,0-25,true,sold_back
2026-10-08T11:24:59.000Z,2021 Pokémon Celebrations #017 Groudon (PSA 9 MINT),19.1,0-25,true,sold_back
2026-10-08T11:24:59.000Z,2026 Pokémon Asc EN-Ascended Heroes #218 Erika's Tangela - Illustration Rare (PSA 10 GEM MINT),75.2,25-100,true,sold_back
2026-10-08T11:25:00.000Z,2021 Pokémon Swsh Black Star Promo #143 Pikachu V - Holo Pikachu Vmax Box (PSA 8 NM-MT),29.5,25-100,true,sold_back
2026-10-08T11:25:03.000Z,2022 Pokémon Sword & Shield Start Deck 100 Corocoro Comic Version #007 Eevee V - Holo (PSA 10 GEM MINT),56.9,25-100,true,sold_back
2026-10-08T11:25:08.000Z,2025 One Piece Japanese Limited Card Collection Vol.1 #098 Enel (PSA 10 GEM MINT),37.9,25-100,true,sold_back
2026-10-08T11:25:08.000Z,Pokémon Scarlet & Violet Destined Rivals (1 Booster Pack - Art May Vary),10.7,0-25,true,sold_back
2026-10-08T11:25:09.000Z,2023 Pokémon Card 151 #038/165 Ninetales ex - Holo (CGC 10 GEM MINT),19.4,0-25,true,sold_back
2026-10-08T11:25:12.000Z,2023 Pokémon Clk-Trading Card Game Classic Blastoise & Suicune EX Deck #009 Articuno (PSA 10 GEM MINT),59.1,25-100,true,sold_back
2026-10-08T11:25:15.000Z,2024 Journey Together - JTG EN #053/159 Iono's Bellibolt ex - Holo (CGC 9 MINT),10.7,0-25,true,sold_back
2026-10-08T11:25:15.000Z,2024 Pokémon Tef EN-Temporal Forces #180 Lickitung - Illustration Rare (PSA 9 MINT),41.2,25-100,true,sold_back
2026-10-08T11:25:17.000Z,Parthian Kingdom GREEK COINAGE AR Drachm NGC ChAU,225.5,100-500,true,sold_back
2026-10-08T11:25:21.000Z,2025 Pokémon Svp EN-SV Black Star Promo #168 Vaporeon - Prismatic Evolutions Poster Collection (PSA 9 MINT),20.9,0-25,true,sold_back
2026-10-08T11:25:24.000Z,2022 VSTAR Universe #178/172 Manaphy - Art Rare Holo (CGC 10 PRISTINE),22,0-25,true,sold_back
2026-10-08T11:25:24.000Z,2023 Black Star Promos - Scarlet & Violet SVP EN #130 Kingambit - Kingambit Illus. Collection (Holo) (CGC 10 GEM MINT),23.7,0-25,true,sold_back
2026-10-08T11:25:24.000Z,2023 Violet ex #090/078 Skwovet - Art Rare Holo (CGC 10 PRISTINE),25.1,25-100,true,sold_back
2026-10-08T11:25:24.000Z,2025 Inferno X - M2 #013/080 Mega Charizard X ex - Holo (CGC 10 GEM MINT),19.7,0-25,true,sold_back
2026-10-08T11:25:26.000Z,1999 Base Set #43/102 Abra (CGC 8.5 NM-MT+),13.9,0-25,true,sold_back
2026-10-08T11:25:29.000Z,2022 VSTAR Universe #048/172 Gengar - Holo (CGC 10 PRISTINE),28.2,25-100,true,sold_back
2026-10-08T11:25:30.000Z,2025 Mega Dream ex - M2a #231/193 Mega Scrafty ex - Mega Attack Rare Holo (CGC 10 PRISTINE),29.4,25-100,true,sold_back
2026-10-08T11:25:30.000Z,"Wonder Woman #9 CGC 9.8 White Pages (DC Comics, 10/87) - Universal",71.3,25-100,true,sold_back
2026-10-08T11:25:32.000Z,2022 Silver Tempest #TG18/TG30 Corviknight V - Trainer Gallery Holo (CGC 10 GEM MINT),19.1,0-25,true,sold_back
2026-10-08T11:25:33.000Z,1999 Base Set #84/102 PlusPower (CGC 8 NM-MT),20,0-25,true,sold_back
2026-10-08T11:25:35.000Z,2025 Topps Pro Debut #17 Leo de Vries - Chrome-Green Refractor (PSA 9 MINT),17.5,0-25,true,sold_back
2026-10-08T11:25:38.000Z,2025 Pokémon M2a-Mega Dream EX #245 Steven's Metagross EX - Holo Special Art Rare (PSA 10 GEM MINT),61.1,25-100,true,sold_back
2026-10-08T11:25:53.000Z,2024 High Class Pack: Terastal Fest ex - sv8a #069/187 Sylveon ex - Holo (CGC 10 GEM MINT),19.5,0-25,true,sold_back
2026-10-08T11:25:53.000Z,2025 Mega Dream ex - M2a #212/193 Drakloak - Art Rare Holo (CGC 10 PRISTINE),21.4,0-25,true,sold_back
2026-10-08T11:25:54.000Z,2026 Pokémon M3-Nullifying Zero #084 Aurorus - Art Rare (PSA 10 GEM MINT),22.7,0-25,true,sold_back
2026-10-08T11:25:56.000Z,2026 Pokémon Asc EN-Ascended Heroes #265 Mega Froslass EX - Holo Mega Attack Rare (PSA 10 GEM MINT),49,25-100,true,sold_back
2026-10-08T11:25:59.000Z,2025 Panini Prizm Draft Picks Fearless #F-CSO Cam Skattebo - Gold Ice (PSA 10 GEM MINT),48.2,25-100,true,held
2026-10-08T11:26:02.000Z,2022 Bowman Draft Chrome Sapphire Edition #BDC190 Jett Williams (PSA 9 MINT),14.3,0-25,true,sold_back
2026-10-08T11:26:02.000Z,2022 Lost Origin #TG08/TG30 Hisuian Arcanine - Trainer Gallery Holo (CGC 9 MINT),21.3,0-25,true,sold_back
2026-10-08T11:26:03.000Z,2023 Pokémon Clf-Trading Card Game Classic Venusaur & Lugia EX Deck #001 Bulbasaur (PSA 10 GEM MINT),53.7,25-100,true,sold_back
2026-10-08T11:26:05.000Z,Pokémon Celebrations (1 Booster Pack - Art May Vary),37.9,25-100,true,sold_back
2026-10-08T11:26:08.000Z,2022 Pokémon Sword & Shield Vstar Universe #190 Galarian Moltres - Full Art (PSA 10 GEM MINT),58.8,25-100,true,held
2026-10-08T11:26:08.000Z,2024 Pokémon Simplified Cs5a C-Gallant Galaxy: Charm #004 Charizard V - Holo (PSA 10 GEM MINT),70,25-100,true,redeemed
2026-10-08T11:26:09.000Z,1990 Score #302 Junior Seau (PSA 9 MINT),17.5,0-25,true,sold_back
2026-10-08T11:26:14.000Z,2009 Panini Wccf Intercontinental Clubs #319 Lionel Messi (PSA 7 NM),47,25-100,true,sold_back
2026-10-08T11:26:18.000Z,2023 Shiny Treasure ex #071/190 Miraidon ex - Holo (CGC 10 PRISTINE),19.2,0-25,true,sold_back
2026-10-08T11:26:18.000Z,2025 Pokémon SV10-Glory of Team Rocket #107 Zamazenta - Art Rare (PSA 10 GEM MINT),36.2,25-100,true,sold_back
2026-10-08T11:26:23.000Z,2025 Pokémon Pfl EN-Phantasmal Flames #127 Mega Sharpedo EX - Holo Special Illustration Rare (PSA 9 MINT),19.2,0-25,true,sold_back
2026-10-08T11:26:32.000Z,2017 Black Star Promos - Sword & Shield #SWSH039 Pikachu - General Mills Sword & Shield (Sequin Holo) (CGC 9 MINT),18.4,0-25,true,sold_back
2026-10-08T11:26:35.000Z,2021 25th Anniversary Collection #007/028 Kyogre - Holo (CGC 10 PRISTINE),22.4,0-25,true,held
2026-10-08T11:26:36.000Z,2020 Panini Donruss #302 Tua Tagovailoa (PSA 10 GEM MINT),13.4,0-25,true,sold_back
2026-10-08T11:26:38.000Z,2017 Black Star Promos - Sword & Shield #SWSH087 Eevee VMAX - Shining Fates Elite Trainer Box (Holo) (CGC 9 MINT),10.5,0-25,true,sold_back
2026-10-08T11:26:39.000Z,2022 Pokémon Sword & Shield Dark Phantasma #074 Gengar - Full Art (PSA 10 GEM MINT),90.8,25-100,true,sold_back
2026-10-08T11:26:39.000Z,2023 Shrouded Fable - SFA EN #068/064 Duskull - Illustration Rare Holo (CGC 9.5 MINT+),50.8,25-100,true,sold_back
2026-10-08T11:26:41.000Z,2023 Pokémon Sv4a-Shiny Treasure EX #326 Alakazam EX - Holo Ssr (PSA 10 GEM MINT),53.9,25-100,true,sold_back
2026-10-08T11:26:50.000Z,Pokémon Japanese Sun & Moon Forbidden Light (1 Booster Pack - Art May Vary),20.5,0-25,true,sold_back
2026-10-08T11:26:51.000Z,2023 Pokémon Swsh Black Star Promo #291 Lucario Vstar - Full Art Crown Zenith Elite Trainer Box (PSA 10 GEM MINT),108.3,100-500,true,redeemed
2026-10-08T11:26:56.000Z,2024 Super Electric Breaker - sv8 #121/106 Milotic ex - Super Rare Holo (CGC 10 PRISTINE),23.8,0-25,true,sold_back
2026-10-08T11:27:00.000Z,"2023 Trading Card Game Classic - CLF, CLL, CLK #010/032 Onix - Venusaur & Lugia ex Deck - CLF Holo (CGC 10 PRISTINE)",34.2,25-100,true,sold_back
2026-10-08T11:27:08.000Z,2025 Glory of the Rocket Gang - sv10 #101/098 Blaziken - Art Rare Holo (CGC 10 GEM MINT),18.4,0-25,true,sold_back
2026-10-08T11:27:09.000Z,2023 Black Star Promos - Scarlet & Violet SVP EN #049 Zapdos ex - 151 Zapdos ex Collection (Holo) (CGC 10 GEM MINT),20.2,0-25,true,sold_back
2026-10-08T11:27:09.000Z,2023 Pokémon Sv1v-Violet EX #080 Toedscool - Art Rare (PSA 10 GEM MINT),21.8,0-25,true,sold_back
2026-10-08T11:27:09.000Z,2023 Ruler of the Black Flame #115/108 Houndour - Art Rare Holo (CGC 10 PRISTINE),23.7,0-25,true,sold_back
2026-10-08T11:27:12.000Z,Pokémon Scarlet & Violet Destined Rivals (1 Booster Pack - Art May Vary),10.7,0-25,true,sold_back
2026-10-08T11:27:17.000Z,2023 Pokémon Sword and Shield Crown Zenith #096 Zacian Vstar (PSA 10 GEM MINT),50.2,25-100,true,held
2026-10-08T11:27:21.000Z,2001 Neo Revelation #50/64 Remoraid - 1st Edition (CGC 9 MINT),18.8,0-25,true,held
2026-10-08T11:27:21.000Z,2023 Scarlet & Violet 151 - MEW EN #186/165 Ninetales ex - Ultra Rare Holo (CGC 9 MINT),17.8,0-25,true,held
2026-10-08T11:27:23.000Z,"2023 Trading Card Game Classic - CLF, CLL, CLK #009/032 Articuno - Blastoise & Suicune ex Deck - CLK Holo (CGC 10 GEM MINT)",22.8,0-25,true,sold_back
2026-10-08T11:27:24.000Z,2016 Panini Select #150 Christian Pulisic (PSA 10 GEM MINT),75.4,25-100,true,sold_back
2026-10-08T11:27:24.000Z,2023 Pokémon Obf EN-Obsidian Flames #041 Volcarona (PSA 10 GEM MINT),50,25-100,true,sold_back
2026-10-08T11:27:24.000Z,2026 Perfect Order - POR EN #106/088 Mega Skarmory ex - Ultra Rare Holo (CGC 10 GEM MINT),18.8,0-25,true,held
2026-10-08T11:27:26.000Z,2021 Chilling Reign #199/198 Celebi VMAX - Rainbow Rare Holo (CGC 8.5 NM-MT+),21.1,0-25,true,sold_back
2026-10-08T11:27:30.000Z,2024 Paldean Fates - PAF EN #148/091 Abra - Shiny Rare Holo (CGC 8.5 NM-MT+),12.3,0-25,true,held
2026-10-08T11:27:30.000Z,Pokemon Sun & Moon Tag Team GX Dream League (1 Booster Pack - Art May Vary),42,25-100,true,sold_back
2026-10-08T11:27:32.000Z,1982 Topps #780 Pete Rose (PSA 7 NM),11.7,0-25,true,sold_back
2026-10-08T11:27:32.000Z,2023 Pokémon Mew EN-151 #203 Erika's Invitation - Special Illustration Rare (PSA 9 MINT),21.2,0-25,true,sold_back
2026-10-08T11:27:32.000Z,2023 Pokémon Sv3a-Raging Surf #069 Groudon - Art Rare (PSA 10 GEM MINT),81.7,25-100,true,held
2026-10-08T11:27:32.000Z,2024 Prismatic Evolutions - PRE EN #168/131 Bloodmoon Ursaluna ex - Special Illustration Rare (Holo) (CGC 10 PRISTINE),194.3,100-500,true,sold_back
2026-10-08T11:27:35.000Z,1969 Topps #504 Checklist 513-588 (PSA 7 NM),23.1,0-25,true,sold_back
2026-10-08T11:27:35.000Z,2026 Topps Mega Celebration Box 8 Bit Ballers #10 Aaron Judge (PSA 9 MINT),25.4,25-100,true,sold_back
2026-10-08T11:27:35.000Z,Pokémon Scarlet & Violet Paldean Fates (1 Booster Pack - Art May Vary),29,25-100,true,held
2026-10-08T11:27:36.000Z,2024 Wild Force #047/071 Gengar ex - Holo (CGC 9.5 MINT+),24.5,0-25,true,sold_back
2026-10-08T11:27:42.000Z,2025 White Flare - sv11W #126/086 Boldore - Art Rare Holo (CGC 10 PRISTINE),22.7,0-25,true,held
2026-10-08T11:27:44.000Z,2021 Evolving Skies #110/203 Rayquaza V - Holo (CGC 9.5 MINT+),21.5,0-25,true,sold_back
2026-10-08T11:27:50.000Z,2020 Pokémon Sword & Shield Shiny Star V #071 Gengar - Holo (PSA 10 GEM MINT),84.7,25-100,true,held
2026-10-08T11:27:50.000Z,"Doctor Strange #169 CGC 7.0 Off-white to White Pages (Marvel Comics, 6/68) - Universal",299,100-500,true,sold_back
2026-10-08T11:27:51.000Z,"2023 Trading Card Game Classic - CLV, CLC, CLB #009/034 Articuno - Blastoise & Suicune ex Deck - CLB Holo (CGC 9.5 MINT+)",19.2,0-25,true,sold_back
2026-10-08T11:27:53.000Z,2026 Topps Titans of the Game #1 Shohei Ohtani (PSA 9 MINT),35.7,25-100,true,sold_back
2026-10-08T11:27:56.000Z,2025 Mega Symphonia - M1S #072/063 Shedinja - Art Rare Holo (CGC 10 PRISTINE),20.1,0-25,true,held
2026-10-08T11:28:02.000Z,2010 Triumphant #20/102 Electivire - Triumphant Prerelease (CGC 9.5 MINT+),87.5,25-100,true,sold_back
2026-10-08T11:28:02.000Z,2020 Stadium Club Chrome UEFA Champions League #26 Pedri (PSA 9 MINT),20.8,0-25,true,sold_back
2026-10-08T11:28:02.000Z,2024 Crimson Haze #067/066 Pinsir - Art Rare Holo (CGC 10 PRISTINE),22.6,0-25,true,sold_back
2026-10-08T11:28:09.000Z,2023 Pokémon Sv1v-Violet EX #095 Banette EX - Holo Super Rare (PSA 10 GEM MINT),53.1,25-100,true,sold_back
2026-10-08T11:28:12.000Z,2025 Pokémon Pfl EN-Phantasmal Flames #107 Ambipom - Illustration Rare (PSA 10 GEM MINT),44.1,25-100,true,held
2026-10-08T11:28:14.000Z,2023 Violet ex #087/078 Greavard - Art Rare Holo (CGC 10 PRISTINE),21.1,0-25,true,sold_back
2026-10-08T11:28:14.000Z,2024 High Class Pack: Terastal Fest ex - sv8a #215/187 Sandy Shocks ex - Special Art Rare Holo (CGC 10 PRISTINE),26,25-100,true,sold_back
2026-10-08T11:28:21.000Z,2025 One Piece Japanese OP14-the Azure Sea's Seven #031 Nami (PSA 10 GEM MINT),46.4,25-100,true,sold_back
2026-10-08T11:28:32.000Z,2025 Legacy of the Master (OP12) - English #030 Dracule Mihawk - (Borderless) Alt Art (BGS 10 PRISTINE),80.2,25-100,true,sold_back
2026-10-08T11:28:35.000Z,2023 Scarlet & Violet #251/198 Miriam - Special Illustration Rare (Holo) (CGC 7.5 NM+),20.4,0-25,true,sold_back
2026-10-08T11:28:36.000Z,Pokemon Sun & Moon Tag Team GX Dream League (1 Booster Pack - Art May Vary),42,25-100,true,sold_back
2026-10-08T11:28:41.000Z,2022 Topps Match Attax Nations League #CD50 Memphis Depay (CGC 10 GEM MINT),19.4,0-25,true,sold_back
2026-10-08T11:28:41.000Z,"Journey Into Mystery #87 CGC 3.5 Off-white to White Pages (Marvel Comics, 12/62) - Universal",245,100-500,true,sold_back
2026-10-08T11:28:44.000Z,2023 Panini Donruss #357 Puka Nacua (PSA 9 MINT),18,0-25,true,held
2026-10-08T11:28:44.000Z,2024 Donruss #11 Jayden Daniels - Retro (SGC 10 GEM MINT),29.3,25-100,true,sold_back
2026-10-08T11:28:44.000Z,2025 Mega Dream ex - M2a #225/193 Mega Eelektross ex - Mega Attack Rare Holo (CGC 10 PRISTINE),20.7,0-25,true,sold_back
2026-10-08T11:28:44.000Z,2025 Panini Donruss #310 Colston Loveland (PSA 9 MINT),17.8,0-25,true,sold_back
2026-10-08T11:28:44.000Z,2025 Panini Donruss #350 Cam Ward - Optic Preview-Red Pandora (PSA 8 NM-MT),21.6,0-25,true,sold_back
2026-10-08T11:28:44.000Z,2025 Panini Select #54 Shedeur Sanders - Silver Prizm (PSA 9 MINT),20.1,0-25,true,sold_back
2026-10-08T11:28:45.000Z,1999 Pokémon Game #79 Super Energy Removal - Shadowless (PSA 10 GEM MINT),188,100-500,true,redeemed
2026-10-08T11:28:45.000Z,2019 Panini Chronicles #60 Zion Williamson (PSA 10 GEM MINT),10.8,0-25,true,sold_back
2026-10-08T11:28:57.000Z,2025 Pokémon M2a-Mega Dream EX #236 Iono's Bellibolt EX - Holo Special Art Rare (PSA 10 GEM MINT),48.3,25-100,true,sold_back
2026-10-08T11:29:00.000Z,2022 One Piece Japanese 25th Anniversary Premium Card Collection #001 Roronoa Zoro (PSA 9 MINT),22.7,0-25,true,sold_back
2026-10-08T11:29:03.000Z,2025 Pokémon M2a-Mega Dream EX #242 N's Zoroark EX - Holo Special Art Rare (PSA 10 GEM MINT),77.1,25-100,true,sold_back
2026-10-08T11:29:05.000Z,2022 Lost Origin #118/196 Drapion V - Holo (CGC 10 GEM MINT),23.6,0-25,true,sold_back
2026-10-08T11:29:06.000Z,2023 Pokémon Sv2p-Snow Hazard #073 Marill - Art Rare (PSA 10 GEM MINT),58,25-100,true,held
2026-10-08T11:29:09.000Z,"Superman Adventures #21 CGC 9.6 White Pages (DC Comics, 7/98) - Universal",194,100-500,true,held
2026-10-08T11:29:11.000Z,2023 Pokémon Sv3a-Raging Surf #075 Froslass EX - Holo Super Rare (PSA 10 GEM MINT),35.1,25-100,true,sold_back
2026-10-08T11:29:11.000Z,2024 One Piece OP09-Emperors in the New World #042 Buggy - Alternate Art (PSA 10 GEM MINT),94.7,25-100,true,held
2026-10-08T11:29:11.000Z,2025 FC Barcelona Topps Now #2 Lamine Yamal/76476* (BGS 9.5 GEM MINT),47.7,25-100,true,held
2026-10-08T11:29:14.000Z,2026 Pokémon Asc EN-Ascended Heroes #289 Steven's Metagross EX - Holo Special Illustration Rare (PSA 9 MINT),64.5,25-100,true,held
2026-10-08T11:29:20.000Z,2022 Pokémon Sword & Shield Start Deck 100 Corocoro Comic Version #008 Snorlax (PSA 10 GEM MINT),61.5,25-100,true,sold_back
2026-10-08T11:29:21.000Z,2023 Bowman University Chrome #16 Shedeur Sanders (PSA 9 MINT),18.3,0-25,true,sold_back
2026-10-08T11:29:24.000Z,2018 Panini Donruss #170 Christian Pulisic (PSA 8 NM-MT),22.5,0-25,true,sold_back
2026-10-08T11:29:29.000Z,2023 Pokémon Mew EN-151 #065 Alakazam EX - Holo (PSA 9 MINT),23.3,0-25,true,sold_back
2026-10-08T11:29:29.000Z,Pokémon Sun & Moon Ultra Prism (1 Booster Pack - Art May Vary),54.7,25-100,true,sold_back
2026-10-08T11:29:30.000Z,2019 Sword #015/060 Lapras VMAX - Holo (CGC 10 PRISTINE),18.2,0-25,true,sold_back
2026-10-08T11:29:35.000Z,Pokémon Scarlet & Violet Destined Rivals (1 Booster Pack - Art May Vary),10.7,0-25,true,redeemed
2026-10-08T11:29:44.000Z,2026 Pokémon Asc EN-Ascended Heroes #270 Mega Scrafty EX - Holo Mega Attack Rare (PSA 10 GEM MINT),49.1,25-100,true,sold_back
2026-10-08T11:29:48.000Z,2025 One Piece Promos #062 O-Nami - Illustration Box Vol.1 (PSA 9 MINT),42.4,25-100,true,sold_back
2026-10-08T11:29:54.000Z,"2023 Trading Card Game Classic - CLV, CLC, CLB #001/034 Squirtle - Blastoise & Suicune ex Deck - CLB Holo (CGC 10 GEM MINT)",29.7,25-100,true,sold_back
2026-10-08T11:29:56.000Z,2022 Pokémon Sword & Shield Vstar Universe #014 Charizard Vstar (PSA 10 GEM MINT),50.1,25-100,true,sold_back
2026-10-08T11:29:57.000Z,2023 Pokémon Card 151 #167/165 Ivysaur - Art Rare Holo (CGC 10 GEM MINT),20.9,0-25,true,sold_back
2026-10-08T11:30:09.000Z,2023 Triplet Beat #082/073 Quaxwell - Art Rare Holo (CGC 10 GEM MINT),17.3,0-25,true,sold_back
2026-10-08T11:30:20.000Z,2020 Pokémon Swsh Black Star Promo #076 Zacian V - Holo Full Art Ultra Premium Collection (PSA 9 MINT),22.8,0-25,true,sold_back
2026-10-08T11:30:20.000Z,2021 VMAX Climax #017/184 Charizard - Line Holo (CGC 10 GEM MINT),22.6,0-25,true,held
2026-10-08T11:30:23.000Z,2022-23 Topps Chrome Sapphire Edition UEFA Club Competitions Wonderkids #W9 Julian Alvarez (PSA 10 GEM MINT),40.6,25-100,true,sold_back
2026-10-08T11:30:23.000Z,2023 Pokémon Clf-Trading Card Game Classic Venusaur & Lugia EX Deck #001 Bulbasaur (PSA 10 GEM MINT),53.7,25-100,true,sold_back
2026-10-08T11:30:24.000Z,2025 Black Bolt - BLK EN #046/086 Excadrill ex - Holo (CGC 10 GEM MINT),14,0-25,true,sold_back
2026-10-08T11:30:27.000Z,2019 Remix Bout #032/064 Groudon - Holo (CGC 10 PRISTINE),23.3,0-25,true,sold_back
2026-10-08T11:30:33.000Z,2020 Vivid Voltage #138/185 Rayquaza - Amazing Rare Holo (CGC 10 GEM MINT),75.9,25-100,true,sold_back
2026-10-08T11:30:38.000Z,2023 Pokémon SV3-Ruler of the Black Flame #119 Pidgeotto - Art Rare (PSA 10 GEM MINT),52.4,25-100,true,sold_back
2026-10-08T11:30:39.000Z,"Vologases VI, cAD 207-222 PARTHIAN KINGDOM AR Drachm NGC AU",203.5,100-500,true,held
2026-10-08T11:30:41.000Z,Pokémon Scarlet & Violet Destined Rivals (1 Booster Pack - Art May Vary),10.7,0-25,true,sold_back
2026-10-08T11:30:48.000Z,1961 Lake to Lake Packers #11 Jesse Whittenton (PSA 6 EX-MT),18.4,0-25,true,sold_back
2026-10-08T11:30:53.000Z,2025 Pokémon Wht EN-White Flare #011 Tepig - Reverse Holo Poke Ball (CGC 10 PRISTINE),32.79,25-100,true,held
2026-10-08T11:30:59.000Z,2026 Perfect Order - POR EN #102/088 Mega Starmie ex - Ultra Rare Holo (CGC 10 GEM MINT),22.8,0-25,true,sold_back
2026-10-08T11:31:00.000Z,2022 Bowman University Chrome Prospects #39 Stetson Bennett (PSA 10 GEM MINT),23.8,0-25,true,sold_back
2026-10-08T11:31:03.000Z,2022 Pokémon GO #010/078 Charizard - Holo (CGC 9 MINT),18.2,0-25,true,sold_back
2026-10-08T11:31:08.000Z,2022 Pokémon Go #028 Pikachu - Holo (PSA 10 GEM MINT),71.9,25-100,true,sold_back
2026-10-08T11:31:14.000Z,2022 Topps Chrome Update Generation Now #GNC5 Shohei Ohtani (PSA 9 MINT),37.5,25-100,true,held
2026-10-08T11:31:23.000Z,2025 Mega Dream ex - M2a #232/193 Mega Dragonite ex - Mega Attack Rare Holo (CGC 10 GEM MINT),21.3,0-25,true,held
2026-10-08T11:31:24.000Z,2024 High Class Pack: Terastal Fest ex - sv8a #092/187 Umbreon - Poké Ball Holo (CGC 10 GEM MINT),19.1,0-25,true,redeemed
2026-10-08T11:31:32.000Z,2020 Pokémon Sword & Shield Shiny Star V #071 Gengar - Holo (PSA 10 GEM MINT),84.7,25-100,true,held
2026-10-08T11:31:33.000Z,2023 Topps Chrome #1 Adley Rutschman - Prism Refractor (PSA 10 GEM MINT),21.3,0-25,true,sold_back
2026-10-08T11:31:38.000Z,2025 One Piece Japanese OP13-Carrying on His Will #004 Sabo - Alternate Art (PSA 10 GEM MINT),42.2,25-100,true,sold_back
2026-10-08T11:31:54.000Z,2026 Ascended Heroes - ASC EN #221/217 Budew - Illustration Rare Holo (CGC 10 GEM MINT),18.6,0-25,true,sold_back
2026-10-08T11:32:02.000Z,2022 One Piece OP01-Romance Dawn #024 Monkey D. Luffy (PSA 9 MINT),20.6,0-25,true,sold_back
2026-10-08T11:32:08.000Z,2021 VMAX Climax #221/184 Ice Rider Calyrex VMAX - Character Super Rare Holo (CGC 10 PRISTINE),18.8,0-25,true,sold_back
2026-10-08T11:32:15.000Z,Pokémon Sword & Shield Vivid Voltage (1 Booster Pack - Art May Vary),14,0-25,true,sold_back
2026-10-08T11:32:17.000Z,2022 Topps Chrome #149 Cal Raleigh - Prism Refractor (PSA 9 MINT),18.6,0-25,true,sold_back
2026-10-08T11:32:18.000Z,1997 Pokémon Jungle Gloom (CGC 9 MINT),20.1,0-25,true,sold_back
2026-10-08T11:32:18.000Z,2025 Pokémon M2-Inferno X #094 Mega Charizard X EX - Holo Super Rare (PSA 10 GEM MINT),62.7,25-100,true,sold_back
2026-10-08T11:32:21.000Z,2026 One Piece Japanese Premium Card Collection Kumamoto Prefecture Special Don!! Card - Sanji (PSA 9 MINT),21.1,0-25,true,sold_back
2026-10-08T11:32:24.000Z,2021 Pokémon Celebrations Classic Collection #88 Mew EX - Holo Holo (PSA 9 MINT),42.1,25-100,true,sold_back
2026-10-08T11:32:32.000Z,Magic: The Gathering Modern Horizons 3 - Play Booster (1 Booster Pack - Art May Vary),13.1,0-25,true,sold_back
2026-10-08T11:32:33.000Z,Pokémon Scarlet & Violet Destined Rivals (1 Booster Pack - Art May Vary),10.7,0-25,true,sold_back
2026-10-08T11:32:36.000Z,Magic: The Gathering Tarkir: Dragonstorm - Play Booster (1 Booster Pack - Art May Vary),7.5,0-25,true,sold_back
2026-10-08T11:32:38.000Z,Magic: The Gathering Aetherdrift - Play Booster (1 Booster Pack - Art May Vary),6.1,0-25,true,sold_back
2026-10-08T11:32:39.000Z,"2023 Trading Card Game Classic - CLF, CLL, CLK #008/032 Sandshrew - Venusaur & Lugia ex Deck - CLF Holo (CGC 10 GEM MINT)",11.8,0-25,true,sold_back
2026-10-08T11:32:41.000Z,2026 Pokémon M3-Nullifying Zero #114 Meowth EX - Holo Special Art Rare (PSA 10 GEM MINT),84.7,25-100,true,sold_back
2026-10-08T11:32:42.000Z,Magic: The Gathering Dragon's Maze (1 Booster Pack - Art May Vary),7,0-25,true,sold_back
2026-10-08T11:32:44.000Z,2022 Pokémon GO #027/071 Pikachu (CGC 9 MINT),11,0-25,true,sold_back
2026-10-08T11:32:44.000Z,Magic: The Gathering Innistrad Remastered - Play Booster (1 Booster Pack - Art May Vary),13.6,0-25,true,sold_back
2026-10-08T11:32:44.000Z,Magic: The Gathering Streets of New Capenna - Draft Booster (1 Booster Pack - Art May Vary),6.4,0-25,true,sold_back
2026-10-08T11:32:45.000Z,Magic: The Gathering Bloomburrow - Play Booster (1 Booster Pack - Art May Vary),10.1,0-25,true,sold_back
2026-10-08T11:32:48.000Z,Pokémon Scarlet & Violet Destined Rivals (1 Booster Pack - Art May Vary),10.7,0-25,true,sold_back
2026-10-08T11:32:50.000Z,Magic: The Gathering Streets of New Capenna - Draft Booster (1 Booster Pack - Art May Vary),6.4,0-25,true,sold_back
2026-10-08T11:32:51.000Z,Magic: The Gathering Phyrexia: All Will Be One - Set Booster (1 Booster Pack - Art May Vary),15.3,0-25,true,sold_back
2026-10-08T11:32:51.000Z,Magic: The Gathering Tarkir: Dragonstorm - Play Booster (1 Booster Pack - Art May Vary),7.5,0-25,true,sold_back
2026-10-08T11:32:53.000Z,2025 Inferno X - M2 #112/080 Rotom ex - Special Art Rare Holo (CGC 10 PRISTINE),20.6,0-25,true,sold_back
2026-10-08T11:32:53.000Z,Magic: The Gathering Streets of New Capenna - Draft Booster (1 Booster Pack - Art May Vary),6.4,0-25,true,sold_back
2026-10-08T11:32:54.000Z,2022 Pokémon Sword & Shield Astral Radiance #177 Origin Forme Dialga V - Holo Full Art (PSA 9 MINT),67.6,25-100,true,sold_back
2026-10-08T11:32:54.000Z,Magic: The Gathering Streets of New Capenna - Draft Booster (1 Booster Pack - Art May Vary),6.4,0-25,true,sold_back
2026-10-08T11:32:54.000Z,Pokémon Mega Evolution Phantasmal Flames (1 Booster Pack - Art May Vary),15,0-25,true,held
2026-10-08T11:32:56.000Z,1989 Fleer #596 Dale Murphy (PSA 10 GEM MINT),45.4,25-100,true,held
2026-10-08T11:32:57.000Z,Magic: The Gathering Doctor Who Collector (1 Booster Pack - Art May Vary),57.5,25-100,true,sold_back
2026-10-08T11:32:59.000Z,1999 Neo Premium File Cyndaquil - No Rarity (CGC 9 MINT),18.4,0-25,true,held
2026-10-08T11:32:59.000Z,2023 Pokémon Clf-Trading Card Game Classic Venusaur & Lugia EX Deck #003 Venusaur (PSA 10 GEM MINT),86.2,25-100,true,sold_back
2026-10-08T11:33:02.000Z,Magic: The Gathering The Lost Caverns of Ixalan - Set Booster (1 Booster Pack - Art May Vary),18.9,0-25,true,sold_back
2026-10-08T11:33:02.000Z,Pokémon Sword & Shield Lost Origin (1 Booster Pack - Art May Vary),22.6,0-25,true,held
2026-10-08T11:33:03.000Z,2024 Paldean Fates - PAF EN #203/091 Wingull - Shiny Rare Holo (CGC 10 PRISTINE),125,100-500,true,sold_back
2026-10-08T11:33:08.000Z,1960 Topps #54 Paul Hornung (PSA 6 EX-MT),47.9,25-100,true,held
2026-10-08T11:33:11.000Z,2019 Pokémon Sun & Moon Sky Legend #053 Lillie - Holo (PSA 9 MINT),36.8,25-100,true,sold_back
2026-10-08T11:33:15.000Z,2023 Scarlet & Violet 151 - MEW EN #003/165 Venusaur ex - Holo (CGC 9 MINT),11.1,0-25,true,sold_back
2026-10-08T11:33:18.000Z,2025 Pokémon M1l-Mega Brave #080 Mega Mawile EX - Holo Super Rare (PSA 10 GEM MINT),23.2,0-25,true,sold_back
2026-10-08T11:33:30.000Z,2008 Topps #319 Joey Votto (PSA 9 MINT),26,25-100,true,sold_back
2026-10-08T11:33:32.000Z,2023 Pokémon SV3-Ruler of the Black Flame #109 Gloom - Art Rare (PSA 9 MINT),18.5,0-25,true,sold_back
2026-10-08T11:33:32.000Z,2023 Pokémon Swsh Black Star Promo #283 Galarian Zapdos - Crown Zenith Tin (PSA 9 MINT),19.1,0-25,true,sold_back
2026-10-08T11:33:38.000Z,2004 Finest #65 Sean Taylor (PSA 9 MINT),36.2,25-100,true,sold_back
2026-10-08T11:33:39.000Z,Pokémon Scarlet & Violet 151 (1 Booster Pack - Art May Vary),33.6,25-100,true,sold_back
2026-10-08T11:33:53.000Z,2002 SP Authentic #99 Michael Jordan (PSA 8 NM-MT),29.1,25-100,true,sold_back
2026-10-08T11:33:53.000Z,2025 Pokémon M2a-Mega Dream EX #230 Mega Gengar EX - Holo Mega Attack Rare (PSA 10 GEM MINT),50.3,25-100,true,sold_back
2026-10-08T11:33:57.000Z,2025 One Piece 3rd Anniversary! One Piece Card Treasure Campaign Pack #033 Monkey D. Luffy (PSA 9 MINT),19.4,0-25,true,sold_back
2026-10-08T11:33:57.000Z,Pokémon Sun & Moon Rebel Clash (1 Booster Pack - Art May Vary),15.2,0-25,true,held
2026-10-08T11:34:00.000Z,2024 Pokémon Sv5a-Crimson Haze #078 Eevee - Art Rare (PSA 10 GEM MINT),76.2,25-100,true,sold_back
2026-10-08T11:34:00.000Z,2025 Black Bolt - BLK EN #160/086 Excadrill ex - Ultra Rare Holo (CGC 10 GEM MINT),11.4,0-25,true,sold_back
2026-10-08T11:34:02.000Z,2025 Pokémon M2a-Mega Dream EX #232 Mega Dragonite EX - Holo Mega Attack Rare (PSA 9 MINT),22.7,0-25,true,held
2026-10-08T11:34:11.000Z,2022 Bowman Chrome Prospect Autographs #CPARR Ryan Reckley - Refractor (PSA 9 MINT),13,0-25,true,sold_back
2026-10-08T11:34:11.000Z,2024 Pokémon Sv8a-Terastal Fest EX #200 Leafeon EX - Holo Special Art Rare (PSA 10 GEM MINT),110.7,100-500,true,held
2026-10-08T11:34:11.000Z,2026 Topps Mega Celebration Box Gameday Drip #2 Shohei Ohtani (PSA 8 NM-MT),28,25-100,true,sold_back
2026-10-08T11:34:12.000Z,2025 Black Star Promos - Mega Evolution MEP EN #038 Charmander - First Partner Illustration Collection Series 1 (Holo) (CGC 10 GEM MINT),37.8,25-100,true,sold_back
2026-10-08T11:34:12.000Z,2026 Topps Now #37 Shohei Ohtani (PSA 9 MINT),25.9,25-100,true,sold_back
2026-10-08T11:34:21.000Z,2022 Pokémon Charizard Vstar VS Rayquaza Vmax Special Deck Set #016 Rayquaza Vmax - Full Art (PSA 8 NM-MT),23.5,0-25,true,held
2026-10-08T11:34:21.000Z,Ascended Heroes (1 Booster Pack - Art May Vary),16.4,0-25,true,sold_back
2026-10-08T11:34:23.000Z,2023 Obsidian Flames - OBF EN #211/197 Tyranitar ex - Ultra Rare Holo (CGC 10 GEM MINT),23.1,0-25,true,sold_back
2026-10-08T11:34:26.000Z,"Carnage: Black, White & Blood #4 CGC 9.8 White Pages (Marvel Comics, 9/21) - Universal Variant Edition",38.5,25-100,true,sold_back
2026-10-08T11:34:30.000Z,2023 Pokémon Svp EN-SV Black Star Promo #051 Snorlax - 151 Elite Trainer Box (PSA 9 MINT),39.5,25-100,true,sold_back
2026-10-08T11:34:32.000Z,2025 Mega Evolution - MEG EN #161/132 Mega Absol ex - Ultra Rare Holo (CGC 10 GEM MINT),19,0-25,true,sold_back
2026-10-08T11:34:38.000Z,2020 Vivid Voltage #106/185 Drapion V - Holo Ultra Rare (CGC 9 MINT),10.8,0-25,true,sold_back
2026-10-08T11:34:41.000Z,Pokémon Japanese Sun & Moon Dragon Storm (1 Booster Pack - Art May Vary),44,25-100,true,sold_back
2026-10-08T11:34:42.000Z,2026 Pokémon M3-Nullifying Zero #061 Meowth EX - Holo (PSA 10 GEM MINT),34.7,25-100,true,sold_back
2026-10-08T11:34:50.000Z,2023 Black Star Promos - Scarlet & Violet SVP EN #190 Pikachu - World Championships (CGC 9 MINT),17.3,0-25,true,sold_back
2026-10-08T11:34:53.000Z,2025 Pokémon M2a-Mega Dream EX #223 Mega Charizard X EX - Holo Mega Attack Rare (PSA 10 GEM MINT),71.2,25-100,true,sold_back
2026-10-08T11:34:53.000Z,Pokémon XY Breakthrough (1 Booster Pack - Art May Vary),69.5,25-100,true,sold_back
2026-10-08T11:34:56.000Z,2020 Topps Chrome X Steve Aoki UEFA Champions League Neon Future #55 Youssoufa Moukoko - Neon Future III (PSA 10 GEM MINT),15.39,0-25,true,sold_back
2026-10-08T11:34:56.000Z,2026 Pokémon Asc EN-Ascended Heroes #280 Lillie's Clefairy EX - Holo Special Illustration Rare (PSA 9 MINT),128.4,100-500,true,sold_back
2026-10-08T11:34:57.000Z,1999 Pokémon Game #85 Pokemon Center - 1st Edition (PSA 8 NM-MT),27.8,25-100,true,sold_back
2026-10-08T11:34:57.000Z,2025 One Piece Japanese Premium Card Collection -Best Selection Vol.4 #077 Gum-Gum Lightning (PSA 9 MINT),12.6,0-25,true,sold_back
2026-10-08T11:35:00.000Z,2023 Crown Zenith #065/159 Hatterene V - Holo (CGC 8.5 NM-MT+),11.5,0-25,true,sold_back
2026-10-08T11:35:00.000Z,2026 One Piece OP14-EB04-the Azure Sea's Seven #031 Nami (PSA 9 MINT),18.3,0-25,true,sold_back
2026-10-08T11:35:05.000Z,2023 Temporal Forces - TEF EN #119/162 Koraidon - Play! Pokémon Prize Pack Series (CGC 10 GEM MINT),19,0-25,true,sold_back
2026-10-08T11:35:05.000Z,2025 Pokémon Simplified CBB3 C-Gem Pack Vol 3 #07 Chandelure (PSA 10 GEM MINT),61.4,25-100,true,sold_back
2026-10-08T11:35:05.000Z,2026 Pokémon Asc EN-Ascended Heroes #265 Mega Froslass EX - Holo Mega Attack Rare (PSA 10 GEM MINT),49,25-100,true,sold_back
2026-10-08T11:35:15.000Z,2025 Pokémon SV10-Glory of Team Rocket #105 Team Rocket's Weezing - Art Rare (PSA 10 GEM MINT),36.4,25-100,true,sold_back
2026-10-08T11:35:17.000Z,2023 Black Star Promos - Scarlet & Violet SVP EN #139 Latias - Stellar Crown 3-Pack Blister (Cosmos Holo) (CGC 8 NM-MT),10.9,0-25,true,sold_back
2026-10-08T11:35:20.000Z,2024 Stellar Miracle #111/102 Meditite - Art Rare Holo (CGC 9.5 MINT+),10.6,0-25,true,sold_back
2026-10-08T11:35:23.000Z,2023 Pokémon Obf EN-Obsidian Flames #205 Scizor - Illustration Rare (PSA 9 MINT),31.9,25-100,true,sold_back
2026-10-08T11:35:24.000Z,2019 Panini Prizm Premier League #159 Phil Foden (PSA 9 MINT),14.1,0-25,true,sold_back
2026-10-08T11:35:27.000Z,2024 One Piece Premium Card Collection -Best Selection Vol.1 #036 Nami (PSA 9 MINT),43.1,25-100,true,sold_back
2026-10-08T11:35:36.000Z,2023 One Piece Premium Card Collection -One Piece Film Red #014 Jinbe (PSA 9 MINT),13.4,0-25,true,sold_back
2026-10-08T11:35:36.000Z,2025 One Piece Promos #003 Dracule Mihawk - Illustration Box Vol.4 (PSA 10 GEM MINT),35.2,25-100,true,sold_back
2026-10-08T11:35:39.000Z,2022 Pokémon GO #004/071 Radiant Venusaur - Holo (CGC 10 GEM MINT),22.3,0-25,true,sold_back
2026-10-08T11:35:45.000Z,2024 Eevee Advanced Gift Box - Simplified #003/009 Flareon VMAX - Flareon Box Holo (CGC 8.5 NM-MT+),17.7,0-25,true,sold_back
2026-10-08T11:35:47.000Z,1999 Fossil #55/62 Slowpoke (CGC 7.5 NM+),19.1,0-25,true,sold_back
2026-10-08T11:35:51.000Z,2024 One Piece OP08-Two Legends #001 Tony Tony Chopper - Alternate Art (PSA 9 MINT),76.6,25-100,true,sold_back
2026-10-08T11:35:53.000Z,1999 Pokémon Game #62 Sandshrew - Shadowless (PSA 7 NM),20.6,0-25,true,held
2026-10-08T11:35:56.000Z,1999 Base Set #81/102 Energy Retrieval (CGC 9 MINT),11.6,0-25,true,sold_back
2026-10-08T11:35:56.000Z,2025 Topps Chrome Chrome Rookie Autographs #TCAR-WCJ Walter Clayton Jr. - Refractor (PSA 9 MINT),42,25-100,true,sold_back
2026-10-08T11:36:00.000Z,2025 Pokémon Simplified CBB3 C-Gem Pack Vol 3 #07 Chandelure (PSA 10 GEM MINT),61.4,25-100,true,sold_back
2026-10-08T11:36:03.000Z,2023 One Piece Premium Card Collection -One Piece Film Red #014 Jinbe (PSA 10 GEM MINT),53.4,25-100,true,sold_back
2026-10-08T11:36:05.000Z,2025 Pokémon Simplified CBB3 C-Gem Pack Vol 3 #07 Chandelure (PSA 10 GEM MINT),61.4,25-100,true,sold_back
2026-10-08T11:36:06.000Z,2025 Mega Dream ex - M2a #229/193 Mega Hawlucha ex - Mega Attack Rare Holo (CGC 10 GEM MINT),12.6,0-25,true,sold_back
2026-10-08T11:36:09.000Z,2021 Battle Styles #160/163 Korrina's Focus - Ultra Rare Holo (CGC 10 GEM MINT),18.9,0-25,true,sold_back
2026-10-08T11:36:09.000Z,2023 Bowman University Chrome #25 Hailey Van Lith (PSA 10 GEM MINT),25.6,25-100,true,sold_back
2026-10-08T11:36:11.000Z,2025 Glory of the Rocket Gang - sv10 #118/098 Team Rocket's Persian ex - Super Rare Holo (CGC 10 PRISTINE),21.7,0-25,true,sold_back
2026-10-08T11:36:12.000Z,2025 Pokémon Svp EN-SV Black Star Promo #209 Thundurus - Black Bolt Elite Trainer Box (PSA 9 MINT),19.6,0-25,true,held
2026-10-08T11:36:14.000Z,2024 Pokémon Ssp EN-Surging Sparks #130 Archaludon EX - Holo (PSA 10 GEM MINT),39.9,25-100,true,held
2026-10-08T11:36:15.000Z,"2023 Trading Card Game Classic - CLV, CLC, CLB #011/034 Electrode - Charizard & Ho-Oh ex Deck - CLC Holo (CGC 9 MINT)",11.5,0-25,true,sold_back
2026-10-08T11:36:20.000Z,2025 One Piece OP13-Carrying on His Will #108 Jewelry Bonney (PSA 9 MINT),18,0-25,true,sold_back
2026-10-08T11:36:21.000Z,2023 Pokémon Card 151 #184/165 Venusaur ex - Super Rare Holo (CGC 9 MINT),12.7,0-25,true,sold_back
2026-10-08T11:36:24.000Z,Pokémon Scarlet & Violet Destined Rivals (1 Booster Pack - Art May Vary),10.7,0-25,true,sold_back
2026-10-08T11:36:27.000Z,2021 Panini Donruss #116 Patrick Mahomes II - Variation-Press Proof Premium (PSA 9 MINT),35,25-100,true,sold_back
2026-10-08T11:36:27.000Z,2023 One Piece Japanese Promos #041 Monkey D. Luffy - 7-Eleven Campaign (PSA 10 GEM MINT),46.7,25-100,true,held
2026-10-08T11:36:32.000Z,2024 One Piece Japanese PRB01-Premium Booster -One Piece Card the Best #078 Boa Hancock - Alternate Art (PSA 9 MINT),34.4,25-100,true,sold_back
2026-10-08T11:36:32.000Z,2026 Pokémon Asc EN-Ascended Heroes #257 Canari - Ultra Rare (PSA 10 GEM MINT),49.6,25-100,true,sold_back
2026-10-08T11:36:36.000Z,2025 One Piece OP10-Royal Blood #058 Rebecca - Alternate Art (PSA 10 GEM MINT),79.2,25-100,true,sold_back
2026-10-08T11:36:39.000Z,2006 EX Crystal Guardians #60/100 Seedot (CGC 10 GEM MINT),19.2,0-25,true,sold_back
2026-10-08T11:36:39.000Z,2023 Black Star Promos - Scarlet & Violet SVP EN #214 Pikachu - Illustration Contest 2024 Winner (CGC 10 GEM MINT),40.8,25-100,true,sold_back
2026-10-08T11:36:42.000Z,2017 Burning Shadows #99/147 Noivern GX - Holo (CGC 8.5 NM-MT+),11.4,0-25,true,sold_back
2026-10-08T11:36:44.000Z,2018 Eevee GX Starter Sets #007/038 Vaporeon GX - Vaporeon GX Deck Holo (CGC 9 MINT),17.2,0-25,true,sold_back
2026-10-08T11:36:44.000Z,2022 Panini Prizm #254 Bennedict Mathurin - Silver Prizm (PSA 9 MINT),11.9,0-25,true,sold_back
2026-10-08T11:36:47.000Z,Pokemon Sun & Moon Tag Team GX Dream League (1 Booster Pack - Art May Vary),42,25-100,true,sold_back
2026-10-08T11:36:50.000Z,2023 Pokémon Sv2d-Clay Burst #079 Tyranitar - Art Rare (PSA 10 GEM MINT),53,25-100,true,sold_back
2026-10-08T11:36:50.000Z,2023 Pokémon Sv4a-Shiny Treasure EX #326 Alakazam EX - Holo Ssr (PSA 10 GEM MINT),53.9,25-100,true,sold_back
2026-10-08T11:36:59.000Z,2022 Battle Region #073/067 Hoothoot - Character Rare Holo (CGC 9 MINT),11.6,0-25,true,held
2026-10-08T11:36:59.000Z,2026 Topps Now Rising Stars #5 Kon Knueppel (PSA 10 GEM MINT),42.4,25-100,true,sold_back
2026-10-08T11:37:00.000Z,2025 Topps Update Home Field Advantage #HA43 Kristian Campbell (PSA 9 MINT),37.3,25-100,true,sold_back
2026-10-08T11:37:03.000Z,2022 Pokémon Sword & Shield Start Deck 100 Corocoro Comic Version #008 Snorlax (PSA 10 GEM MINT),61.5,25-100,true,sold_back
2026-10-08T11:37:05.000Z,Magic: The Gathering Modern Horizons 3 - Play Booster (1 Booster Pack - Art May Vary),13.1,0-25,true,sold_back
2026-10-08T11:37:06.000Z,2025 One Piece PRB02-Premium Booster -One Piece Card the Best- Vol.2 #115 You're the One Who Should Disappear. - Alternate Art (PSA 9 MINT),17.7,0-25,true,sold_back
2026-10-08T11:37:11.000Z,2026 One Piece Starter Deck ST29-Egghead #012 Monkey D. Luffy - Alternate Art (PSA 10 GEM MINT),49.2,25-100,true,sold_back
2026-10-08T11:37:12.000Z,Pokemon Sun & Moon Tag Team GX Dream League (1 Booster Pack - Art May Vary),42,25-100,true,held
2026-10-08T11:37:15.000Z,2025 Glory of the Rocket Gang - sv10 #105/098 Team Rocket's Weezing - Art Rare Holo (CGC 10 PRISTINE),23.7,0-25,true,sold_back
2026-10-08T11:37:15.000Z,2026 One Piece OP15-EB04-Adventure on Kami's Island #119 Monkey D. Luffy (PSA 10 GEM MINT),47,25-100,true,sold_back
2026-10-08T11:37:15.000Z,Magic: The Gathering Phyrexia: All Will Be One - Set Booster (1 Booster Pack - Art May Vary),15.3,0-25,true,sold_back
2026-10-08T11:37:15.000Z,Magic: The Gathering Tarkir: Dragonstorm - Play Booster (1 Booster Pack - Art May Vary),7.5,0-25,true,sold_back
2026-10-08T11:37:17.000Z,2022 Incandescent Arcana #072/068 Gardevoir - Character Rare Holo (CGC 10 GEM MINT),12.5,0-25,true,sold_back
2026-10-08T11:37:18.000Z,2026 One Piece Japanese Premium Card Collection Kumamoto Prefecture Special Don!! Card - Brook (PSA 9 MINT),20.9,0-25,true,sold_back
2026-10-08T11:37:20.000Z,Magic: The Gathering Innistrad Remastered - Play Booster (1 Booster Pack - Art May Vary),13.6,0-25,true,sold_back
2026-10-08T11:37:20.000Z,Magic: The Gathering Streets of New Capenna - Draft Booster (1 Booster Pack - Art May Vary),6.4,0-25,true,sold_back
2026-10-08T11:37:20.000Z,Pokémon Crown Zenith (1 Booster Pack - Art May Vary),29.4,25-100,true,held
2026-10-08T11:37:21.000Z,2025 Mega Dream ex - M2a #199/193 Psyduck - Art Rare Holo (CGC 10 PRISTINE),37.6,25-100,true,sold_back
2026-10-08T11:37:21.000Z,Magic: The Gathering Tarkir: Dragonstorm - Play Booster (1 Booster Pack - Art May Vary),7.5,0-25,true,sold_back
2026-10-08T11:37:23.000Z,2019 Unified Minds #223/236 Latios GX - Ultra Rare Holo (CGC 9 MINT),18.4,0-25,true,sold_back
2026-10-08T11:37:23.000Z,2023 Pokémon Swsh Black Star Promo #291 Lucario Vstar - Full Art Crown Zenith Elite Trainer Box (PSA 10 GEM MINT),108.3,100-500,true,held
2026-10-08T11:37:23.000Z,2025 Panini Select #54 Shedeur Sanders - Silver Prizm (PSA 10 GEM MINT),40.3,25-100,true,sold_back
2026-10-08T11:37:23.000Z,Magic: The Gathering Dragon's Maze (1 Booster Pack - Art May Vary),7,0-25,true,sold_back
2026-10-08T11:37:24.000Z,2025 Pokémon Meg EN-Mega Evolution #154 Stufful - Illustration Rare (PSA 10 GEM MINT),52.6,25-100,true,sold_back
2026-10-08T11:37:27.000Z,2022 Pokémon Sword & Shield Start Deck 100 Corocoro Comic Version #007 Eevee V - Holo (PSA 10 GEM MINT),56.9,25-100,true,sold_back
2026-10-08T11:37:27.000Z,2024 Pokémon Sv5a-Crimson Haze #069 Torkoal - Art Rare (PSA 10 GEM MINT),23.2,0-25,true,sold_back
2026-10-08T11:37:29.000Z,Magic: The Gathering Tarkir: Dragonstorm - Play Booster (1 Booster Pack - Art May Vary),7.5,0-25,true,sold_back
2026-10-08T11:37:39.000Z,2022 Silver Tempest #016/195 Radiant Tsareena - Holo (CGC 10 GEM MINT),19.7,0-25,true,sold_back
2026-10-08T11:37:39.000Z,Pokémon Scarlet & Violet Destined Rivals (1 Booster Pack - Art May Vary),10.7,0-25,true,sold_back
2026-10-08T11:37:41.000Z,2022 Bowman Chrome Sapphire Edition Prospects #BCP174 Jaison Chourio (PSA 9 MINT),21.4,0-25,true,sold_back
2026-10-08T11:37:41.000Z,2024 Panini Select Select Certified Rookies #3 Drake Maye (PSA 9 MINT),20.4,0-25,true,sold_back
2026-10-08T11:37:42.000Z,2005 EX Unseen Forces #65/115 Onix (CGC 10 GEM MINT),22.4,0-25,true,held
2026-10-08T11:37:44.000Z,2022 Pokémon Sword & Shield Dark Phantasma #074 Gengar - Full Art (PSA 10 GEM MINT),90.8,25-100,true,sold_back
2026-10-08T11:37:48.000Z,2022 Pokémon Sword & Shield Paradigm Trigger #079 Lugia V - Holo (PSA 10 GEM MINT),54.8,25-100,true,sold_back
2026-10-08T11:37:50.000Z,2025 Pokémon M2-Inferno X #111 Oricorio EX - Holo Special Art Rare (PSA 10 GEM MINT),51.8,25-100,true,held
2026-10-08T11:37:53.000Z,Pokémon Crown Zenith (1 Booster Pack - Art May Vary),29.4,25-100,true,held
2026-10-08T11:37:56.000Z,2000 Team Rocket #56/82 Ekans - 1st Edition 1st Edition (CGC 8.5 NM-MT+),13.1,0-25,true,held
2026-10-08T11:37:57.000Z,2021 Pokémon 25th Anniversary Collection #020 Pikachu V - Holo (PSA 10 GEM MINT),49.1,25-100,true,redeemed
2026-10-08T11:37:57.000Z,2024 One Piece Japanese OP09-Emperors in the New World #119 Monkey D. Luffy (PSA 9 MINT),20.3,0-25,true,sold_back
2026-10-08T11:37:57.000Z,2025 One Piece Promos #109 Monkey D. Luffy - Illustration Box Vol.3 (PSA 8 NM-MT),17,0-25,true,sold_back
2026-10-08T11:37:59.000Z,2019 Old Maid (Red Back) Pikachu (CGC 10 PRISTINE),21.7,0-25,true,sold_back
2026-10-08T11:37:59.000Z,2023 Pokémon Sv2d-Clay Burst #079 Tyranitar - Art Rare (PSA 10 GEM MINT),53,25-100,true,sold_back
2026-10-08T11:38:00.000Z,2025 One Piece Premium Card Collection -Best Selection Vol.4 #037 More Pizza!! (PSA 10 GEM MINT),44.1,25-100,true,held
2026-10-08T11:38:03.000Z,2020 Stadium Club Chrome UEFA Champions League #26 Pedri (PSA 9 MINT),20.8,0-25,true,sold_back
2026-10-08T11:38:17.000Z,Pokémon Scarlet & Violet Destined Rivals (1 Booster Pack - Art May Vary),10.7,0-25,true,sold_back
2026-10-08T11:38:21.000Z,2023 Pokémon Sv2a-Pokémon Card 151 #183 Mewtwo - Art Rare (PSA 10 GEM MINT),86.7,25-100,true,sold_back
2026-10-08T11:38:23.000Z,2019 Panini Select #96 Cam Reddish - Red Prizm (PSA 10 GEM MINT),12.5,0-25,true,sold_back
2026-10-08T11:38:23.000Z,2025 Pokémon SV-P Promo #261 Hiroshima's Pikachu - Special Box Pokemon Center Hiroshima (PSA 9 MINT),87,25-100,true,sold_back
2026-10-08T11:38:29.000Z,2025 Black Star Promos - Mega Evolution MEP EN #052 Grookey - First Partner Illustration Collection Series 2 (Holo) (CGC 10 GEM MINT),23.7,0-25,true,sold_back
2026-10-08T11:38:32.000Z,2025 Pokémon Sv11b-Black Bolt #161 Zekrom EX - Holo Super Rare (PSA 10 GEM MINT),58.4,25-100,true,sold_back
2026-10-08T11:38:33.000Z,2022 Brilliant Stars #TG09/TG30 Ariados - Trainer Gallery Holo (CGC 10 GEM MINT),22.8,0-25,true,sold_back
2026-10-08T11:38:36.000Z,2025 Black Bolt - BLK EN #001/086 Snivy - Unova Poster Collection (Tinsel Holo) (CGC 9.5 MINT+),12.2,0-25,true,sold_back
2026-10-08T11:38:39.000Z,2024 Topps Chrome Update #USC150 Elly de La Cruz - Refractor (PSA 9 MINT),22.7,0-25,true,sold_back
2026-10-08T11:38:45.000Z,2023 Pokémon Sv3a-Raging Surf #035 Gengar (PSA 10 GEM MINT),62.1,25-100,true,held
2026-10-08T11:38:45.000Z,2026 Pokémon Asc EN-Ascended Heroes #240 Hitmontop - Illustration Rare (PSA 10 GEM MINT),53.9,25-100,true,sold_back
2026-10-08T11:38:47.000Z,2021 VMAX Climax #017/184 Charizard - Line Holo (CGC 10 GEM MINT),22.6,0-25,true,held
2026-10-08T11:38:47.000Z,2024 Journey Together - JTG EN #053/159 Iono's Bellibolt ex - Holo (CGC 10 GEM MINT),19.5,0-25,true,sold_back
2026-10-08T11:38:47.000Z,2026 Pokémon Mep EN-Me Black Star Promo #031 N's Zekrom - Ascended Heroes Elite Trainer Box (PSA 9 MINT),23,0-25,true,held
2026-10-08T11:38:48.000Z,2024 Bowman Draft #BD22 Konnor Griffin (PSA 9 MINT),11.7,0-25,true,sold_back
2026-10-08T11:38:48.000Z,Pokémon Scarlet & Violet Destined Rivals (1 Booster Pack - Art May Vary),10.7,0-25,true,held
2026-10-08T11:38:57.000Z,2026 Pokémon Asc EN-Ascended Heroes #222 Ethan's Magcargo - Illustration Rare (PSA 10 GEM MINT),51.8,25-100,true,sold_back
2026-10-08T11:38:59.000Z,2023 Bowman Draft #BDC70 James Wood - Chrome-Refractor (PSA 9 MINT),14,0-25,true,sold_back
2026-10-08T11:39:00.000Z,2022 VSTAR Universe #178/172 Manaphy - Art Rare Holo (CGC 10 PRISTINE),22,0-25,true,sold_back
2026-10-08T11:39:00.000Z,2025 Mega Evolution - MEG EN #022/132 Mega Camerupt ex - Holo (CGC 10 PRISTINE),22.5,0-25,true,sold_back
2026-10-08T11:39:05.000Z,2026 Pokémon Asc EN-Ascended Heroes #228 Weavile - Illustration Rare (PSA 10 GEM MINT),49.9,25-100,true,sold_back
2026-10-08T11:39:09.000Z,"Superman #301 CGC 9.8 White Pages (DC Comics, 7/76) - Universal",221.996667,100-500,true,sold_back
2026-10-08T11:39:12.000Z,1999 Pokémon Jungle #46 Seaking - 1st Edition (PSA 8 NM-MT),27.8,25-100,true,sold_back
2026-10-08T11:39:12.000Z,"2023 Trading Card Game Classic - CLV, CLC, CLB #011/034 Electrode - Charizard & Ho-Oh ex Deck - CLC Holo (CGC 9 MINT)",11.5,0-25,true,sold_back
2026-10-08T11:39:14.000Z,2025 Mega Symphonia - M1S #071/063 Alakazam - Art Rare Holo (CGC 10 GEM MINT),12.6,0-25,true,sold_back
2026-10-08T11:39:15.000Z,Pokémon Scarlet & Violet Destined Rivals (1 Booster Pack - Art May Vary),10.7,0-25,true,held
2026-10-08T11:39:18.000Z,2025 Pokémon Pfl EN-Phantasmal Flames #013 Mega Charizard X EX - Holo (PSA 9 MINT),22.3,0-25,true,sold_back
2026-10-08T11:39:24.000Z,2024 Cyber Judge #075/071 Litten - Art Rare Holo (CGC 9 MINT),10.5,0-25,true,sold_back
2026-10-08T11:39:26.000Z,"2023 Trading Card Game Classic - CLV, CLC, CLB #017/034 Miltank - Charizard & Ho-Oh ex Deck - CLC Holo (CGC 10 GEM MINT)",13,0-25,true,sold_back
2026-10-08T11:39:26.000Z,2025 Inferno X - M2 #087/080 Zacian - Art Rare Holo (CGC 10 PRISTINE),21.2,0-25,true,sold_back
2026-10-08T11:39:32.000Z,2026 Pokémon M4-Ninja Spinner #103 Cinccino EX - Holo Super Rare (PSA 10 GEM MINT),100,100-500,true,sold_back
2026-10-08T11:39:36.000Z,2024 Pokémon Sv5a-Crimson Haze #070 Infernape - Art Rare (PSA 10 GEM MINT),48.4,25-100,true,sold_back
2026-10-08T11:39:41.000Z,2025 Pokémon MC-Start Deck 100 Battle Collection #757 Sprigatito EX - Holo (PSA 10 GEM MINT),62.8,25-100,true,sold_back
2026-10-08T11:39:48.000Z,2023 Scarlet & Violet 151 - MEW EN #050/165 Diglett - Reverse Holo (CGC 10 GEM MINT),23.3,0-25,true,sold_back
2026-10-08T11:39:50.000Z,2024 Pokémon SV8-Super Electric Breaker #033 Pikachu EX - Holo (PSA 10 GEM MINT),50.4,25-100,true,sold_back
2026-10-08T11:39:50.000Z,2025 One Piece PRB02-Premium Booster -One Piece Card the Best- Vol.2 #001 Koby - Alternate Art (PSA 10 GEM MINT),45.6,25-100,true,sold_back
2026-10-08T11:39:51.000Z,2025 Royal Blood (OP10) - English #OP10-037 Lim - (Borderless) Alt Art (CGC 10 GEM MINT),12.2,0-25,true,sold_back
2026-10-08T11:39:54.000Z,2025 Black Bolt - BLK EN #046/086 Excadrill ex - Holo (CGC 10 GEM MINT),14,0-25,true,sold_back
2026-10-08T11:39:56.000Z,Pokémon Sun & Moon Rebel Clash (1 Booster Pack - Art May Vary),15.2,0-25,true,sold_back
2026-10-08T11:39:57.000Z,2025 Mega Dream ex - M2a #225/193 Mega Eelektross ex - Mega Attack Rare Holo (CGC 10 PRISTINE),20.7,0-25,true,sold_back
2026-10-08T11:40:00.000Z,2023 Crown Zenith #037/159 Kyogre V - Holo (CGC 10 GEM MINT),20.8,0-25,true,sold_back
2026-10-08T11:40:00.000Z,2024 Topps #141 Elly de La Cruz (PSA 9 MINT),17.6,0-25,true,sold_back
2026-10-08T11:40:00.000Z,Pokémon Scarlet & Violet Destined Rivals (1 Booster Pack - Art May Vary),10.7,0-25,true,sold_back
2026-10-08T11:40:08.000Z,2022 Pokémon Sword & Shield Vstar Universe #054 Mew Vmax - Full Art (PSA 10 GEM MINT),50.8,25-100,true,sold_back
2026-10-08T11:40:08.000Z,2023 One Piece Japanese Promos #041 Monkey D. Luffy - One Piece Card Game 1st Anniversary Complete Guide (PSA 9 MINT),25.4,25-100,true,held
2026-10-08T11:40:11.000Z,Pokemon Sun & Moon Tag Team GX Dream League (1 Booster Pack - Art May Vary),42,25-100,true,held
2026-10-08T11:40:12.000Z,"Usagi Yojimbo #1 CGC 9.8 White Pages (Fantagraphics Books, 7/87) - Universal",426,100-500,true,sold_back
2026-10-08T11:40:14.000Z,2022 Pokémon Sword & Shield Incandescent Arcana #073 Smeargle - Full Art (PSA 10 GEM MINT),49.1,25-100,true,sold_back
2026-10-08T11:40:15.000Z,2025 Pokémon Meg EN-Mega Evolution #151 Spearow - Illustration Rare (PSA 10 GEM MINT),48.6,25-100,true,sold_back
2026-10-08T11:40:17.000Z,2025 Pokémon Mep EN-Me Black Star Promo #010 Riolu - Mega Evolution Elite Trainer Box-Mega Lucario (PSA 9 MINT),21.1,0-25,true,held
2026-10-08T11:40:20.000Z,2023 Clay Burst #085/071 Chi-Yu ex - Super Rare Holo (CGC 10 PRISTINE),28.6,25-100,true,sold_back
2026-10-08T11:40:26.000Z,2025 Pokémon Pre EN-Prismatic Evolutions #014 Flareon EX - Holo Surprise Box Exclusive (CGC 9.5 MINT+),18.1,0-25,true,sold_back
2026-10-08T11:40:30.000Z,2025 Pokémon M2a-Mega Dream EX #232 Mega Dragonite EX - Holo Mega Attack Rare (PSA 9 MINT),22.7,0-25,true,sold_back
2026-10-08T11:40:35.000Z,2026 Pokémon Asc EN-Ascended Heroes #222 Ethan's Magcargo - Illustration Rare (PSA 10 GEM MINT),51.8,25-100,true,sold_back
2026-10-08T11:40:36.000Z,2022 Pokémon Sword & Shield Vstar Universe #054 Mew Vmax - Full Art (PSA 10 GEM MINT),50.8,25-100,true,held
2026-10-08T11:40:42.000Z,Pokémon Scarlet & Violet Destined Rivals (1 Booster Pack - Art May Vary),10.7,0-25,true,sold_back
2026-10-08T11:40:44.000Z,1994 Fleer Procards Tampa Yankees #2393 Derek Jeter (PSA 9 MINT),45.5,25-100,true,held
2026-10-08T11:40:44.000Z,2025 Glory of the Rocket Gang - sv10 #109/098 Team Rocket's Meowth - Art Rare Holo (CGC 10 PRISTINE),30.4,25-100,true,sold_back
2026-10-08T11:40:44.000Z,2025 Pokémon Meg EN-Mega Evolution #154 Stufful - Illustration Rare (PSA 10 GEM MINT),52.6,25-100,true,sold_back
2026-10-08T11:40:45.000Z,2001 Topps Archives Reserve #71 Ryne Sandberg - 1983 Topps Reprint (PSA 8 NM-MT),16.9,0-25,true,sold_back
2026-10-08T11:40:45.000Z,2020 Pokémon S Promo #075 Eevee - Pokemon Card Gym (PSA 10 GEM MINT),75.2,25-100,true,sold_back
2026-10-08T11:40:50.000Z,2020 Panini Chronicles #5 Giannis Antetokounmpo (CGC 10 PRISTINE),45,25-100,true,sold_back
2026-10-08T11:40:51.000Z,2019 Panini Select #96 Cam Reddish - Red Prizm (PSA 10 GEM MINT),12.5,0-25,true,sold_back
2026-10-08T11:40:51.000Z,2025 Pokémon M2a-Mega Dream EX #204 Hop's Trevenant - Art Rare (PSA 10 GEM MINT),23.5,0-25,true,held
2026-10-08T11:40:53.000Z,"Amazing Spider-Man #43 CGC 9.8 White Pages (Marvel Comics, 4/24) - Universal Mason Variant Cover",36.2,25-100,true,held
2026-10-08T11:40:54.000Z,1902-O One Dollar NGC MS63,105.195,100-500,true,sold_back
2026-10-08T11:40:56.000Z,2023 Paradox Rift - PAR EN #247/182 Tapu Koko ex - Special Illustration Rare (Holo) (CGC 10 GEM MINT),46.7,25-100,true,held
2026-10-08T11:40:56.000Z,2023 Pokémon Clf-Trading Card Game Classic Venusaur & Lugia EX Deck #002 Ivysaur (PSA 10 GEM MINT),54.7,25-100,true,sold_back
2026-10-08T11:41:05.000Z,2023 Pokémon Sv2a-Pokémon Card 151 #172 Caterpie - Art Rare (PSA 10 GEM MINT),45.2,25-100,true,sold_back
2026-10-08T11:41:05.000Z,Pokémon Scarlet & Violet Destined Rivals (1 Booster Pack - Art May Vary),10.7,0-25,true,sold_back
2026-10-08T11:41:08.000Z,2024 Pokémon SV8-Super Electric Breaker #111 Spheal - Art Rare (PSA 10 GEM MINT),39,25-100,true,redeemed
2026-10-08T11:41:11.000Z,2025 Mega Evolution - MEG EN #104/132 Mega Kangaskhan ex - Holo (CGC 10 GEM MINT),21.2,0-25,true,sold_back
2026-10-08T11:41:15.000Z,Pokémon Scarlet & Violet Destined Rivals (1 Booster Pack - Art May Vary),10.7,0-25,true,held
2026-10-08T11:41:17.000Z,2023 Pokémon Clk-Trading Card Game Classic Blastoise & Suicune EX Deck #009 Articuno (PSA 10 GEM MINT),59.1,25-100,true,sold_back
2026-10-08T11:41:24.000Z,2025 Panini Prizm #441 Cam Ward - No Huddle (PSA 10 GEM MINT),227.5,100-500,true,sold_back
2026-10-08T11:41:29.000Z,2025 Pokémon Simplified CBB3 C-Gem Pack Vol 3 #07 Mimikyu (PSA 10 GEM MINT),81.4,25-100,true,held
2026-10-08T11:41:30.000Z,2014 Phantom Forces #24a/119 M Manectric EX - Mega Powers Collection (Holo) (CGC 9 MINT),18.7,0-25,true,sold_back
2026-10-08T11:41:30.000Z,2021 Parkside Nwsl Premier Edition Stars #54 Trinity Rodman (PSA 9 MINT),22.9,0-25,true,sold_back
2026-10-08T11:41:30.000Z,2022-23 Topps Chrome Sapphire Edition UEFA Club Competitions #50 Alejandro Garnacho - SP (PSA 10 GEM MINT),22.4,0-25,true,sold_back
2026-10-08T11:41:33.000Z,2025 Mega Dream ex - M2a #229/193 Mega Hawlucha ex - Mega Attack Rare Holo (CGC 10 PRISTINE),17.8,0-25,true,sold_back
2026-10-08T11:41:39.000Z,2024 Pokémon Sv8a-Terastal Fest EX #040 Glaceon - Reverse Holo Master Ball (PSA 10 GEM MINT),49,25-100,true,sold_back
2026-10-08T11:41:41.000Z,1999 Base Set #81/102 Energy Retrieval (CGC 6 EX-NM),11.2,0-25,true,sold_back
2026-10-08T11:41:41.000Z,2021 VMAX Climax #255/184 Acerola's Premonition - Super Rare Holo (CGC 10 PRISTINE),102.7,100-500,true,sold_back
2026-10-08T11:41:41.000Z,Pokémon Scarlet & Violet Base Set (1 Booster Pack - Art May Vary),10.6,0-25,true,held
2026-10-08T11:41:45.000Z,2025 One Piece OP13-Carrying on His Will #091 St. Marcus Mars - Alternate Art (PSA 10 GEM MINT),40.5,25-100,true,sold_back
2026-10-08T11:41:45.000Z,2025 Pokémon Jtg EN-Journey Together #167 N's Reshiram - Enhanced Booster Box Topper (CGC 10 GEM MINT),50.1,25-100,true,sold_back
2026-10-08T11:41:45.000Z,2025 Pokémon Pfl EN-Phantasmal Flames #120 Grimsley's Move - Ultra Rare (PSA 10 GEM MINT),27.2,25-100,true,sold_back
2026-10-08T11:41:50.000Z,Pokémon Scarlet & Violet Destined Rivals (1 Booster Pack - Art May Vary),10.7,0-25,true,sold_back
2026-10-08T11:41:54.000Z,2018 Panini Prizm #212 Lamar Jackson (PSA 9 MINT),39.5,25-100,true,sold_back
2026-10-08T11:41:57.000Z,2023 Pokémon SV3-Ruler of the Black Flame #066 Charizard EX - Holo (PSA 9 MINT),22.9,0-25,true,held
2026-10-08T11:41:57.000Z,Pokémon Scarlet & Violet Destined Rivals (1 Booster Pack - Art May Vary),10.7,0-25,true,sold_back
2026-10-08T11:42:00.000Z,2024 Pokémon Sv8a-Terastal Fest EX #206 Glaceon EX - Holo Special Art Rare (PSA 10 GEM MINT),101.2,100-500,true,sold_back
2026-10-08T11:42:02.000Z,2025 Mega Dream ex - M2a #225/193 Mega Eelektross ex - Mega Attack Rare Holo (CGC 10 PRISTINE),20.7,0-25,true,sold_back
2026-10-08T11:42:03.000Z,2022 Pokémon Sword & Shield Dark Phantasma #074 Gengar - Full Art (PSA 10 GEM MINT),90.8,25-100,true,sold_back
2026-10-08T11:42:03.000Z,Pokémon Scarlet & Violet Destined Rivals (1 Booster Pack - Art May Vary),10.7,0-25,true,sold_back
2026-10-08T11:42:06.000Z,2024 Night Wanderer #072/064 Zorua - Art Rare Holo (CGC 9 MINT),18.3,0-25,true,sold_back
2026-10-08T11:42:06.000Z,2025 Mega Symphonia - M1S #071/063 Alakazam - Art Rare Holo (CGC 10 PRISTINE),17.2,0-25,true,held
2026-10-08T11:42:23.000Z,2020 Topps Allen & Ginter #118 Yordan Alvarez - Silver Portrait (PSA 9 MINT),20,0-25,true,sold_back
2026-10-08T11:42:24.000Z,2023 Pokémon Obf EN-Obsidian Flames #041 Volcarona (PSA 10 GEM MINT),50,25-100,true,sold_back
2026-10-08T11:42:24.000Z,2026 One Piece Starter Deck ST29-Egghead #001 Monkey D. Luffy (PSA 10 GEM MINT),42.5,25-100,true,sold_back
2026-10-08T11:42:26.000Z,2026 Pokémon Asc EN-Ascended Heroes #270 Mega Scrafty EX - Holo Mega Attack Rare (PSA 10 GEM MINT),49.1,25-100,true,sold_back
2026-10-08T11:42:33.000Z,2025 Panini Prizm #302 Shedeur Sanders (PSA 10 GEM MINT),46.1,25-100,true,sold_back
2026-10-08T11:42:36.000Z,1999 Pokémon Game #65 Staryu (PSA 8 NM-MT),24.6,0-25,true,sold_back
2026-10-08T11:42:38.000Z,2023 Panini Prizm #339 CJ Stroud - Black & White Checker (PSA 9 MINT),212,100-500,true,sold_back
2026-10-08T11:42:39.000Z,2022 Scarlet & Violet Promos #120/SV-P Pikachu - Gift Campaign (CGC 10 PRISTINE),34,25-100,true,held
2026-10-08T11:42:41.000Z,Pokémon Celebrations (1 Booster Pack - Art May Vary),37.9,25-100,true,sold_back
2026-10-08T11:42:51.000Z,2025 One Piece OP13-Carrying on His Will #064 Gol D. Roger - Alternate Art (PSA 10 GEM MINT),79,25-100,true,sold_back
2026-10-08T11:42:56.000Z,2026 One Piece OP14-EB04-the Azure Sea's Seven #104 Gecko Moria - Alternate Art (PSA 9 MINT),29.3,25-100,true,sold_back
2026-10-08T11:42:57.000Z,1986 Fleer #8 Benoit Benjamin (BGS 9 MINT),53.2,25-100,true,sold_back
2026-10-08T11:42:57.000Z,2019 Hidden Fates #SV86 Lady - Shiny Vault Holo (BGS 9.5 GEM MINT),23,0-25,true,sold_back
2026-10-08T11:42:59.000Z,2023 One Piece Japanese Premium Card Collection -One Piece Film Red #004 Sanji (PSA 9 MINT),20.4,0-25,true,sold_back
2026-10-08T11:43:02.000Z,2022 Pokémon Sword & Shield Vstar Universe #014 Charizard Vstar (PSA 10 GEM MINT),50.1,25-100,true,sold_back
2026-10-08T11:43:02.000Z,Pokémon Scarlet & Violet Destined Rivals (1 Booster Pack - Art May Vary),10.7,0-25,true,sold_back
2026-10-08T11:43:06.000Z,2000 Base Set 2 #6/130 Clefairy - Holo (CGC 7 NM),20.2,0-25,true,sold_back
2026-10-08T11:43:09.000Z,1999 Base Set #54/102 Metapod - Shadowless Shadowless (CGC 5 EX),10.6,0-25,true,sold_back
2026-10-08T11:43:11.000Z,Pokémon Celebrations (1 Booster Pack - Art May Vary),37.9,25-100,true,held
2026-10-08T11:43:14.000Z,2025 Mega Diancie ex Starter Set - mBD #022/021 Meloetta - Mega Diancie ex Set Holo (CGC 10 PRISTINE),35.5,25-100,true,sold_back
2026-10-08T11:43:17.000Z,2025 Bowman Draft Chrome Prospect Autographs #CPA-AJ Antonio Jimenez - Blue Refractor (PSA 9 MINT),17,0-25,true,held
2026-10-08T11:43:18.000Z,2024 Pokémon Twm EN-Twilight Masquerade #222 Bloodmoon Ursaluna EX - Holo Hyper Rare (PSA 9 MINT),22.8,0-25,true,sold_back
2026-10-08T11:43:18.000Z,2025 Destined Rivals - DRI EN #150/182 Team Rocket's Persian ex - Holo (CGC 10 GEM MINT),17.5,0-25,true,sold_back
2026-10-08T11:43:21.000Z,2025 Phantasmal Flames - PFL EN #013/094 Mega Charizard X ex - Holo (CGC 10 GEM MINT),21.9,0-25,true,held
2026-10-08T11:43:24.000Z,2025 One Piece Japanese OP13-Carrying on His Will #004 Sabo - Alternate Art (PSA 9 MINT),20.1,0-25,true,sold_back
2026-10-08T11:43:27.000Z,2023 Panini Prizm #271 George Kittle - Blue Prizm (PSA 9 MINT),48.3,25-100,true,sold_back
2026-10-08T11:43:33.000Z,2025 One Piece OP13-Carrying on His Will #120 Sabo (PSA 10 GEM MINT),36.8,25-100,true,sold_back
2026-10-08T11:43:35.000Z,2025 Pokémon Meg EN-Mega Evolution #139 Litleo - Illustration Rare (PSA 10 GEM MINT),50.5,25-100,true,sold_back
2026-10-08T11:43:36.000Z,2019 Fusion Strike #158/264 Tyranitar V - Holo (CGC 10 GEM MINT),37.6,25-100,true,sold_back
2026-10-08T11:43:38.000Z,2023 Clay Burst #083/071 Farigiraf - Art Rare Holo (CGC 10 GEM MINT),12.3,0-25,true,sold_back
2026-10-08T11:43:38.000Z,2026 Ninja Spinner - M4 #103/083 Cinccino ex - Super Rare Holo (CGC 10 PRISTINE),12.8,0-25,true,held
2026-10-08T11:43:51.000Z,2023 Panini Donruss Optic #247 Anthony Richardson - Green Velocity (PSA 10 GEM MINT),12.7,0-25,true,sold_back
2026-10-08T11:43:53.000Z,2022 Topps Match Attax Nations League #CD50 Memphis Depay (CGC 10 GEM MINT),19.4,0-25,true,sold_back
2026-10-08T11:43:57.000Z,2024 Pokémon Sv8a-Terastal Fest EX #202 Flareon EX - Holo Special Art Rare (PSA 10 GEM MINT),93.9,25-100,true,redeemed
2026-10-08T11:43:57.000Z,2025 Topps Match Attax Hot Prospects #HP-KK Kon Knueppel (PSA 10 GEM MINT),40.5,25-100,true,sold_back
2026-10-08T11:44:00.000Z,2021 25th Anniversary Collection #017/028 Lunala - Holo (CGC 10 PRISTINE),22.7,0-25,true,sold_back
2026-10-08T11:44:03.000Z,2025 Panini Prizm #303 RJ Harvey - Lazer Prizm (PSA 10 GEM MINT),42,25-100,true,sold_back
2026-10-08T11:44:06.000Z,2025 One Piece Japanese 3rd Anniversary Set #094 Monkey D. Dragon (PSA 9 MINT),22.5,0-25,true,sold_back
2026-10-08T11:44:09.000Z,2025 Bowman Chrome Prospect Autographs #CPACC Charlie Condon - Purple Refractor (PSA 9 MINT),432,100-500,true,sold_back
2026-10-08T11:44:09.000Z,Pokémon Celebrations (1 Booster Pack - Art May Vary),37.9,25-100,true,sold_back
2026-10-08T11:44:11.000Z,2022 Pokémon Sword & Shield Lost Origin #TG06 Gengar - Full Art (PSA 8 NM-MT),62,25-100,true,sold_back
2026-10-08T11:44:17.000Z,2025 Pokémon M2a-Mega Dream EX #205 Team Rocket's Mimikyu - Art Rare (PSA 9 MINT),22.9,0-25,true,sold_back
2026-10-08T11:44:18.000Z,2024 One Piece Japanese Starter Deck ST18-Purple Monkey D. Luffy #005 Luffy-Tarou (PSA 10 GEM MINT),45.9,25-100,true,sold_back
2026-10-08T11:44:21.000Z,2014 Panini Prizm World Cup #139 Steven Gerrard (PSA 10 GEM MINT),34.4,25-100,true,sold_back
2026-10-08T11:44:33.000Z,2022 Pokémon GO #050/071 Dragonite VSTAR - Holo (CGC 10 PRISTINE),21.2,0-25,true,held
2026-10-08T11:44:33.000Z,2025 Mega Evolution - MEG EN #163/132 Mega Latias ex - Ultra Rare Holo (CGC 10 GEM MINT),21.9,0-25,true,sold_back
2026-10-08T11:44:33.000Z,2025 One Piece 3rd Anniversary! One Piece Card Treasure Campaign Pack #033 Monkey D. Luffy (PSA 9 MINT),19.4,0-25,true,sold_back
2026-10-08T11:44:38.000Z,2018 Panini Prizm #288 Devonte' Graham (PSA 10 GEM MINT),10.4,0-25,true,sold_back
2026-10-08T11:44:39.000Z,Pokémon Scarlet & Violet Destined Rivals (1 Booster Pack - Art May Vary),10.7,0-25,true,redeemed
2026-10-08T11:44:41.000Z,2025 Pokémon Pre EN-Prismatic Evolutions #026 Glaceon EX - Holo Surprise Box Exclusive (PSA 8 NM-MT),18.8,0-25,true,sold_back
2026-10-08T11:44:44.000Z,1990 Upper Deck #55 Ed Belfour (PSA 8 NM-MT),11.9,0-25,true,sold_back
2026-10-08T11:44:51.000Z,2021 Parkside Nwsl Premier Edition Stars #54 Trinity Rodman (PSA 9 MINT),22.9,0-25,true,sold_back
2026-10-08T11:44:53.000Z,2022 Pokémon Sword & Shield Vstar Universe #200 Bibarel - Full Art (PSA 10 GEM MINT),40.8,25-100,true,sold_back
2026-10-08T11:44:57.000Z,"2003 EX Dragon (2003 Copyright, w/ ""e"" Symbol) #12/97 Torkoal - Reverse Holo (CGC 9 MINT)",165.9,100-500,true,sold_back
2026-10-08T11:44:57.000Z,2023 Pokémon Clk-Trading Card Game Classic Blastoise & Suicune EX Deck #006 Magikarp (PSA 9 MINT),19.3,0-25,true,sold_back
2026-10-08T11:44:59.000Z,2025 Pokémon Sv11b-Black Bolt #132 Gurdurr - Art Rare (PSA 10 GEM MINT),83.6,25-100,true,sold_back
2026-10-08T11:45:00.000Z,2003 Bowman Rookies & Stars #140 Carmelo Anthony - Chrome (PSA 9 MINT),41.8,25-100,true,sold_back
2026-10-08T11:45:03.000Z,2024 Journey Together - JTG EN #053/159 Iono's Bellibolt ex - Holo (CGC 10 GEM MINT),19.5,0-25,true,sold_back
2026-10-08T11:45:03.000Z,"Amazing Spider-Man #95 CGC 9.6 Off-white to White Pages (Marvel Comics, 4/71) - Universal",387.633333,100-500,true,sold_back
2026-10-08T11:45:06.000Z,2025 Pokémon Meg EN-Mega Evolution #133 Bulbasaur - Illustration Rare (PSA 10 GEM MINT),93.4,25-100,true,held
2026-10-08T11:45:08.000Z,2025 One Piece OP10-Royal Blood #012 Charlotte Pudding - Special Alternate Art (PSA 9 MINT),45.7,25-100,true,sold_back
2026-10-08T11:45:09.000Z,2023 Panini Prizm #365 DE'Von Achane - Silver Prizm (PSA 9 MINT),19.7,0-25,true,sold_back
2026-10-08T11:45:09.000Z,Magic: The Gathering Dragon's Maze (1 Booster Pack - Art May Vary),7,0-25,true,sold_back
2026-10-08T11:45:15.000Z,2019 Pokémon Sun & Moon Hidden Fates #SV75 Gardevoir GX - Holo Full Art (PSA 10 GEM MINT),128.8,100-500,true,sold_back
2026-10-08T11:45:15.000Z,Magic: The Gathering Tarkir: Dragonstorm - Play Booster (1 Booster Pack - Art May Vary),7.5,0-25,true,sold_back
2026-10-08T11:45:15.000Z,Magic: The Gathering The Lost Caverns of Ixalan - Set Booster (1 Booster Pack - Art May Vary),18.9,0-25,true,sold_back
2026-10-08T11:45:17.000Z,2022 Pokémon Sword & Shield Vstar Universe #054 Mew Vmax - Full Art (PSA 10 GEM MINT),50.8,25-100,true,sold_back
2026-10-08T11:45:17.000Z,2023 Pokémon Sv2a-Pokémon Card 151 #172 Caterpie - Art Rare (PSA 10 GEM MINT),45.2,25-100,true,sold_back
2026-10-08T11:45:17.000Z,Magic: The Gathering Bloomburrow - Play Booster (1 Booster Pack - Art May Vary),10.1,0-25,true,sold_back
2026-10-08T11:45:18.000Z,Magic: The Gathering Streets of New Capenna - Draft Booster (1 Booster Pack - Art May Vary),6.4,0-25,true,sold_back
2026-10-08T11:45:20.000Z,2021 Eevee Heroes #015/069 Vaporeon V - Holo (CGC 10 GEM MINT),14.3,0-25,true,sold_back
2026-10-08T11:45:21.000Z,2025 Pokémon M2a-Mega Dream EX #127 Rayquaza - Reverse Holo (PSA 10 GEM MINT),58.2,25-100,true,sold_back
2026-10-08T11:45:23.000Z,Magic: The Gathering Streets of New Capenna - Draft Booster (1 Booster Pack - Art May Vary),6.4,0-25,true,sold_back
2026-10-08T11:45:24.000Z,Magic: The Gathering Avatar: The Last Airbender - Jumpstart Booster (1 Booster Pack - Art May Vary),6.1,0-25,true,sold_back
2026-10-08T11:45:24.000Z,Magic: The Gathering Modern Horizons 3 - Play Booster (1 Booster Pack - Art May Vary),13.1,0-25,true,sold_back
2026-10-08T11:45:26.000Z,2023 Pokémon Clk-Trading Card Game Classic Blastoise & Suicune EX Deck #008 Lapras (PSA 10 GEM MINT),45.1,25-100,true,sold_back
2026-10-08T11:45:27.000Z,Magic: The Gathering Tarkir: Dragonstorm - Play Booster (1 Booster Pack - Art May Vary),7.5,0-25,true,sold_back
2026-10-08T11:45:29.000Z,2021 Panini Donruss #251 Trevor Lawrence - Press Proof Premium (PSA 10 GEM MINT),100.7,100-500,true,sold_back
2026-10-08T11:45:30.000Z,2022 Panini Chronicles Recon #REC2 Brock Purdy (PSA 9 MINT),41.1,25-100,true,sold_back
2026-10-08T11:45:32.000Z,Magic: The Gathering Tarkir: Dragonstorm - Play Booster (1 Booster Pack - Art May Vary),7.5,0-25,true,sold_back
2026-10-08T11:45:35.000Z,2025 Destined Rivals - DRI EN #150/182 Team Rocket's Persian ex - Holo (CGC 10 GEM MINT),17.5,0-25,true,sold_back
2026-10-08T11:45:36.000Z,Magic: The Gathering Streets of New Capenna - Draft Booster (1 Booster Pack - Art May Vary),6.4,0-25,true,sold_back
2026-10-08T11:45:38.000Z,2023 Pokémon Sv4m-Future Flash #074 Steelix - Art Rare (PSA 10 GEM MINT),59,25-100,true,sold_back
2026-10-08T11:45:39.000Z,"Ka-Zar Lord of the Savage Land #5 CGC 9.8 White Pages (Marvel Comics, 4/22) - Universal Acuna Variant Cover",25,25-100,true,sold_back
2026-10-08T11:45:41.000Z,2024 Cyber Judge #075/071 Litten - Art Rare Holo (CGC 9 MINT),10.5,0-25,true,sold_back
2026-10-08T11:45:47.000Z,2023 Panini Select #97 Bilal Coulibaly - Neon Green Prizm (PSA 10 GEM MINT),52.1,25-100,true,sold_back
2026-10-08T11:45:51.000Z,2021 Battle Styles #085/163 Single Strike Urshifu V - Holo (CGC 9 MINT),13,0-25,true,sold_back
2026-10-08T11:45:56.000Z,1972 Topps #245 Len Dawson (PSA 6 EX-MT),23.4,0-25,true,sold_back
2026-10-08T11:45:56.000Z,2000 Pokémon Rocket #13 Dark Vileplume - 1st Edition Holo (PSA 9 MINT),294.2,100-500,true,sold_back
2026-10-08T11:45:56.000Z,Pokémon Scarlet & Violet Destined Rivals (1 Booster Pack - Art May Vary),10.7,0-25,true,sold_back
2026-10-08T11:45:59.000Z,2025 Black Star Promos - Mega Evolution MEP EN #044 Litten - First Partner Illustration Collection Series 1 (Holo) (CGC 10 PRISTINE),26.4,25-100,true,sold_back
2026-10-08T11:46:00.000Z,2020 Vivid Voltage #106/185 Drapion V - Holo Ultra Rare (CGC 9 MINT),10.8,0-25,true,sold_back
2026-10-08T11:46:02.000Z,"Detective Comics #558 CGC 9.8 White Pages (DC Comics, 1/86) - Universal",51,25-100,true,sold_back
2026-10-08T11:46:05.000Z,2021 Pokémon Swsh Black Star Promo #179 Flareon V - Holo Full Art Flareon Vmax Premium Collection (PSA 9 MINT),105.1,100-500,true,held
2026-10-08T11:46:12.000Z,2023 Pokémon Cll-Trading Card Game Classic Charizard & HO-Oh EX Deck #002 Charmeleon (PSA 10 GEM MINT),57.8,25-100,true,sold_back
2026-10-08T11:46:12.000Z,2024 Bowman Draft #BD22 Konnor Griffin (PSA 9 MINT),11.7,0-25,true,sold_back
2026-10-08T11:46:14.000Z,2025 Pokémon Svp EN-SV Black Star Promo #208 Victini - Unova Victini Illustration Collection (PSA 9 MINT),23.9,0-25,true,sold_back
2026-10-08T11:46:14.000Z,2026 Pokémon Asc EN-Ascended Heroes #247 Dreepy - Illustration Rare (PSA 10 GEM MINT),44,25-100,true,sold_back
2026-10-08T11:46:14.000Z,Pokémon Scarlet & Violet Destined Rivals (1 Booster Pack - Art May Vary),10.7,0-25,true,sold_back
2026-10-08T11:46:17.000Z,2020 Panini Chronicles Serie A #24 Victor Osimhen (PSA 9 MINT),17.5,0-25,true,sold_back
2026-10-08T11:46:18.000Z,2023 One Piece Premium Card Collection -One Piece Film Red #013 Roronoa Zoro (PSA 9 MINT),37.3,25-100,true,sold_back
2026-10-08T11:46:21.000Z,2023 Clay Burst #083/071 Farigiraf - Art Rare Holo (CGC 10 GEM MINT),12.3,0-25,true,sold_back
2026-10-08T11:46:21.000Z,2024 One Piece Premium Card Collection -Live Action Edition #048 Arlong (PSA 9 MINT),20.9,0-25,true,sold_back
2026-10-08T11:46:24.000Z,2017 Black Star Promos - Sword & Shield #SWSH286 Pikachu VMAX - Crown Zenith Special Collection (Holo) (CGC 8.5 NM-MT+),11.7,0-25,true,sold_back
2026-10-08T11:46:29.000Z,2023 Pokémon Sv2d-Clay Burst #073 Fletchinder - Art Rare (PSA 10 GEM MINT),29.2,25-100,true,sold_back
2026-10-08T11:46:32.000Z,Pokémon Scarlet & Violet Destined Rivals (1 Booster Pack - Art May Vary),10.7,0-25,true,sold_back
2026-10-08T11:46:32.000Z,Pokémon Scarlet & Violet Destined Rivals (1 Booster Pack - Art May Vary),10.7,0-25,true,sold_back
2026-10-08T11:46:33.000Z,Pokémon Scarlet & Violet Base Set (1 Booster Pack - Art May Vary),10.6,0-25,true,held
2026-10-08T11:46:42.000Z,2025 Pokémon M2-Inferno X #093 Mega Heracross EX - Holo Super Rare (PSA 10 GEM MINT),21.2,0-25,true,sold_back
2026-10-08T11:46:42.000Z,Pokemon Scarlet & Violet Surging Sparks (1 Booster Pack - Art May Vary),10,0-25,true,held
2026-10-08T11:46:44.000Z,Pokémon Scarlet & Violet Destined Rivals (1 Booster Pack - Art May Vary),10.7,0-25,true,sold_back
2026-10-08T11:46:45.000Z,1989 Topps Traded #80T Carnell Lake (PSA 9 MINT),20.9,0-25,true,sold_back
2026-10-08T11:46:54.000Z,Pokémon Scarlet & Violet Destined Rivals (1 Booster Pack - Art May Vary),10.7,0-25,true,sold_back
2026-10-08T11:46:57.000Z,2022 VSTAR Universe #206/172 Turtwig - Art Rare (CGC 9 MINT),11.9,0-25,true,sold_back
2026-10-08T11:46:57.000Z,2025 Pokémon Meg EN-Mega Evolution #156 Mega Camerupt EX - Holo Ultra Rare (PSA 10 GEM MINT),37.6,25-100,true,held
2026-10-08T11:46:59.000Z,2025 Battle Partners Deck Build Box - svN #001/045 Mew ex - (Non Holo) (CGC 10 GEM MINT),21.9,0-25,true,sold_back
2026-10-08T11:47:00.000Z,"Spider-Man and His Amazing Friends #1 CGC 8.0 White Pages (Marvel Comics, 12/81) - Newsstand Edition Universal",40.9,25-100,true,sold_back
2026-10-08T11:47:05.000Z,2021 Pokémon Sword & Shield Evolving Skies #065 Espeon Vmax - Full Art (PSA 9 MINT),36.1,25-100,true,redeemed
2026-10-08T11:47:05.000Z,2024 High Class Pack: Terastal Fest ex - sv8a #003/187 Leafeon ex - Holo (CGC 10 PRISTINE),18.1,0-25,true,sold_back
2026-10-08T11:47:09.000Z,2025 Pokémon Dri EN-Destined Rivals #213 Team Rocket's Mewtwo EX - Holo Ultra Rare (PSA 9 MINT),42.1,25-100,true,sold_back
2026-10-08T11:47:14.000Z,2023 Pokémon Sv4a-Shiny Treasure EX #339 Palafin - Art Rare (PSA 10 GEM MINT),38.3,25-100,true,sold_back
2026-10-08T11:47:17.000Z,2024 Panini Rookies & Stars Thrillers #TJDS Jayden Daniels - Pandora (PSA 9 MINT),78.5,25-100,true,held
2026-10-08T11:47:26.000Z,2019 Panini Colecciones Este La Liga #63 Takefusa Kubo (PSA 10 GEM MINT),11.3,0-25,true,sold_back
2026-10-08T11:47:29.000Z,2025 Panini Donruss #350 Cam Ward - Optic Preview-Red Pandora (PSA 8 NM-MT),21.6,0-25,true,sold_back
2026-10-08T11:47:32.000Z,2025 Inferno X - M2 #087/080 Zacian - Art Rare Holo (CGC 10 PRISTINE),21.2,0-25,true,sold_back
2026-10-08T11:47:35.000Z,2026 One Piece OP15-EB04-Adventure on Kami's Island #114 Wyper - Alternate Art (PSA 10 GEM MINT),34.2,25-100,true,held
2026-10-08T11:47:42.000Z,1981 Topps #540 Mike Schmidt (PSA 7 NM),14.3,0-25,true,sold_back
2026-10-08T11:47:45.000Z,2023 Shiny Treasure ex #223/190 Paldean Tauros - Shiny Rare Holo (CGC 10 GEM MINT),19.7,0-25,true,sold_back
2026-10-08T11:47:45.000Z,2025 Pokémon SV9-Battle Partners #129 Salamence EX - Holo Special Art Rare (PSA 10 GEM MINT),61.4,25-100,true,sold_back
2026-10-08T11:47:47.000Z,2024 Panini Mosaic #310 JJ McCarthy - Genesis (PSA 8 NM-MT),158.6,100-500,true,sold_back
2026-10-08T11:47:48.000Z,2025 Panini Mosaic #290 Shedeur Sanders - Mosaic (PSA 10 GEM MINT),43.6,25-100,true,held
2026-10-08T11:47:56.000Z,2025 Destined Rivals - DRI EN #119/182 Team Rocket's Nidoking ex - Holo (CGC 10 GEM MINT),13.3,0-25,true,held
2026-10-08T11:48:00.000Z,Pokémon Shining Fates (1 Booster Pack - Art May Vary),19.5,0-25,true,sold_back
2026-10-08T11:48:02.000Z,2025 Pokémon M2a-Mega Dream EX #243 Marnie's Grimmsnarl EX - Holo Special Art Rare (PSA 10 GEM MINT),50,25-100,true,redeemed
2026-10-08T11:48:08.000Z,2025 One Piece PRB02-Premium Booster -One Piece Card the Best- Vol.2 #107 Kozuki Momonosuke (PSA 10 GEM MINT),20.1,0-25,true,sold_back
2026-10-08T11:48:09.000Z,2026 Pokémon Asc EN-Ascended Heroes #222 Ethan's Magcargo - Illustration Rare (PSA 10 GEM MINT),51.8,25-100,true,sold_back
2026-10-08T11:48:12.000Z,2025 Glory of the Rocket Gang - sv10 #104/098 Team Rocket's Orbeetle - Art Rare Holo (CGC 10 PRISTINE),19.8,0-25,true,sold_back
2026-10-08T11:48:12.000Z,2025 Pokémon SV9-Battle Partners #113 Volcanion EX - Holo Super Rare (PSA 10 GEM MINT),32.9,25-100,true,sold_back
2026-10-08T11:48:12.000Z,2025 Pokémon Simplified CBB3 C-Gem Pack Vol 3 #07 Mimikyu (PSA 10 GEM MINT),81.4,25-100,true,sold_back
2026-10-08T11:48:12.000Z,2026 Pokémon M4-Ninja Spinner #092 Metang - Art Rare (PSA 10 GEM MINT),28.5,25-100,true,sold_back
2026-10-08T11:48:17.000Z,Pokémon Scarlet & Violet Destined Rivals (1 Booster Pack - Art May Vary),10.7,0-25,true,sold_back
2026-10-08T11:48:20.000Z,2000 Gym Heroes #93/132 Sabrina's Gastly - 1st Edition 1st Edition (CGC 9 MINT),21.3,0-25,true,held
2026-10-08T11:48:23.000Z,Pokémon Sword & Shield Vivid Voltage (1 Booster Pack - Art May Vary),14,0-25,true,sold_back
2026-10-08T11:48:29.000Z,2026 Pokémon M4-Ninja Spinner #115 Mega Floette EX - Holo Special Art Rare (PSA 10 GEM MINT),32.4,25-100,true,sold_back
2026-10-08T11:48:30.000Z,2000 Gym Challenge #66/132 Blaine's Vulpix (CGC 8 NM-MT),27.6,25-100,true,sold_back
2026-10-08T11:48:32.000Z,2026 One Piece Starter Deck ST29-Egghead #001 Monkey D. Luffy (PSA 9 MINT),13.1,0-25,true,sold_back
2026-10-08T11:48:33.000Z,2025 White Flare - WHT EN #126/086 Frillish - Illustration Rare Holo (CGC 9 MINT),21.9,0-25,true,sold_back
2026-10-08T11:48:33.000Z,"Star Wars #64 CGC 9.8 White Pages (Marvel Comics, 10/82) - Universal",223,100-500,true,sold_back
2026-10-08T11:48:35.000Z,2023 Pokémon Card 151 #178/165 Tangela - Art Rare Holo (CGC 10 PRISTINE),22.2,0-25,true,sold_back
2026-10-08T11:48:36.000Z,2020 Bowman Draft #BD121 Spencer Torkelson (PSA 9 MINT),11.3,0-25,true,held
2026-10-08T11:48:44.000Z,2025 Black Star Promos - Mega Evolution MEP EN #041 Chimchar - First Partner Illustration Collection Series 1 (Holo) (CGC 10 GEM MINT),17.8,0-25,true,sold_back
2026-10-08T11:48:44.000Z,Pokémon Japanese Sun & Moon Full Metal Wall (1 Booster Pack - Art May Vary),14.4,0-25,true,redeemed
2026-10-08T11:48:48.000Z,2023 Violet ex #087/078 Greavard - Art Rare Holo (CGC 10 PRISTINE),21.1,0-25,true,sold_back
2026-10-08T11:48:56.000Z,2025 Mega Dream ex - M2a #236/193 Iono's Bellibolt ex - Special Art Rare Holo (CGC 10 GEM MINT),23.7,0-25,true,sold_back
2026-10-08T11:48:56.000Z,2025 Topps Chrome #263 Derik Queen - X-Fractor (PSA 8 NM-MT),11.5,0-25,true,sold_back
2026-10-08T11:49:00.000Z,2022 Pokémon Sword & Shield Vstar Universe #190 Galarian Moltres - Full Art (PSA 10 GEM MINT),58.8,25-100,true,sold_back
2026-10-08T11:49:02.000Z,1999 Playoff Momentum #154 Edgerrin James (PSA 9 MINT),15.2,0-25,true,sold_back
2026-10-08T11:49:03.000Z,2024-25 Topps Chrome UEFA Club Competitions Golazo #GZ29 Kevin de Bruyne - Blue Refractor (PSA 10 GEM MINT),78.8,25-100,true,held
2026-10-08T11:49:11.000Z,2022 Pokémon Sword & Shield Vstar Universe #054 Mew Vmax - Full Art (PSA 10 GEM MINT),50.8,25-100,true,sold_back
2026-10-08T11:49:14.000Z,2023 Pokémon Sv4a-Shiny Treasure EX #327 Mew EX - Holo Ssr (PSA 10 GEM MINT),65.3,25-100,true,held
2026-10-08T11:49:14.000Z,2024 Journey Together - JTG EN #114/159 Salamence ex - Holo (CGC 8.5 NM-MT+),10.9,0-25,true,sold_back
2026-10-08T11:49:14.000Z,2025 One Piece Japanese Premium Card Collection -Best Selection Vol.4 #095 Laffitte (PSA 9 MINT),12.5,0-25,true,sold_back
2026-10-08T11:49:20.000Z,2025 Pokémon Sv11b-Black Bolt #104 Volcarona - Art Rare (PSA 10 GEM MINT),29.8,25-100,true,sold_back
2026-10-08T11:49:20.000Z,2026 One Piece OP14-EB04-the Azure Sea's Seven #120 Crocodile (PSA 9 MINT),10.9,0-25,true,sold_back
2026-10-08T11:49:21.000Z,2023 Pokémon Sword and Shield Crown Zenith #GG61 Gardenia's Vigor - Full Art (PSA 10 GEM MINT),70.4,25-100,true,sold_back
2026-10-08T11:49:21.000Z,2025 Pokémon Pfl EN-Phantasmal Flames #109 Mega Charizard X EX - Holo Ultra Rare (PSA 10 GEM MINT),110.4,100-500,true,sold_back
2026-10-08T11:49:24.000Z,2025 Black Star Promos - Mega Evolution MEP EN #041 Chimchar - First Partner Illustration Collection Series 1 (Holo) (CGC 10 GEM MINT),17.8,0-25,true,held
2026-10-08T11:49:24.000Z,2026 One Piece Promos #093 Trafalgar Law - Illustration Box Vol.6 (PSA 10 GEM MINT),32.1,25-100,true,sold_back
2026-10-08T11:49:29.000Z,2019 Old Maid (Red Back) Meowth (CGC 10 PRISTINE),17.1,0-25,true,sold_back
2026-10-08T11:49:32.000Z,1989 Topps #27 Ickey Woods (PSA 10 GEM MINT),43.5,25-100,true,held
2026-10-08T11:49:33.000Z,Pokémon Scarlet & Violet Destined Rivals (1 Booster Pack - Art May Vary),10.7,0-25,true,sold_back
2026-10-08T11:49:35.000Z,2025 Mega Diancie ex Starter Set - mBD #022/021 Meloetta - Mega Diancie ex Set Holo (CGC 10 GEM MINT),19.5,0-25,true,sold_back
2026-10-08T11:49:39.000Z,2020 Topps X Bvb Borussia Dortmund #15 Giovanni Reyna (PSA 9 MINT),11.5,0-25,true,held
2026-10-08T11:49:39.000Z,2024 Paldean Fates - PAF EN #059/091 Paldean Clodsire ex - Holo (CGC 9 MINT),13.6,0-25,true,sold_back
2026-10-08T11:49:41.000Z,2023 Pokémon Swsh Black Star Promo #282 Galarian Articuno - Crown Zenith Tin (PSA 9 MINT),22.2,0-25,true,sold_back
2026-10-08T11:49:42.000Z,1972 Topps #245 Len Dawson (PSA 6 EX-MT),23.4,0-25,true,sold_back
2026-10-08T11:49:48.000Z,2022 VSTAR Universe #234/172 Hisuian Zoroark VSTAR - Special Art Rare Holo (CGC 10 PRISTINE),70.7,25-100,true,held
2026-10-08T11:49:48.000Z,"Primer #2 CGC 8.5 White Pages (Comico, 1982) - Universal",284,100-500,true,sold_back
2026-10-08T11:49:51.000Z,2024 Surging Sparks - SSP EN #198/191 Feebas - Illustration Rare Holo (CGC 9 MINT),17.8,0-25,true,sold_back
2026-10-08T11:49:57.000Z,2023 Pokémon Card 151 #006/165 Charizard ex - Holo (CGC 10 GEM MINT),23.4,0-25,true,sold_back
2026-10-08T11:49:59.000Z,2018 Panini Prizm #288 Devonte' Graham (PSA 10 GEM MINT),10.4,0-25,true,sold_back
2026-10-08T11:50:02.000Z,2020 Pokémon Sword & Shield Vivid Voltage #115 Steelix V - Holo (PSA 9 MINT),22.4,0-25,true,sold_back
2026-10-08T11:50:08.000Z,2022 Bowman Chrome Prospect Autographs #CPARR Ryan Reckley - Refractor (PSA 9 MINT),13,0-25,true,held
2026-10-08T11:50:08.000Z,2024 Journey Together - JTG EN #043/159 Veluza ex - Holo (CGC 10 GEM MINT),21.4,0-25,true,sold_back
2026-10-08T11:50:12.000Z,2024 Pokémon Trick or Trade #057 Gengar (PSA 10 GEM MINT),323.2,100-500,true,sold_back
2026-10-08T11:50:12.000Z,2025 Mega Dream ex - M2a #063/193 Team Rocket's Mewtwo ex - Holo (CGC 10 PRISTINE),20.2,0-25,true,redeemed
2026-10-08T11:50:14.000Z,2020 Panini La Liga Megacracks #430 Pedri (PSA 9 MINT),19.2,0-25,true,held
2026-10-08T11:50:20.000Z,2023 Panini Prizm #339 CJ Stroud - Disco Prizm (PSA 9 MINT),24.4,0-25,true,sold_back
2026-10-08T11:50:20.000Z,"Phantom Stranger #18 CGC 9.6 Off-white Pages (DC Comics, 3-4/72) - Universal",265,100-500,true,sold_back
2026-10-08T11:50:21.000Z,2022 Pokémon Sword & Shield Silver Tempest #TG12 Kricketune V - Holo Full Art (PSA 9 MINT),18.7,0-25,true,sold_back
2026-10-08T11:50:23.000Z,Pokémon Scarlet & Violet Destined Rivals (1 Booster Pack - Art May Vary),10.7,0-25,true,sold_back
2026-10-08T11:50:26.000Z,2023 Shiny Treasure ex #135/190 Noivern ex - Holo (CGC 10 PRISTINE),19.9,0-25,true,sold_back
2026-10-08T11:50:26.000Z,2024 Cyber Judge #100/071 Iron Boulder ex - Ultra Rare Holo (CGC 10 PRISTINE),18.7,0-25,true,sold_back
2026-10-08T11:50:27.000Z,2021 Pokémon Sword & Shield Eevee Heroes #041 Sylveon Vmax - Full Art (PSA 10 GEM MINT),46.8,25-100,true,sold_back
2026-10-08T11:50:29.000Z,2025 Gem Pack Volume 2 - CBB2C - Simplified #05 05/14 Espeon - Stars Holo (CGC 9 MINT),11.6,0-25,true,sold_back
2026-10-08T11:50:30.000Z,2025 Pokémon Meg EN-Mega Evolution #133 Bulbasaur - Enhanced Booster Box Topper (PSA 8 NM-MT),18.3,0-25,true,sold_back
2026-10-08T11:50:32.000Z,2000 Neo Genesis #54/111 Chikorita - 1st Edition (CGC 9 MINT),21,0-25,true,sold_back
2026-10-08T11:50:36.000Z,"Superman: The Man of Steel #18 CGC 9.8 White Pages (DC Comics, 12/92) - Universal",84.4,25-100,true,sold_back
2026-10-08T11:50:38.000Z,Magic: The Gathering Streets of New Capenna - Draft Booster (1 Booster Pack - Art May Vary),6.4,0-25,true,sold_back
2026-10-08T11:50:39.000Z,2023 Black Star Promos - Scarlet & Violet SVP EN #210 Tornadus - White Flare Elite Trainer Box (Holo) (CGC 10 GEM MINT),20,0-25,true,held
2026-10-08T11:50:44.000Z,2025 Black Star Promos - Mega Evolution MEP EN #023 Mega Charizard X ex - Mega Charizard X ex Ultra Premium Collection (Holo) (CGC 9 MINT),25.4,25-100,true,sold_back
2026-10-08T11:50:44.000Z,Magic: The Gathering Phyrexia: All Will Be One - Set Booster (1 Booster Pack - Art May Vary),15.3,0-25,true,sold_back
2026-10-08T11:50:45.000Z,2023 Pokémon Sv1a-Triplet Beat #082 Quaxwell - Art Rare (PSA 10 GEM MINT),28.2,25-100,true,held
2026-10-08T11:50:45.000Z,"2023 Trading Card Game Classic - CLF, CLL, CLK #009/032 Raichu - Holo Charizard & Ho-Oh ex Deck - CLL (CGC 8.5 NM-MT+)",110.79,100-500,true,sold_back
2026-10-08T11:50:47.000Z,2022 Panini Prizm #254 Bennedict Mathurin - Silver Prizm (PSA 9 MINT),11.9,0-25,true,held
2026-10-08T11:50:47.000Z,Magic: The Gathering Streets of New Capenna - Draft Booster (1 Booster Pack - Art May Vary),6.4,0-25,true,sold_back
2026-10-08T11:50:48.000Z,2023 Pokémon Sv2a-Pokémon Card 151 #166 Bulbasaur - Art Rare (PSA 10 GEM MINT),77,25-100,true,sold_back
2026-10-08T11:50:48.000Z,2025 Pokémon MC-Start Deck 100 Battle Collection #757 Sprigatito EX - Holo (PSA 10 GEM MINT),62.8,25-100,true,sold_back
2026-10-08T11:50:48.000Z,2025 Pokémon Simplified CBB3 C-Gem Pack Vol 3 #07 Chandelure (PSA 10 GEM MINT),61.4,25-100,true,sold_back
2026-10-08T11:50:48.000Z,2025 Pokémon Sv11b-Black Bolt #131 Timburr - Art Rare (PSA 10 GEM MINT),49.7,25-100,true,sold_back
2026-10-08T11:50:48.000Z,Pokémon Japanese Sun & Moon Dragon Storm (1 Booster Pack - Art May Vary),44,25-100,true,held
2026-10-08T11:50:51.000Z,Magic: The Gathering Avatar: The Last Airbender - Jumpstart Booster (1 Booster Pack - Art May Vary),6.1,0-25,true,sold_back
2026-10-08T11:50:51.000Z,Magic: The Gathering Streets of New Capenna - Draft Booster (1 Booster Pack - Art May Vary),6.4,0-25,true,sold_back
2026-10-08T11:50:51.000Z,Magic: The Gathering Tarkir: Dragonstorm - Play Booster (1 Booster Pack - Art May Vary),7.5,0-25,true,sold_back
2026-10-08T11:50:54.000Z,2022 Pokémon GO #027/071 Pikachu (CGC 9 MINT),11,0-25,true,sold_back
2026-10-08T11:50:57.000Z,2023 Pokémon Clf-Trading Card Game Classic Venusaur & Lugia EX Deck #003 Venusaur (PSA 10 GEM MINT),86.2,25-100,true,sold_back
2026-10-08T11:50:57.000Z,Magic: The Gathering Dragon's Maze (1 Booster Pack - Art May Vary),7,0-25,true,sold_back
2026-10-08T11:50:57.000Z,Magic: The Gathering Streets of New Capenna - Draft Booster (1 Booster Pack - Art May Vary),6.4,0-25,true,sold_back
2026-10-08T11:50:59.000Z,2023 Crown Zenith #096/159 Zacian VSTAR - Holo (CGC 9 MINT),10.8,0-25,true,sold_back
2026-10-08T11:50:59.000Z,2025 Pokémon SV9-Battle Partners #107 Lycanroc - Art Rare (PSA 10 GEM MINT),43.2,25-100,true,sold_back
2026-10-08T11:50:59.000Z,Magic: The Gathering The Lost Caverns of Ixalan - Set Booster (1 Booster Pack - Art May Vary),18.9,0-25,true,sold_back
2026-10-08T11:51:00.000Z,1955 Bowman #21 Lee Riley (PSA 6 EX-MT),19.3,0-25,true,sold_back
2026-10-08T11:51:00.000Z,"2003 EX Sandstorm (2003 Copyright, w/ ""e"" Symbol) #1/100 Armaldo - Holo (CGC 10 GEM MINT)",240.1,100-500,true,held
2026-10-08T11:51:00.000Z,2022 Pokémon Go #028 Pikachu - Holo (PSA 10 GEM MINT),71.9,25-100,true,held
2026-10-08T11:51:00.000Z,"2023 Trading Card Game Classic - CLF, CLL, CLK #011/032 Drowzee - Blastoise & Suicune ex Deck - CLK Holo (CGC 10 PRISTINE)",20.2,0-25,true,sold_back
2026-10-08T11:51:02.000Z,1988 Fleer #129 Charles Barkley - All-Star (PSA 7 NM),14.1,0-25,true,sold_back
2026-10-08T11:51:03.000Z,2017 Black Star Promos - Sword & Shield #SWSH235 Dragonite V - Pokémon GO Premier Deck Holder Collection (Holo) (CGC 9 MINT),18.1,0-25,true,sold_back
2026-10-08T11:51:08.000Z,2023 Pokémon Card 151 #186/165 Blastoise ex - Super Rare Holo (CGC 10 PRISTINE),38.4,25-100,true,sold_back
2026-10-08T11:51:11.000Z,2023 Pokémon Sv2d-Clay Burst #088 Ting-LU EX - Holo Super Rare (PSA 10 GEM MINT),34.7,25-100,true,sold_back
2026-10-08T11:51:11.000Z,2025 Pokémon Meg EN-Mega Evolution #133 Bulbasaur - Illustration Rare (PSA 10 GEM MINT),93.4,25-100,true,sold_back
2026-10-08T11:51:12.000Z,1999 Fossil #55/62 Slowpoke (CGC 10 PRISTINE),215.5,100-500,true,held
2026-10-08T11:51:18.000Z,2007 Secret Wonders #82/132 Charmander (CGC 7 NM),24.4,0-25,true,held
2026-10-08T11:51:20.000Z,2025 Pokémon Sv11b-Black Bolt #131 Timburr - Art Rare (PSA 10 GEM MINT),49.7,25-100,true,sold_back
2026-10-08T11:51:21.000Z,2022 Bowman Sapphire Edition Chrome Prospects #BCP3 Kahlil Watson (PSA 10 GEM MINT),16.9,0-25,true,sold_back
2026-10-08T11:51:21.000Z,2024 Journey Together - JTG EN #053/159 Iono's Bellibolt ex - Holo (CGC 9 MINT),10.7,0-25,true,held
2026-10-08T11:51:23.000Z,2024 Super Electric Breaker - sv8 #033/106 Pikachu ex - Holo (CGC 9 MINT),12.5,0-25,true,sold_back
2026-10-08T11:51:23.000Z,Pokémon Scarlet & Violet 151 (1 Booster Pack - Art May Vary),33.6,25-100,true,sold_back
2026-10-08T11:51:24.000Z,2024 Wild Force #074/071 Bronzor - Art Rare Holo (CGC 10 PRISTINE),21,0-25,true,sold_back
2026-10-08T11:51:29.000Z,2024 Paldean Fates - PAF EN #006/091 Espathra ex - Holo (CGC 9 MINT),12.2,0-25,true,held
2026-10-08T11:51:50.000Z,2024 Topps Stars of MLB #SMLB57 Yoshinobu Yamamoto - Series 2 (PSA 9 MINT),27.4,25-100,true,held
2026-10-08T11:51:50.000Z,2025 White Flare - WHT EN #020/086 Reshiram ex - Unova Heavy Hitters Premium Collection (Holo) (CGC 10 GEM MINT),18.4,0-25,true,held
2026-10-08T11:51:53.000Z,2021 Pokémon Sword & Shield Chilling Reign #216 Karen's Conviction - Full Art Secret (PSA 10 GEM MINT),69,25-100,true,held
2026-10-08T11:51:54.000Z,2023 Pokémon Sv1v-Violet EX #084 Pachirisu - Art Rare (PSA 10 GEM MINT),44.1,25-100,true,sold_back
2026-10-08T11:51:57.000Z,2000 Neo Genesis #1/111 Ampharos - Holo (CGC 7.5 NM+),84.1,25-100,true,held
2026-10-08T11:51:57.000Z,"2023 Trading Card Game Classic - CLF, CLL, CLK #002/032 Ivysaur - Venusaur & Lugia ex Deck - CLF Holo (CGC 9.5 MINT+)",18.6,0-25,true,sold_back
2026-10-08T11:51:57.000Z,2024 Panini Select Select Certified Rookies #3 Drake Maye (PSA 9 MINT),20.4,0-25,true,held
2026-10-08T11:51:59.000Z,Pokémon Scarlet & Violet Destined Rivals (1 Booster Pack - Art May Vary),10.7,0-25,true,sold_back
2026-10-08T11:52:02.000Z,2025 Pokémon Meg EN-Mega Evolution #138 Vulpix - Illustration Rare (PSA 9 MINT),22.6,0-25,true,redeemed
2026-10-08T11:52:06.000Z,2015 Topps Heritage Minor League #112 Gleyber Torres (PSA 10 GEM MINT),13.5,0-25,true,sold_back
2026-10-08T11:52:09.000Z,2025 Pokémon Meg EN-Mega Evolution #146 Marshadow - Illustration Rare (PSA 10 GEM MINT),74.5,25-100,true,held
2026-10-08T11:52:12.000Z,2024 Pokémon Sv5a-Crimson Haze #070 Infernape - Art Rare (PSA 10 GEM MINT),48.4,25-100,true,held
2026-10-08T11:52:15.000Z,2001 Score Select Settle the Score #SS-10 Cris Carter/Jerry Rice (PSA 9 MINT),15.1,0-25,true,sold_back
2026-10-08T11:52:17.000Z,2023 Violet ex #087/078 Greavard - Art Rare Holo (CGC 10 PRISTINE),21.1,0-25,true,sold_back
2026-10-08T11:52:18.000Z,1998 Pacific Crown Royale #54 Peyton Manning (PSA 7 NM),60.4,25-100,true,sold_back
2026-10-08T11:52:18.000Z,2020 Pokémon Sword & Shield Shiny Star V #071 Gengar - Holo (PSA 9 MINT),46.2,25-100,true,sold_back
2026-10-08T11:52:32.000Z,2026 Pokémon Asc EN-Ascended Heroes #278 Mega Eelektross EX - Holo Special Illustration Rare (PSA 10 GEM MINT),71.5,25-100,false,sold_back
2026-10-08T11:52:32.000Z,Pokémon Scarlet & Violet Destined Rivals (1 Booster Pack - Art May Vary),10.7,0-25,false,held
2026-10-08T11:52:36.000Z,2025 Pokémon Dri EN-Destined Rivals #203 Team Rocket's Meowth - Illustration Rare (PSA 9 MINT),36.2,25-100,false,sold_back
2026-10-08T11:52:38.000Z,2023 Pokémon Sv4k-Ancient Roar #076 Morpeko - Art Rare (PSA 10 GEM MINT),74.5,25-100,false,sold_back
2026-10-08T11:52:38.000Z,2025 Pokémon Meg EN-Mega Evolution #154 Stufful - Illustration Rare (PSA 10 GEM MINT),52.6,25-100,false,sold_back
2026-10-08T11:52:38.000Z,2026 Pokémon Asc EN-Ascended Heroes #265 Mega Froslass EX - Holo Mega Attack Rare (PSA 10 GEM MINT),49,25-100,false,sold_back
2026-10-08T11:52:39.000Z,2024 Journey Together - JTG EN #164/159 Lillie's Ribombee - Illustration Rare Holo (CGC 10 GEM MINT),22.4,0-25,false,sold_back
2026-10-08T11:52:39.000Z,2025 Pokémon Pre EN-Prismatic Evolutions #075 Eevee EX - Holo (CGC 10 GEM MINT),23.3,0-25,false,sold_back
2026-10-08T11:52:50.000Z,2025 Bowman Chrome Prospect Autographs #CPAJA Jose Anderson (PSA 9 MINT),15.4,0-25,false,sold_back
2026-10-08T11:52:50.000Z,Pokémon Scarlet & Violet Destined Rivals (1 Booster Pack - Art May Vary),10.7,0-25,false,held
2026-10-08T11:52:51.000Z,2025 Glory of the Rocket Gang - sv10 #117/098 Team Rocket's Crobat ex - Super Rare Holo (CGC 10 GEM MINT),22.3,0-25,false,sold_back
2026-10-08T11:52:54.000Z,2025 Pokémon Scr EN-Stellar Crown #030 Blastoise EX - Holo Venusaur EX & Blastoise EX Premium Collection (PSA 9 MINT),24.1,0-25,false,sold_back
2026-10-08T11:52:54.000Z,2026 Adventure on KAMI's Island (OP15-EB04) - English #086 Nami - (Borderless) Alt Art (BGS 10 PRISTINE),384.4,100-500,false,sold_back
2026-10-08T11:52:56.000Z,2019 Pokémon Sun & Moon Tag Team GX All Stars #094 Togepi & Cleffa & Igglybuff GX - Holo (PSA 9 MINT),39.5,25-100,false,held
2026-10-08T11:52:56.000Z,Pokémon Scarlet & Violet Destined Rivals (1 Booster Pack - Art May Vary),10.7,0-25,false,sold_back
2026-10-08T11:53:00.000Z,2022 Bowman University Chrome Prospects #39 Stetson Bennett (PSA 10 GEM MINT),23.8,0-25,false,sold_back
2026-10-08T11:53:03.000Z,2024 Panini Nil University of Texas Arch Manning (PSA 10 GEM MINT),85.1,25-100,false,sold_back
2026-10-08T11:53:05.000Z,2023 Pokémon Card 151 #134/165 Vaporeon - Holo (CGC 10 PRISTINE),22.3,0-25,false,held
2026-10-08T11:53:06.000Z,2025 Pokémon M2-Inferno X #115 Dawn - Special Art Rare (PSA 9 MINT),17.6,0-25,false,held
2026-10-08T11:53:09.000Z,"2023 Trading Card Game Classic - CLV, CLC, CLB #017/034 Miltank - Charizard & Ho-Oh ex Deck - CLC Holo (CGC 10 GEM MINT)",13,0-25,false,sold_back
2026-10-08T11:53:20.000Z,Brilliant Stars (1 Booster Pack - Art May Vary),19.6,0-25,false,sold_back
2026-10-08T11:53:20.000Z,Pokémon Scarlet & Violet Destined Rivals (1 Booster Pack - Art May Vary),10.7,0-25,false,sold_back
2026-10-08T11:53:21.000Z,2025 Black Star Promos - Mega Evolution MEP EN #024 Oricorio ex - Mega Charizard X ex Ultra Premium Collection (Holo) (CGC 10 PRISTINE),73.6,25-100,false,held
2026-10-08T11:53:27.000Z,1978 Topps #315 Tony Dorsett (PSA 8 NM-MT),179.1,100-500,false,sold_back
2026-10-08T11:53:27.000Z,2026 Pokémon Asc EN-Ascended Heroes #043 Mega Feraligatr EX - Holo (PSA 10 GEM MINT),37,25-100,false,sold_back
2026-10-08T11:53:41.000Z,2025 Black Star Promos - Mega Evolution MEP EN #044 Litten - First Partner Illustration Collection Series 1 (Holo) (CGC 10 GEM MINT),18.1,0-25,false,sold_back
2026-10-08T11:53:41.000Z,2025 Pokémon M2-Inferno X #114 Mega Lopunny EX - Holo Special Art Rare (PSA 10 GEM MINT),33.2,25-100,false,held
2026-10-08T11:53:41.000Z,2025 Pokémon Pre EN-Prismatic Evolutions #041 Sylveon EX - Holo Surprise Box Exclusive (PSA 9 MINT),22.3,0-25,false,sold_back
2026-10-08T11:53:41.000Z,2026 Pokémon Asc EN-Ascended Heroes #268 Mega Hawlucha EX - Holo Mega Attack Rare (PSA 9 MINT),17.7,0-25,false,sold_back
2026-10-08T11:53:47.000Z,Pokémon Scarlet & Violet Destined Rivals (1 Booster Pack - Art May Vary),10.7,0-25,false,held
2026-10-08T11:53:50.000Z,"Amazing Spider-Man #375 CGC 9.8 White Pages (Marvel Comics, 3/93) - Universal",195,100-500,false,sold_back
2026-10-08T11:53:51.000Z,2025 Pokémon M2a-Mega Dream EX #243 Marnie's Grimmsnarl EX - Holo Special Art Rare (PSA 10 GEM MINT),50,25-100,false,held
2026-10-08T11:53:51.000Z,2025 Pokémon Mep EN-Me Black Star Promo #024 Oricorio EX - Holo Mega Charizard X EX Ultra-Premium Collection (PSA 9 MINT),17.1,0-25,false,sold_back
2026-10-08T11:53:53.000Z,2019 Pokémon Sun & Moon Unified Minds #79a Jirachi GX - Holo Full Art 2020 Yellow A Alternate Art Jirachi GX Collection (PSA 10 GEM MINT),493.5,100-500,false,sold_back
2026-10-08T11:54:05.000Z,2020 Panini Donruss #302 Tua Tagovailoa (PSA 10 GEM MINT),13.4,0-25,false,sold_back
2026-10-08T11:54:09.000Z,2022 Brilliant Stars #057/172 Granbull V - Holo (CGC 10 GEM MINT),18.5,0-25,false,held
2026-10-08T11:54:11.000Z,Pokémon Japanese Sun & Moon Thunderclap Spark (1 Booster Pack - Art May Vary),24,0-25,false,sold_back
2026-10-08T11:54:11.000Z,Pokémon Scarlet & Violet Destined Rivals (1 Booster Pack - Art May Vary),10.7,0-25,false,held
2026-10-08T11:54:15.000Z,1958 Topps #97 Larry Jackson - White Name (PSA 7 NM),39.7,25-100,false,sold_back
2026-10-08T11:54:15.000Z,2025-2026 Topps Now FC Barcelona #3 Dro (PSA 9 MINT),18,0-25,false,held
2026-10-08T11:54:18.000Z,2025 Topps Holiday #H200 Shohei Ohtani (PSA 9 MINT),24.9,0-25,false,sold_back
2026-10-08T11:54:20.000Z,2023 Shrouded Fable - SFA EN #092 Fezandipiti ex - Special Illustration Rare (Holo) (BGS 9 MINT),28.1,25-100,false,sold_back
2026-10-08T11:54:27.000Z,2025 Pokémon M2a-Mega Dream EX #242 N's Zoroark EX - Holo Special Art Rare (PSA 10 GEM MINT),77.1,25-100,false,sold_back
2026-10-08T11:54:27.000Z,Pokémon XY Breakpoint (1 Booster Pack - Art May Vary),52,25-100,false,sold_back
2026-10-08T11:54:32.000Z,2025 Pokémon SV-P Promo #242 Pikachu - Illustration Contest 2024 (PSA 10 GEM MINT),84,25-100,false,sold_back
2026-10-08T11:54:33.000Z,2025 Phantasmal Flames - PFL EN #056 Mega Gengar ex - Holo (BGS 9 MINT),17,0-25,false,sold_back
2026-10-08T11:54:39.000Z,2021 Eevee Heroes #070/069 Leafeon V - Super Rare Holo (CGC 10 GEM MINT),25.3,25-100,false,held
2026-10-08T11:54:42.000Z,Pokémon XY Steam Siege (1 Booster Pack - Art May Vary),35.5,25-100,false,held
2026-10-08T11:54:47.000Z,2012 Panini Hoops #236 Kawhi Leonard (BGS 8.5 NM-MT+),12.4,0-25,false,held
2026-10-08T11:54:48.000Z,1999 Pokémon Fossil #54 Shellder - 1st Edition (PSA 7 NM),25.4,25-100,false,sold_back
2026-10-08T11:54:48.000Z,2024 Super Electric Breaker - sv8 #115/106 Phanpy - Art Rare Holo (CGC 10 PRISTINE),18.9,0-25,false,sold_back
2026-10-08T11:54:50.000Z,2023 Black Star Promos - Scarlet & Violet SVP EN #129 Pecharunt - Shrouded Fable Elite Trainer Box (Holo) (CGC 10 GEM MINT),18.4,0-25,false,sold_back
2026-10-08T11:54:53.000Z,Pokémon Champions Path (1 Booster Pack - Art May Vary),22.6,0-25,false,held
2026-10-08T11:54:57.000Z,Magic: The Gathering Aetherdrift - Play Booster (1 Booster Pack - Art May Vary),6.1,0-25,false,sold_back
2026-10-08T11:55:02.000Z,2022 Pokémon Swsh Black Star Promo #235 Dragonite V - Holo Pokemon Go Premier Deck Holder Collection (PSA 9 MINT),28.2,25-100,false,sold_back
2026-10-08T11:55:05.000Z,2023 Panini Instant #5 Victor Wembanyama (BGS 9.5 GEM MINT),40.5,25-100,false,sold_back
2026-10-08T11:55:08.000Z,2023 Pokémon Svi EN-Scarlet & Violet #245 Gardevoir EX - Holo Special Illustration Rare (PSA 9 MINT),77.7,25-100,false,sold_back
2026-10-08T11:55:08.000Z,2025 Pokémon M2a-Mega Dream EX #242 N's Zoroark EX - Holo Special Art Rare (PSA 10 GEM MINT),77.1,25-100,false,sold_back
2026-10-08T11:55:09.000Z,2019 Sword & Shield Promos #289/S-P Charmander - Pokémon GO Gift Campaign (CGC 10 PRISTINE),22,0-25,false,held
2026-10-08T11:55:09.000Z,2023 Pokémon Sv2a-Pokemon 151 #178 Tangela - Art Rare (PSA 9 MINT),19.1,0-25,false,held
2026-10-08T11:55:09.000Z,2025 Pokémon M2-Inferno X #072 Mega Lopunny EX - Holo (PSA 10 GEM MINT),25.4,25-100,false,held
2026-10-08T11:55:09.000Z,2025 Pokémon Meg EN-Mega Evolution #162 Mega Mawile EX - Holo Ultra Rare (PSA 10 GEM MINT),35.8,25-100,false,held
2026-10-08T11:55:12.000Z,2023 Panini Obsidian Orbital #9 CJ Stroud (PSA 9 MINT),35.8,25-100,false,sold_back
2026-10-08T11:55:20.000Z,2023 Pokémon Card 151 #171/165 Wartortle - Art Rare Holo (CGC 9 MINT),20.5,0-25,false,sold_back
2026-10-08T11:55:23.000Z,2025 One Piece Promos #109 Monkey D. Luffy - Illustration Box Vol.3 (PSA 9 MINT),22.8,0-25,false,sold_back
2026-10-08T11:55:27.000Z,2025 Black Bolt - BLK EN #028/086 Kyurem ex - Holo (CGC 9.5 MINT+),12.5,0-25,false,sold_back
2026-10-08T11:55:30.000Z,Pokémon Scarlet & Violet Destined Rivals (1 Booster Pack - Art May Vary),10.7,0-25,false,held
2026-10-08T11:55:32.000Z,2024 Prismatic Evolutions - PRE EN #056/131 Sandy Shocks ex - Holo (CGC 8.5 NM-MT+),22.8,0-25,false,sold_back
2026-10-08T11:55:35.000Z,2002 Topps #185 Yao Ming (PSA 9 MINT),43.9,25-100,false,sold_back
2026-10-08T11:55:35.000Z,2023 Shiny Treasure ex #223/190 Paldean Tauros - Shiny Rare Holo (CGC 10 GEM MINT),19.7,0-25,false,sold_back
2026-10-08T11:55:38.000Z,2023 Scarlet & Violet #256/198 Rare Candy - Hyper Rare Holo (CGC 10 GEM MINT),20.4,0-25,false,sold_back
2026-10-08T11:55:39.000Z,2024 Pokémon Trick or Trade #057 Gengar (PSA 10 GEM MINT),323.2,100-500,false,sold_back
2026-10-08T11:55:41.000Z,2019 Pokémon Sun & Moon Hidden Fates #68 Jessie & James - Full Art (PSA 9 MINT),75.9,25-100,false,sold_back
2026-10-08T11:55:42.000Z,2025 Pokémon Wht EN-White Flare #168 Jellicent EX - Holo Special Illustration Rare (PSA 9 MINT),28.7,25-100,false,sold_back
2026-10-08T11:55:44.000Z,2022 One Piece OP01-Romance Dawn #047 Trafalgar Law - Errata (PSA 10 GEM MINT),56.7,25-100,false,held
2026-10-08T11:55:45.000Z,2025 Pokémon Pfl EN-Phantasmal Flames #102 Paldean Wooper - Illustration Rare (PSA 10 GEM MINT),59.4,25-100,false,sold_back
2026-10-08T11:55:47.000Z,2023 Raging Surf #069/062 Groudon - Art Rare Holo (CGC 10 PRISTINE),91.4,25-100,false,held
2026-10-08T11:55:48.000Z,1996 Pokémon Basic Switch - Trainer (PSA 8 NM-MT),13.4,0-25,false,sold_back
2026-10-08T11:55:48.000Z,2024 High Class Pack: Terastal Fest ex - sv8a #069/187 Sylveon ex - Holo (CGC 10 GEM MINT),19.5,0-25,false,sold_back
2026-10-08T11:55:48.000Z,Pokémon GO (1 Booster Pack - Art May Vary),17.5,0-25,false,sold_back
2026-10-08T11:55:50.000Z,2023 Pokémon Sv2a-Pokémon Card 151 #168 Charmander - Art Rare (PSA 10 GEM MINT),105,100-500,false,sold_back
2026-10-08T11:55:53.000Z,Pokémon XY Steam Siege (1 Booster Pack - Art May Vary),35.5,25-100,false,held
2026-10-08T11:55:54.000Z,2023 Ruler of the Black Flame Deck Build Box #001/038 Radiant Charizard - Holo (CGC 10 GEM MINT),23.6,0-25,false,sold_back
2026-10-08T11:55:59.000Z,2020 Panini Prizm #343 Jalen Hurts - Blue Ice (PSA 9 MINT),644.8,500+,false,held
2026-10-08T11:55:59.000Z,2021 VMAX Climax #017/184 Charizard - Line Holo (CGC 10 PRISTINE),31.5,25-100,false,held
2026-10-08T11:55:59.000Z,Magic: The Gathering Tempest (1 Booster Pack - Art May Vary),108.1,100-500,false,sold_back
2026-10-08T11:56:00.000Z,2021 25th Anniversary Collection #022/028 Surfing Pikachu VMAX - Holo (CGC 9 MINT),20.2,0-25,false,sold_back
2026-10-08T11:56:05.000Z,2016 Pokémon XY Evolutions #104 Pidgeot EX - Holo Full Art (PSA 9 MINT),31.6,25-100,false,sold_back
2026-10-08T11:56:08.000Z,2022 Pokémon Sword & Shield Vstar Universe #197 Ditto - Full Art (PSA 9 MINT),22.2,0-25,false,held
2026-10-08T11:56:08.000Z,Pokémon Scarlet & Violet Destined Rivals (1 Booster Pack - Art May Vary),10.7,0-25,false,sold_back
2026-10-08T11:56:09.000Z,2022 VSTAR Universe #185/172 Deoxys - Art Rare Holo (CGC 9 MINT),13.3,0-25,false,sold_back
2026-10-08T11:56:09.000Z,Pokémon XY Breakthrough (1 Booster Pack - Art May Vary),69.5,25-100,false,held
2026-10-08T11:56:15.000Z,2006 EX Crystal Guardians #50/100 Diglett (CGC 10 GEM MINT),315.7,100-500,false,sold_back
2026-10-08T11:56:15.000Z,2021 Pokémon Sword & Shield Fusion Strike #245 Celebi V - Holo Full Art (PSA 10 GEM MINT),331.6,100-500,false,sold_back
2026-10-08T11:56:15.000Z,Pokémon Scarlet & Violet Destined Rivals (1 Booster Pack - Art May Vary),10.7,0-25,false,held
2026-10-08T11:56:17.000Z,2024 Pokémon SV6-Transformation Mask #113 Chansey - Art Rare (PSA 10 GEM MINT),76,25-100,false,held
2026-10-08T11:56:21.000Z,2024 Pokémon Sv8a-Terastal Fest EX #200 Leafeon EX - Holo Special Art Rare (PSA 10 GEM MINT),110.7,100-500,false,held
2026-10-08T11:56:24.000Z,1999 Pokémon Game #90 Super Potion (PSA 9 MINT),44.1,25-100,false,sold_back
2026-10-08T11:56:24.000Z,2026 Pokémon Cri EN-Chaos Rising #089 Frogadier - Illustration Rare (PSA 9 MINT),26.6,25-100,false,sold_back
2026-10-08T11:56:32.000Z,Pokémon Scarlet & Violet Destined Rivals (1 Booster Pack - Art May Vary),10.7,0-25,false,sold_back
2026-10-08T11:56:33.000Z,Pokémon Japanese Sun & Moon Forbidden Light (1 Booster Pack - Art May Vary),20.5,0-25,false,sold_back
2026-10-08T11:56:35.000Z,2023 Pokémon Sv2a-Pokemon 151 #196 Erika's Invitation - Super Rare (PSA 9 MINT),18.9,0-25,false,sold_back
2026-10-08T11:56:35.000Z,Magic: The Gathering Streets of New Capenna - Draft Booster (1 Booster Pack - Art May Vary),6.4,0-25,false,sold_back
2026-10-08T11:56:36.000Z,2024 Panini Donruss Optic #215 Brock Bowers (PSA 10 GEM MINT),45.9,25-100,false,held
2026-10-08T11:56:39.000Z,Magic: The Gathering The Lost Caverns of Ixalan - Set Booster (1 Booster Pack - Art May Vary),18.9,0-25,false,sold_back
2026-10-08T11:56:42.000Z,Pokémon Scarlet & Violet Destined Rivals (1 Booster Pack - Art May Vary),10.7,0-25,false,sold_back
2026-10-08T11:56:45.000Z,2023 Topps Chrome Mcdonald's All-American New Waves #NW13 Juju Watkins (PSA 10 GEM MINT),37.5,25-100,false,sold_back
2026-10-08T11:56:48.000Z,1999 Pokémon Fossil #60 Gambler - 1st Edition (PSA 9 MINT),103.8,100-500,false,sold_back
2026-10-08T11:56:51.000Z,Magic: The Gathering Avatar: The Last Airbender - Jumpstart Booster (1 Booster Pack - Art May Vary),6.1,0-25,false,sold_back
2026-10-08T11:56:51.000Z,Pokémon Japanese Sword & Shield Explosive Walker (1 Booster Pack - Art May Vary),15.8,0-25,false,held
2026-10-08T11:56:53.000Z,Pokemon Sword & Shield Darkness Ablaze (1 Booster Pack - Art May Vary),11.3,0-25,false,sold_back
2026-10-08T11:56:56.000Z,2025 Inferno X - M2 #087/080 Zacian - Art Rare Holo (CGC 10 GEM MINT),12.4,0-25,false,sold_back
2026-10-08T11:56:59.000Z,2022-23 Topps Chrome UEFA Club Competitions #153 Santiago Gimenez - Refractor (PSA 8 NM-MT),14.6,0-25,false,sold_back
2026-10-08T11:57:02.000Z,2025 White Flare - WHT EN #164/086 Hilda - Ultra Rare Holo (CGC 10 GEM MINT),22.7,0-25,false,sold_back
2026-10-08T11:57:03.000Z,2024 Pokémon Svp EN-SV Black Star Promo #163 Cinderace EX - Holo Terapagos EX Ultra-Premium Collection (PSA 9 MINT),26.6,25-100,false,sold_back
2026-10-08T11:57:06.000Z,2024 Stellar Crown - SCR EN #157/142 Cinderace ex - Ultra Rare Holo (CGC 10 GEM MINT),22.8,0-25,false,sold_back
2026-10-08T11:57:06.000Z,2025 Destined Rivals - DRI EN #119/182 Team Rocket's Nidoking ex - Holo (CGC 10 GEM MINT),13.3,0-25,false,held
2026-10-08T11:57:08.000Z,2025 Pokémon Sv11b-Black Bolt #161 Zekrom EX - Holo Super Rare (PSA 10 GEM MINT),58.4,25-100,false,held
2026-10-08T11:57:12.000Z,Pokémon Scarlet & Violet Destined Rivals (1 Booster Pack - Art May Vary),10.7,0-25,false,held
2026-10-08T11:57:15.000Z,2020 Topps Living UEFA Champions League #180 Giovanni Reyna (PSA 10 GEM MINT),10.9,0-25,false,sold_back
2026-10-08T11:57:21.000Z,2020 Panini Donruss Optic #153 Justin Herbert - Blue Scope (PSA 10 GEM MINT),237.4,100-500,false,sold_back
2026-10-08T11:57:23.000Z,Pokémon Sword & Shield Lost Origin (1 Booster Pack - Art May Vary),22.6,0-25,false,held
2026-10-08T11:57:29.000Z,2022 Pokémon Swsh Black Star Promo #262 Charizard Vstar - Full Art Sword & Shield Ultra-Premium Collection-Charizard (PSA 9 MINT),114.3,100-500,false,held
2026-10-08T11:57:30.000Z,Magic: The Gathering Streets of New Capenna - Draft Booster (1 Booster Pack - Art May Vary),6.4,0-25,false,held
2026-10-08T11:57:32.000Z,2024 High Class Pack: Terastal Fest ex - sv8a #078/187 Iron Crown ex - Holo (CGC 10 PRISTINE),17.2,0-25,false,sold_back
2026-10-08T11:57:33.000Z,2024 Pokémon Sv5k-Wild Force #081 Chatot - Art Rare (PSA 9 MINT),18.5,0-25,false,sold_back
2026-10-08T11:57:36.000Z,1996 Base Set Tangela (CGC 10 GEM MINT),94.9,25-100,false,sold_back
2026-10-08T11:57:36.000Z,2025 Topps #201 Cooper Flagg (PSA 9 MINT),23.2,0-25,false,held
2026-10-08T11:57:38.000Z,2025 Pokémon M2a-Mega Dream EX #208 Cynthia's Spiritomb - Art Rare (PSA 10 GEM MINT),22.6,0-25,false,held
2026-10-08T11:57:39.000Z,2025 Destined Rivals - DRI EN #122/182 Team Rocket's Crobat ex - Holo (CGC 9 MINT),13.2,0-25,false,sold_back
2026-10-08T11:57:39.000Z,Pokémon Scarlet & Violet Destined Rivals (1 Booster Pack - Art May Vary),10.7,0-25,false,sold_back
2026-10-08T11:57:44.000Z,2016 Pokémon XY Awakening Psychic King #083 Genesect EX - 1st Edition Holo Full Art (PSA 10 GEM MINT),345.7,100-500,false,sold_back
2026-10-08T11:57:45.000Z,2019 Topps Heritage #197 Clayton Kershaw (PSA 10 GEM MINT),21.6,0-25,false,held
2026-10-08T11:57:47.000Z,2022 Topps Update #US100 Bobby Witt Jr. (PSA 9 MINT),19.6,0-25,false,sold_back
2026-10-08T11:57:50.000Z,2022 VSTAR Universe #195/172 Latias - Art Rare Holo (CGC 10 GEM MINT),20.7,0-25,false,sold_back
2026-10-08T11:57:50.000Z,2024 Paldean Fates - PAF EN #159/091 Klefki - Shiny Rare Holo (CGC 10 GEM MINT),32.9,25-100,false,sold_back
2026-10-08T11:57:50.000Z,Magic: The Gathering Tarkir: Dragonstorm - Play Booster (1 Booster Pack - Art May Vary),7.5,0-25,false,sold_back
2026-10-08T11:57:51.000Z,2025 Pokémon Sv11b-Black Bolt #162 Meloetta EX - Holo Super Rare (PSA 10 GEM MINT),31.2,25-100,false,sold_back
2026-10-08T11:57:53.000Z,Pokémon Scarlet & Violet Destined Rivals (1 Booster Pack - Art May Vary),10.7,0-25,false,held
2026-10-08T11:57:56.000Z,1999 Pokémon Game #101 Psychic Energy - 1st Edition (PSA 8 NM-MT),17.8,0-25,false,held
2026-10-08T11:57:57.000Z,2025 Black Star Promos - Mega Evolution MEP EN #080 Fennekin - Chaos Rising Elite Trainer Box (Holo) (CGC 9.5 MINT+),13.3,0-25,false,sold_back
2026-10-08T11:57:57.000Z,Magic: The Gathering Bloomburrow - Play Booster (1 Booster Pack - Art May Vary),10.1,0-25,false,sold_back
2026-10-08T11:58:03.000Z,2024 One Piece OP09-Emperors in the New World #093 Marshall D. Teach - Wanted Alternate Art (PSA 10 GEM MINT),259.8,100-500,false,held
2026-10-08T11:58:03.000Z,2025 Pokémon Meg EN-Mega Evolution #134 Ivysaur - Illustration Rare (PSA 10 GEM MINT),77.9,25-100,false,held
2026-10-08T11:58:06.000Z,Pokémon Japanese Sun & Moon Full Metal Wall (1 Booster Pack - Art May Vary),14.4,0-25,false,sold_back
2026-10-08T11:58:08.000Z,Magic: The Gathering Dragon's Maze (1 Booster Pack - Art May Vary),7,0-25,false,held
2026-10-08T11:58:09.000Z,2022 One Piece Japanese 25th Anniversary Premium Card Collection #001 Roronoa Zoro (PSA 9 MINT),22.7,0-25,false,held
2026-10-08T11:58:11.000Z,2022 Scarlet & Violet Promos #120/SV-P Pikachu - Gift Campaign (CGC 10 GEM MINT),19.2,0-25,false,sold_back
2026-10-08T11:58:18.000Z,2026 Topps Now #49 Konnor Griffin (PSA 9 MINT),16.1,0-25,false,sold_back
2026-10-08T11:58:23.000Z,2021 Parkside Nwsl Premier Edition Stars #54 Trinity Rodman (PSA 9 MINT),22.9,0-25,false,held
2026-10-08T11:58:24.000Z,2022 VSTAR Universe #227/172 Drapion V - Special Art Rare Holo (CGC 10 PRISTINE),24,0-25,false,sold_back
2026-10-08T11:58:29.000Z,2017 Black Star Promos - Sword & Shield #SWSH029 Rayquaza - Cosmos Holo (CGC 9.5 MINT+),26.6,25-100,false,sold_back
2026-10-08T11:58:30.000Z,2022 Pokémon Go #010 Charizard - Holo (PSA 10 GEM MINT),60.9,25-100,false,redeemed
2026-10-08T11:58:33.000Z,2022 VSTAR Universe #126/172 Arceus V - Holo (CGC 10 GEM MINT),22.2,0-25,false,sold_back
2026-10-08T11:58:35.000Z,Pokémon Scarlet & Violet Destined Rivals (1 Booster Pack - Art May Vary),10.7,0-25,false,held
2026-10-08T11:58:36.000Z,2018 Bowman Draft #BDC70 Trevor Larnach - Chrome-Purple Refractor (PSA 10 GEM MINT),21.9,0-25,false,sold_back
2026-10-08T11:58:36.000Z,2021 Pokémon Swsh Black Star Promo #138 Hydreigon C - Holo Celebrations Collection (PSA 9 MINT),17.5,0-25,false,sold_back
2026-10-08T11:58:41.000Z,2025 Pokémon M2a-Mega Dream EX #243 Marnie's Grimmsnarl EX - Holo Special Art Rare (PSA 10 GEM MINT),50,25-100,false,sold_back
2026-10-08T11:58:41.000Z,2026 Pokémon Asc EN-Ascended Heroes #228 Weavile - Illustration Rare (PSA 10 GEM MINT),49.9,25-100,false,sold_back
2026-10-08T11:58:44.000Z,Pokémon Scarlet & Violet Destined Rivals (1 Booster Pack - Art May Vary),10.7,0-25,false,sold_back
2026-10-08T11:58:53.000Z,2024 Panini Mosaic #289 Caleb Williams - Camo Pink (PSA 9 MINT),34.6,25-100,false,sold_back
2026-10-08T11:58:56.000Z,2024 High Class Pack: Terastal Fest ex - sv8a #221/187 Dragapult ex - Special Art Rare Holo (CGC 10 GEM MINT),20,0-25,false,sold_back
2026-10-08T11:58:57.000Z,2021 Shining Fates #072/072 Skyla - Ultra Rare Holo (CGC 9 MINT),17.6,0-25,false,sold_back
2026-10-08T11:59:02.000Z,Magic: The Gathering Streets of New Capenna - Draft Booster (1 Booster Pack - Art May Vary),6.4,0-25,false,sold_back
2026-10-08T11:59:05.000Z,2023 Pokémon Sv2a-Pokémon Card 151 #094 Gengar (PSA 9 MINT),28.4,25-100,false,sold_back
2026-10-08T11:59:06.000Z,2025 Phantasmal Flames - PFL EN #061/094 Mega Sharpedo ex - Holo (CGC 10 GEM MINT),17.1,0-25,false,sold_back
2026-10-08T11:59:08.000Z,2025 Pokémon Simplified CBB3 C-Gem Pack Vol 3 #07 Chandelure (PSA 10 GEM MINT),61.4,25-100,false,sold_back
2026-10-08T11:59:14.000Z,2024 Pokémon Sv5m-Cyber Judge #076 Charjabug - Art Rare (PSA 10 GEM MINT),26.7,25-100,false,sold_back
2026-10-08T11:59:15.000Z,2024 Pokémon Simplified Cs5b C-Gallant Galaxy: Brave #003 Venusaur (PSA 10 GEM MINT),48.9,25-100,false,sold_back
2026-10-08T11:59:15.000Z,2025 Topps Stars of MLB #SMLB18 James Wood (PSA 9 MINT),12.9,0-25,false,sold_back
2026-10-08T11:59:17.000Z,2024 Journey Together - JTG EN #114/159 Salamence ex - Holo (CGC 10 GEM MINT),11.5,0-25,false,sold_back
2026-10-08T11:59:20.000Z,2024 One Piece Premium Card Collection -Live Action Edition #053 Nami (PSA 9 MINT),36.5,25-100,false,sold_back
2026-10-08T11:59:20.000Z,Pokémon XY Steam Siege (1 Booster Pack - Art May Vary),35.5,25-100,false,sold_back
2026-10-08T11:59:26.000Z,2025 Pokémon Sv11b-Black Bolt #099 Darmanitan - Art Rare (PSA 10 GEM MINT),50.1,25-100,false,held
2026-10-08T11:59:27.000Z,2019 TAG TEAM GX: Tag All Stars #016/173 Reshiram & Charizard GX - Holo (CGC 9 MINT),26,25-100,false,sold_back
2026-10-08T11:59:27.000Z,2024 Journey Together - JTG EN #121/159 Dudunsparce ex - Holo (CGC 9 MINT),22.8,0-25,false,sold_back
2026-10-08T11:59:32.000Z,1999 Pokémon Gym 2 #65 Sabrina's Alakazam - Holo (PSA 6 EX-MT),36.2,25-100,false,sold_back
2026-10-08T11:59:33.000Z,2025 Pokémon MC-Start Deck 100 Battle Collection #083 Charmander - Reverse Holo (PSA 10 GEM MINT),79.9,25-100,false,held
2026-10-08T11:59:36.000Z,Pokémon Celebrations (1 Booster Pack - Art May Vary),37.9,25-100,false,sold_back
2026-10-08T11:59:38.000Z,2025 Pokémon Dri EN-Destined Rivals #213 Team Rocket's Mewtwo EX - Holo Ultra Rare (PSA 10 GEM MINT),102.4,100-500,false,sold_back
2026-10-08T11:59:38.000Z,2025 Starter Set: Marnie - sv0M #020/019 Marnie s Morpeko - Holo (CGC 10 GEM MINT),25.7,25-100,false,sold_back
2026-10-08T11:59:39.000Z,2025 One Piece Japanese Promotion Card Set 2025 #102 Nami (PSA 9 MINT),16.4,0-25,false,sold_back
2026-10-08T11:59:41.000Z,2020 Panini Donruss Optic #154 Jordan Love (PSA 9 MINT),16.8,0-25,false,sold_back
2026-10-08T11:59:44.000Z,2025 Black Star Promos - Mega Evolution MEP EN #052 Grookey - First Partner Illustration Collection Series 2 (Holo) (CGC 10 GEM MINT),23.7,0-25,false,sold_back
2026-10-08T11:59:47.000Z,2021 Parkside Nwsl Premier Edition Stars #54 Trinity Rodman (PSA 9 MINT),22.9,0-25,false,held
2026-10-08T11:59:47.000Z,2025 Topps Chrome #263 Derik Queen - X-Fractor (PSA 8 NM-MT),11.5,0-25,false,sold_back
2026-10-08T11:59:47.000Z,Pokémon Japanese Sun & Moon Forbidden Light (1 Booster Pack - Art May Vary),20.5,0-25,false,sold_back
2026-10-08T11:59:48.000Z,2023 Clay Burst #083/071 Farigiraf - Art Rare Holo (CGC 10 GEM MINT),12.3,0-25,false,sold_back
2026-10-08T11:59:48.000Z,2023 Snow Hazard #073/071 Marill - Art Rare Holo (CGC 10 GEM MINT),19.9,0-25,false,held
2026-10-08T11:59:54.000Z,2024 Journey Together - JTG EN #174/159 Mamoswine ex - Ultra Rare Holo (CGC 10 GEM MINT),18.6,0-25,false,sold_back
2026-10-08T11:59:56.000Z,Pokémon Celebrations (1 Booster Pack - Art May Vary),37.9,25-100,false,sold_back
2026-10-08T11:59:57.000Z,2018 GX Ultra Shiny #027/150 Glaceon GX - Holo (CGC 10 PRISTINE),29.2,25-100,false,sold_back
2026-10-08T12:00:00.000Z,2021 Evolving Skies #179 Espeon V - Ultra Rare Holo (BGS 8 NM-MT),21,0-25,false,held
2026-10-08T12:00:03.000Z,2025 Black Bolt - BLK EN #001/086 Snivy - Unova Poster Collection (Tinsel Holo) (CGC 9.5 MINT+),12.2,0-25,false,sold_back
2026-10-08T12:00:05.000Z,2026 Pokémon M3-Nullifying Zero #114 Meowth EX - Holo Special Art Rare (PSA 10 GEM MINT),84.7,25-100,false,held
2026-10-08T12:00:12.000Z,2024 Topps Chrome Update Chrome Rookie Autographs #RAJHL Jung Hoo Lee - Blue/Green Lava Lamp (PSA 10 GEM MINT),216,100-500,false,redeemed
2026-10-08T12:00:15.000Z,2026 One Piece OP14-EB04-the Azure Sea's Seven #018 Megalo - Alternate Art (PSA 10 GEM MINT),38,25-100,false,sold_back
2026-10-08T12:00:17.000Z,2024-25 Panini Select FIFA Stained Glass #28 Fabio Cannavaro (PSA 9 MINT),79.7,25-100,false,held
2026-10-08T12:00:18.000Z,1999 Jungle #42/64 Persian - 1st Edition 1st Edition (CGC 7.5 NM+),22.8,0-25,false,sold_back
2026-10-08T12:00:18.000Z,2026 Perfect Order - POR EN #050/088 Gengar - Holo (CGC 10 PRISTINE),263.5,100-500,false,sold_back
2026-10-08T12:00:20.000Z,2022 VSTAR Universe #185/172 Deoxys - Art Rare Holo (CGC 9 MINT),13.3,0-25,false,sold_back
2026-10-08T12:00:24.000Z,Pokémon Scarlet & Violet Destined Rivals (1 Booster Pack - Art May Vary),10.7,0-25,false,sold_back
2026-10-08T12:00:29.000Z,1999 Pokémon Game #16 Zapdos - Holo (PSA 5 EX),35.3,25-100,false,held
2026-10-08T12:00:32.000Z,2024 Panini Absolute #103 Drake Maye (PSA 10 GEM MINT),49.4,25-100,false,sold_back
2026-10-08T12:00:32.000Z,2025 Pokémon Pfl EN-Phantasmal Flames #096 Nymble - Illustration Rare (PSA 10 GEM MINT),40.2,25-100,false,sold_back
2026-10-08T12:00:51.000Z,2020 Shiny Star V #309/190 Centiskorch V - Shiny Super Rare Holo (CGC 10 GEM MINT),18.9,0-25,false,sold_back
2026-10-08T12:00:51.000Z,2025 Pokémon M1l-Mega Brave #070 Garganacl - Art Rare (PSA 9 MINT),20.7,0-25,false,sold_back
2026-10-08T12:00:56.000Z,2022 Pokémon Sword & Shield Brilliant Stars #154 Charizard V - Holo Full Art (PSA 10 GEM MINT),737.1,500+,false,sold_back
2026-10-08T12:00:57.000Z,"2024 One Piece PRB01-Premium Booster -One Piece Card the Best #100 Capone ""Gang"" Bege - Alternate Art (PSA 10 GEM MINT)",30.4,25-100,false,sold_back
2026-10-08T12:01:05.000Z,"2023 Trading Card Game Classic - CLV, CLC, CLB #006/034 Magikarp - Blastoise & Suicune ex Deck - CLB Holo (CGC 10 GEM MINT)",23.6,0-25,false,sold_back
2026-10-08T12:01:09.000Z,2020 Stadium Club Chrome UEFA Champions League #26 Pedri (PSA 9 MINT),20.8,0-25,false,sold_back
2026-10-08T12:01:12.000Z,2018 Pokémon Sun & Moon Ultra Shiny GX #098 Rayquaza GX - Holo (PSA 9 MINT),64.5,25-100,false,held
2026-10-08T12:01:23.000Z,2025 Pokémon Simplified CBB3 C-Gem Pack Vol 3 #07 Morpeko (PSA 10 GEM MINT),54.4,25-100,false,sold_back
2026-10-08T12:01:26.000Z,1997 Rocket Gang Dark Golbat - Holo (CGC 2.5 GOOD+),19.4,0-25,false,sold_back
2026-10-08T12:01:27.000Z,Magic: The Gathering Streets of New Capenna - Collector Booster (1 Booster Pack - Art May Vary),32,25-100,false,sold_back
2026-10-08T12:01:32.000Z,2025 Phantasmal Flames - PFL EN #056 Mega Gengar ex - Holo (BGS 9 MINT),17,0-25,false,sold_back
2026-10-08T12:01:32.000Z,2026 Pokémon Mep EN-Me Black Star Promo #031 N's Zekrom - Ascended Heroes Elite Trainer Box (PSA 9 MINT),23,0-25,false,sold_back
2026-10-08T12:01:33.000Z,"2023 Trading Card Game Classic - CLF, CLL, CLK #004/032 Ponyta - Charizard & Ho-Oh ex Deck - CLL Holo (CGC 10 PRISTINE)",22.6,0-25,false,sold_back
2026-10-08T12:01:36.000Z,2022 Pokémon Sword & Shield Dark Phantasma #077 Snorlax - Full Art (PSA 10 GEM MINT),68.5,25-100,false,sold_back
2026-10-08T12:01:39.000Z,1990 Skybox #187 Patrick Ewing (PSA 10 GEM MINT),35.1,25-100,false,held
2026-10-08T12:01:39.000Z,"2023 Trading Card Game Classic - CLV, CLC, CLB #001/034 Bulbasaur - Venusaur & Lugia ex Deck - CLV Holo (CGC 10 GEM MINT)",21.8,0-25,false,sold_back
2026-10-08T12:01:39.000Z,2026 One Piece OP14-EB04-the Azure Sea's Seven Don!! Card - Egghead-Gold (PSA 9 MINT),22.5,0-25,false,sold_back
2026-10-08T12:01:47.000Z,2016 Pokémon XY Black Star Promo #XY114 Darkrai - Full Art Mythical Pokemon Collection (PSA 8 NM-MT),167.5,100-500,false,sold_back
2026-10-08T12:01:47.000Z,2019 Pokémon Sun & Moon Cosmic Eclipse #143a Togepi & Cleffa & Igglybuff GX - Holo 2020 Yellow A Alternate Art Small But Mighty Premium Collection (PSA 10 GEM MINT),821,500+,false,sold_back
2026-10-08T12:01:53.000Z,2022 Paradigm Trigger #024/098 Pikachu (CGC 10 PRISTINE),22.9,0-25,false,sold_back
2026-10-08T12:01:56.000Z,2021 Pokémon S Promo #189 Espeon Vmax - Full Art Eevee Heroes Eevee's Set (PSA 10 GEM MINT),321.8,100-500,false,held
2026-10-08T12:01:57.000Z,2026 Pokémon Asc EN-Ascended Heroes #240 Hitmontop - Illustration Rare (PSA 10 GEM MINT),53.9,25-100,false,held
2026-10-08T12:01:57.000Z,2026 Topps Living #11 Cooper Flagg (PSA 10 GEM MINT),62.7,25-100,false,held
2026-10-08T12:02:03.000Z,Pokémon Scarlet & Violet Destined Rivals (1 Booster Pack - Art May Vary),10.7,0-25,false,held
2026-10-08T12:02:11.000Z,Pokémon Japanese Sun & Moon Thunderclap Spark (1 Booster Pack - Art May Vary),24,0-25,false,sold_back
2026-10-08T12:02:15.000Z,2023 Clay Burst #083/071 Farigiraf - Art Rare Holo (CGC 10 GEM MINT),12.3,0-25,false,sold_back
2026-10-08T12:02:23.000Z,2023 Pokémon SV3-Ruler of the Black Flame #119 Pidgeotto - Art Rare (PSA 10 GEM MINT),52.4,25-100,false,held
2026-10-08T12:02:23.000Z,2024 Pokémon Scr EN-Stellar Crown #143 Bulbasaur - Illustration Rare (PSA 10 GEM MINT),276.4,100-500,false,sold_back
2026-10-08T12:02:29.000Z,2023 Crown Zenith #098/159 Zamazenta V - Holo (CGC 9 MINT),10.6,0-25,false,held
2026-10-08T12:02:32.000Z,2001 Neo Revelation #7/64 Ho-Oh - Holo (CGC 8 NM-MT),316.6,100-500,false,sold_back
2026-10-08T12:02:32.000Z,2024 Pokémon Sv8a-Terastal Fest EX #223 Eevee EX - Holo Special Art Rare (PSA 10 GEM MINT),88.3,25-100,false,sold_back
2026-10-08T12:02:33.000Z,Magic: The Gathering Streets of New Capenna - Draft Booster (1 Booster Pack - Art May Vary),6.4,0-25,false,held
2026-10-08T12:02:35.000Z,2026 Pokémon Asc EN-Ascended Heroes #256 Boss's Orders - Ultra Rare (PSA 10 GEM MINT),50.6,25-100,false,sold_back
2026-10-08T12:02:35.000Z,Pokémon Scarlet & Violet Destined Rivals (1 Booster Pack - Art May Vary),10.7,0-25,false,sold_back
2026-10-08T12:02:36.000Z,2025 Black Star Promos - Mega Evolution MEP EN #038 Charmander - First Partner Illustration Collection Series 1 (Holo) (CGC 10 GEM MINT),37.8,25-100,false,sold_back
2026-10-08T12:02:39.000Z,2020 Pokémon Sword & Shield Vivid Voltage #170 Pikachu V - Holo Full Art (PSA 8 NM-MT),32.2,25-100,false,held
2026-10-08T12:02:41.000Z,Pokemon Sun & Moon Tag Team GX Dream League (1 Booster Pack - Art May Vary),42,25-100,false,held
2026-10-08T12:02:48.000Z,Magic: The Gathering Modern Horizons 3 - Play Booster (1 Booster Pack - Art May Vary),13.1,0-25,false,sold_back
2026-10-08T12:02:54.000Z,2019 Pokémon Sun & Moon Hidden Fates #SV75 Gardevoir GX - Holo Full Art (PSA 10 GEM MINT),128.8,100-500,false,sold_back
2026-10-08T12:02:56.000Z,2025 Pokémon M2a-Mega Dream EX #204 Hop's Trevenant - Art Rare (PSA 10 GEM MINT),23.5,0-25,false,sold_back
2026-10-08T12:02:57.000Z,2016 Pokémon XY Evolutions #25 Poliwrath - Holo (PSA 8 NM-MT),18,0-25,false,held
2026-10-08T12:02:57.000Z,2023 Scarlet & Violet 151 - MEW EN #199 Charizard ex - Special Illustration Rare (Holo) (BGS 9.5 GEM MINT),651.5,500+,false,sold_back
2026-10-08T12:02:57.000Z,Magic: The Gathering Aetherdrift - Play Booster (1 Booster Pack - Art May Vary),6.1,0-25,false,held
2026-10-08T12:03:00.000Z,2023 Black Star Promos - Scarlet & Violet SVP EN #069 Fidough - Paldean Fates Tech Sticker (CGC 10 GEM MINT),19.9,0-25,false,sold_back
2026-10-08T12:03:00.000Z,2025 Pokémon Pre EN-Prismatic Evolutions #060 Umbreon EX - Holo Surprise Box Exclusive (PSA 10 GEM MINT),108.8,100-500,false,sold_back
2026-10-08T12:03:02.000Z,2010 Pokémon Heartgold & Soulsilver Undaunted #81 Espeon - Holo (PSA 8 NM-MT),1059.2,500+,false,sold_back
2026-10-08T12:03:05.000Z,Magic: The Gathering Tarkir: Dragonstorm - Play Booster (1 Booster Pack - Art May Vary),7.5,0-25,false,sold_back
2026-10-08T12:03:12.000Z,2024 High Class Pack: Terastal Fest ex - sv8a #203/187 Ceruledge ex - Special Art Rare Holo (CGC 10 GEM MINT),21.7,0-25,false,sold_back
2026-10-08T12:03:12.000Z,2024 Panini Select #113 Drake Maye - Silver Prizm (PSA 10 GEM MINT),172.4,100-500,false,held
2026-10-08T12:03:12.000Z,Pokémon Scarlet & Violet Destined Rivals (1 Booster Pack - Art May Vary),10.7,0-25,false,sold_back
2026-10-08T12:03:17.000Z,2023 One Piece Premium Card Collection -One Piece Film Red #007 Nami (PSA 10 GEM MINT),81,25-100,false,sold_back
2026-10-08T12:03:18.000Z,2025 Black Bolt - BLK EN #160/086 Excadrill ex - Ultra Rare Holo (CGC 10 GEM MINT),11.4,0-25,false,held
2026-10-08T12:03:18.000Z,2025 Pokémon Pfl EN-Phantasmal Flames #128 Mega Lopunny EX - Holo Special Illustration Rare (PSA 10 GEM MINT),52.3,25-100,false,sold_back
2026-10-08T12:03:18.000Z,2026 Pokémon Asc EN-Ascended Heroes #270 Mega Scrafty EX - Holo Mega Attack Rare (PSA 10 GEM MINT),49.1,25-100,false,sold_back
2026-10-08T12:03:20.000Z,2024 Pokémon SV8-Super Electric Breaker #110 Feebas - Art Rare (PSA 10 GEM MINT),27.1,25-100,false,sold_back
2026-10-08T12:03:24.000Z,Magic: The Gathering Commander Legends Baldur's Gate Draft (1 Booster Pack - Art May Vary),14.1,0-25,false,sold_back
2026-10-08T12:03:27.000Z,1999 Team Rocket #45/82 Dark Vaporeon (CGC 8.5 NM-MT+),23.9,0-25,false,sold_back
2026-10-08T12:03:29.000Z,2023 Pokémon Obf EN-Obsidian Flames #199 Ninetales - Illustration Rare (PSA 9 MINT),43.7,25-100,false,sold_back
2026-10-08T12:03:30.000Z,Pokémon Scarlet & Violet Destined Rivals (1 Booster Pack - Art May Vary),10.7,0-25,false,sold_back
2026-10-08T12:03:33.000Z,Pokémon Scarlet & Violet Prismatic Evolutions (1 Booster Pack - Art May Vary),17.3,0-25,false,sold_back
2026-10-08T12:03:39.000Z,Pokémon Celebrations (1 Booster Pack - Art May Vary),37.9,25-100,false,held
2026-10-08T12:03:41.000Z,2017 Black Star Promos - Sword & Shield #SWSH087 Eevee VMAX - Shining Fates Elite Trainer Box (Holo) (CGC 9 MINT),10.5,0-25,false,sold_back
2026-10-08T12:03:42.000Z,2025 Pokémon Mep EN-Me Black Star Promo #024 Oricorio EX - Holo Mega Charizard X EX Ultra-Premium Collection (PSA 9 MINT),17.1,0-25,false,sold_back
2026-10-08T12:03:47.000Z,1999 Base Set #64/102 Starmie (CGC 8.5 NM-MT+),14,0-25,false,held
2026-10-08T12:03:47.000Z,2023 Pokémon Svp EN-SV Black Star Promo #044 Charmander - Obsidian Flames Elite Trainer Box (PSA 9 MINT),90.3,25-100,false,held
2026-10-08T12:03:47.000Z,2025 Pokémon M2a-Mega Dream EX #225 Mega Eelektross EX - Holo Mega Attack Rare (PSA 10 GEM MINT),34.5,25-100,false,sold_back
2026-10-08T12:03:53.000Z,2023 Pokémon Mew EN-151 #199 Charizard EX - Holo Special Illustration Rare (PSA 9 MINT),349.7,100-500,false,sold_back
2026-10-08T12:03:54.000Z,2003 Skyridge #43/144 Piloswine (CGC 9 MINT),20.9,0-25,false,sold_back
2026-10-08T12:03:59.000Z,2021 Pokémon Celebrations Classic Collection #15 Rocket's Zapdos - Holo (PSA 9 MINT),24.6,0-25,false,sold_back
2026-10-08T12:04:00.000Z,2000 Team Rocket #23/82 Dark Dugtrio - 1st Edition 1st Edition (CGC 9 MINT),19.8,0-25,false,sold_back
2026-10-08T12:04:02.000Z,2019 Pokémon SM Black Star Promo #SM163 Mimikyu - Holo Team Up Single Pack Blisters (PSA 9 MINT),156,100-500,false,sold_back
2026-10-08T12:04:03.000Z,2021 Pokémon Sword & Shield Vmax Climax #120 Rayquaza Vmax - Full Art (PSA 9 MINT),22.9,0-25,false,sold_back
2026-10-08T12:04:14.000Z,2023 Pokémon Clf-Trading Card Game Classic Venusaur & Lugia EX Deck #002 Ivysaur (PSA 10 GEM MINT),54.7,25-100,false,sold_back
2026-10-08T12:04:18.000Z,2025 One Piece Japanese Limited Card Collection Vol.1 #021 Perona (PSA 10 GEM MINT),34.8,25-100,false,sold_back
2026-10-08T12:04:21.000Z,2023 Triplet Beat #079/073 Crocalor - Art Rare Holo (CGC 10 PRISTINE),35.7,25-100,false,sold_back
2026-10-08T12:04:23.000Z,Pokémon Scarlet & Violet Destined Rivals (1 Booster Pack - Art May Vary),10.7,0-25,false,sold_back
2026-10-08T12:04:26.000Z,2000 Pokémon Neo 2 Promo #133 Eevee - Promo (PSA 10 GEM MINT),441.8,100-500,false,sold_back
2026-10-08T12:04:26.000Z,2014 Pokémon XY Rising Fist #100 Dragonite EX - 1st Edition Holo Full Art (PSA 9 MINT),272,100-500,false,held
2026-10-08T12:04:27.000Z,2019 Panini Prizm #256 Cam Reddish (PSA 10 GEM MINT),10.1,0-25,false,sold_back
2026-10-08T12:04:27.000Z,2023 Scarlet & Violet 151 - MEW EN #205/165 Mew ex - Gold Metal - Ultra-Premium Collection (CGC 8.5 NM-MT+),23,0-25,false,held
2026-10-08T12:04:27.000Z,Pokémon Sun & Moon Forbidden Light (1 Booster Pack - Art May Vary),52.3,25-100,false,held
2026-10-08T12:04:29.000Z,2024 Bowman Draft #BD22 Konnor Griffin (PSA 8 NM-MT),13.6,0-25,false,held
2026-10-08T12:04:33.000Z,2023 Pokémon Svp EN-SV Black Star Promo #052 Mewtwo - 151 Ultra-Premium Collection (PSA 8 NM-MT),39.9,25-100,false,sold_back
2026-10-08T12:04:35.000Z,2023 Shiny Treasure ex #300/190 Varoom - Shiny Rare Holo (CGC 10 GEM MINT),21.8,0-25,false,sold_back
2026-10-08T12:04:38.000Z,Pokémon Scarlet & Violet Destined Rivals (1 Booster Pack - Art May Vary),10.7,0-25,false,sold_back
2026-10-08T12:04:41.000Z,2026 Pokémon Asc EN-Ascended Heroes #280 Lillie's Clefairy EX - Holo Special Illustration Rare (PSA 9 MINT),128.4,100-500,false,sold_back
2026-10-08T12:04:42.000Z,2021 Pokémon Asia 25th Anniversary Promo #003 Pikachu - Golden Box (PSA 9 MINT),25.1,25-100,false,sold_back
2026-10-08T12:04:42.000Z,2023 Pokémon Sv1v-Violet EX #080 Toedscool - Art Rare (PSA 10 GEM MINT),21.8,0-25,false,held
2026-10-08T12:04:42.000Z,2024 Pokémon Scr EN-Stellar Crown #148 Squirtle - Illustration Rare (PSA 9 MINT),115.1,100-500,false,sold_back
2026-10-08T12:04:45.000Z,2025 Topps Chrome #99 Aaron Judge - X-Fractor (PSA 9 MINT),40.9,25-100,false,sold_back
2026-10-08T12:05:00.000Z,2026 Pokémon M3-Nullifying Zero #081 Spewpa - Art Rare (PSA 9 MINT),23.8,0-25,false,sold_back
2026-10-08T12:05:03.000Z,2022 VSTAR Universe #048/172 Gengar - Holo (CGC 10 GEM MINT),17.7,0-25,false,sold_back
2026-10-08T12:05:03.000Z,2025 Mega Dream ex - M2a #199/193 Psyduck - Art Rare Holo (CGC 10 GEM MINT),22.9,0-25,false,sold_back
2026-10-08T12:05:03.000Z,Pokémon Japanese Sun & Moon Dragon Storm (1 Booster Pack - Art May Vary),44,25-100,false,held
2026-10-08T12:05:06.000Z,"2023 Trading Card Game Classic - CLV, CLC, CLB #006/034 Magmar - Charizard & Ho-Oh ex Deck - CLC Holo (CGC 10 GEM MINT)",17.2,0-25,false,sold_back
2026-10-08T12:05:06.000Z,Pokémon Scarlet & Violet Destined Rivals (1 Booster Pack - Art May Vary),10.7,0-25,false,sold_back
2026-10-08T12:05:12.000Z,2025 Mega Brave - M1L #064/063 Bulbasaur - Art Rare Holo (CGC 9 MINT),18.9,0-25,false,sold_back
2026-10-08T12:05:21.000Z,2022 VSTAR Universe #051/172 Mewtwo VSTAR - Holo (CGC 10 GEM MINT),19.9,0-25,false,sold_back
2026-10-08T12:05:21.000Z,2024 High Class Pack: Terastal Fest ex - sv8a #222/187 Raging Bolt ex - Special Art Rare Holo (CGC 10 GEM MINT),20.7,0-25,false,sold_back
2026-10-08T12:05:23.000Z,2022 VSTAR Universe #053/172 Mew V - Holo (CGC 10 PRISTINE),41,25-100,false,sold_back
2026-10-08T12:05:24.000Z,2025 Mega Dream ex - M2a #246/193 Mega Dragonite ex - Special Art Rare Holo (CGC 9.5 MINT+),189.9,100-500,false,sold_back
2026-10-08T12:05:30.000Z,2006 Topps Mantle Home Run History #1 Mickey Mantle (PSA 10 GEM MINT),35.1,25-100,false,held
2026-10-08T12:05:35.000Z,2021 Pokémon 25th Anniversary Collection #001 Pikachu - Full Art (PSA 10 GEM MINT),48.7,25-100,false,held
2026-10-08T12:05:35.000Z,2025 Pokémon Jtg EN-Journey Together #161 Articuno - Illustration Rare (PSA 9 MINT),35.9,25-100,false,sold_back
2026-10-08T12:05:36.000Z,2025 Pokémon Pfl EN-Phantasmal Flames #013 Mega Charizard X EX - Holo (PSA 10 GEM MINT),68,25-100,false,sold_back
2026-10-08T12:05:38.000Z,2025 Pokémon M2a-Mega Dream EX #236 Iono's Bellibolt EX - Holo Special Art Rare (PSA 9 MINT),24.4,0-25,false,sold_back
2026-10-08T12:05:54.000Z,2006 Topps Chrome #223 Vince Young - Special Edition (PSA 10 GEM MINT),24,0-25,false,held
2026-10-08T12:05:57.000Z,2025 Heat Wave Arena - sv9a #071/063 Misty's Psyduck - Art Rare Holo (CGC 10 GEM MINT),40.2,25-100,false,sold_back
2026-10-08T12:06:03.000Z,1976 Topps #220 Jack Lambert (PSA 7 NM),91.1,25-100,false,held
2026-10-08T12:06:03.000Z,1999 Pokémon Fossil #60 Gambler - 1st Edition (PSA 9 MINT),103.8,100-500,false,sold_back
2026-10-08T12:06:03.000Z,2018 Topps #18 Rafael Devers (PSA 10 GEM MINT),15.5,0-25,false,sold_back
2026-10-08T12:06:05.000Z,Pokémon Scarlet & Violet Destined Rivals (1 Booster Pack - Art May Vary),10.7,0-25,false,held
2026-10-08T12:06:06.000Z,2021 Pokémon Sword & Shield Vmax Climax #120 Rayquaza Vmax - Full Art (PSA 10 GEM MINT),48.2,25-100,false,sold_back
2026-10-08T12:06:11.000Z,2021 Celebrations - Classic Collection #107/123 Donphan - HeartGold & SoulSilver Holo (CGC 10 GEM MINT),19.1,0-25,false,sold_back
2026-10-08T12:06:14.000Z,2021 Pokémon Sword & Shield Evolving Skies #212 Sylveon Vmax - Full Art Secret (PSA 10 GEM MINT),577.9,500+,false,sold_back
2026-10-08T12:06:15.000Z,1999 Pokémon Jungle #59 Paras - 1st Edition (PSA 9 MINT),33.5,25-100,false,sold_back
2026-10-08T12:06:20.000Z,2025 One Piece Japanese Promotion Card Set 2025 #104 Shanks (PSA 10 GEM MINT),28.7,25-100,false,held
2026-10-08T12:06:23.000Z,Pokémon Scarlet & Violet 151 (1 Booster Pack - Art May Vary),33.6,25-100,false,held
2026-10-08T12:06:30.000Z,1986 Fleer #90 Robert Reid (BGS 9 MINT),40.1,25-100,false,sold_back
2026-10-08T12:06:30.000Z,2021 25th Anniversary Promo Pack - S8a-P #019/025 Donphan - HeartGold Collection Holo (CGC 10 GEM MINT),21,0-25,false,sold_back
2026-10-08T12:06:32.000Z,2024 Pokémon Paf EN-Paldean Fates #233 Gardevoir EX - Holo Special Illustration Rare (PSA 10 GEM MINT),339.4,100-500,false,sold_back
2026-10-08T12:06:32.000Z,2024 Pokémon Trick or Trade #057 Gengar (PSA 10 GEM MINT),323.2,100-500,false,sold_back
2026-10-08T12:06:32.000Z,2025 Pokémon Blk EN-Black Bolt #113 Tynamo - Illustration Rare (PSA 10 GEM MINT),293.4,100-500,false,sold_back
2026-10-08T12:06:32.000Z,2025 Pokémon MC-Start Deck 100 Battle Collection #750 Slurpuff (PSA 9 MINT),18.1,0-25,false,sold_back
2026-10-08T12:06:32.000Z,2025 Pokémon Pfl EN-Phantasmal Flames #129 Dawn - Special Illustration Rare (PSA 10 GEM MINT),57.6,25-100,false,sold_back
2026-10-08T12:06:38.000Z,2024 High Class Pack: Terastal Fest ex - sv8a #069/187 Sylveon ex - Holo (CGC 10 GEM MINT),19.5,0-25,false,sold_back
2026-10-08T12:06:39.000Z,2022 Brilliant Stars #152/172 Shaymin V - Ultra Rare Holo (CGC 10 PRISTINE),80,25-100,false,sold_back
2026-10-08T12:06:41.000Z,2022 Pokémon Sword & Shield Vstar Universe #048 Gengar - Holo (PSA 10 GEM MINT),51.1,25-100,false,sold_back
2026-10-08T12:06:51.000Z,2024 Surging Sparks - SSP EN #037/191 Scovillain ex - Holo (CGC 9 MINT),13.2,0-25,false,sold_back
2026-10-08T12:06:53.000Z,2023 Scarlet & Violet #250/198 Jacq - Special Illustration Rare (Holo) (CGC 10 GEM MINT),26.2,25-100,false,sold_back
2026-10-08T12:06:54.000Z,2010 Undaunted #5/90 Houndoom - Pokémon League (Crosshatch Holo) (CGC 9 MINT),37.7,25-100,false,sold_back
2026-10-08T12:06:54.000Z,Pokémon Sword & Shield Fusion Strike (1 Booster Pack - Art May Vary),22.2,0-25,false,sold_back
2026-10-08T12:06:57.000Z,2026 Pokémon Asc EN-Ascended Heroes #233 Misdreavus - Illustration Rare (PSA 10 GEM MINT),48.6,25-100,false,held
2026-10-08T12:07:00.000Z,2025 Pokémon Simplified CBB3 C-Gem Pack Vol 3 #07 Morpeko (PSA 10 GEM MINT),54.4,25-100,false,sold_back
2026-10-08T12:07:03.000Z,2023 Panini Prizm #365 DE'Von Achane - Silver Prizm (PSA 9 MINT),19.7,0-25,false,sold_back
2026-10-08T12:07:03.000Z,2025 Panini Select #54 Shedeur Sanders - Silver Prizm (PSA 9 MINT),20.1,0-25,false,sold_back
2026-10-08T12:07:05.000Z,2024 Bowman Paper Prospects #BP43 Walker Jenkins - Sky Blue (PSA 9 MINT),22.1,0-25,false,sold_back
2026-10-08T12:07:06.000Z,Dragon Majesty (1 Booster Pack - Art May Vary),110.7,100-500,false,held
2026-10-08T12:07:11.000Z,2007 Topps #660 Yadier Molina - With Signature (PSA 9 MINT),26.3,25-100,false,sold_back
2026-10-08T12:07:11.000Z,2022 VSTAR Universe #196/172 Hisuian Goodra - Art Rare Holo (CGC 9 MINT),11.7,0-25,false,sold_back
2026-10-08T12:07:14.000Z,2025 Pokémon Meg EN-Mega Evolution #161 Mega Absol EX - Holo Ultra Rare (PSA 10 GEM MINT),43.4,25-100,false,sold_back
2026-10-08T12:07:17.000Z,2024 Crimson Haze #070/066 Infernape - Art Rare Holo (CGC 10 PRISTINE),22.7,0-25,false,sold_back
2026-10-08T12:07:18.000Z,2014 Pokémon XY Furious Fists #113 M Lucario EX - Holo Ultra Rare (PSA 6 EX-MT),45,25-100,false,sold_back
2026-10-08T12:07:21.000Z,Pokémon Scarlet & Violet Destined Rivals (1 Booster Pack - Art May Vary),10.7,0-25,false,sold_back
2026-10-08T12:07:23.000Z,2023 Bowman Draft #BDC70 James Wood - Chrome-Refractor (PSA 9 MINT),14,0-25,false,sold_back
2026-10-08T12:07:24.000Z,"2023 Trading Card Game Classic - CLF, CLL, CLK #016/032 Snorlax - Venusaur & Lugia ex Deck - CLF Holo (CGC 10 GEM MINT)",21.2,0-25,false,sold_back
2026-10-08T12:07:30.000Z,"2023 Trading Card Game Classic - CLV, CLC, CLB #011/034 Electrode - Charizard & Ho-Oh ex Deck - CLC Holo (CGC 9 MINT)",11.5,0-25,false,sold_back
2026-10-08T12:07:32.000Z,2025 Black Star Promos - Mega Evolution MEP EN #024 Oricorio ex - Mega Charizard X ex Ultra Premium Collection (Holo) (CGC 10 GEM MINT),22.6,0-25,false,sold_back
2026-10-08T12:07:33.000Z,2025 Pokémon Sv11b-Black Bolt #131 Timburr - Art Rare (PSA 10 GEM MINT),49.7,25-100,false,sold_back
2026-10-08T12:07:38.000Z,2025 Battle Partners - sv9 #110/100 Furret - Art Rare Holo (CGC 10 PRISTINE),31.1,25-100,false,sold_back
2026-10-08T12:07:44.000Z,2025 Black Star Promos - Mega Evolution MEP EN #024 Oricorio ex - Mega Charizard X ex Ultra Premium Collection (Holo) (CGC 10 PRISTINE),73.6,25-100,false,sold_back
2026-10-08T12:07:45.000Z,2023 Paradox Rift - PAR EN #232/182 Altaria ex - Ultra Rare Holo (CGC 10 GEM MINT),18.4,0-25,false,sold_back
2026-10-08T12:07:48.000Z,2025 Pokémon M2-Inferno X #106 Dawn - Super Rare (PSA 9 MINT),19.6,0-25,false,sold_back
2026-10-08T12:07:51.000Z,2022 VSTAR Universe #181/172 Toxtricity - Art Rare Holo (CGC 10 PRISTINE),13.3,0-25,false,sold_back
2026-10-08T12:07:54.000Z,2022 VSTAR Universe #175/172 Magmortar - Art Rare Holo (CGC 10 PRISTINE),22,0-25,false,sold_back
2026-10-08T12:07:54.000Z,2025 White Flare - WHT EN #045/086 Jellicent ex - Holo (CGC 10 PRISTINE),13.3,0-25,false,sold_back
2026-10-08T12:08:03.000Z,Magic: The Gathering Lorwyn Eclipsed - Collector Booster (1 Booster Pack - Art May Vary),41.4,25-100,false,sold_back
2026-10-08T12:08:06.000Z,2023 Temporal Forces - TEF EN #168/162 Snom - Illustration Rare Holo (CGC 9 MINT),17,0-25,false,sold_back
2026-10-08T12:08:09.000Z,2026 Pokémon M3-Nullifying Zero #100 Meowth EX - Holo Super Rare (PSA 10 GEM MINT),44.3,25-100,false,sold_back
2026-10-08T12:08:11.000Z,2025 Destined Rivals - DRI EN #231/182 Team Rocket's Mewtwo ex - Special Illustration Rare (Holo) (CGC 10 GEM MINT),467.8,100-500,false,sold_back
2026-10-08T12:08:14.000Z,2025 One Piece Japanese PRB02-Premium Booster -One Piece Card the Best- Vol.2 #109 Monkey D. Luffy (PSA 9 MINT),20.6,0-25,false,held
2026-10-08T12:08:14.000Z,Magic: The Gathering Lorwyn Eclipsed - Collector Booster (1 Booster Pack - Art May Vary),41.4,25-100,false,sold_back
2026-10-08T12:08:17.000Z,2020 Bowman Paper Prospects #BP8 Jasson Dominguez (PSA 10 GEM MINT),10.9,0-25,false,sold_back
2026-10-08T12:08:17.000Z,2022 Brilliant Stars #182/172 Galarian Zapdos V - Secret Rare Holo (CGC 8.5 NM-MT+),18.5,0-25,false,held
2026-10-08T12:08:18.000Z,2025 Mega Evolution - MEG EN #104/132 Mega Kangaskhan ex - Holo (CGC 10 PRISTINE),18.6,0-25,false,sold_back
2026-10-08T12:08:24.000Z,1962 Topps #396 Frank Robinson - All Star (PSA 7 NM),71.7,25-100,false,sold_back
2026-10-08T12:08:24.000Z,2025 Mega Dream ex - M2a #246/193 Mega Dragonite ex - Special Art Rare Holo (CGC 9.5 MINT+),189.9,100-500,false,sold_back
2026-10-08T12:08:26.000Z,2025 Pokémon M2a-Mega Dream EX #127 Rayquaza - Reverse Holo (PSA 10 GEM MINT),58.2,25-100,false,sold_back
2026-10-08T12:08:26.000Z,2025 Pokémon M2a-Mega Dream EX #230 Mega Gengar EX - Holo Mega Attack Rare (PSA 10 GEM MINT),50.3,25-100,false,sold_back
2026-10-08T12:08:26.000Z,2025 Pokémon Simplified CBB1 C-Gem Pack Vol 1 #02 Captain Pikachu (PSA 10 GEM MINT),60.6,25-100,false,sold_back
2026-10-08T12:08:26.000Z,2025 Pokémon Simplified CBB3 C-Gem Pack Vol 3 #06 Gengar (PSA 10 GEM MINT),61.9,25-100,false,sold_back
2026-10-08T12:08:26.000Z,2025 Pokémon Simplified CBB3 C-Gem Pack Vol 3 #07 Morpeko (PSA 10 GEM MINT),54.4,25-100,false,sold_back
2026-10-08T12:08:35.000Z,2025 One Piece OP13-Carrying on His Will #108 Jewelry Bonney (PSA 9 MINT),18,0-25,false,sold_back
2026-10-08T12:08:38.000Z,2021 VMAX Climax #100/184 Umbreon V - Holo (CGC 10 GEM MINT),21.3,0-25,false,sold_back
2026-10-08T12:08:41.000Z,2022 Scarlet & Violet Promos #232/SV-P Iono's Wattrel - Battle Partners Purchase Bonus (Holo) (CGC 10 GEM MINT),24.3,0-25,false,sold_back
2026-10-08T12:08:42.000Z,2025 One Piece 3rd Anniversary Tournament 3 Brothers Pack #012 Monkey D. Luffy (PSA 8 NM-MT),31,25-100,false,sold_back
2026-10-08T12:08:44.000Z,Pokémon Shining Fates (1 Booster Pack - Art May Vary),19.5,0-25,false,sold_back
2026-10-08T12:08:45.000Z,2021 Eevee Heroes #035/069 Espeon V - Holo (CGC 10 PRISTINE),22.9,0-25,false,sold_back
2026-10-08T12:08:48.000Z,2026 Pokémon Asc EN-Ascended Heroes #285 Mega Scrafty EX - Holo Special Illustration Rare (PSA 9 MINT),40.6,25-100,false,held
2026-10-08T12:08:59.000Z,2023 Pokémon Sv1a-Triplet Beat #077 Pyroar - Art Rare (PSA 10 GEM MINT),36.2,25-100,false,sold_back
2026-10-08T12:09:00.000Z,2025 Pokémon Pfl EN-Phantasmal Flames #098 Piplup - Illustration Rare (PSA 10 GEM MINT),97.9,25-100,false,sold_back
2026-10-08T12:09:02.000Z,2001 Japanese VS #74 Will's Jynx - 1st Edition (PSA 9 MINT),102,100-500,false,held
2026-10-08T12:09:02.000Z,2025 Gem Pack Volume 2 - CBB2C - Simplified #05 08/14 Espeon - Geometric Pattern Holo (CGC 10 PRISTINE),17.9,0-25,false,sold_back
2026-10-08T12:09:03.000Z,2025 One Piece Japanese Premium Card Collection -Best Selection Vol.4 #095 Laffitte (PSA 9 MINT),12.5,0-25,false,sold_back
2026-10-08T12:09:05.000Z,2015 Topps Heritage Minor League #112 Gleyber Torres (PSA 10 GEM MINT),13.5,0-25,false,sold_back
2026-10-08T12:09:09.000Z,2025 Destined Rivals - DRI EN #150/182 Team Rocket's Persian ex - Holo (CGC 10 GEM MINT),17.5,0-25,false,sold_back
2026-10-08T12:09:11.000Z,2021 Pokémon Celebrations Classic Collection #15 Venusaur - Holo (PSA 10 GEM MINT),106.5,100-500,false,held
2026-10-08T12:09:12.000Z,2021 Topps Chrome MLS 1975/76 Topps Footballers #TF759 Ricardo Pepi (PSA 10 GEM MINT),13.7,0-25,false,sold_back
2026-10-08T12:09:14.000Z,1988 Fleer #129 Charles Barkley - All-Star (PSA 7 NM),14.1,0-25,false,held
2026-10-08T12:09:15.000Z,2024 Cyber Judge #073/071 Deerling - Art Rare Holo (CGC 10 GEM MINT),17,0-25,false,sold_back
2026-10-08T12:09:18.000Z,2025 Pokémon Traditional SV-P Promo #215 Snorlax - Light Connect All (PSA 10 GEM MINT),127,100-500,false,sold_back
2026-10-08T12:09:18.000Z,Pokémon Scarlet & Violet Destined Rivals (1 Booster Pack - Art May Vary),10.7,0-25,false,sold_back
2026-10-08T12:09:20.000Z,2023 Bowman Chrome Prospect Autographs #CPARC Ryan Clifford (PSA 9 MINT),21.2,0-25,false,held
2026-10-08T12:09:23.000Z,2022 VSTAR Universe #175/172 Magmortar - Art Rare Holo (CGC 10 PRISTINE),22,0-25,false,sold_back
2026-10-08T12:09:24.000Z,Pokémon Scarlet & Violet Destined Rivals (1 Booster Pack - Art May Vary),10.7,0-25,false,sold_back
2026-10-08T12:09:26.000Z,2025 Pokémon M2a-Mega Dream EX #204 Hop's Trevenant - Art Rare (PSA 10 GEM MINT),23.5,0-25,false,held
2026-10-08T12:09:26.000Z,2026 Pokémon Asc EN-Ascended Heroes #277 Pikachu EX - Holo Special Illustration Rare (PSA 10 GEM MINT),709.2,500+,false,sold_back
2026-10-08T12:09:27.000Z,2021 Panini Prizm #271 Ayo Dosunmu - Silver Prizm (PSA 9 MINT),29.3,25-100,false,held
2026-10-08T12:09:27.000Z,Pokémon Sun & Moon Lost Thunder (1 Booster Pack - Art May Vary),64.4,25-100,false,redeemed
2026-10-08T12:09:29.000Z,2022 Bowman Chrome Sapphire Edition #48 Julio Rodriguez (PSA 9 MINT),23.8,0-25,false,sold_back
2026-10-08T12:09:39.000Z,2022 Topps Match Attax Nations League #CD50 Memphis Depay (CGC 10 GEM MINT),19.4,0-25,false,sold_back
2026-10-08T12:09:41.000Z,2025 One Piece PRB02-Premium Booster -One Piece Card the Best- Vol.2 #115 You're the One Who Should Disappear. - Alternate Art (PSA 9 MINT),17.7,0-25,false,sold_back
2026-10-08T12:09:45.000Z,2026 Pokémon M4-Ninja Spinner #091 Crobat - Art Rare (PSA 10 GEM MINT),31,25-100,false,sold_back
2026-10-08T12:09:47.000Z,2023 Pokémon Clk-Trading Card Game Classic Blastoise & Suicune EX Deck #001 Squirtle (PSA 9 MINT),32.6,25-100,false,sold_back
2026-10-08T12:09:47.000Z,2025 Royal Blood (OP10) - English #OP10-118 Monkey D. Luffy - (Borderless) Alt Art (CGC 10 GEM MINT),109.1,100-500,false,held
2026-10-08T12:09:47.000Z,Pokémon Celebrations (1 Booster Pack - Art May Vary),37.9,25-100,false,sold_back
2026-10-08T12:09:57.000Z,2024 Cyber Judge #044/071 Scizor ex - Holo (CGC 10 GEM MINT),13.3,0-25,false,sold_back
2026-10-08T12:09:59.000Z,2005 EX Emerald #68/106 Taillow (CGC 10 GEM MINT),18.5,0-25,false,sold_back
2026-10-08T12:10:00.000Z,2001 Neo Revelation #51/64 Shuckle - 1st Edition (CGC 8.5 NM-MT+),46.4,25-100,false,sold_back
2026-10-08T12:10:00.000Z,2023 Pokémon SV-P Promo #062 Eevee - YU Nagaba X Pokemon Card Game Campaign (PSA 9 MINT),97.1,25-100,false,sold_back
2026-10-08T12:10:03.000Z,1999 Team Rocket #51/82 Dark Raticate (CGC 9 MINT),13.6,0-25,false,sold_back
2026-10-08T12:10:06.000Z,2023 Black Star Promos - Scarlet & Violet SVP EN #087 Sprigatito ex - Adventure Chest (Holo) (CGC 10 GEM MINT),17.4,0-25,false,held
2026-10-08T12:10:14.000Z,2025 White Flare - sv11W #138/086 Trubbish - Art Rare Holo (CGC 10 PRISTINE),34.2,25-100,false,sold_back
2026-10-08T12:10:17.000Z,2026 Pokémon Asc EN-Ascended Heroes #275 Mega Froslass EX - Holo Special Illustration Rare (PSA 9 MINT),59.6,25-100,false,sold_back
2026-10-08T12:10:20.000Z,1961 Lake to Lake Packers #11 Jesse Whittenton (PSA 6 EX-MT),18.4,0-25,false,held
2026-10-08T12:10:24.000Z,2025 Pokémon Pre EN-Prismatic Evolutions #059 Umbreon - Reverse Holo Master Ball (PSA 9 MINT),71.9,25-100,false,sold_back
2026-10-08T12:10:27.000Z,1997 Pokémon Rocket #68 Dark Machamp - Holo (PSA 8 NM-MT),80.6,25-100,false,sold_back
2026-10-08T12:10:29.000Z,"Superman: The Man of Steel #18 CGC 9.8 White Pages (DC Comics, 12/92) - Universal",84.4,25-100,false,sold_back
2026-10-08T12:10:32.000Z,"1999 Gold, Silver, to a New World Heracross - Holo (CGC 10 GEM MINT)",154.6,100-500,false,held
2026-10-08T12:10:33.000Z,Pokémon Sun & Moon Unified Minds (1 Booster Pack - Art May Vary),84.8,25-100,false,held
2026-10-08T12:10:36.000Z,2025 Mega Evolution - MEG EN #144/132 Shedinja - Illustration Rare Holo (CGC 10 GEM MINT),18.4,0-25,false,sold_back
2026-10-08T12:10:38.000Z,2024 Stellar Miracle #113/102 Archaludon - Art Rare Holo (CGC 10 GEM MINT),13.8,0-25,false,sold_back
2026-10-08T12:10:39.000Z,2017 GX Battle Boost - SM4+ #028/114 Pikachu - Reverse Holo (CGC 8.5 NM-MT+),12,0-25,false,held
2026-10-08T12:10:42.000Z,2019 Panini Select #96 Cam Reddish - Red Prizm (PSA 10 GEM MINT),12.5,0-25,false,held
2026-10-08T12:10:44.000Z,2024 Pokémon Scr EN-Stellar Crown #143 Bulbasaur - Illustration Rare (PSA 9 MINT),99.2,25-100,false,sold_back
2026-10-08T12:10:45.000Z,2022 VSTAR Universe #226/172 Lucario VSTAR - Special Art Rare Holo (CGC 10 GEM MINT),20.7,0-25,false,sold_back
2026-10-08T12:10:45.000Z,2023 Black Star Promos - Scarlet & Violet SVP EN #139 Latias - Stellar Crown 3-Pack Blister (Cosmos Holo) (CGC 8 NM-MT),10.9,0-25,false,sold_back
2026-10-08T12:10:47.000Z,2025 Black Star Promos - Mega Evolution MEP EN #047 Cyndaquil - First Partner Illustration Collection Series 2 (Holo) (CGC 10 GEM MINT),18.4,0-25,false,sold_back
2026-10-08T12:10:51.000Z,2000 Team Rocket #24/82 Dark Golbat - 1st Edition 1st Edition (CGC 10 GEM MINT),53.7,25-100,false,sold_back
2026-10-08T12:10:51.000Z,Pokémon Sun & Moon Forbidden Light (1 Booster Pack - Art May Vary),52.3,25-100,false,sold_back
2026-10-08T12:11:02.000Z,2023 Pokémon Sv4a-Shiny Treasure EX #349 Charizard EX - Holo Special Art Rare (PSA 10 GEM MINT),320.8,100-500,false,sold_back
2026-10-08T12:11:03.000Z,2023 Pokémon Cll-Trading Card Game Classic Charizard & HO-Oh EX Deck #001 Charmander (PSA 10 GEM MINT),70.9,25-100,false,held
2026-10-08T12:11:06.000Z,2025 Mega Dream ex - M2a #228/193 Mega Lucario ex - Mega Attack Rare Holo (CGC 10 GEM MINT),19.3,0-25,false,sold_back
2026-10-08T12:11:09.000Z,2024 Prismatic Evolutions - PRE EN #012/131 Teal Mask Ogerpon ex - Holo (CGC 10 GEM MINT),22,0-25,false,sold_back
2026-10-08T12:11:09.000Z,Brilliant Stars (1 Booster Pack - Art May Vary),19.6,0-25,false,sold_back
2026-10-08T12:11:12.000Z,2025 Inferno X - M2 #085/080 Piplup - Art Rare Holo (CGC 10 PRISTINE),20.2,0-25,false,sold_back
2026-10-08T12:11:14.000Z,2000 Pokémon Neo 3 #242 Blissey - Holo (PSA 9 MINT),93.8,25-100,false,held
2026-10-08T12:11:14.000Z,2025 Bowman Chrome Prospects #BCP50 Jesus Made (PSA 9 MINT),29.1,25-100,false,sold_back
2026-10-08T12:11:15.000Z,2021 VMAX Climax #207/184 Galarian Obstagoon - Character Rare Holo (CGC 10 PRISTINE),17.7,0-25,false,sold_back
2026-10-08T12:11:15.000Z,2025 Topps Stars of MLB #SMLB18 James Wood (PSA 9 MINT),12.9,0-25,false,sold_back
2026-10-08T12:11:23.000Z,2021 Pokémon Sword & Shield Eevee Heroes #026 Pikachu (PSA 10 GEM MINT),60.6,25-100,false,sold_back
2026-10-08T12:11:23.000Z,2024 Pokémon Simplified Cs5a C-Gallant Galaxy: Charm #128 Lunatone - Art Rare (PSA 10 GEM MINT),47.9,25-100,false,held
2026-10-08T12:11:30.000Z,2025 Gem Pack Volume 2 - CBB2C - Simplified #08 13/14 Glaceon V - Holo (CGC 10 PRISTINE),19.9,0-25,false,sold_back
2026-10-08T12:11:35.000Z,2023 Scarlet & Violet 151 - MEW EN #193/165 Mew ex - Ultra Rare Holo (CGC 10 GEM MINT),58,25-100,false,held
2026-10-08T12:11:38.000Z,2025 Pokémon Simplified CBB3 C-Gem Pack Vol 3 #07 Cubone (PSA 10 GEM MINT),432.3,100-500,false,sold_back
2026-10-08T12:11:42.000Z,Magic: The Gathering Commander Masters - Draft Booster (1 Booster Pack - Art May Vary),33.2,25-100,false,held
2026-10-08T12:11:42.000Z,Pokémon Scarlet & Violet Destined Rivals (1 Booster Pack - Art May Vary),10.7,0-25,false,redeemed
2026-10-08T12:11:45.000Z,2021 VMAX Climax #195/184 Zekrom - Character Rare Holo (CGC 10 PRISTINE),33.2,25-100,false,sold_back
2026-10-08T12:11:51.000Z,2025 Pokémon Dri EN-Destined Rivals #203 Team Rocket's Meowth - Illustration Rare (PSA 9 MINT),36.2,25-100,false,sold_back
2026-10-08T12:11:54.000Z,Pokémon Scarlet & Violet Destined Rivals (1 Booster Pack - Art May Vary),10.7,0-25,false,sold_back
2026-10-08T12:11:57.000Z,2023-24 Panini Donruss FIFA #177 Lamine Yamal (PSA 8 NM-MT),34.1,25-100,false,sold_back
2026-10-08T12:12:00.000Z,2016 Pokémon XY Pokekyun Collection #019 Gardevoir EX - 1st Edition Holo Full Art (PSA 10 GEM MINT),846.3,500+,false,sold_back
2026-10-08T12:12:08.000Z,2025 One Piece Japanese 3rd Anniversary! One Piece Card Treasure Campaign Pack #006 Monkey D. Luffy (PSA 9 MINT),21.9,0-25,false,sold_back
2026-10-08T12:12:09.000Z,2026 Pokémon Asc EN-Ascended Heroes #218 Erika's Tangela - Illustration Rare (PSA 10 GEM MINT),75.2,25-100,false,held
2026-10-08T12:12:12.000Z,2021 VMAX Climax #101/184 Umbreon VMAX - Holo (CGC 9.5 MINT+),19.7,0-25,false,sold_back
2026-10-08T12:12:15.000Z,2024 Pokémon SV8-Super Electric Breaker #108 Larvesta - Art Rare (PSA 10 GEM MINT),19,0-25,false,sold_back
2026-10-08T12:12:21.000Z,2023 One Piece Japanese Promos #041 Monkey D. Luffy - One Piece Card Game 1st Anniversary Complete Guide (PSA 9 MINT),25.4,25-100,false,sold_back
2026-10-08T12:12:24.000Z,2002 Expedition #149/165 Professor Oak's Research (CGC 10 GEM MINT),22.9,0-25,false,sold_back
2026-10-08T12:12:24.000Z,2025 Pokémon Dri EN-Destined Rivals #202 Team Rocket's Raticate - Illustration Rare (PSA 9 MINT),17.7,0-25,false,sold_back
2026-10-08T12:12:35.000Z,2024 Transformation Mask #108/101 Fezandipiti - Art Rare Holo (CGC 10 GEM MINT),17.2,0-25,false,sold_back
2026-10-08T12:12:35.000Z,2025 Pokémon Simplified CBB3 C-Gem Pack Vol 3 #07 Morpeko (PSA 10 GEM MINT),54.4,25-100,false,sold_back
2026-10-08T12:12:39.000Z,1990 Topps Traded #27T Emmitt Smith (PSA 9 MINT),42.7,25-100,false,held
2026-10-08T12:12:41.000Z,2019 Panini Mosaic Will to Win #19 Damian Lillard - Green Mosaic (PSA 10 GEM MINT),15.2,0-25,false,sold_back
2026-10-08T12:12:42.000Z,2021 Parkside Nwsl Premier Edition Stars #54 Trinity Rodman (PSA 9 MINT),22.9,0-25,false,sold_back
2026-10-08T12:12:50.000Z,"2001 Darkness, and to Light Dark Wigglytuff (CGC 9 MINT)",22.5,0-25,false,sold_back
2026-10-08T12:12:50.000Z,2020 Pokémon Sword & Shield Vivid Voltage #102 Zamazenta (PSA 10 GEM MINT),51.6,25-100,false,sold_back
2026-10-08T12:12:50.000Z,2022 Pokémon Sword & Shield Paradigm Trigger #079 Lugia V - Holo (PSA 10 GEM MINT),54.8,25-100,false,sold_back
2026-10-08T12:12:50.000Z,2023 Pokémon Cll-Trading Card Game Classic Charizard & HO-Oh EX Deck #002 Charmeleon (PSA 10 GEM MINT),57.8,25-100,false,sold_back
2026-10-08T12:12:50.000Z,2023 Pokémon Sv1s-Scarlet EX #083 Ralts - Art Rare (PSA 10 GEM MINT),63,25-100,false,sold_back
2026-10-08T12:12:50.000Z,2024 Pokémon SV6-Transformation Mask #112 Tatsugiri - Art Rare (PSA 10 GEM MINT),48.6,25-100,false,sold_back
2026-10-08T12:12:53.000Z,2022 Pokémon GO #086/071 Dragonite VSTAR - Hyper Rare Holo (CGC 10 GEM MINT),39.8,25-100,false,sold_back
2026-10-08T12:12:53.000Z,2022 VSTAR Universe #011/172 Leafeon V - Holo (CGC 10 PRISTINE),18,0-25,false,sold_back
2026-10-08T12:12:54.000Z,2021 Dark Phantasma #014/071 Pikachu (CGC 10 GEM MINT),21.5,0-25,false,sold_back
2026-10-08T12:12:54.000Z,2023 Pokémon Svp EN-SV Black Star Promo #053 Mew EX - Holo 151 Ultra-Premium Collection (PSA 9 MINT),90.2,25-100,false,sold_back
2026-10-08T12:12:56.000Z,2023 Crown Zenith #GG25/GG70 Bibarel - Galarian Gallery Holo (CGC 10 GEM MINT),22.1,0-25,false,sold_back
2026-10-08T12:12:57.000Z,2006 EX Legend Maker #47/92 Weepinbell (CGC 10 GEM MINT),19.2,0-25,false,sold_back
2026-10-08T12:12:57.000Z,2025 Pokémon Dri EN-Destined Rivals #213 Team Rocket's Mewtwo EX - Holo Ultra Rare (PSA 10 GEM MINT),102.4,100-500,false,held
2026-10-08T12:12:59.000Z,2026 One Piece OP14-EB04-the Azure Sea's Seven Don!! Card - Egghead-Gold (PSA 9 MINT),22.5,0-25,false,held
2026-10-08T12:13:05.000Z,2001 Neo Revelation #51/64 Shuckle - 1st Edition (CGC 8.5 NM-MT+),46.4,25-100,false,sold_back
2026-10-08T12:13:14.000Z,2025 Destined Rivals - DRI EN #049/182 Misty's Gyarados - Prerelease (Cosmos Holo) (CGC 10 GEM MINT),96,25-100,false,sold_back
2026-10-08T12:13:20.000Z,2023 Pokémon SV3-Ruler of the Black Flame #115 Houndour - Art Rare (PSA 10 GEM MINT),35.3,25-100,false,sold_back
2026-10-08T12:13:26.000Z,1999 Fossil #38/62 Kingler - 1st Edition 1st Edition (CGC 9 MINT),19.6,0-25,false,sold_back
2026-10-08T12:13:26.000Z,2025 Black Star Promos - Mega Evolution MEP EN #013 Mega Venusaur ex - Mega Venusaur ex Premium Collection (Holo) (CGC 10 GEM MINT),17.2,0-25,false,sold_back
2026-10-08T12:13:32.000Z,2023 Bowman Draft #BDC70 James Wood - Chrome-Refractor (PSA 9 MINT),14,0-25,false,sold_back
2026-10-08T12:13:32.000Z,Pokémon Sword & Shield Evolving Skies (1 Booster Pack - Art May Vary),51.6,25-100,false,held
2026-10-08T12:13:35.000Z,2021 Pokémon Swsh Black Star Promo #137 Light Toxtricity - Holo Celebrations Collection (PSA 8 NM-MT),18.7,0-25,false,sold_back
2026-10-08T12:13:35.000Z,2022 Pokémon Sword & Shield Start Deck 100 Corocoro Comic Version #008 Snorlax (PSA 10 GEM MINT),61.5,25-100,false,sold_back
2026-10-08T12:13:35.000Z,Pokémon Sun & Moon Lost Thunder (1 Booster Pack - Art May Vary),64.4,25-100,false,redeemed
2026-10-08T12:13:38.000Z,2023 Pokémon Swsh Black Star Promo #291 Lucario Vstar - Full Art Crown Zenith Elite Trainer Box (PSA 8 NM-MT),20.8,0-25,false,sold_back
2026-10-08T12:13:41.000Z,"2023 Trading Card Game Classic - CLV, CLC, CLB #001/034 Bulbasaur - Venusaur & Lugia ex Deck - CLV Holo (CGC 10 GEM MINT)",21.8,0-25,false,sold_back
2026-10-08T12:13:41.000Z,Paradox Rift (1 Booster Pack - Art May Vary),14.4,0-25,false,sold_back
2026-10-08T12:13:44.000Z,2021 Pokémon Celebrations Classic Collection #15 Venusaur - Holo (PSA 10 GEM MINT),106.5,100-500,false,sold_back
2026-10-08T12:13:44.000Z,2022 Pokémon Go #010 Charizard - Holo (PSA 10 GEM MINT),60.9,25-100,false,sold_back
2026-10-08T12:13:44.000Z,2022 Pokémon Sword & Shield Vstar Universe #108 Rayquaza Vmax - Full Art (PSA 10 GEM MINT),51.6,25-100,false,sold_back
2026-10-08T12:13:44.000Z,2023 Pokémon Sv4a-Shiny Treasure EX #326 Alakazam EX - Holo Ssr (PSA 10 GEM MINT),53.9,25-100,false,sold_back
2026-10-08T12:13:44.000Z,2025 Pokémon Meg EN-Mega Evolution #150 Steelix - Illustration Rare (PSA 10 GEM MINT),56.4,25-100,false,sold_back
2026-10-08T12:13:50.000Z,Pokémon Scarlet & Violet Destined Rivals (1 Booster Pack - Art May Vary),10.7,0-25,false,sold_back
2026-10-08T12:13:51.000Z,2024 Prismatic Evolutions - PRE EN #084/131 Lopunny - Master Ball Holo (CGC 10 GEM MINT),48.4,25-100,false,held
2026-10-08T12:13:57.000Z,2021 VMAX Climax #126/184 Snorlax - Line Holo (CGC 10 PRISTINE),20.5,0-25,false,sold_back
2026-10-08T12:14:02.000Z,2021 Pokémon SM Black Star Promo #SM248 Pikachu & Zekrom GX - Holo Full Art Pikachu & Zekrom GX Premium Collection (PSA 9 MINT),57.3,25-100,false,sold_back
2026-10-08T12:14:11.000Z,2022 Pokémon Sword & Shield Lost Origin #TG03 Charizard - Full Art (PSA 9 MINT),47.5,25-100,false,sold_back
2026-10-08T12:14:12.000Z,2020 Topps MLS #106 Brenden Aaronson (PSA 9 MINT),13.7,0-25,false,held
2026-10-08T12:14:15.000Z,2023 Pokémon Card 151 #080/165 Slowbro - Reverse Holo Poké Ball (CGC 10 GEM MINT),19.3,0-25,false,sold_back
2026-10-08T12:14:17.000Z,2025 Mega Evolution - MEG EN #060/132 Mega Gardevoir ex - Holo (CGC 10 PRISTINE),17.9,0-25,false,sold_back
2026-10-08T12:14:24.000Z,2021 VMAX Climax #017/184 Charizard - Line Holo (CGC 10 GEM MINT),22.6,0-25,false,redeemed
2026-10-08T12:14:24.000Z,2022 Pokémon Sword & Shield Vstar Universe #190 Galarian Moltres - Full Art (PSA 10 GEM MINT),58.8,25-100,false,sold_back
2026-10-08T12:14:24.000Z,Pokémon Scarlet & Violet 151 (1 Booster Pack - Art May Vary),33.6,25-100,false,sold_back
2026-10-08T12:14:32.000Z,Pokémon Scarlet & Violet Destined Rivals (1 Booster Pack - Art May Vary),10.7,0-25,false,sold_back
2026-10-08T12:14:33.000Z,2023 Crown Zenith #036/159 Kyogre - Sea & Sky Premium Collection (Cosmos Holo) (CGC 10 GEM MINT),20.8,0-25,false,sold_back
2026-10-08T12:14:33.000Z,Pokémon Scarlet & Violet Destined Rivals (1 Booster Pack - Art May Vary),10.7,0-25,false,held
2026-10-08T12:14:35.000Z,2022 Lost Abyss #080/100 Giratina V - Holo (CGC 10 GEM MINT),17.8,0-25,false,sold_back
2026-10-08T12:14:36.000Z,2025 Gem Pack Volume 1 - CBB1C - Simplified #11 04/05 Sudowoodo - Reverse Holo Master Ball (CGC 10 GEM MINT),22.6,0-25,false,sold_back
2026-10-08T12:14:36.000Z,2025 White Flare - WHT EN #005/086 Whimsicott ex - Holo (CGC 10 PRISTINE),45.4,25-100,false,sold_back
2026-10-08T12:14:38.000Z,2020 Pokémon Sword & Shield Shiny Star V #320 Crobat Vmax - Full Art (PSA 10 GEM MINT),37.8,25-100,false,sold_back
2026-10-08T12:14:41.000Z,2026 Pokémon M4-Ninja Spinner #103 Cinccino EX - Holo Super Rare (PSA 10 GEM MINT),100,100-500,false,sold_back
2026-10-08T12:14:44.000Z,2024 High Class Pack: Terastal Fest ex - sv8a #031/187 Vaporeon ex - Holo (CGC 10 PRISTINE),20.3,0-25,false,held
2026-10-08T12:14:50.000Z,Pokémon Scarlet & Violet Destined Rivals (1 Booster Pack - Art May Vary),10.7,0-25,false,held
2026-10-08T12:14:53.000Z,2022-23 Topps Chrome Sapphire Edition UEFA Club Competitions #50 Alejandro Garnacho - SP (PSA 10 GEM MINT),22.4,0-25,false,sold_back
2026-10-08T12:14:54.000Z,2022 VSTAR Universe #103/172 Zamazenta V - Holo (CGC 10 PRISTINE),14.1,0-25,false,sold_back
2026-10-08T12:15:02.000Z,2022 VSTAR Universe #011/172 Leafeon V - Holo (CGC 10 GEM MINT),22.3,0-25,false,held
2026-10-08T12:15:09.000Z,2021 Eevee Heroes #015/069 Vaporeon V - Holo (CGC 10 PRISTINE),23.3,0-25,false,sold_back
2026-10-08T12:15:09.000Z,Pokémon Scarlet & Violet Destined Rivals (1 Booster Pack - Art May Vary),10.7,0-25,false,sold_back
2026-10-08T12:15:12.000Z,2024 Paldean Fates - PAF EN #123/091 Finizen - Shiny Rare Holo (CGC 10 GEM MINT),21.4,0-25,false,held
2026-10-08T12:15:14.000Z,1999 Team Rocket #1/82 Dark Alakazam - Holo (CGC 8.5 NM-MT+),116.6,100-500,false,sold_back
2026-10-08T12:15:14.000Z,2022 Pokémon Sword & Shield Silver Tempest #TG01 Braixen - Full Art (PSA 9 MINT),20,0-25,false,sold_back
2026-10-08T12:15:27.000Z,2021 Parkside Nwsl Premier Edition Stars #54 Trinity Rodman (PSA 9 MINT),22.9,0-25,false,sold_back
2026-10-08T12:15:36.000Z,2017 Black Star Promos - Sword & Shield #SWSH133 Lance's Charizard V - Celebrations (Holo) (CGC 8 NM-MT),13.5,0-25,false,sold_back
2026-10-08T12:15:39.000Z,2016 Pokémon XY Evolutions #22 M Blastoise EX - Holo (PSA 9 MINT),46.3,25-100,false,sold_back
2026-10-08T12:15:39.000Z,2018 Panini Diamond Kings #76 Shohei Ohtani - Facing Right (PSA 10 GEM MINT),175.6,100-500,false,sold_back
2026-10-08T12:15:44.000Z,2025 Inferno X - M2 #112/080 Rotom ex - Special Art Rare Holo (CGC 10 PRISTINE),20.6,0-25,false,sold_back
2026-10-08T12:15:45.000Z,2019 Pokémon Sun & Moon Hidden Fates #66 Moltres & Zapdos & Articuno GX - Holo Full Art (PSA 9 MINT),48.3,25-100,false,held
2026-10-08T12:15:50.000Z,2022 Panini Contenders #219 Khalil Shakir - Autograph (PSA 9 MINT),28.1,25-100,false,sold_back
2026-10-08T12:15:51.000Z,Magic: The Gathering Duskmourn: House of Horror - Collector Booster (1 Booster Pack - Art May Vary),78.9,25-100,false,sold_back
2026-10-08T12:15:54.000Z,2020 Panini Chronicles Serie A #24 Victor Osimhen (PSA 9 MINT),17.5,0-25,false,sold_back
2026-10-08T12:15:54.000Z,2024 High Class Pack: Terastal Fest ex - sv8a #126/187 Eevee ex - Holo (CGC 10 PRISTINE),21.2,0-25,false,sold_back
2026-10-08T12:16:00.000Z,2022 Star Birth #014/100 Charizard V - Holo (CGC 10 GEM MINT),22.9,0-25,false,sold_back
2026-10-08T12:16:02.000Z,1983 Perma-Graphics Super Star Credit Cards Rickey Henderson (PSA 10 GEM MINT),183,100-500,false,held
2026-10-08T12:16:06.000Z,2024 Prismatic Evolutions - PRE EN #075/131 Eevee ex - Surprise Box (Prismatic Evolutions Stamp) (Holo) (CGC 10 GEM MINT),35.8,25-100,false,sold_back
2026-10-08T12:16:06.000Z,2025 Pokémon M2a-Mega Dream EX #211 Dreepy - Art Rare (PSA 10 GEM MINT),27,25-100,false,sold_back
2026-10-08T12:16:08.000Z,2022 Pokémon Sword & Shield Vstar Universe #198 Dunsparce - Full Art (PSA 10 GEM MINT),23.5,0-25,false,sold_back
2026-10-08T12:16:09.000Z,2022 Pokémon Sword & Shield Start Deck 100 Corocoro Comic Version #007 Eevee V - Holo (PSA 10 GEM MINT),56.9,25-100,false,held
2026-10-08T12:16:09.000Z,2022 Pokémon Sword & Shield Vstar Universe #198 Dunsparce - Full Art (PSA 10 GEM MINT),23.5,0-25,false,held
2026-10-08T12:16:11.000Z,"2023 Trading Card Game Classic - CLV, CLC, CLB #011/034 Electrode - Charizard & Ho-Oh ex Deck - CLC Holo (CGC 9 MINT)",11.5,0-25,false,sold_back
2026-10-08T12:16:12.000Z,2018 Panini Prizm #288 Devonte' Graham (PSA 10 GEM MINT),10.4,0-25,false,sold_back
2026-10-08T12:16:12.000Z,2025 Pokémon M1l-Mega Brave #064 Bulbasaur - Art Rare (PSA 10 GEM MINT),48,25-100,false,held
2026-10-08T12:16:18.000Z,2025 Battle Partners - sv9 #102/100 Articuno - Art Rare Holo (CGC 10 GEM MINT),21.4,0-25,false,held
2026-10-08T12:16:20.000Z,2020 Topps Chrome UEFA Champions League Sapphire Edition #98 Ryan Gravenberch - Aqua (PSA 10 GEM MINT),47.5,25-100,false,held
2026-10-08T12:16:21.000Z,Pokemon Sun & Moon Tag Team GX Dream League (1 Booster Pack - Art May Vary),42,25-100,false,sold_back
2026-10-08T12:16:26.000Z,Pokémon Scarlet & Violet Prismatic Evolutions (1 Booster Pack - Art May Vary),17.3,0-25,false,held
2026-10-08T12:16:29.000Z,1982 Topps #780 Pete Rose (PSA 7 NM),11.7,0-25,false,sold_back
2026-10-08T12:16:32.000Z,1999 Base Set #43/102 Abra (CGC 8.5 NM-MT+),13.9,0-25,false,held
2026-10-08T12:16:36.000Z,2022 VSTAR Universe #234/172 Hisuian Zoroark VSTAR - Special Art Rare Holo (CGC 10 GEM MINT),34.7,25-100,false,sold_back
2026-10-08T12:16:38.000Z,2023 Black Star Promos - Scarlet & Violet SVP EN #175 Espeon ex - Prismatic Evolutions Premium Figure Collection (Holo) (CGC 10 GEM MINT),38.2,25-100,false,sold_back
2026-10-08T12:16:38.000Z,Pokémon Japanese Sword & Shield Explosive Walker (1 Booster Pack - Art May Vary),15.8,0-25,false,held
2026-10-08T12:16:44.000Z,2024 Pokémon SV8-Super Electric Breaker #110 Feebas - Art Rare (PSA 10 GEM MINT),27.1,25-100,false,sold_back
2026-10-08T12:16:48.000Z,Pokémon Scarlet & Violet 151 (1 Booster Pack - Art May Vary),33.6,25-100,false,sold_back
2026-10-08T12:16:50.000Z,2023 Crown Zenith #065/159 Hatterene V - Holo (CGC 8.5 NM-MT+),11.5,0-25,false,sold_back
2026-10-08T12:16:50.000Z,2024 Paldean Fates - PAF EN #237/091 Iono - Special Illustration Rare (Holo) (CGC 10 PRISTINE),85.4,25-100,false,sold_back
2026-10-08T12:16:51.000Z,Pokemon Sun & Moon Tag Team GX Dream League (1 Booster Pack - Art May Vary),42,25-100,false,sold_back
2026-10-08T12:16:56.000Z,2023 Pokémon Sv1s-Scarlet EX #089 Kingambit - Art Rare (PSA 10 GEM MINT),36.9,25-100,false,sold_back
2026-10-08T12:16:59.000Z,2025 Pokémon M2a-Mega Dream EX #195 Dustox - Art Rare (PSA 10 GEM MINT),25.1,25-100,false,sold_back
2026-10-08T12:17:03.000Z,"Tomb Raider #25 CGC 9.8 White Pages (Image/Top Cow, 11/02) - Universal",68,25-100,false,held
2026-10-08T12:17:05.000Z,2018 Panini Donruss #177 Vinicius Junior - Optic (PSA 9 MINT),22.1,0-25,false,sold_back
2026-10-08T12:17:05.000Z,2022 Pokémon Sword & Shield Astral Radiance #215 Trekking Shoes - Full Art Secret (PSA 10 GEM MINT),48.3,25-100,false,sold_back
2026-10-08T12:17:15.000Z,Magic: The Gathering Duskmourn: House of Horror - Collector Booster (1 Booster Pack - Art May Vary),78.9,25-100,false,sold_back
2026-10-08T12:17:17.000Z,2026 Pokémon Mep EN-Me Black Star Promo #031 N's Zekrom - Ascended Heroes Elite Trainer Box (PSA 8 NM-MT),18.6,0-25,false,sold_back
2026-10-08T12:17:23.000Z,2025 Glory of the Rocket Gang - sv10 #109/098 Team Rocket's Meowth - Art Rare Holo (CGC 10 PRISTINE),30.4,25-100,false,sold_back
2026-10-08T12:17:23.000Z,2025 Pokémon M2a-Mega Dream EX #236 Iono's Bellibolt EX - Holo Special Art Rare (PSA 10 GEM MINT),48.3,25-100,false,sold_back
2026-10-08T12:17:24.000Z,2023 Pokémon Sv4a-Shiny Treasure EX #326 Alakazam EX - Holo Ssr (PSA 10 GEM MINT),53.9,25-100,false,held
2026-10-08T12:17:29.000Z,2019 Panini Prizm #256 Cam Reddish (PSA 10 GEM MINT),10.1,0-25,false,sold_back
2026-10-08T12:17:32.000Z,2024 Topps Stars of MLB #SMLB21 Shohei Ohtani (PSA 8 NM-MT),25.2,25-100,false,sold_back
2026-10-08T12:17:36.000Z,2024 High Class Pack: Terastal Fest ex - sv8a #074/187 Iron Valiant ex - Holo (CGC 10 GEM MINT),19.2,0-25,false,held
2026-10-08T12:17:38.000Z,1963 Topps #173 Bombers' Best - Tresh/Mantle/Richardson (PSA 3 VG),78.3,25-100,false,held
2026-10-08T12:17:38.000Z,2021 Celebrations - Classic Collection #86/109 Rocket's Admin. - EX Team Rocket Returns Holo (CGC 9 MINT),10.8,0-25,false,sold_back
2026-10-08T12:17:39.000Z,2021 Panini Donruss Optic #95 Justin Jefferson - Stars (PSA 9 MINT),18.5,0-25,false,sold_back
2026-10-08T12:17:42.000Z,2025 Destined Rivals - DRI EN #217/182 Team Rocket's Crobat ex - Ultra Rare Holo (CGC 10 GEM MINT),17.6,0-25,false,sold_back
2026-10-08T12:17:45.000Z,2001 Neo Discovery #20/75 Espeon (CGC 8 NM-MT),38.5,25-100,false,sold_back
2026-10-08T12:17:45.000Z,2022 Paradigm Trigger #106/098 Skuntank V - Super Rare Holo (CGC 10 GEM MINT),21.2,0-25,false,sold_back
2026-10-08T12:17:48.000Z,1999 Pokémon Game #61 Rattata (PSA 9 MINT),37.4,25-100,false,sold_back
2026-10-08T12:17:50.000Z,2023 Topps #347 Jeremy Pena (PSA 10 GEM MINT),17.4,0-25,false,held
2026-10-08T12:17:50.000Z,Magic: The Gathering Tarkir: Dragonstorm - Collector Booster (1 Booster Pack - Art May Vary),56.1,25-100,false,sold_back
2026-10-08T12:17:53.000Z,2025 Pokémon Wht EN-White Flare #171 Hilda - Special Illustration Rare (PSA 9 MINT),46.8,25-100,false,sold_back
2026-10-08T12:17:56.000Z,2022 Lost Abyss #112/100 Pidgeot V - Super Rare Holo (CGC 10 PRISTINE),20,0-25,false,sold_back
2026-10-08T12:18:03.000Z,2026 Pokémon Mep EN-Me Black Star Promo #031 N's Zekrom - Ascended Heroes Elite Trainer Box (PSA 8 NM-MT),18.6,0-25,false,held
2026-10-08T12:18:05.000Z,2025 Pokémon Blk EN-Black Bolt #109 Cubchoo - Illustration Rare (PSA 9 MINT),37,25-100,false,sold_back
2026-10-08T12:18:14.000Z,2024 Bowman Draft #BD22 Konnor Griffin (PSA 9 MINT),11.7,0-25,false,sold_back
2026-10-08T12:18:17.000Z,2023 Pokémon Card 151 #085/165 Dodrio - Reverse Holo Master Ball (CGC 10 PRISTINE),50.4,25-100,false,sold_back
2026-10-08T12:18:26.000Z,2024 Paldean Fates - PAF EN #236/091 Clive - Special Illustration Rare (Holo) (CGC 10 GEM MINT),44.9,25-100,false,sold_back
2026-10-08T12:18:27.000Z,2023 Black Star Promos - Scarlet & Violet SVP EN #208 Victini - Unova Victini Illustration Collection (Holo) (CGC 9 MINT),13.2,0-25,false,sold_back
2026-10-08T12:18:30.000Z,2026 Topps #189 Roman Anthony (PSA 9 MINT),19.2,0-25,false,sold_back
2026-10-08T12:18:36.000Z,2021 McDonald's Collection 2021 #17/25 Squirtle - (Non-Holo) (CGC 9 MINT),19.5,0-25,false,redeemed
2026-10-08T12:18:36.000Z,2021 Parkside Nwsl Premier Edition Stars #54 Trinity Rodman (PSA 9 MINT),22.9,0-25,false,sold_back
2026-10-08T12:18:36.000Z,2022 Pokémon SV Promo #001 Pikachu - Scarlet & Violet Pre-Order (PSA 10 GEM MINT),103.8,100-500,false,sold_back
2026-10-08T12:18:36.000Z,2023 Shiny Treasure ex #115/190 Charizard ex - Holo (CGC 10 GEM MINT),19.4,0-25,false,sold_back
2026-10-08T12:18:41.000Z,2024 Stellar Crown - SCR EN #145/142 Lileep - Illustration Rare Holo (CGC 10 GEM MINT),22.2,0-25,false,sold_back
2026-10-08T12:18:42.000Z,2023 Panini Zenith Z-Stars #23 CJ Stroud (PSA 8 NM-MT),13,0-25,false,sold_back
2026-10-08T12:18:45.000Z,1999 Base Set #25/102 Dewgong - Shadowless Shadowless (CGC 9 MINT),18.4,0-25,false,sold_back
2026-10-08T12:18:45.000Z,2023 Panini NBA Hoops #298 Victor Wembanyama (PSA 10 GEM MINT),85.2,25-100,false,held
2026-10-08T12:18:50.000Z,2025 One Piece Japanese Limited Card Collection Vol.1 #042 Usopp (PSA 9 MINT),19.3,0-25,false,sold_back
2026-10-08T12:18:54.000Z,2025 Pokémon M2-Inferno X #013 Mega Charizard X EX - Holo (PSA 10 GEM MINT),49.1,25-100,false,sold_back
2026-10-08T12:18:59.000Z,2022 Silver Tempest #071/195 Mawile VSTAR - Holo (CGC 10 PRISTINE),33.3,25-100,false,sold_back
2026-10-08T12:19:00.000Z,Pokémon Scarlet & Violet Destined Rivals (1 Booster Pack - Art May Vary),10.7,0-25,false,sold_back
2026-10-08T12:19:03.000Z,2026 Pokémon M3-Nullifying Zero #114 Meowth EX - Holo Special Art Rare (PSA 10 GEM MINT),84.7,25-100,false,held
2026-10-08T12:19:06.000Z,1997 Pinnacle Inside WNBA #26 Sheryl Swoopes (PSA 9 MINT),23.5,0-25,false,sold_back
2026-10-08T12:19:06.000Z,Pokémon Scarlet & Violet Destined Rivals (1 Booster Pack - Art May Vary),10.7,0-25,false,sold_back
2026-10-08T12:19:08.000Z,1993 Hoops #155 Shaquille O'Neal (PSA 9 MINT),26.7,25-100,false,held
2026-10-08T12:19:08.000Z,Magic: The Gathering FINAL FANTASY - Collector Booster (1 Booster Pack - Art May Vary),176.9,100-500,false,sold_back
2026-10-08T12:19:09.000Z,2020 Bowman Paper Prospects #BP8 Jasson Dominguez (PSA 10 GEM MINT),10.9,0-25,false,sold_back
2026-10-08T12:19:12.000Z,2000 Neo Genesis #73/111 Slowpoke - 1st Edition (CGC 9 MINT),48.4,25-100,false,held
2026-10-08T12:19:12.000Z,2001 Pokémon VS #006 Falkner's Delibird - 1st Edition (PSA 8 NM-MT),44,25-100,false,sold_back
2026-10-08T12:19:12.000Z,2019 Old Maid (Red Back) Psyduck (CGC 10 PRISTINE),20.3,0-25,false,held
2026-10-08T12:19:15.000Z,2025 Topps Power Players #PP-16 Cooper Flagg (PSA 10 GEM MINT),94.1,25-100,false,sold_back
2026-10-08T12:19:23.000Z,2019 Double Blaze #042/095 Marshadow & Machamp GX - Holo (CGC 10 GEM MINT),19.9,0-25,false,held
2026-10-08T12:19:24.000Z,1999 Base Set #24/102 Charmeleon (CGC 7.5 NM+),19.9,0-25,false,held
2026-10-08T12:19:24.000Z,2019 Old Maid Meowth (CGC 10 PRISTINE),17.1,0-25,false,sold_back
2026-10-08T12:19:27.000Z,2025 Phantasmal Flames - PFL EN #041/094 Mega Diancie ex - Holo (CGC 10 PRISTINE),18.4,0-25,false,sold_back
2026-10-08T12:19:30.000Z,2025 Inferno X - M2 #114/080 Mega Lopunny ex - Special Art Rare Holo (CGC 10 GEM MINT),22.6,0-25,false,sold_back
2026-10-08T12:19:30.000Z,2025 Phantasmal Flames - PFL EN #127/094 Mega Sharpedo ex - Special Illustration Rare (Holo) (CGC 10 GEM MINT),22.4,0-25,false,sold_back
2026-10-08T12:19:33.000Z,2021 Pokémon 25th Anniversary Collection #011 Zekrom (PSA 10 GEM MINT),40.9,25-100,false,sold_back
2026-10-08T12:19:36.000Z,2026 One Piece OP14-EB04-the Azure Sea's Seven #031 Nami (PSA 9 MINT),18.3,0-25,false,sold_back
2026-10-08T12:19:36.000Z,2026 Topps Hobby Rip Night #BK21 Cooper Flagg (PSA 9 MINT),30,25-100,false,sold_back
2026-10-08T12:19:38.000Z,Pokémon XY Evolutions (1 Booster Pack - Art May Vary),74,25-100,false,held
2026-10-08T12:19:39.000Z,2020 Vivid Voltage #009/185 Celebi - Amazing Rare Holo (CGC 10 GEM MINT),26.9,25-100,false,sold_back
2026-10-08T12:19:41.000Z,2023 Scarlet & Violet 151 - MEW EN #007/165 Squirtle - Reverse Holo (CGC 10 PRISTINE),50.8,25-100,false,sold_back
2026-10-08T12:19:42.000Z,2021 VMAX Climax #017/184 Charizard - Line Holo (CGC 10 GEM MINT),22.6,0-25,false,held
2026-10-08T12:19:42.000Z,2023 One Piece Premium Card Collection -One Piece Film Red #007 Nami (PSA 10 GEM MINT),81,25-100,false,held
2026-10-08T12:19:45.000Z,2024 High Class Pack: Terastal Fest ex - sv8a #022/187 Flareon ex - Holo (CGC 10 PRISTINE),20,0-25,false,sold_back
2026-10-08T12:19:47.000Z,2023 Topps Now UEFA Champions League #142 Endrick/6998* (BGS 9.5 GEM MINT),21.2,0-25,false,sold_back
2026-10-08T12:19:50.000Z,2019 Bowman Prospect Autographs Chrome #CM Casey Mize - Atomic Refractor (PSA 10 GEM MINT),26.5,25-100,false,sold_back
2026-10-08T12:19:56.000Z,2023 Ruler of the Black Flame #066/108 Charizard ex - Holo (CGC 10 PRISTINE),22.9,0-25,false,held
2026-10-08T12:19:59.000Z,2025 Black Star Promos - Mega Evolution MEP EN #039 Squirtle - First Partner Illustration Collection Series 1 (Holo) (CGC 10 GEM MINT),35.1,25-100,false,sold_back
2026-10-08T12:20:00.000Z,2026 One Piece Japanese Premium Card Collection Kumamoto Prefecture Special Don!! Card - Franky (PSA 9 MINT),23.9,0-25,false,held
2026-10-08T12:20:05.000Z,2002 Neo Destiny #50/105 Light Ninetales - 1st Edition 1st Edition (CGC 8.5 NM-MT+),68.8,25-100,false,held
2026-10-08T12:20:08.000Z,2000 Gym Challenge #24/132 Giovanni's Pinsir - 1st Edition 1st Edition (CGC 8.5 NM-MT+),17.7,0-25,false,sold_back
2026-10-08T12:20:11.000Z,2025 Pokémon M2-Inferno X #081 Ludicolo - Art Rare (PSA 10 GEM MINT),24.3,0-25,false,sold_back
2026-10-08T12:20:14.000Z,2026 Topps Heritage #136 Jac Caglianone (PSA 9 MINT),24.4,0-25,false,sold_back
2026-10-08T12:20:15.000Z,2025 Pokémon M2a-Mega Dream EX #223 Mega Charizard X EX - Holo Mega Attack Rare (PSA 10 GEM MINT),71.2,25-100,false,held
2026-10-08T12:20:17.000Z,Pokémon Scarlet & Violet Destined Rivals (1 Booster Pack - Art May Vary),10.7,0-25,false,sold_back
2026-10-08T12:20:18.000Z,2025 Topps Chrome Ball of Duty #BD-21 Cooper Flagg (PSA 8 NM-MT),23,0-25,false,sold_back
2026-10-08T12:20:20.000Z,Pokémon Scarlet & Violet 151 (1 Booster Pack - Art May Vary),33.6,25-100,false,sold_back
2026-10-08T12:20:29.000Z,2025 Pokémon SV9-Battle Partners #112 Hop's Wooloo - Art Rare (PSA 10 GEM MINT),29.1,25-100,false,sold_back
2026-10-08T12:20:32.000Z,2019 Old Maid (Red Back) Psyduck (CGC 10 PRISTINE),20.3,0-25,false,sold_back
2026-10-08T12:20:33.000Z,1972 Topps #245 Len Dawson (PSA 6 EX-MT),23.4,0-25,false,sold_back
2026-10-08T12:20:38.000Z,2025 Mega Dream ex - M2a #228/193 Mega Lucario ex - Mega Attack Rare Holo (CGC 10 GEM MINT),19.3,0-25,false,sold_back
2026-10-08T12:20:39.000Z,2008 Topps #600 Tom Glavine (PSA 10 GEM MINT),37.6,25-100,false,held
2026-10-08T12:20:45.000Z,2025 Black Star Promos - Mega Evolution MEP EN #039 Squirtle - First Partner Illustration Collection Series 1 (Holo) (CGC 10 GEM MINT),35.1,25-100,false,sold_back
2026-10-08T12:20:53.000Z,2023 One Piece OP05-Awakening of the New Era #119 Monkey D. Luffy (PSA 10 GEM MINT),107.6,100-500,false,held
2026-10-08T12:20:57.000Z,2023 Scarlet & Violet 151 - MEW EN #038/165 Ninetales ex - Holo (CGC 10 GEM MINT),24.2,0-25,false,held
2026-10-08T12:20:59.000Z,2025 Pokémon Pfl EN-Phantasmal Flames #105 Wigglytuff - Illustration Rare (PSA 10 GEM MINT),70.6,25-100,false,sold_back
2026-10-08T12:21:02.000Z,2025 Pokémon Svp EN-SV Black Star Promo #200 Eevee - Destined Rivals Single Pack Blister (PSA 8 NM-MT),22.8,0-25,false,sold_back
2026-10-08T12:21:03.000Z,2023 Pokémon Card 151 #172/165 Caterpie - Art Rare Holo (CGC 10 GEM MINT),19,0-25,false,sold_back
2026-10-08T12:21:03.000Z,2025 Black Star Promos - Mega Evolution MEP EN #038 Charmander - First Partner Illustration Collection Series 1 (Holo) (CGC 9.5 MINT+),23.2,0-25,false,sold_back
2026-10-08T12:21:05.000Z,2022 Pokémon S Promo #269 Leafeon Vstar - Grass Leafeon Vstar Special Card Set (PSA 10 GEM MINT),42.7,25-100,false,sold_back
2026-10-08T12:21:08.000Z,2023 Scarlet ex #089/078 Kingambit - Art Rare Holo (CGC 10 PRISTINE),23,0-25,false,sold_back
2026-10-08T12:21:14.000Z,2019 Alter Genesis #056/095 Alolan Ninetales - Holo (CGC 10 PRISTINE),20.2,0-25,false,sold_back
2026-10-08T12:21:14.000Z,Pokémon Scarlet & Violet Destined Rivals (1 Booster Pack - Art May Vary),10.7,0-25,false,held
2026-10-08T12:21:17.000Z,Pokémon Scarlet & Violet Twilight Masquerade - Sleeved (1 Booster Pack - Art May Vary),13.5,0-25,false,sold_back
2026-10-08T12:21:20.000Z,2025 Pokémon Dri EN-Destined Rivals #236 Ethan's Adventure - Special Illustration Rare (PSA 9 MINT),37.7,25-100,false,sold_back
2026-10-08T12:21:27.000Z,2020 Bowman Paper Prospects #BP8 Jasson Dominguez (PSA 10 GEM MINT),10.9,0-25,false,sold_back
2026-10-08T12:21:27.000Z,2025 One Piece Promos #109 Monkey D. Luffy - Illustration Box Vol.3 (PSA 9 MINT),22.8,0-25,false,held
2026-10-08T12:21:29.000Z,Pokémon Scarlet & Violet Destined Rivals (1 Booster Pack - Art May Vary),10.7,0-25,false,held
2026-10-08T12:21:32.000Z,2024 Pokémon Sv6a-Night Wanderer #072 Zorua - Art Rare (PSA 10 GEM MINT),37.1,25-100,false,sold_back
2026-10-08T12:21:33.000Z,1990 Score #302 Junior Seau (PSA 9 MINT),17.5,0-25,false,sold_back
2026-10-08T12:21:33.000Z,2024 Stellar Miracle #111/102 Meditite - Art Rare Holo (CGC 10 GEM MINT),20.9,0-25,false,sold_back
2026-10-08T12:21:42.000Z,2021 Celebrations #005 Pikachu - Holo (BGS 8.5 NM-MT+),17.9,0-25,false,sold_back
2026-10-08T12:21:42.000Z,2024 Paradise Dragona - sv7a #073/064 Skarmory - Art Rare Holo (CGC 10 PRISTINE),20.5,0-25,false,sold_back
2026-10-08T12:21:47.000Z,1999 Fossil #37/62 Graveler - 1st Edition 1st Edition (CGC 8.5 NM-MT+),17.9,0-25,false,held
2026-10-08T12:21:47.000Z,2025 Pokémon Simplified CBB3 C-Gem Pack Vol 3 #07 Mimikyu (PSA 10 GEM MINT),81.4,25-100,false,sold_back
2026-10-08T12:21:48.000Z,Pokémon Sun & Moon Base Set (1 Booster Pack - Art May Vary),26.9,25-100,false,sold_back
2026-10-08T12:21:53.000Z,2024 High Class Pack: Terastal Fest ex - sv8a #040/187 Glaceon - Poké Ball Holo (CGC 10 PRISTINE),21.4,0-25,false,sold_back
2026-10-08T12:21:56.000Z,2022 Lost Abyss #080/100 Giratina V - Holo (CGC 10 GEM MINT),17.8,0-25,false,sold_back
2026-10-08T12:21:59.000Z,2025 Gem Pack Volume 2 - CBB2C - Simplified #01 07/15 Eevee - Geometric Pattern Holo (CGC 10 PRISTINE),20.1,0-25,false,sold_back
2026-10-08T12:22:02.000Z,2023 Pokémon Pal EN-Paldea Evolved #203 Magikarp - Illustration Rare (PSA 10 GEM MINT),3621.2,500+,false,sold_back
2026-10-08T12:22:03.000Z,2022 Pokémon Go #010 Charizard - Holo (PSA 10 GEM MINT),60.9,25-100,false,sold_back
2026-10-08T12:22:03.000Z,2024 Pokémon Sv5a-Crimson Haze #070 Infernape - Art Rare (PSA 10 GEM MINT),48.4,25-100,false,sold_back
2026-10-08T12:22:03.000Z,2025 Pokémon M1s-Mega Symphonia #065 Ninjask - Art Rare (PSA 10 GEM MINT),23.8,0-25,false,held
2026-10-08T12:22:03.000Z,2026 Pokémon Asc EN-Ascended Heroes #233 Misdreavus - Illustration Rare (PSA 10 GEM MINT),48.6,25-100,false,sold_back
2026-10-08T12:22:09.000Z,2022 Bowman Chrome UEFA U21 European Championship #124 Vaclav Sejk (CGC 10 GEM MINT),10.5,0-25,false,sold_back
2026-10-08T12:22:11.000Z,2018 Topps #1 Aaron Judge (PSA 9 MINT),32.8,25-100,false,redeemed
2026-10-08T12:22:17.000Z,2025 One Piece OP13-Carrying on His Will #119 Portgas D. Ace (PSA 10 GEM MINT),40.2,25-100,false,sold_back
2026-10-08T12:22:18.000Z,2025 Pokémon M2a-Mega Dream EX #230 Mega Gengar EX - Holo Mega Attack Rare (PSA 10 GEM MINT),50.3,25-100,false,held
2026-10-08T12:22:20.000Z,2024 One Piece OP08-Two Legends #106 Nami - Alternate Art (PSA 10 GEM MINT),75.6,25-100,false,held
2026-10-08T12:22:21.000Z,2023 Raging Surf #065/062 Plusle - Art Rare Holo (CGC 9.5 MINT+),19.4,0-25,false,sold_back
2026-10-08T12:22:23.000Z,Pokémon Scarlet & Violet Destined Rivals (1 Booster Pack - Art May Vary),10.7,0-25,false,sold_back
2026-10-08T12:22:24.000Z,2023 Shrouded Fable - SFA EN #065/064 Tapu Bulu - Illustration Rare Holo (CGC 10 GEM MINT),19.6,0-25,false,sold_back
2026-10-08T12:22:26.000Z,Pokémon Scarlet & Violet Destined Rivals (1 Booster Pack - Art May Vary),10.7,0-25,false,sold_back
2026-10-08T12:22:30.000Z,2025 Destined Rivals - DRI EN #025/182 Rabsca ex - Holo (CGC 10 GEM MINT),11.9,0-25,false,sold_back
2026-10-08T12:22:32.000Z,2024 Panini Donruss Optic #248 Jayden Daniels (PSA 9 MINT),18,0-25,false,sold_back
2026-10-08T12:22:38.000Z,2024 Panini Caitlin Clark Collection Donruss #19 Caitlin Clark - Pointed Stars (PSA 10 GEM MINT),70.1,25-100,false,sold_back
2026-10-08T12:22:45.000Z,2025 Legacy of the Master (OP12) - English #OP12-043 Kuzan - (Borderless) Alt Art (CGC 9 MINT),13.4,0-25,false,sold_back
2026-10-08T12:22:47.000Z,Pokémon Japanese Sword & Shield Rebellion Crash (1 Booster Pack - Art May Vary),19.9,0-25,false,held
2026-10-08T12:22:48.000Z,2024 High Class Pack: Terastal Fest ex - sv8a #221/187 Dragapult ex - Special Art Rare Holo (CGC 10 GEM MINT),20,0-25,false,sold_back
2026-10-08T12:22:51.000Z,2021 Jet-Black Spirit #027/070 Gengar - Holo (CGC 10 GEM MINT),20,0-25,false,sold_back
2026-10-08T12:22:53.000Z,2025 Mega Evolution - MEG EN #133/132 Bulbasaur - Enhanced Booster Display Box (Mega Evolution Stamp) (Holo) (CGC 10 GEM MINT),51.3,25-100,false,held
2026-10-08T12:22:57.000Z,2025 Topps Silver Pack 1980-81 Topps Chrome Basketball #TC-KK Kon Knueppel (PSA 9 MINT),28.1,25-100,false,held
2026-10-08T12:23:06.000Z,2000 Pokémon Game Base II #8 Hitmonchan - Holo (PSA 7 NM),35.1,25-100,false,held
2026-10-08T12:23:08.000Z,2006 EX Holon Phantoms #99/110 Crawdaunt ex - Holo (CGC 6 EX-NM),77.1,25-100,false,sold_back
2026-10-08T12:23:08.000Z,2026 Pokémon Mep EN-Me Black Star Promo #041 Chimchar - First Partner Illustration Collection Series 1 (PSA 9 MINT),18.2,0-25,false,sold_back
2026-10-08T12:23:09.000Z,1999 Gym 2: Challenge from the Darkness Sabrina's Gastly (CGC 9 MINT),21.1,0-25,false,held
2026-10-08T12:23:09.000Z,2023 Scarlet ex #088/078 Klawf - Art Rare Holo (CGC 10 PRISTINE),21.1,0-25,false,held
2026-10-08T12:23:12.000Z,2022 Battle Region #073/067 Hoothoot - Character Rare Holo (CGC 10 PRISTINE),20.1,0-25,false,sold_back
2026-10-08T12:23:12.000Z,2022 Bowman Draft Chrome Sapphire Edition #BDC190 Jett Williams (PSA 9 MINT),14.3,0-25,false,held
2026-10-08T12:23:12.000Z,2024 Prismatic Evolutions - PRE EN #174/131 Kieran - Special Illustration Rare (Holo) (CGC 8.5 NM-MT+),20.7,0-25,false,sold_back
2026-10-08T12:23:12.000Z,2024 Stellar Miracle #111/102 Meditite - Art Rare Holo (CGC 9.5 MINT+),10.6,0-25,false,sold_back
2026-10-08T12:23:14.000Z,2021 25th Anniversary Promo Pack - S8a-P #015/025 Gardevoir ex δ - Offense & Defense of the Furthest Ends Holo (CGC 10 GEM MINT),20.3,0-25,false,held
2026-10-08T12:23:14.000Z,2023 Pokémon Card 151 #186/165 Blastoise ex - Super Rare Holo (CGC 10 PRISTINE),38.4,25-100,false,sold_back
2026-10-08T12:23:14.000Z,Pokemon Sun & Moon Tag Team GX Dream League (1 Booster Pack - Art May Vary),42,25-100,false,held
2026-10-08T12:23:15.000Z,2019 Panini Colecciones Este La Liga #63 Takefusa Kubo (PSA 10 GEM MINT),11.3,0-25,false,sold_back
2026-10-08T12:23:15.000Z,2021 Pokémon Promo Card Pack 25th Anniversary Edition #017 Luxray GL LV.X - Holo (PSA 10 GEM MINT),34,25-100,false,held
2026-10-08T12:23:20.000Z,2019 Hidden Fates #SV25/SV94 Zorua - Shiny Vault Holo (CGC 10 GEM MINT),20.1,0-25,false,held
2026-10-08T12:23:20.000Z,Pokémon Scarlet & Violet Destined Rivals (1 Booster Pack - Art May Vary),10.7,0-25,false,held
2026-10-08T12:23:33.000Z,2020 Pokémon Sword & Shield Amazing Volt Tackle #031 Pikachu Vmax - Full Art (PSA 10 GEM MINT),64.8,25-100,false,sold_back
2026-10-08T12:23:35.000Z,1975 Topps #540 Lou Brock (PSA 8 NM-MT),75.4,25-100,false,sold_back
2026-10-08T12:23:47.000Z,2022 Pokémon Sword & Shield Vstar Universe #054 Mew Vmax - Full Art (PSA 10 GEM MINT),50.8,25-100,false,sold_back
2026-10-08T12:23:57.000Z,2025 Mega Dream ex - M2a #228/193 Mega Lucario ex - Mega Attack Rare Holo (CGC 9.5 MINT+),17.8,0-25,false,sold_back
2026-10-08T12:24:06.000Z,2024 Topps Heritage #282 Anthony Volpe - Flip Stock (PSA 9 MINT),50,25-100,false,held
2026-10-08T12:24:06.000Z,Magic: The Gathering Innistrad Remastered - Play Booster (1 Booster Pack - Art May Vary),13.6,0-25,false,sold_back
2026-10-08T12:24:09.000Z,2024 Cyber Judge #083/071 Drampa - Art Rare Holo (CGC 10 GEM MINT),22.8,0-25,false,sold_back
2026-10-08T12:24:12.000Z,1984 Donruss #215 Pat Zachry (PSA 9 MINT),21,0-25,false,sold_back
2026-10-08T12:24:14.000Z,2025 Topps #204 Kon Knueppel (PSA 10 GEM MINT),43.2,25-100,false,held
2026-10-08T12:24:15.000Z,Astral Radiance #TG11/TG30 Bronzong - Trainer Gallery Holo (CGC 9 MINT),11.6,0-25,false,sold_back
2026-10-08T12:24:23.000Z,2019 Panini Chronicles #60 Zion Williamson (PSA 10 GEM MINT),10.8,0-25,false,held
2026-10-08T12:24:24.000Z,2025 Pokémon M2a-Mega Dream EX #245 Steven's Metagross EX - Holo Special Art Rare (PSA 10 GEM MINT),61.1,25-100,false,sold_back
2026-10-08T12:24:29.000Z,2024 Pokémon Ssp EN-Surging Sparks #219 Pikachu EX - Holo Ultra Rare (PSA 9 MINT),44.1,25-100,false,sold_back
2026-10-08T12:24:30.000Z,2020 Vivid Voltage #106/185 Drapion V - Holo Ultra Rare (CGC 9 MINT),10.8,0-25,false,sold_back
2026-10-08T12:24:33.000Z,"2023 Trading Card Game Classic - CLV, CLC, CLB #001/034 Bulbasaur - Venusaur & Lugia ex Deck - CLV Holo (CGC 10 GEM MINT)",21.8,0-25,false,held
2026-10-08T12:24:36.000Z,2025 Panini Prizm Draft Picks Signing Day #SD-BUQ Bryce Underwood - Orange Pulsar (PSA 10 GEM MINT),183.3,100-500,false,sold_back
2026-10-08T12:24:44.000Z,2024 Panini Instant WNBA Draft Night #DN3 Kamilla Cardoso (PSA 10 GEM MINT),20.8,0-25,false,sold_back
2026-10-08T12:24:44.000Z,2025 Pokémon Mep EN-Me Black Star Promo #025 Mega Kangaskhan EX - Holo Mega Kangaskhan EX Box (PSA 10 GEM MINT),35.3,25-100,false,sold_back
2026-10-08T12:24:51.000Z,2025 Mega Symphonia - M1S #078/063 Mega Gardevoir ex - Super Rare Holo (CGC 10 GEM MINT),21.6,0-25,false,sold_back
2026-10-08T12:24:53.000Z,Pokémon Scarlet & Violet Twilight Masquerade - Sleeved (1 Booster Pack - Art May Vary),13.5,0-25,false,held
2026-10-08T12:24:56.000Z,2020 Pokémon Sword & Shield Vivid Voltage #102 Zamazenta (PSA 10 GEM MINT),51.6,25-100,false,held
2026-10-08T12:24:56.000Z,2025 Pokémon Sv11b-Black Bolt #161 Zekrom EX - Holo Super Rare (PSA 10 GEM MINT),58.4,25-100,false,sold_back
2026-10-08T12:24:57.000Z,2025 Pokémon Meg EN-Mega Evolution #138 Vulpix - Illustration Rare (PSA 10 GEM MINT),70,25-100,false,sold_back
2026-10-08T12:25:00.000Z,1983 Fleer #360 Tony Gwynn (PSA 8 NM-MT),23.4,0-25,false,sold_back
2026-10-08T12:25:02.000Z,2021 Pokémon 25th Anniversary Collection #011 Zekrom (PSA 10 GEM MINT),40.9,25-100,false,sold_back
2026-10-08T12:25:03.000Z,2020 Sword & Shield Promos - Traditional #128/S-P Leafeon V - Holo Brilliant Diamond Pre-Order (CGC 10 PRISTINE),22.3,0-25,false,sold_back
2026-10-08T12:25:06.000Z,2026 Pokémon Asc EN-Ascended Heroes #267 Mega Diancie EX - Holo Mega Attack Rare (PSA 10 GEM MINT),49,25-100,false,held
2026-10-08T12:25:14.000Z,2025 Battle Partners - sv9 #108/100 N's Zorua - Art Rare Holo (CGC 10 GEM MINT),20.2,0-25,false,sold_back
2026-10-08T12:25:23.000Z,2021 VMAX Climax #017/184 Charizard - Line Holo (CGC 10 GEM MINT),22.6,0-25,false,sold_back
2026-10-08T12:25:27.000Z,2026 Pokémon Asc EN-Ascended Heroes #222 Ethan's Magcargo - Illustration Rare (PSA 10 GEM MINT),51.8,25-100,false,sold_back
2026-10-08T12:25:29.000Z,1989 Topps Traded #50T Eric Metcalf (PSA 9 MINT),27.6,25-100,false,sold_back
2026-10-08T12:25:29.000Z,2019 Panini Prizm Draft Picks #11 Ja Morant - Red Prizm (PSA 10 GEM MINT),23.9,0-25,false,held
2026-10-08T12:25:36.000Z,2023 Venusaur/Charizard/Blastoise Spec. Set ex #009/049 Charizard ex - Charizard ex Deck Holo (CGC 10 GEM MINT),19.5,0-25,false,sold_back
2026-10-08T12:25:41.000Z,2024 Pokémon Sv8a-Terastal Fest EX #040 Glaceon - Reverse Holo Master Ball (PSA 10 GEM MINT),49,25-100,false,sold_back
2026-10-08T12:25:44.000Z,"Kanan - The Last Padawan #1 CGC 9.6 White Pages (Marvel Comics, 6/15) - Universal",62.2,25-100,false,sold_back
2026-10-08T12:25:45.000Z,2025 Destined Rivals - DRI EN #066/182 Dondozo ex - Holo (CGC 10 GEM MINT),13.7,0-25,false,sold_back
2026-10-08T12:25:48.000Z,2025 Pokémon M2-Inferno X #013 Mega Charizard X EX - Holo (PSA 10 GEM MINT),49.1,25-100,false,held
2026-10-08T12:25:53.000Z,2025 Pokémon M2-Inferno X #115 Dawn - Special Art Rare (PSA 9 MINT),17.6,0-25,false,sold_back
2026-10-08T12:25:56.000Z,2026 Pokémon Asc EN-Ascended Heroes #241 Medicham - Illustration Rare (PSA 10 GEM MINT),48.4,25-100,false,held
2026-10-08T12:26:02.000Z,2019 TAG TEAM GX: Tag All Stars #053/173 Trevenant & Dusknoir GX - Holo (CGC 10 PRISTINE),25.9,25-100,false,sold_back
2026-10-08T12:26:08.000Z,2023 Pokémon Sv1v-Violet EX #080 Toedscool - Art Rare (PSA 10 GEM MINT),21.8,0-25,false,held
2026-10-08T12:26:08.000Z,2024 High Class Pack: Terastal Fest ex - sv8a #081/187 Gible - Poké Ball Holo (CGC 10 GEM MINT),19.1,0-25,false,held
2026-10-08T12:26:09.000Z,2021 Topps Chrome MLS 1975/76 Topps Footballers #TF759 Ricardo Pepi (PSA 10 GEM MINT),13.7,0-25,false,held
2026-10-08T12:26:11.000Z,2025 Pokémon Meg EN-Mega Evolution #139 Litleo - Illustration Rare (PSA 10 GEM MINT),50.5,25-100,false,sold_back
2026-10-08T12:26:14.000Z,2023 Pokémon Mew EN-151 #004 Charmander - Reverse Holo (PSA 9 MINT),31.3,25-100,false,sold_back
2026-10-08T12:26:15.000Z,2023 Pokémon Sv4k-Ancient Roar #076 Morpeko - Art Rare (PSA 10 GEM MINT),74.5,25-100,false,sold_back
2026-10-08T12:26:15.000Z,2026 Topps 1991 Topps Baseball #71 Roman Anthony (PSA 9 MINT),18,0-25,false,redeemed
2026-10-08T12:26:18.000Z,2025 Pokémon M1l-Mega Brave #064 Bulbasaur - Art Rare (PSA 10 GEM MINT),48,25-100,false,sold_back
2026-10-08T12:26:21.000Z,2020 Vivid Voltage #049/185 Ampharos V - Holo (CGC 9.5 MINT+),13.5,0-25,false,sold_back
2026-10-08T12:26:23.000Z,2025 Panini Donruss #350 Cam Ward - Optic Preview-Red Pandora (PSA 8 NM-MT),21.6,0-25,false,sold_back
2026-10-08T12:26:26.000Z,2022 One Piece Japanese 25th Anniversary Premium Card Collection #006 Tony Tony Chopper (PSA 10 GEM MINT),42.2,25-100,false,held
2026-10-08T12:26:27.000Z,2014 Panini Prizm SP Variations #33 Joel Embiid - Prizm (PSA 9 MINT),57.2,25-100,false,sold_back
2026-10-08T12:26:29.000Z,"Sicily, Syracuse GREEK COINAGE AE NGC ChF",95,25-100,false,held
2026-10-08T12:26:30.000Z,2024 Pokémon Sv8a-Terastal Fest EX #202 Flareon EX - Holo Special Art Rare (PSA 10 GEM MINT),93.9,25-100,false,held
2026-10-08T12:26:33.000Z,2021 VMAX Climax #217/184 Blaziken VMAX - Character Super Rare Holo (CGC 10 GEM MINT),21.4,0-25,false,redeemed
2026-10-08T12:26:41.000Z,1970 Topps #14 Dennis Hull (PSA 8 NM-MT),37.1,25-100,false,sold_back
2026-10-08T12:26:44.000Z,2025 Pokémon Sv11b-Black Bolt #131 Timburr - Art Rare (PSA 10 GEM MINT),49.7,25-100,false,sold_back
2026-10-08T12:26:45.000Z,1999 Jungle #5/64 Kangaskhan - Holo (CGC 7 NM),21.7,0-25,false,sold_back
2026-10-08T12:26:50.000Z,2023 Shiny Treasure ex #328/190 Gardevoir ex - Shiny Super Rare Holo (CGC 10 GEM MINT),23.7,0-25,false,sold_back
2026-10-08T12:26:51.000Z,1999 Pokémon Game #90 Super Potion - 1st Edition (PSA 8 NM-MT),30.7,25-100,false,sold_back
2026-10-08T12:26:51.000Z,Pokémon Sun & Moon Forbidden Light (1 Booster Pack - Art May Vary),52.3,25-100,false,held
2026-10-08T12:27:00.000Z,2025 Mega Evolution - MEG EN #104/132 Mega Kangaskhan ex - Holo (CGC 10 GEM MINT),21.2,0-25,false,held
2026-10-08T12:27:02.000Z,2024 Bowman University Chrome #38 Cameron Ward (PSA 10 GEM MINT),43.3,25-100,false,sold_back
2026-10-08T12:27:02.000Z,2024 High Class Pack: Terastal Fest ex - sv8a #214/187 Iron Crown ex - Special Art Rare Holo (CGC 10 PRISTINE),20.4,0-25,false,sold_back
2026-10-08T12:27:09.000Z,2015 Panini Select #68 Luka Modric - Heading Ball-Red Prizm (PSA 9 MINT),20.4,0-25,false,sold_back
2026-10-08T12:27:12.000Z,2023 Pokémon Sv2a-Pokémon Card 151 #175 Psyduck - Art Rare (PSA 10 GEM MINT),77.2,25-100,false,sold_back
2026-10-08T12:27:14.000Z,Magic: The Gathering March of the Machine - Collector Booster (1 Booster Pack - Art May Vary),95.5,25-100,false,sold_back
2026-10-08T12:27:15.000Z,2025 Bowman Chrome Prospect Autographs #CPACHI Cobb Hightower - Speckle Refractor (PSA 10 GEM MINT),39.3,25-100,false,sold_back
2026-10-08T12:27:27.000Z,2025 Battle Partners - sv9 #119/100 Salamence ex - Super Rare Holo (CGC 10 GEM MINT),19.4,0-25,false,sold_back
2026-10-08T12:27:27.000Z,2025 Mega Evolution - MEG EN #136/132 Shuckle - Illustration Rare Holo (CGC 10 GEM MINT),21.7,0-25,false,sold_back
2026-10-08T12:27:29.000Z,1885-O One Dollar PCGS MS64,115.265,100-500,false,sold_back
2026-10-08T12:27:30.000Z,2021 Pokémon 25th Anniversary Collection #005 Lugia (PSA 10 GEM MINT),48.7,25-100,false,sold_back
2026-10-08T12:27:30.000Z,2024 Journey Together - JTG EN #075/159 Alcremie ex - Holo (CGC 9 MINT),17.6,0-25,false,sold_back
2026-10-08T12:27:38.000Z,2023 Bowman Rookie of the Year Favorites #ROYF1 Corbin Carroll (PSA 10 GEM MINT),21.2,0-25,false,sold_back
2026-10-08T12:27:39.000Z,2022 VSTAR Universe #206/172 Turtwig - Art Rare (CGC 9 MINT),11.9,0-25,false,sold_back
2026-10-08T12:27:39.000Z,2023 Scarlet & Violet 151 - MEW EN #009/165 Blastoise ex - Holo (CGC 9 MINT),13.2,0-25,false,sold_back
2026-10-08T12:27:44.000Z,2025 Pokémon Simplified CBB3 C-Gem Pack Vol 3 #07 Chandelure (PSA 10 GEM MINT),61.4,25-100,false,sold_back
2026-10-08T12:27:48.000Z,2023 Pokémon Cll-Trading Card Game Classic Charizard & HO-Oh EX Deck #001 Charmander (PSA 10 GEM MINT),70.9,25-100,false,held
2026-10-08T12:27:48.000Z,2023 Scarlet & Violet #061/198 Dondozo - Play! Pokémon Prize Pack #3 (Cosmos Holo) Holo (CGC 10 GEM MINT),18,0-25,false,sold_back
2026-10-08T12:27:54.000Z,2019 Panini Prizm #253 Coby White - Silver Prizm (PSA 9 MINT),12,0-25,false,sold_back
2026-10-08T12:27:54.000Z,2025 Inferno X - M2 #083/080 Charcadet - Art Rare Holo (CGC 10 PRISTINE),20.2,0-25,false,sold_back
2026-10-08T12:27:56.000Z,Pokémon Scarlet & Violet Destined Rivals (1 Booster Pack - Art May Vary),10.7,0-25,false,sold_back
2026-10-08T12:27:57.000Z,2025 Mega Dream ex - M2a #227/193 Mega Diancie ex - Mega Attack Rare Holo (CGC 10 GEM MINT),17.9,0-25,false,sold_back
2026-10-08T12:28:03.000Z,2022 Pokémon S Promo #339 Greninja - Illustration Contest 2022 (PSA 9 MINT),27.9,25-100,false,sold_back
2026-10-08T12:28:05.000Z,2023 Pokémon Clk-Trading Card Game Classic Blastoise & Suicune EX Deck #009 Articuno (PSA 10 GEM MINT),59.1,25-100,false,sold_back
2026-10-08T12:28:05.000Z,2024 Super Electric Breaker - sv8 #023/106 Scovillain ex - Holo (CGC 10 GEM MINT),12.9,0-25,false,sold_back
2026-10-08T12:28:06.000Z,2022 Incandescent Arcana #074/068 Altaria - Character Rare Holo (CGC 10 GEM MINT),22.6,0-25,false,sold_back
2026-10-08T12:28:06.000Z,2025 Bowman #30 Paul Skenes (PSA 9 MINT),27.8,25-100,false,sold_back
2026-10-08T12:28:09.000Z,Kingdom of Elymais GREEK COINAGE AR Drachm rv bearded head l. NGC VF,95,25-100,false,sold_back
2026-10-08T12:28:17.000Z,2022 Bowman Chrome UEFA U21 European Championship #86 Mario Vuskovic - Neon Green Refractor (CGC 10 GEM MINT),23,0-25,false,sold_back
2026-10-08T12:28:18.000Z,2024 Night Wanderer #075/064 Persian - Art Rare Holo (CGC 10 GEM MINT),25.8,25-100,false,sold_back
2026-10-08T12:28:20.000Z,2023 Black Star Promos - Scarlet & Violet SVP EN #168 Vaporeon - Prismatic Evolutions Poster Collection (Cosmos Holo) (CGC 10 GEM MINT),17.1,0-25,false,held
2026-10-08T12:28:20.000Z,"2023 Trading Card Game Classic - CLV, CLC, CLB #002/034 Ivysaur - Venusaur & Lugia ex Deck - CLV Holo (CGC 10 GEM MINT)",22.2,0-25,false,held
2026-10-08T12:28:20.000Z,2024 Journey Together - JTG EN #183/159 Iono's Bellibolt ex - Special Illustration Rare (Holo) (CGC 10 GEM MINT),35.4,25-100,false,held
2026-10-08T12:28:20.000Z,2025 Pokémon Pfl EN-Phantasmal Flames #126 Rotom EX - Holo Special Illustration Rare (PSA 9 MINT),22.6,0-25,false,held
2026-10-08T12:28:29.000Z,2023 Snow Hazard #086/071 Slowking ex - Super Rare Holo (CGC 10 PRISTINE),36,25-100,false,sold_back
2026-10-08T12:28:29.000Z,2024 Pokémon SV6-Transformation Mask #103 Dipplin - Art Rare (PSA 10 GEM MINT),22.8,0-25,false,sold_back
2026-10-08T12:28:30.000Z,2004 EX Team Magma Vs Team Aqua #62/95 Team Magma's Houndour (CGC 9 MINT),18.1,0-25,false,sold_back
2026-10-08T12:28:33.000Z,2023 Scarlet & Violet 151 - MEW EN #124/165 Jynx ex - Holo (CGC 9 MINT),12.4,0-25,false,sold_back
2026-10-08T12:28:35.000Z,2026 Pokémon Asc EN-Ascended Heroes #245 Galarian Obstagoon - Illustration Rare (PSA 10 GEM MINT),39.5,25-100,false,sold_back
2026-10-08T12:28:41.000Z,2024 Paldean Fates - PAF EN #226/091 Pawmi - Illustration Rare Holo (CGC 10 GEM MINT),21.4,0-25,false,sold_back
2026-10-08T12:28:48.000Z,2024 Eevee Advanced Gift Box - Simplified #003/009 Flareon VMAX - Flareon Box Holo (CGC 8.5 NM-MT+),17.7,0-25,false,sold_back
2026-10-08T12:28:48.000Z,2024 Panini Prizm Draft Picks #38 Angel Reese - Purple Prizm (PSA 7 NM),20,0-25,false,sold_back
2026-10-08T12:28:50.000Z,2025 Pokémon M2-Inferno X #111 Oricorio EX - Holo Special Art Rare (PSA 10 GEM MINT),51.8,25-100,false,sold_back
2026-10-08T12:28:53.000Z,2023 Pokémon Card 151 #177/165 Machoke - Art Rare Holo (CGC 10 PRISTINE),24.3,0-25,false,sold_back
2026-10-08T12:28:56.000Z,"2003 EX Sandstorm (2003 Copyright, w/ ""e"" Symbol) #65/100 Growlithe (CGC 8.5 NM-MT+)",25.6,25-100,false,sold_back
2026-10-08T12:28:57.000Z,2026 Pokémon Asc EN-Ascended Heroes #267 Mega Diancie EX - Holo Mega Attack Rare (PSA 10 GEM MINT),49,25-100,false,sold_back
2026-10-08T12:28:59.000Z,2022 Battle Region #071/067 Kleavor - Character Rare Holo (CGC 10 PRISTINE),21.5,0-25,false,sold_back
2026-10-08T12:29:06.000Z,2022 Pokémon Sword & Shield Vstar Universe #054 Mew Vmax - Full Art (PSA 9 MINT),19.1,0-25,false,sold_back
2026-10-08T12:29:06.000Z,2024 High Class Pack: Terastal Fest ex - sv8a #002/187 Leafeon - Poké Ball Holo (CGC 10 GEM MINT),12.3,0-25,false,sold_back
2026-10-08T12:29:08.000Z,2025 Phantasmal Flames - PFL EN #127/094 Mega Sharpedo ex - Special Illustration Rare (Holo) (CGC 9.5 MINT+),22.6,0-25,false,sold_back
2026-10-08T12:29:08.000Z,2026 Pokémon M3-Nullifying Zero #099 Mega Skarmory EX - Holo Super Rare (PSA 10 GEM MINT),31.7,25-100,false,held
2026-10-08T12:29:09.000Z,2025 One Piece OP13-Carrying on His Will #028 Portgas D. Ace - Special Alternate Art (PSA 10 GEM MINT),165.7,100-500,false,held
2026-10-08T12:29:14.000Z,2023 Panini Mosaic #136 Matthew Stafford - Blue Fluorescent (PSA 9 MINT),42,25-100,false,sold_back
2026-10-08T12:29:20.000Z,2021 Pokémon Asia 25th Anniversary Promo #006 Pikachu Vmax - Full Art Golden Box (PSA 10 GEM MINT),69.4,25-100,false,held
2026-10-08T12:29:21.000Z,2021 Pokémon Celebrations #005 Pikachu - Full Art (PSA 7 NM),17.7,0-25,false,sold_back
2026-10-08T12:29:21.000Z,2023 Bowman Sapphire Edition Chrome Prospects #BCP63 Michael Arroyo (PSA 10 GEM MINT),70.6,25-100,false,sold_back
2026-10-08T12:29:21.000Z,2026 Ninja Spinner - M4 #089/083 Xerneas - Art Rare Holo (CGC 10 PRISTINE),17.5,0-25,false,sold_back
2026-10-08T12:29:23.000Z,2000 Pokémon Game Base II #12 Nidoqueen - Holo (PSA 6 EX-MT),23,0-25,false,sold_back
2026-10-08T12:29:29.000Z,2026 Topps #157 Colson Montgomery - Spring Training (PSA 10 GEM MINT),26.7,25-100,false,sold_back
2026-10-08T12:29:30.000Z,Pokémon Crown Zenith (1 Booster Pack - Art May Vary),29.4,25-100,false,sold_back
2026-10-08T12:29:33.000Z,2025 Black Star Promos - Mega Evolution MEP EN #033 Mega Lucario ex - Ascended Heroes Premium Poster Collection (Holo) (CGC 10 GEM MINT),20.1,0-25,false,sold_back
2026-10-08T12:29:36.000Z,2020 Stadium Club Chrome UEFA Champions League #26 Pedri (PSA 9 MINT),20.8,0-25,false,sold_back
2026-10-08T12:29:38.000Z,2017 Panini Prestige #232 Patrick Mahomes II (PSA 7 NM),39.4,25-100,false,sold_back
2026-10-08T12:29:38.000Z,2019 Panini Gold Standard Newly Minted #24 Vinicius Junior (PSA 8 NM-MT),46,25-100,false,sold_back
2026-10-08T12:29:41.000Z,2023 Scarlet & Violet 151 - MEW EN #009/165 Blastoise ex - Holo (CGC 10 PRISTINE),52.9,25-100,false,sold_back
2026-10-08T12:29:41.000Z,2024 Surging Sparks - SSP EN #208/191 Alolan Dugtrio - Illustration Rare Holo (CGC 10 GEM MINT),36.6,25-100,false,sold_back
2026-10-08T12:29:42.000Z,2023 Panini Prizm #365 DE'Von Achane - Silver Prizm (PSA 9 MINT),19.7,0-25,false,sold_back
2026-10-08T12:29:45.000Z,2007 Diamond & Pearl #65/130 Unown A - Reverse Holo (CGC 8 NM-MT),17.8,0-25,false,sold_back
2026-10-08T12:29:47.000Z,Pokémon Shining Fates (1 Booster Pack - Art May Vary),19.5,0-25,false,sold_back
2026-10-08T12:29:51.000Z,Pokémon Sun & Moon Guardians Rising (1 Booster Pack - Art May Vary),39.9,25-100,false,sold_back
2026-10-08T12:29:54.000Z,2025 One Piece OP10-Royal Blood #118 Monkey D. Luffy - Alternate Art (PSA 10 GEM MINT),95.3,25-100,false,held
2026-10-08T12:30:02.000Z,2015 Topps Heritage Minor League #112 Gleyber Torres (PSA 10 GEM MINT),13.5,0-25,false,sold_back
2026-10-08T12:30:02.000Z,2025 Black Bolt - BLK EN #122/086 Golett - Illustration Rare Holo (CGC 10 GEM MINT),18.8,0-25,false,sold_back
2026-10-08T12:30:06.000Z,2025 Pokémon Meg EN-Mega Evolution #143 Helioptile - Illustration Rare (PSA 10 GEM MINT),42.3,25-100,false,sold_back
2026-10-08T12:30:08.000Z,2026 Pokémon M4-Ninja Spinner #087 Frogadier - Art Rare (PSA 10 GEM MINT),28.1,25-100,false,sold_back
2026-10-08T12:30:11.000Z,2002 Neo Destiny #62/105 Dark Octillery - 1st Edition 1st Edition (CGC 10 GEM MINT),66.2,25-100,false,held
2026-10-08T12:30:11.000Z,2023 Pokémon Sword and Shield Crown Zenith #020 Radiant Charizard - Holo (PSA 9 MINT),33.6,25-100,false,sold_back
2026-10-08T12:30:15.000Z,2022 Bowman University Chrome Prospects #39 Stetson Bennett (PSA 10 GEM MINT),23.8,0-25,false,held
2026-10-08T12:30:17.000Z,2018 Panini Donruss Magicians #M1 Lionel Messi (PSA 9 MINT),29.2,25-100,false,held
2026-10-08T12:30:17.000Z,2022 Pokémon Sword & Shield Lost Origin #TG05 Pikachu - Full Art (PSA 9 MINT),75.5,25-100,false,held
2026-10-08T12:30:18.000Z,2024 High Class Pack: Terastal Fest ex - sv8a #220/187 Gholdengo ex - Special Art Rare Holo (CGC 10 GEM MINT),17,0-25,false,sold_back
2026-10-08T12:30:21.000Z,Pokémon Sun & Moon Rebel Clash (1 Booster Pack - Art May Vary),15.2,0-25,false,sold_back
2026-10-08T12:30:23.000Z,2024 Pokémon Sv8a-Terastal Fest EX #205 Vaporeon EX - Holo Special Art Rare (PSA 10 GEM MINT),97.8,25-100,false,sold_back
2026-10-08T12:30:26.000Z,2024 High Class Pack: Terastal Fest ex - sv8a #022/187 Flareon ex - Holo (CGC 10 PRISTINE),20,0-25,false,sold_back
2026-10-08T12:30:27.000Z,2023 Bowman Draft #BDC70 James Wood - Chrome-Refractor (PSA 9 MINT),14,0-25,false,sold_back
2026-10-08T12:30:29.000Z,2026 Pokémon Asc EN-Ascended Heroes #152 Mega Dragonite EX - Holo (PSA 10 GEM MINT),50.6,25-100,false,sold_back
2026-10-08T12:30:33.000Z,2025 Pokémon Pfl EN-Phantasmal Flames #113 Mega Sharpedo EX - Holo Ultra Rare (PSA 10 GEM MINT),41.2,25-100,false,held
2026-10-08T12:30:38.000Z,1999 Base Set #84/102 PlusPower (CGC 9 MINT),21,0-25,false,sold_back
2026-10-08T12:30:38.000Z,2026 Pokémon M3-Nullifying Zero #113 Mega Zygarde EX - Holo Special Art Rare (PSA 10 GEM MINT),46.2,25-100,false,sold_back
2026-10-08T12:30:39.000Z,2025 Pokémon Simplified CBB1 C-Gem Pack Vol 1 #02 Captain Pikachu (PSA 10 GEM MINT),60.6,25-100,false,sold_back
2026-10-08T12:30:45.000Z,Pokémon Scarlet & Violet Destined Rivals (1 Booster Pack - Art May Vary),10.7,0-25,false,sold_back
2026-10-08T12:30:48.000Z,2018 GX Ultra Shiny #097/150 Altaria - Holo (CGC 9 MINT),12.9,0-25,false,sold_back
2026-10-08T12:30:51.000Z,2004 EX Team Rocket Returns #46/109 Rocket's Meowth (CGC 10 GEM MINT),103.8,100-500,false,sold_back
2026-10-08T12:30:53.000Z,Pokémon Scarlet & Violet Destined Rivals (1 Booster Pack - Art May Vary),10.7,0-25,false,sold_back
2026-10-08T12:30:57.000Z,2022 Pokémon Sword & Shield Silver Tempest #184 Regidrago V - Holo Full Art (PSA 10 GEM MINT),98.5,25-100,false,sold_back
2026-10-08T12:31:02.000Z,2021 Celebrations #014/025 Cosmoem - Holo (CGC 10 GEM MINT),23.1,0-25,false,sold_back
2026-10-08T12:31:02.000Z,2024 High Class Pack: Terastal Fest ex - sv8a #069/187 Sylveon ex - Holo (CGC 10 GEM MINT),19.5,0-25,false,sold_back
2026-10-08T12:31:03.000Z,2024 Cyber Judge #083/071 Drampa - Art Rare Holo (CGC 9 MINT),20.8,0-25,false,held
2026-10-08T12:31:03.000Z,2025 Pokémon M2-Inferno X #094 Mega Charizard X EX - Holo Super Rare (PSA 10 GEM MINT),62.7,25-100,false,sold_back
2026-10-08T12:31:05.000Z,2024 One Piece Japanese Promos #080 Monkey D. Luffy - Mos Burger (PSA 10 GEM MINT),99.7,25-100,false,sold_back
2026-10-08T12:31:05.000Z,2025 Pokémon Sv11w-White Flare #148 Klinklang - Art Rare (PSA 10 GEM MINT),23.6,0-25,false,sold_back
2026-10-08T12:31:14.000Z,2025 Black Star Promos - Mega Evolution MEP EN #024 Oricorio ex - Mega Charizard X ex Ultra Premium Collection (Holo) (CGC 10 GEM MINT),22.6,0-25,false,held
2026-10-08T12:31:15.000Z,2024 Stellar Miracle #109/102 Zeraora - Art Rare Holo (CGC 10 PRISTINE),22.9,0-25,false,held
2026-10-08T12:31:26.000Z,2017 Burning Shadows #99/147 Noivern GX - Holo (CGC 8.5 NM-MT+),11.4,0-25,false,sold_back
2026-10-08T12:31:29.000Z,"2023 Trading Card Game Classic - CLF, CLL, CLK #009/032 Raichu - Holo Charizard & Ho-Oh ex Deck - CLL (CGC 8.5 NM-MT+)",110.79,100-500,false,sold_back
2026-10-08T12:31:29.000Z,2025 Pokémon Svp EN-SV Black Star Promo #173 Eevee - Prismatic Evolutions Elite Trainer Box (PSA 10 GEM MINT),109.4,100-500,false,held
2026-10-08T12:31:33.000Z,2021 Eevee Heroes #015/069 Vaporeon V - Holo (CGC 10 GEM MINT),14.3,0-25,false,sold_back
2026-10-08T12:31:39.000Z,2022 Pokémon Go #030 Mewtwo V - Holo (PSA 10 GEM MINT),64.5,25-100,false,redeemed
2026-10-08T12:31:39.000Z,2026 Pokémon M3-Nullifying Zero #114 Meowth EX - Holo Special Art Rare (PSA 10 GEM MINT),84.7,25-100,false,sold_back
2026-10-08T12:31:44.000Z,2017 Black Star Promos - Sword & Shield #SWSH197 Glaceon VSTAR - Glaceon VSTAR Special Collection (Holo) (CGC 10 GEM MINT),21.3,0-25,false,sold_back
2026-10-08T12:31:47.000Z,2025 Black Bolt - BLK EN #067/086 Genesect ex - Holo (CGC 10 PRISTINE),24,0-25,false,held
2026-10-08T12:31:48.000Z,2022 Pokémon Sword & Shield Vstar Universe #014 Charizard Vstar (PSA 10 GEM MINT),50.1,25-100,false,sold_back
2026-10-08T12:32:03.000Z,2020 Vivid Voltage #138/185 Rayquaza - Amazing Rare Holo (CGC 10 GEM MINT),75.9,25-100,false,sold_back
2026-10-08T12:32:11.000Z,2024 Stellar Crown - SCR EN #107/142 Archaludon - Play! Pokémon Prize Pack Series (Cosmos Holo) Holo (CGC 9.5 MINT+),12,0-25,false,sold_back
2026-10-08T12:32:12.000Z,2023 Paradox Rift - PAR EN #244/182 Tulip - Ultra Rare Holo (CGC 10 PRISTINE),59.1,25-100,false,sold_back
2026-10-08T12:32:12.000Z,2025 Panini Instant Rated Rookie Retro #RRR16 Cooper Flagg/14417* (BGS 9.5 GEM MINT),37.7,25-100,false,sold_back
2026-10-08T12:32:12.000Z,Pokémon Japanese Sword & Shield Rebellion Crash (1 Booster Pack - Art May Vary),19.9,0-25,false,held
2026-10-08T12:32:15.000Z,2025 One Piece English Version 2nd Anniversary Set #119 Monkey D. Luffy (PSA 10 GEM MINT),159,100-500,false,held
2026-10-08T12:32:17.000Z,2023 Shiny Treasure ex #329/190 Glimmora ex - Shiny Super Rare Holo (CGC 10 PRISTINE),18.6,0-25,false,sold_back
2026-10-08T12:32:39.000Z,2025 Topps Heritage #148 Shohei Ohtani (PSA 8 NM-MT),22.7,0-25,false,sold_back
2026-10-08T12:32:44.000Z,2023 Pokémon Clf-Trading Card Game Classic Venusaur & Lugia EX Deck #002 Ivysaur (PSA 10 GEM MINT),54.7,25-100,false,held
2026-10-08T12:32:44.000Z,2023 Pokémon Mew EN-151 #171 Wartortle - Illustration Rare (PSA 9 MINT),66.6,25-100,false,held
2026-10-08T12:32:47.000Z,2023 Pokémon Sv4a-Shiny Treasure EX #334 Noivern EX - Holo Ssr (PSA 10 GEM MINT),48.3,25-100,false,sold_back
2026-10-08T12:32:50.000Z,2025 Pokémon Meg EN-Mega Evolution #138 Vulpix - Illustration Rare (PSA 10 GEM MINT),70,25-100,false,sold_back
2026-10-08T12:32:50.000Z,2026 Pokémon M3-Nullifying Zero #084 Aurorus - Art Rare (PSA 10 GEM MINT),22.7,0-25,false,sold_back
2026-10-08T12:33:03.000Z,2024 Panini Prizm Prizm Flashback Rookie #5 Malik Nabers - No Huddle (PSA 10 GEM MINT),88.1,25-100,false,sold_back
2026-10-08T12:33:09.000Z,2005 EX Emerald #46/106 Duskull (CGC 9 MINT),36.6,25-100,false,sold_back
2026-10-08T12:33:17.000Z,2023 Panini Prizm Draft Picks #2 Victor Wembanyama - Green Prizm (PSA 9 MINT),71.8,25-100,false,held
2026-10-08T12:33:20.000Z,1987 Fleer #59 Michael Jordan (PSA 6 EX-MT),796.3,500+,false,held
2026-10-08T12:33:23.000Z,2001 Neo Discovery #57/75 Larvitar (CGC 8.5 NM-MT+),12.9,0-25,false,sold_back
2026-10-08T12:33:30.000Z,2025 Pokémon M1l-Mega Brave #077 Mega Camerupt EX - Holo Super Rare (PSA 10 GEM MINT),21.3,0-25,false,held
2026-10-08T12:33:33.000Z,2025 One Piece Japanese Promos #106 Monkey D. Luffy - Standard Battle Winner (PSA 10 GEM MINT),45.4,25-100,false,sold_back
2026-10-08T12:33:35.000Z,Pokémon GO (1 Booster Pack - Art May Vary),17.5,0-25,false,sold_back
2026-10-08T12:33:36.000Z,2024 Topps Now #330 Wyatt Langford (PSA 10 GEM MINT),24.9,0-25,false,sold_back
2026-10-08T12:33:39.000Z,2024 Pokémon SV-P Promo #216 Pikachu - Summer of Pokeca Is Here! Promo Card Get Campaign Pack (PSA 10 GEM MINT),54.2,25-100,false,sold_back
2026-10-08T12:33:45.000Z,2023 Pokémon Sv1s-Scarlet EX #083 Ralts - Art Rare (PSA 10 GEM MINT),63,25-100,false,sold_back
2026-10-08T12:33:47.000Z,2024 Panini Prizm Premier League #217 Andre - Pink Mosaic (CGC 10 PRISTINE),28,25-100,false,sold_back
2026-10-08T12:33:47.000Z,2026 Pokémon Asc EN-Ascended Heroes #257 Canari - Ultra Rare (PSA 10 GEM MINT),49.6,25-100,false,sold_back
2026-10-08T12:33:48.000Z,2025 Pokémon Simplified CBB1 C-Gem Pack Vol 1 #02 Captain Pikachu (PSA 10 GEM MINT),60.6,25-100,false,redeemed
2026-10-08T12:33:50.000Z,1999 Pokémon Jungle #17 Clefable (PSA 4 VG-EX),33,25-100,false,sold_back
2026-10-08T12:33:50.000Z,2022 Panini Select #117 Justin Fields - Die-Cut Black/Red Prizm (PSA 10 GEM MINT),27.7,25-100,false,held
2026-10-08T12:33:53.000Z,Pokémon Sun & Moon Lost Thunder (1 Booster Pack - Art May Vary),64.4,25-100,false,held
2026-10-08T12:33:54.000Z,2023 One Piece Promos #003 Crocodile - Tournament Pack Vol.5 (PSA 10 GEM MINT),44.1,25-100,false,sold_back
2026-10-08T12:33:54.000Z,2023 Topps Chrome Update Action Stars #ASC6 Michael Harris II (PSA 9 MINT),20.9,0-25,false,sold_back
2026-10-08T12:33:57.000Z,2023 Clay Burst #079/071 Tyranitar - Art Rare Holo (CGC 10 GEM MINT),23.1,0-25,false,held
2026-10-08T12:33:57.000Z,2024 Upper Deck #492 Matvei Michkov (PSA 9 MINT),44.9,25-100,false,sold_back
2026-10-08T12:34:02.000Z,2026 Pokémon Asc EN-Ascended Heroes #256 Boss's Orders - Ultra Rare (PSA 10 GEM MINT),50.6,25-100,false,sold_back
2026-10-08T12:34:20.000Z,2001 Neo Revelation #53/64 Slugma - 1st Edition (CGC 10 GEM MINT),20.9,0-25,false,sold_back
2026-10-08T12:34:20.000Z,2024 Pokémon Sv7a-Paradise Dragona #073 Skarmory - Art Rare (PSA 10 GEM MINT),38.8,25-100,false,sold_back
2026-10-08T12:34:21.000Z,2022 Pokémon Go #028 Pikachu - Holo (PSA 10 GEM MINT),71.9,25-100,false,sold_back
2026-10-08T12:34:30.000Z,2025 Panini Donruss #310 Colston Loveland (PSA 9 MINT),17.8,0-25,false,sold_back
2026-10-08T12:34:32.000Z,2025 Bowman Chrome Prospects #BCP108 Carson Benge - Green Geometric (PSA 9 MINT),17.5,0-25,false,sold_back
2026-10-08T12:34:33.000Z,2020 Panini Mosaic UEFA Euro 2020 #148 Ryan Gravenberch (CGC 10 PRISTINE),22,0-25,false,sold_back
2026-10-08T12:34:35.000Z,2000 Gym Challenge #62/132 Blaine's Growlithe (CGC 7.5 NM+),18.9,0-25,false,sold_back
2026-10-08T12:34:35.000Z,2025 Panini Prizm Draft Picks #150 Keelon Russell - Silver Prizm (PSA 10 GEM MINT),112.5,100-500,false,sold_back
2026-10-08T12:34:39.000Z,1991 Ultra #230 Randall Cunningham (PSA 10 GEM MINT),89,25-100,false,sold_back
2026-10-08T12:34:45.000Z,2025 Glory of the Rocket Gang - sv10 #105/098 Team Rocket's Weezing - Art Rare Holo (CGC 10 PRISTINE),23.7,0-25,false,sold_back
2026-10-08T12:34:50.000Z,1990 Upper Deck #55 Ed Belfour (PSA 8 NM-MT),11.9,0-25,false,sold_back
2026-10-08T12:34:50.000Z,2000 Gym Challenge #81/132 Koga's Tangela (CGC 8.5 NM-MT+),30.8,25-100,false,sold_back
2026-10-08T12:34:50.000Z,2023 Pokémon Clf-Trading Card Game Classic Venusaur & Lugia EX Deck #001 Bulbasaur (PSA 10 GEM MINT),53.7,25-100,false,sold_back
2026-10-08T12:34:56.000Z,2025 One Piece Japanese 3rd Anniversary Set #094 Monkey D. Dragon (PSA 9 MINT),22.5,0-25,false,sold_back
2026-10-08T12:34:59.000Z,2023 Pokémon Card 151 #167/165 Ivysaur - Art Rare Holo (CGC 10 PRISTINE),37.2,25-100,false,sold_back
2026-10-08T12:34:59.000Z,2025 Pokémon Mbg-Mega Starter Set Mega Gengar EX #022 Haunter (PSA 10 GEM MINT),54.3,25-100,false,held
2026-10-08T12:35:08.000Z,2025 Inferno X - M2 #013/080 Mega Charizard X ex - Holo (CGC 10 PRISTINE),24.9,0-25,false,held
2026-10-08T12:35:09.000Z,2025 One Piece Japanese Premium Card Collection -Best Selection Vol.4 #095 Laffitte (PSA 9 MINT),12.5,0-25,false,sold_back
2026-10-08T12:35:14.000Z,2025 One Piece 3rd Anniversary! One Piece Card Treasure Campaign Pack #033 Monkey D. Luffy (PSA 9 MINT),19.4,0-25,false,sold_back
2026-10-08T12:35:15.000Z,2023 Pokémon Card 151 #025/165 Pikachu (CGC 10 GEM MINT),17,0-25,false,sold_back
2026-10-08T12:35:20.000Z,2025 Pokémon Sv11b-Black Bolt #089 Pansage - Art Rare (PSA 10 GEM MINT),41.4,25-100,false,sold_back
2026-10-08T12:35:21.000Z,1999 Base Set #54/102 Metapod - Shadowless Shadowless (CGC 5 EX),10.6,0-25,false,sold_back
2026-10-08T12:35:21.000Z,2019 Fusion Strike #263/264 Shauna - Ultra Rare Holo (CGC 9 MINT),19.3,0-25,false,sold_back
2026-10-08T12:35:26.000Z,2022 Pokémon Go #004 Radiant Venusaur - Holo (PSA 10 GEM MINT),53.4,25-100,false,sold_back
2026-10-08T12:35:26.000Z,2022 Pokémon SV Promo #001 Pikachu - Scarlet & Violet Pre-Order (PSA 10 GEM MINT),63.7,25-100,false,sold_back
2026-10-08T12:35:26.000Z,2023 Pokémon Sv2a-Pokémon Card 151 #181 Snorlax - Art Rare (PSA 10 GEM MINT),71.8,25-100,false,sold_back
2026-10-08T12:35:26.000Z,2024 Pokémon SV6-Transformation Mask #112 Tatsugiri - Art Rare (PSA 10 GEM MINT),48.6,25-100,false,sold_back
2026-10-08T12:35:26.000Z,2025 Pokémon M2-Inferno X #111 Oricorio EX - Holo Special Art Rare (PSA 10 GEM MINT),51.8,25-100,false,sold_back
2026-10-08T12:35:30.000Z,2025 Battle Partners - sv9 #110/100 Furret - Art Rare Holo (CGC 10 PRISTINE),31.1,25-100,false,sold_back
2026-10-08T12:35:32.000Z,2024 Topps Chrome Finesse #F2 Drake Maye - X-Fractor (PSA 10 GEM MINT),84.5,25-100,false,held
2026-10-08T12:35:35.000Z,2025 Pokémon Meg EN-Mega Evolution #180 Mega Absol EX - Holo Special Illustration Rare (PSA 10 GEM MINT),99.2,25-100,false,sold_back
2026-10-08T12:35:36.000Z,2022 Pokémon Sword & Shield Vstar Universe #108 Rayquaza Vmax - Full Art (PSA 10 GEM MINT),51.6,25-100,false,sold_back
2026-10-08T12:35:36.000Z,2025 One Piece PRB02-Premium Booster -One Piece Card the Best- Vol.2 #107 Kozuki Momonosuke (PSA 10 GEM MINT),20.1,0-25,false,sold_back
2026-10-08T12:35:41.000Z,2020 Panini Select 2021 Xrc Prizm Redemption #412 Jaylen Waddle (PSA 9 MINT),49.1,25-100,false,sold_back
2026-10-08T12:35:42.000Z,2023 Obsidian Flames - OBF EN #211/197 Tyranitar ex - Ultra Rare Holo (CGC 10 GEM MINT),23.1,0-25,false,sold_back
2026-10-08T12:35:47.000Z,2020 Pokémon Sword & Shield Shiny Star V #071 Gengar - Holo (PSA 10 GEM MINT),84.7,25-100,false,held
2026-10-08T12:35:50.000Z,2025 Pokémon M1s-Mega Symphonia #074 Delibird - Art Rare (PSA 10 GEM MINT),23,0-25,false,held
2026-10-08T12:35:50.000Z,Pokémon Sun & Moon Base Set (1 Booster Pack - Art May Vary),26.9,25-100,false,sold_back
2026-10-08T12:35:53.000Z,2023 Panini Contenders #255 Nick Herbig - Autograph (PSA 8 NM-MT),29.7,25-100,false,held
2026-10-08T12:35:54.000Z,2020 Shiny Star V #071/190 Gengar - Holo (CGC 10 GEM MINT),25.7,25-100,false,sold_back
2026-10-08T12:35:54.000Z,2023 One Piece Japanese Promos #035 Monkey D. Luffy - Meetup Event Participation (PSA 9 MINT),13.8,0-25,false,held
2026-10-08T12:35:56.000Z,2025 Mega Symphonia - M1S #071/063 Alakazam - Art Rare Holo (CGC 10 PRISTINE),17.2,0-25,false,held
2026-10-08T12:35:57.000Z,2025 One Piece Promos #109 Monkey D. Luffy - Illustration Box Vol.3 (PSA 9 MINT),22.8,0-25,false,sold_back
2026-10-08T12:36:09.000Z,2024 Stellar Crown - SCR EN #115/142 Noctowl - Play! Pokémon Prize Pack Series (Cosmos Holo) Holo (CGC 9 MINT),12.9,0-25,false,sold_back
2026-10-08T12:36:17.000Z,2024 Panini Donruss Optic #229 Drake Maye - Holo (PSA 9 MINT),45.8,25-100,false,sold_back
2026-10-08T12:36:18.000Z,2016 Pokémon Expansion 20th Anniversary #060 Hitmonchan - 1st Edition Holo (PSA 9 MINT),35.6,25-100,false,sold_back
2026-10-08T12:36:21.000Z,2022 One Piece Japanese 25th Anniversary Premium Card Collection #022 Brook (PSA 9 MINT),19.6,0-25,false,sold_back
2026-10-08T12:36:24.000Z,2025 Topps Update 1990 Topps Baseball #31 Bobby Witt Jr. (PSA 9 MINT),13,0-25,false,sold_back
2026-10-08T12:36:26.000Z,Pokémon Champions Path (1 Booster Pack - Art May Vary),22.6,0-25,false,sold_back
2026-10-08T12:36:27.000Z,2024 Journey Together - JTG EN #121/159 Dudunsparce ex - Holo (CGC 9 MINT),22.8,0-25,false,sold_back
2026-10-08T12:36:29.000Z,2025 Pokémon Simplified CBB3 C-Gem Pack Vol 3 #04 Gengar (PSA 10 GEM MINT),64,25-100,false,sold_back
2026-10-08T12:36:35.000Z,1974 Topps #235 Billy Cunningham (PSA 7 NM),21.2,0-25,false,sold_back
2026-10-08T12:36:36.000Z,2026 One Piece OP15-EB04-Adventure on Kami's Island #058 Borsalino (PSA 10 GEM MINT),35.1,25-100,false,sold_back
2026-10-08T12:36:39.000Z,2024 Paldean Fates - PAF EN #006/091 Espathra ex - Holo (CGC 10 GEM MINT),58.2,25-100,false,held
2026-10-08T12:36:41.000Z,2023 Pokémon Sv3a-Raging Surf #069 Groudon - Art Rare (PSA 10 GEM MINT),81.7,25-100,false,sold_back
2026-10-08T12:36:45.000Z,2023 Black Star Promos - Scarlet & Violet SVP EN #168 Vaporeon - Prismatic Evolutions Poster Collection (Cosmos Holo) (CGC 10 GEM MINT),17.1,0-25,false,held
2026-10-08T12:36:45.000Z,2026 Topps Titans of the Game #9 Roman Anthony (PSA 9 MINT),14.8,0-25,false,sold_back
2026-10-08T12:36:53.000Z,1999 Jungle #3/64 Flareon - 1st Edition Holo (CGC 8.5 NM-MT+),349.5,100-500,false,sold_back
2026-10-08T12:36:53.000Z,2023 Panini Donruss #365 DE'Von Achane - Autograph (PSA 9 MINT),62.5,25-100,false,sold_back
2026-10-08T12:36:53.000Z,2026 Perfect Order - POR EN #050/088 Gengar - Holo (CGC 10 PRISTINE),263.5,100-500,false,sold_back
2026-10-08T12:36:56.000Z,1992 Upper Deck All-Division #AD1 Shaquille O'Neal (PSA 8 NM-MT),21.6,0-25,false,sold_back
2026-10-08T12:37:02.000Z,Pokémon Sun & Moon Base Set (1 Booster Pack - Art May Vary),26.9,25-100,false,sold_back
2026-10-08T12:37:11.000Z,2019 Panini Select Rookie Jersey Autographs #CRD Cam Reddish (PSA 9 MINT),27,25-100,false,sold_back
2026-10-08T12:37:14.000Z,2022 Topps Throwback Thursday #146 Julio Rodriguez (PSA 10 GEM MINT),28.5,25-100,false,sold_back
2026-10-08T12:37:18.000Z,2020 Sword & Shield #091/202 Indeedee V - Holo (CGC 9 MINT),10.9,0-25,false,sold_back
2026-10-08T12:37:20.000Z,2025 One Piece Tournament Pack Vol.3 #019 Roronoa Zoro - Winner (PSA 9 MINT),33.4,25-100,false,sold_back
2026-10-08T12:37:23.000Z,1970 Topps #474 Dick Kelley (PSA 8 NM-MT),22.1,0-25,false,sold_back
2026-10-08T12:37:26.000Z,2025 Pokémon Sv11b-Black Bolt #108 Palpitoad - Art Rare (PSA 10 GEM MINT),40.8,25-100,false,sold_back
2026-10-08T12:37:27.000Z,2026 Pokémon Asc EN-Ascended Heroes #218 Erika's Tangela - Illustration Rare (PSA 10 GEM MINT),75.2,25-100,false,redeemed
2026-10-08T12:37:33.000Z,2023 Pokémon Sv2a-Pokémon Card 151 #181 Snorlax - Art Rare (PSA 10 GEM MINT),71.8,25-100,false,sold_back
2026-10-08T12:37:35.000Z,2017 Pokémon Sun & Moon Burning Shadows #150 Charizard GX - Holo Full Art Secret (PSA 7 NM),399.6,100-500,false,held
2026-10-08T12:37:42.000Z,2019 Dream League #047/049 Rosa - Holo (CGC 9.5 MINT+),11.5,0-25,false,sold_back
2026-10-08T12:37:51.000Z,"2023 Trading Card Game Classic - CLF, CLL, CLK #017/032 Miltank - Charizard & Ho-Oh ex Deck - CLL Holo (CGC 10 PRISTINE)",20.1,0-25,false,held
2026-10-08T12:37:53.000Z,2025 One Piece OP13-Carrying on His Will Don!! Card - Alternate Art-Gold (PSA 9 MINT),23.3,0-25,false,sold_back
2026-10-08T12:37:56.000Z,1986 Fleer #5 John Bagley (PSA 7 NM),24.7,0-25,false,sold_back
2026-10-08T12:37:57.000Z,2021 Pokémon Sword & Shield Eevee Heroes #026 Pikachu (PSA 10 GEM MINT),60.6,25-100,false,sold_back
2026-10-08T12:38:00.000Z,2019 Old Maid (Red Back) Psyduck (CGC 10 PRISTINE),20.3,0-25,false,held
2026-10-08T12:38:03.000Z,2006 EX Dragon Frontiers #72/101 Buffer Piece - Reverse Holo (CGC 10 GEM MINT),38.3,25-100,false,sold_back
2026-10-08T12:38:05.000Z,2021 Eevee Heroes #011/069 Flareon V - Holo (CGC 10 GEM MINT),19.2,0-25,false,sold_back
2026-10-08T12:38:08.000Z,2003 Nflpa Stay Cool in School Tom Brady (PSA 9 MINT),98.6,25-100,false,sold_back
2026-10-08T12:38:15.000Z,Pokémon Scarlet & Violet Destined Rivals (1 Booster Pack - Art May Vary),10.7,0-25,false,held
2026-10-08T12:38:17.000Z,Pokémon Sun & Moon Rebel Clash (1 Booster Pack - Art May Vary),15.2,0-25,false,sold_back
2026-10-08T12:38:18.000Z,Pokémon Sword & Shield Lost Origin (1 Booster Pack - Art May Vary),22.6,0-25,false,sold_back
2026-10-08T12:38:20.000Z,2026 One Piece Promos #108 Donquixote Rosinante - Illustration Box Vol.6 (PSA 9 MINT),18.7,0-25,false,sold_back
2026-10-08T12:38:26.000Z,2021 Evolving Skies #041/203 Glaceon VMAX - Holo (CGC 9.5 MINT+),12.7,0-25,false,sold_back
2026-10-08T12:38:27.000Z,1982 Topps #780 Pete Rose (PSA 7 NM),11.7,0-25,false,sold_back
2026-10-08T12:38:27.000Z,2022 Bowman Chrome Prospect Autographs #CPACBS Collin Burns - Blue Raywave Refractor (PSA 10 GEM MINT),27.7,25-100,false,held
2026-10-08T12:38:29.000Z,2022 Pokémon Sword & Shield Dark Phantasma #074 Gengar - Full Art (PSA 10 GEM MINT),90.8,25-100,false,redeemed
2026-10-08T12:38:33.000Z,2024 One Piece OP08-Two Legends #106 Nami (PSA 9 MINT),27.2,25-100,false,sold_back
2026-10-08T12:38:36.000Z,2026 Pokémon Asc EN-Ascended Heroes #262 N's PP Up - Ultra Rare (PSA 10 GEM MINT),85.1,25-100,false,sold_back
2026-10-08T12:38:39.000Z,2021-2022 Upper Deck #459 Dawson Mercer (PSA 10 GEM MINT),26,25-100,false,sold_back
2026-10-08T12:38:41.000Z,2023-24 Panini Donruss FIFA #177 Lamine Yamal - Optic (PSA 9 MINT),44.4,25-100,false,sold_back
2026-10-08T12:38:41.000Z,2025 Topps #201 Cooper Flagg (PSA 9 MINT),23.2,0-25,false,held
2026-10-08T12:38:48.000Z,2017 Black Star Promos - Sword & Shield #SWSH134 Dark Sylveon V - Celebrations (Holo) (CGC 9 MINT),12.3,0-25,false,sold_back
2026-10-08T12:38:53.000Z,Pokémon Scarlet & Violet 151 (1 Booster Pack - Art May Vary),33.6,25-100,false,sold_back
2026-10-08T12:38:54.000Z,2023 Pokémon Card 151 #169/165 Charmeleon - Art Rare Holo (CGC 9 MINT),18.4,0-25,false,sold_back
2026-10-08T12:38:57.000Z,Pokémon Scarlet & Violet Destined Rivals (1 Booster Pack - Art May Vary),10.7,0-25,false,sold_back
2026-10-08T12:38:59.000Z,2023 Clay Burst #082/071 Flamigo - Art Rare Holo (CGC 10 PRISTINE),19,0-25,false,sold_back
2026-10-08T12:39:00.000Z,2025 Pokémon Svp EN-SV Black Star Promo #175 Espeon EX - Holo Prismatic Evolutions Premium Figure Collection (PSA 10 GEM MINT),78.6,25-100,false,held
2026-10-08T12:39:02.000Z,2022 Romance Dawn - English #078 Boa Hancock - (Borderless) Alt Art (BGS 10 PRISTINE),379.6,100-500,false,sold_back
2026-10-08T12:39:02.000Z,2022 Romance Dawn - English #121 Yamato - (Borderless) Alt Art (BGS 10 PRISTINE),309.7,100-500,false,sold_back
2026-10-08T12:39:08.000Z,2025 Pokémon Meg EN-Mega Evolution #150 Steelix - Illustration Rare (PSA 10 GEM MINT),56.4,25-100,false,held
2026-10-08T12:39:08.000Z,Brilliant Stars (1 Booster Pack - Art May Vary),19.6,0-25,false,sold_back
2026-10-08T12:39:09.000Z,2021 Pokémon Sword & Shield Vmax Climax #120 Rayquaza Vmax - Full Art (PSA 10 GEM MINT),48.2,25-100,false,sold_back
2026-10-08T12:39:09.000Z,2022 Scarlet & Violet Promos #120/SV-P Pikachu - Gift Campaign (CGC 10 GEM MINT),19.2,0-25,false,held
2026-10-08T12:39:15.000Z,2025 Mega Dream ex - M2a #229/193 Mega Hawlucha ex - Mega Attack Rare Holo (CGC 10 GEM MINT),12.6,0-25,false,sold_back
2026-10-08T12:39:15.000Z,Pokemon Sun & Moon Tag Team GX Dream League (1 Booster Pack - Art May Vary),42,25-100,false,sold_back
2026-10-08T12:39:23.000Z,"2023 Trading Card Game Classic - CLF, CLL, CLK #002/032 Wartortle - Blastoise & Suicune ex Deck - CLK Holo (CGC 10 GEM MINT)",21.1,0-25,false,held
2026-10-08T12:39:24.000Z,2024 Bowman Chrome Rookie Autographs #CRACC Colton Cowser (PSA 9 MINT),25.3,25-100,false,sold_back
2026-10-08T12:39:26.000Z,2005 EX Unseen Forces #69/115 Porygon (CGC 10 GEM MINT),24.2,0-25,false,held
2026-10-08T12:39:26.000Z,2023 Pokémon Card 151 #184/165 Venusaur ex - Super Rare Holo (CGC 10 PRISTINE),21.6,0-25,false,held
2026-10-08T12:39:29.000Z,2023 Pokémon Card 151 #178/165 Tangela - Art Rare Holo (CGC 10 PRISTINE),22.2,0-25,false,sold_back
2026-10-08T12:39:33.000Z,2025 Pokémon Pfl EN-Phantasmal Flames #013 Mega Charizard X EX - Holo (PSA 10 GEM MINT),68,25-100,false,sold_back
2026-10-08T12:39:41.000Z,2022 Space Juggler #080/067 Heatran VMAX - Hyper Rare Holo (CGC 10 PRISTINE),23.6,0-25,false,held
2026-10-08T12:39:50.000Z,2000 Gym Heroes #92/132 Sabrina's Drowzee (CGC 8 NM-MT),34.1,25-100,false,sold_back
2026-10-08T12:39:51.000Z,2025 Pokémon Simplified CBB3 C-Gem Pack Vol 3 #07 Chandelure (PSA 10 GEM MINT),61.4,25-100,false,sold_back
2026-10-08T12:39:53.000Z,2023 Pokémon Sword and Shield Crown Zenith #160 Pikachu - Full Art (PSA 9 MINT),55.8,25-100,false,held
2026-10-08T12:39:53.000Z,2025 Topps Stars of MLB #SMLB18 James Wood (PSA 9 MINT),12.9,0-25,false,sold_back
2026-10-08T12:39:57.000Z,2020 Panini Prizm #308 Tee Higgins - Lazer Prizm (PSA 9 MINT),28.8,25-100,false,sold_back
2026-10-08T12:40:03.000Z,2025 Pokémon Sv11b-Black Bolt #131 Timburr - Art Rare (PSA 10 GEM MINT),49.7,25-100,false,sold_back
2026-10-08T12:40:06.000Z,2025 One Piece Japanese Premium Card Collection -Best Selection Vol.4 #095 Laffitte (PSA 9 MINT),12.5,0-25,false,sold_back
2026-10-08T12:40:08.000Z,2024 High Class Pack: Terastal Fest ex - sv8a #063/187 Espeon ex - Holo (CGC 10 PRISTINE),20.6,0-25,false,sold_back
2026-10-08T12:40:23.000Z,2000 Neo Genesis #64/111 Mantine - 1st Edition (CGC 10 GEM MINT),74.8,25-100,false,sold_back
2026-10-08T12:40:24.000Z,2025 Topps Chrome #253 VJ Edgecombe (PSA 10 GEM MINT),93.9,25-100,false,sold_back
2026-10-08T12:40:26.000Z,Pokémon Scarlet & Violet Destined Rivals (1 Booster Pack - Art May Vary),10.7,0-25,false,sold_back
2026-10-08T12:40:27.000Z,1966 Topps #126 Jim Palmer (PSA 4 VG-EX),91.8,25-100,false,held
2026-10-08T12:40:27.000Z,2020 Bowman Sterling #BSR71 Randy Arozarena (PSA 10 GEM MINT),12.5,0-25,false,sold_back
2026-10-08T12:40:35.000Z,Pokémon Sword & Shield Vivid Voltage (1 Booster Pack - Art May Vary),14,0-25,false,sold_back
2026-10-08T12:40:36.000Z,2022 Pokémon Sword & Shield Vstar Universe #197 Ditto - Full Art (PSA 10 GEM MINT),61.5,25-100,false,held
2026-10-08T12:40:39.000Z,1972 Topps #245 Len Dawson (PSA 6 EX-MT),23.4,0-25,false,sold_back
2026-10-08T12:40:39.000Z,2021 Pokémon Sword & Shield Eevee Heroes #048 Umbreon Vmax - Full Art (PSA 10 GEM MINT),55,25-100,false,sold_back
2026-10-08T12:40:41.000Z,2024 High Class Pack: Terastal Fest ex - sv8a #093/187 Umbreon ex - Holo (CGC 9 MINT),10.5,0-25,false,held
2026-10-08T12:40:45.000Z,2022 Silver Tempest #015/195 Chesnaught V - Holo (CGC 9 MINT),13.9,0-25,false,sold_back
2026-10-08T12:40:45.000Z,2025 Pokémon Pfl EN-Phantasmal Flames #109 Mega Charizard X EX - Holo Ultra Rare (PSA 10 GEM MINT),110.4,100-500,false,sold_back
2026-10-08T12:40:47.000Z,2025 Black Bolt - BLK EN #044/086 Meloetta ex - Holo (CGC 8 NM-MT),10.5,0-25,false,sold_back
2026-10-08T12:40:51.000Z,2015 Panini Select #68 Luka Modric - Heading Ball-Red Prizm (PSA 9 MINT),20.4,0-25,false,sold_back
2026-10-08T12:40:51.000Z,"2023 Trading Card Game Classic - CLV, CLC, CLB #008/034 Lapras - Blastoise & Suicune ex Deck - CLB Holo (CGC 10 GEM MINT)",22.6,0-25,false,held
2026-10-08T12:40:51.000Z,2025 Pokémon M1l-Mega Brave #080 Mega Mawile EX - Holo Super Rare (PSA 10 GEM MINT),23.2,0-25,false,held
2026-10-08T12:40:57.000Z,2023 Panini Zenith Z-Stars #23 CJ Stroud (PSA 8 NM-MT),13,0-25,false,sold_back
2026-10-08T12:41:00.000Z,2025 Pokémon M2a-Mega Dream EX #245 Steven's Metagross EX - Holo Special Art Rare (PSA 10 GEM MINT),61.1,25-100,false,sold_back
2026-10-08T12:41:02.000Z,2023 Topps Chrome Future Stars #FS16 Adley Rutschman (PSA 10 GEM MINT),19.3,0-25,false,sold_back
2026-10-08T12:41:03.000Z,"Werewolf By Night #19 CGC 9.6 White Pages (Marvel Comics, 7/74) - Universal",134,100-500,false,held
2026-10-08T12:41:05.000Z,Pokémon Sun & Moon Unified Minds (1 Booster Pack - Art May Vary),84.8,25-100,false,sold_back
2026-10-08T12:41:11.000Z,2000 Team Rocket #56/82 Ekans - 1st Edition 1st Edition (CGC 9 MINT),14.2,0-25,false,held
2026-10-08T12:41:15.000Z,2023 Pokémon Clk-Trading Card Game Classic Blastoise & Suicune EX Deck #009 Articuno (PSA 10 GEM MINT),59.1,25-100,false,held
2026-10-08T12:41:18.000Z,2022 Pokémon SV Promo #001 Pikachu - Scarlet & Violet Pre-Order (PSA 10 GEM MINT),103.8,100-500,false,held
2026-10-08T12:41:18.000Z,2024 Pokémon Simplified Cs5a C-Gallant Galaxy: Charm #004 Charizard V - Holo (PSA 10 GEM MINT),70,25-100,false,sold_back
2026-10-08T12:41:20.000Z,2024 Panini Prizm #370 Malik Nabers - Red Sparkle (PSA 9 MINT),69.9,25-100,false,held
2026-10-08T12:41:21.000Z,2022 VSTAR Universe #190/172 Galarian Moltres - Art Rare Holo (CGC 10 GEM MINT),22.7,0-25,false,sold_back
2026-10-08T12:41:21.000Z,Pokémon Scarlet & Violet Destined Rivals (1 Booster Pack - Art May Vary),10.7,0-25,false,sold_back
2026-10-08T12:41:23.000Z,2024 Topps Chrome McDonald's All American #78 Cooper Flagg (PSA 10 GEM MINT),137,100-500,false,held
2026-10-08T12:41:23.000Z,2025 Panini Prizm #441 Cam Ward - No Huddle (PSA 10 GEM MINT),227.5,100-500,false,sold_back
2026-10-08T12:41:24.000Z,2025 Pokémon Meg EN-Mega Evolution #133 Bulbasaur - Illustration Rare (PSA 10 GEM MINT),93.4,25-100,false,held
2026-10-08T12:41:26.000Z,2026 Pokémon Asc EN-Ascended Heroes #243 Mightyena - Illustration Rare (PSA 10 GEM MINT),54.6,25-100,false,sold_back
2026-10-08T12:41:29.000Z,2025 Bowman Very Important Prospects #VIP20 Konnor Griffin (PSA 9 MINT),16.3,0-25,false,sold_back
2026-10-08T12:41:30.000Z,2023 Snow Hazard #080/071 Sudowoodo - Art Rare Holo (CGC 10 GEM MINT),22.6,0-25,false,sold_back
2026-10-08T12:41:30.000Z,2025 White Flare - sv11W #131/086 Mienfoo - Art Rare Holo (CGC 10 PRISTINE),22.5,0-25,false,sold_back
2026-10-08T12:41:30.000Z,Pokémon Scarlet & Violet Destined Rivals (1 Booster Pack - Art May Vary),10.7,0-25,false,sold_back
2026-10-08T12:41:35.000Z,2023 Pokémon Card 151 #179/165 Mr. Mime - Art Rare Holo (CGC 10 GEM MINT),12.7,0-25,false,held
2026-10-08T12:41:38.000Z,2019 Topps Chrome #202 Eloy Jimenez (PSA 10 GEM MINT),10.3,0-25,false,sold_back
2026-10-08T12:41:39.000Z,2023 Pokémon Card 151 #167/165 Ivysaur - Art Rare Holo (CGC 10 GEM MINT),20.9,0-25,false,held
2026-10-08T12:41:41.000Z,1999 Neo Premium File Cyndaquil - No Rarity (CGC 9 MINT),18.4,0-25,false,sold_back
2026-10-08T12:41:41.000Z,2022 Brilliant Stars #169/172 Cynthia's Ambition - Ultra Rare Holo (CGC 10 GEM MINT),22.6,0-25,false,held
2026-10-08T12:41:41.000Z,Astral Radiance #TG11/TG30 Bronzong - Trainer Gallery Holo (CGC 9 MINT),11.6,0-25,false,sold_back
2026-10-08T12:41:53.000Z,2019 Panini Prizm #39 Jayson Tatum - Silver Prizm (PSA 9 MINT),21.1,0-25,false,sold_back
2026-10-08T12:41:57.000Z,Pokémon Japanese Sword & Shield Rebellion Crash (1 Booster Pack - Art May Vary),19.9,0-25,false,sold_back
2026-10-08T12:41:59.000Z,"Wonder Woman #9 CGC 9.8 White Pages (DC Comics, 10/87) - Universal",71.3,25-100,false,redeemed
2026-10-08T12:42:05.000Z,1997 Rocket Gang Dark Alakazam - Holo (CGC 8 NM-MT),53.3,25-100,false,sold_back
2026-10-08T12:42:06.000Z,2024 Paldean Fates - PAF EN #053/091 Great Tusk ex - Holo (CGC 9 MINT),13.9,0-25,false,held
2026-10-08T12:42:14.000Z,2026 Pokémon Asc EN-Ascended Heroes #228 Weavile - Illustration Rare (PSA 10 GEM MINT),49.9,25-100,false,sold_back
2026-10-08T12:42:15.000Z,2025 Pokémon Mep EN-Me Black Star Promo #011 Mega Latias EX - Holo Mega Latias EX Box (PSA 9 MINT),20.3,0-25,false,sold_back
2026-10-08T12:42:17.000Z,"1999 Gold, Silver, to a New World Aipom (CGC 9 MINT)",17.5,0-25,false,sold_back
2026-10-08T12:42:17.000Z,2017 Shining Legends #71/73 Entei GX - Ultra Rare Holo (CGC 8.5 NM-MT+),23.4,0-25,false,sold_back
2026-10-08T12:42:20.000Z,2022 Pokémon Sword & Shield Astral Radiance #TG19 Galarian Zapdos V - Holo Full Art (PSA 10 GEM MINT),95.9,25-100,false,sold_back
2026-10-08T12:42:23.000Z,1988 Topps #579 Mets Leaders - G.Carter/K.McReynolds (PSA 10 GEM MINT),26.4,25-100,false,sold_back
2026-10-08T12:42:23.000Z,2025 Topps Chrome #263 Derik Queen - X-Fractor (PSA 8 NM-MT),11.5,0-25,false,sold_back
2026-10-08T12:42:30.000Z,2024 Surging Sparks - SSP EN #199/191 Spheal - Illustration Rare Holo (CGC 10 GEM MINT),31.8,25-100,false,sold_back
2026-10-08T12:42:30.000Z,2025 Inferno X - M2 #088/080 Flygon - Art Rare Holo (CGC 10 PRISTINE),18,0-25,false,held
2026-10-08T12:42:35.000Z,1992 Topps Gold #393 Alonzo Mourning (PSA 9 MINT),18.1,0-25,false,sold_back
2026-10-08T12:42:35.000Z,2022 Lost Origin #TG04/TG30 Chandelure - Trainer Gallery Holo (CGC 6.5 EX-NM+),12.5,0-25,false,sold_back
2026-10-08T12:42:39.000Z,2023 Topps Now UEFA Champions League #87 Vitor Roque/2900* (BGS 9.5 GEM MINT),25.1,25-100,false,sold_back
2026-10-08T12:42:42.000Z,2026 Pokémon Asc EN-Ascended Heroes #228 Weavile - Illustration Rare (PSA 10 GEM MINT),49.9,25-100,false,sold_back
2026-10-08T12:42:44.000Z,1997 Metal Universe Championship All Millennium #7 Kobe Bryant (PSA 8 NM-MT),308.3,100-500,false,held
2026-10-08T12:42:47.000Z,2023 Crown Zenith #065/159 Hatterene V - Holo (CGC 8.5 NM-MT+),11.5,0-25,false,held
2026-10-08T12:42:50.000Z,2023 Pokémon Sv2a-Pokémon Card 151 #181 Snorlax - Art Rare (PSA 10 GEM MINT),71.8,25-100,false,sold_back
2026-10-08T12:42:51.000Z,1978 Topps #115 Mike Bossy (PSA 9 MINT),500,500+,false,sold_back
2026-10-08T12:42:53.000Z,1999 Fossil #21/62 Haunter (CGC 6 EX-NM),62.7,25-100,false,sold_back
2026-10-08T12:42:53.000Z,2026 Pokémon M3-Nullifying Zero #115 Rosa's Encouragement - Special Art Rare (PSA 9 MINT),35.4,25-100,false,held
2026-10-08T12:42:57.000Z,2024 Pokémon Simplified Cs5a C-Gallant Galaxy: Charm #004 Charizard V - Holo (PSA 10 GEM MINT),70,25-100,false,sold_back
2026-10-08T12:43:00.000Z,2025 Pokémon Simplified CBB3 C-Gem Pack Vol 3 #07 Chandelure (PSA 10 GEM MINT),61.4,25-100,false,sold_back
2026-10-08T12:43:02.000Z,2024 Pokémon Simplified Cs5a C-Gallant Galaxy: Charm #004 Charizard V - Holo (PSA 10 GEM MINT),70,25-100,false,sold_back
2026-10-08T12:43:06.000Z,2024 Pokémon Ssp EN-Surging Sparks #240 Hydreigon EX - Holo Special Illustration Rare (PSA 10 GEM MINT),106.8,100-500,false,sold_back
2026-10-08T12:43:11.000Z,2017 Panini Prizm #109 John Collins (PSA 9 MINT),10.6,0-25,false,sold_back
2026-10-08T12:43:15.000Z,2025 Legacy of the Master (OP12) - English #OP12-043 Kuzan - (Borderless) Alt Art (CGC 9 MINT),13.4,0-25,false,sold_back
2026-10-08T12:43:23.000Z,1987 Topps #281 Reds Leaders (PSA 9 MINT),17.3,0-25,false,sold_back
2026-10-08T12:43:26.000Z,2021 VMAX Climax #189/184 Vaporeon - Character Rare Holo (CGC 9 MINT),22.5,0-25,false,sold_back
2026-10-08T12:43:27.000Z,Pokemon Sun & Moon Tag Team GX Dream League (1 Booster Pack - Art May Vary),42,25-100,false,sold_back
2026-10-08T12:43:29.000Z,2023 Pokémon Sv1v-Violet EX #095 Banette EX - Holo Super Rare (PSA 10 GEM MINT),53.1,25-100,false,sold_back
2026-10-08T12:43:30.000Z,2024 Journey Together - JTG EN #121/159 Dudunsparce ex - Holo (CGC 9 MINT),22.8,0-25,false,sold_back
2026-10-08T12:43:32.000Z,2019 Old Maid (Red Back) Mew (CGC 10 PRISTINE),19.5,0-25,false,sold_back
2026-10-08T12:43:42.000Z,2026 Pokémon Asc EN-Ascended Heroes #233 Misdreavus - Illustration Rare (PSA 10 GEM MINT),48.6,25-100,false,sold_back
2026-10-08T12:43:44.000Z,2024 Pokémon Sv8a-Terastal Fest EX #206 Glaceon EX - Holo Special Art Rare (PSA 10 GEM MINT),101.2,100-500,false,held
2026-10-08T12:43:45.000Z,2024 Upper Deck #492 Matvei Michkov (PSA 9 MINT),44.9,25-100,false,held
2026-10-08T12:43:50.000Z,2024 Panini Mosaic Introductions #3 Marvin Harrison Jr. - Silver No Huddle (PSA 9 MINT),17.2,0-25,false,held
2026-10-08T12:43:56.000Z,2006 EX Holon Phantoms #99/110 Crawdaunt ex - Holo (CGC 6 EX-NM),77.1,25-100,false,sold_back
2026-10-08T12:43:59.000Z,2015 Topps Heritage Minor League #112 Gleyber Torres (PSA 10 GEM MINT),13.5,0-25,false,sold_back
2026-10-08T12:44:02.000Z,Pokémon Celebrations (1 Booster Pack - Art May Vary),37.9,25-100,false,sold_back
2026-10-08T12:44:05.000Z,2025 Pokémon Meg EN-Mega Evolution #151 Spearow - Illustration Rare (PSA 10 GEM MINT),48.6,25-100,false,sold_back
2026-10-08T12:44:08.000Z,Pokemon Sword & Shield Darkness Ablaze (1 Booster Pack - Art May Vary),11.3,0-25,false,held
2026-10-08T12:44:15.000Z,2025 Topps #201 Cooper Flagg (PSA 9 MINT),23.2,0-25,false,sold_back
2026-10-08T12:44:15.000Z,2025 Topps #201 Cooper Flagg (PSA 9 MINT),23.2,0-25,false,sold_back
2026-10-08T12:44:17.000Z,2000 Pokémon Neo 3 Promo #227 Skarmory - Promo (PSA 9 MINT),45.8,25-100,false,sold_back
2026-10-08T12:44:18.000Z,2024 Bowman Draft #BD22 Konnor Griffin (PSA 9 MINT),11.7,0-25,false,held
2026-10-08T12:44:21.000Z,2023 Scarlet & Violet 151 - MEW EN #009/165 Blastoise ex - Holo (CGC 9 MINT),13.2,0-25,false,sold_back
2026-10-08T12:44:21.000Z,2025 Pokémon Simplified CBB3 C-Gem Pack Vol 3 #07 Mimikyu (PSA 10 GEM MINT),81.4,25-100,false,sold_back
2026-10-08T12:44:26.000Z,2020 Vivid Voltage #192 Allister - Rainbow Rare Holo (BGS 9.5 GEM MINT),17.4,0-25,false,held
2026-10-08T12:44:26.000Z,2022 Topps Chrome MLS #191 Reed Baker-Whiting - Gold Refractor (PSA 10 GEM MINT),50,25-100,false,sold_back
2026-10-08T12:44:29.000Z,2019 Old Maid (Red Back) Pidgey (CGC 10 PRISTINE),13.4,0-25,false,sold_back
2026-10-08T12:44:29.000Z,2023 Pokémon Sv2d-Clay Burst #074 Raichu - Art Rare (PSA 10 GEM MINT),69.4,25-100,false,sold_back
2026-10-08T12:44:33.000Z,2024 Cyber Judge #093 Iron Leaves ex - Special Art Rare Holo (BGS 9.5 GEM MINT),27.5,25-100,false,sold_back
2026-10-08T12:44:33.000Z,2026 Pokémon Asc EN-Ascended Heroes #266 Mega Eelektross EX - Holo Mega Attack Rare (PSA 10 GEM MINT),53.1,25-100,false,sold_back
2026-10-08T12:44:35.000Z,2016 Topps Update #US287 Tim Anderson (PSA 10 GEM MINT),10,0-25,false,sold_back
2026-10-08T12:44:36.000Z,2020 Topps Chrome Bundesliga #64 Florian Wirtz (PSA 10 GEM MINT),35.6,25-100,false,sold_back
2026-10-08T12:44:41.000Z,2024 Pokémon SV6-Transformation Mask #112 Tatsugiri - Art Rare (PSA 10 GEM MINT),48.6,25-100,false,sold_back
2026-10-08T12:44:45.000Z,2023 Raging Surf #018/062 Zekrom - Holo (CGC 9 MINT),12.9,0-25,false,held
2026-10-08T12:44:45.000Z,2025 Mega Evolution - MEG EN #153/132 Gumshoos - Illustration Rare Holo (CGC 10 GEM MINT),20.9,0-25,false,sold_back
2026-10-08T12:44:47.000Z,2026 Pokémon Asc EN-Ascended Heroes #233 Misdreavus - Illustration Rare (PSA 10 GEM MINT),48.6,25-100,false,sold_back
2026-10-08T12:44:48.000Z,2022 VSTAR Universe #206/172 Turtwig - Art Rare (CGC 9 MINT),11.9,0-25,false,sold_back
2026-10-08T12:44:48.000Z,2023 Crown Zenith #GG11/GG70 Lunatone - Galarian Gallery Holo (CGC 10 GEM MINT),23.7,0-25,false,held
2026-10-08T12:44:48.000Z,2025 Gem Pack Volume 2 - CBB2C - Simplified #05 05/14 Espeon - Stars Holo (CGC 9 MINT),11.6,0-25,false,held
2026-10-08T12:44:53.000Z,1997 Pinnacle Inside WNBA #26 Sheryl Swoopes (PSA 9 MINT),23.5,0-25,false,sold_back
2026-10-08T12:44:54.000Z,2023 One Piece OP04-Kingdoms of Intrigue #020 Issho - Alternate Art (PSA 10 GEM MINT),44.8,25-100,false,sold_back
2026-10-08T12:45:00.000Z,2022 Paradigm Trigger #115/098 Regieleki VMAX - Hyper Rare Holo (CGC 10 GEM MINT),20.1,0-25,false,held
2026-10-08T12:45:11.000Z,2023 Scarlet & Violet 151 - MEW EN #136/165 Flareon - Holo (CGC 8.5 NM-MT+),21.3,0-25,false,sold_back
2026-10-08T12:45:11.000Z,2024 High Class Pack: Terastal Fest ex - sv8a #057/187 Abra - Poké Ball Holo (CGC 10 GEM MINT),11.5,0-25,false,sold_back
2026-10-08T12:45:12.000Z,2019 Pokémon Sun & Moon Unbroken Bonds #205 Gardevoir & Sylveon GX - Holo Full Art (PSA 10 GEM MINT),3764.4,500+,false,sold_back
2026-10-08T12:45:21.000Z,2017 Black Star Promos - Sword & Shield #SWSH136 Mimikyu ´ - Celebrations (Holo) (CGC 9 MINT),21.7,0-25,false,held
2026-10-08T12:45:23.000Z,2023 Panini Donruss Optic #247 Anthony Richardson - Green Velocity (PSA 10 GEM MINT),12.7,0-25,false,sold_back
2026-10-08T12:45:23.000Z,Astral Radiance #050/189 Luxray V - Holo (CGC 9 MINT),18.2,0-25,false,sold_back
2026-10-08T12:45:24.000Z,2019 Double Blaze #098/095 Muk & Alolan Muk GX - Super Rare Holo (CGC 10 GEM MINT),20.4,0-25,false,held
2026-10-08T12:45:30.000Z,2020 Bowman Paper Prospects #BP8 Jasson Dominguez (PSA 10 GEM MINT),10.9,0-25,false,sold_back
2026-10-08T12:45:33.000Z,1974 Topps #235 Billy Cunningham (PSA 7 NM),21.2,0-25,false,sold_back
2026-10-08T12:45:33.000Z,2021 Pokémon Celebrations #017 Groudon (PSA 8 NM-MT),12.7,0-25,false,sold_back
2026-10-08T12:45:33.000Z,2025 Pokémon M1l-Mega Brave #064 Bulbasaur - Art Rare (PSA 10 GEM MINT),48,25-100,false,sold_back
2026-10-08T12:45:35.000Z,2021 Panini Mosaic UEFA Euro '20 #81 Lyndon Dykes (CGC 10 GEM MINT),10.5,0-25,false,held
2026-10-08T12:45:36.000Z,2025 Pokémon Pre EN-Prismatic Evolutions #026 Glaceon EX - Holo Surprise Box Exclusive (PSA 9 MINT),21,0-25,false,sold_back
2026-10-08T12:45:38.000Z,2023 Shiny Treasure ex #321/190 Meowscarada ex - Shiny Super Rare Holo (CGC 10 PRISTINE),18.2,0-25,false,sold_back
2026-10-08T12:45:39.000Z,2022 Panini Prizm World Cup Qatar #4 Julian Alvarez (PSA 10 GEM MINT),47.3,25-100,false,sold_back
2026-10-08T12:45:47.000Z,2025 Pokémon Pfl EN-Phantasmal Flames #129 Dawn - Special Illustration Rare (PSA 10 GEM MINT),57.6,25-100,false,sold_back
2026-10-08T12:45:50.000Z,2021-22 Panini Chronicles #300 Giacomo Raspadori - Contenders Optic Rookie Ticket Serie A-Purple Mojo (PSA 10 GEM MINT),20,0-25,false,sold_back
2026-10-08T12:45:57.000Z,2019 Fusion Strike #266/264 Inteleon VMAX - Secret Rare Holo (CGC 9 MINT),22.3,0-25,false,sold_back
2026-10-08T12:45:59.000Z,2022 Brilliant Stars #014/172 Shaymin VSTAR - Holo (CGC 10 GEM MINT),18.8,0-25,false,sold_back
2026-10-08T12:45:59.000Z,2024 Journey Together - JTG EN #069/159 Mimikyu ex - Holo (CGC 8.5 NM-MT+),12,0-25,false,sold_back
2026-10-08T12:46:09.000Z,2024 Pokémon Scr EN-Stellar Crown #147 Raboot - Illustration Rare (PSA 9 MINT),19.8,0-25,false,sold_back
2026-10-08T12:46:12.000Z,1999 Base Set #7/102 Hitmonchan - Holo (CGC 4 VG-EX),11.8,0-25,false,sold_back
2026-10-08T12:46:15.000Z,1986 Fleer #105 Rory Sparrow (BGS 9 MINT),40.1,25-100,false,sold_back
2026-10-08T12:46:17.000Z,2023 Topps Now UEFA Champions League #142 Endrick/6998* (BGS 9.5 GEM MINT),21.2,0-25,false,held
2026-10-08T12:46:26.000Z,2025-2026 Topps Living UEFA Champions League #825 Estevao Willian (PSA 9 MINT),45,25-100,false,sold_back
2026-10-08T12:46:27.000Z,1981 Topps #540 Mike Schmidt (PSA 7 NM),14.3,0-25,false,sold_back
2026-10-08T12:46:27.000Z,2019 Panini Prizm #256 Cam Reddish (PSA 10 GEM MINT),10.1,0-25,false,sold_back
2026-10-08T12:46:27.000Z,2020 Panini Donruss #302 Tua Tagovailoa (PSA 10 GEM MINT),13.4,0-25,false,sold_back
2026-10-08T12:46:29.000Z,2023 Clay Burst #079/071 Tyranitar - Art Rare Holo (CGC 10 GEM MINT),23.1,0-25,false,sold_back
2026-10-08T12:46:32.000Z,2024 Panini Select #34 Josh Allen (PSA 9 MINT),30,25-100,false,held
2026-10-08T12:46:33.000Z,2025 Topps #201 Cooper Flagg (PSA 9 MINT),23.2,0-25,false,held
2026-10-08T12:46:36.000Z,2022 One Piece Japanese 25th Anniversary Premium Card Collection #001 Roronoa Zoro (PSA 9 MINT),22.7,0-25,false,sold_back
2026-10-08T12:46:41.000Z,"2023 Trading Card Game Classic - CLF, CLL, CLK #005/032 Starmie - Blastoise & Suicune ex Deck - CLK Holo (CGC 10 PRISTINE)",21.6,0-25,false,sold_back
2026-10-08T12:46:44.000Z,2023 Pokémon SV-P Promo #120 Pikachu - Gym Event Campaign (PSA 10 GEM MINT),66.8,25-100,false,sold_back
2026-10-08T12:46:47.000Z,2025 Glory of the Rocket Gang - sv10 #108/098 Team Rocket's Raticate - Art Rare Holo (CGC 10 GEM MINT),19.2,0-25,false,sold_back
2026-10-08T12:46:51.000Z,2021 Fusion Arts #040/100 Mew VMAX - Holo (CGC 10 GEM MINT),21.3,0-25,false,sold_back
2026-10-08T12:46:53.000Z,2022 Silver Tempest #070/195 Mawile V - Holo (CGC 10 GEM MINT),15.2,0-25,false,sold_back
2026-10-08T12:46:54.000Z,1995 Studio #32 Manny Ramirez - Gold (PSA 9 MINT),10.5,0-25,false,sold_back
2026-10-08T12:47:06.000Z,2023 Pokémon Sword and Shield Crown Zenith #147 Elesa's Sparkle - Full Art (PSA 9 MINT),23.1,0-25,false,sold_back
2026-10-08T12:47:11.000Z,2024 High Class Pack: Terastal Fest ex - sv8a #003/187 Leafeon ex - Holo (CGC 10 PRISTINE),18.1,0-25,false,held
2026-10-08T12:47:11.000Z,Astral Radiance #098/189 Darkrai V - Holo (CGC 10 GEM MINT),24.2,0-25,false,held
2026-10-08T12:47:12.000Z,1999 Jungle #46/64 Seaking - 1st Edition 1st Edition (CGC 9 MINT),19.1,0-25,false,sold_back
2026-10-08T12:47:14.000Z,2022 VSTAR Universe #185/172 Deoxys - Art Rare Holo (CGC 9 MINT),13.3,0-25,false,held
2026-10-08T12:47:15.000Z,2024 One Piece Japanese PRB01-Premium Booster -One Piece Card the Best #089 Brannew - Holofoil (PSA 10 GEM MINT),40,25-100,false,held
2026-10-08T12:47:17.000Z,2009 Platinum #61/127 Seviper - Reverse Holo (CGC 8 NM-MT),12.1,0-25,false,sold_back
2026-10-08T12:47:17.000Z,Pokémon Sword & Shield Vivid Voltage (1 Booster Pack - Art May Vary),14,0-25,false,sold_back
2026-10-08T12:47:21.000Z,2023 Panini Prizm #115 Chet Holmgren - Silver Prizm (PSA 9 MINT),20.5,0-25,false,sold_back
2026-10-08T12:47:23.000Z,2023 Pokémon Clf-Trading Card Game Classic Venusaur & Lugia EX Deck #002 Ivysaur (PSA 10 GEM MINT),54.7,25-100,false,sold_back
2026-10-08T12:47:32.000Z,2025 Pokémon M2a-Mega Dream EX #242 N's Zoroark EX - Holo Special Art Rare (PSA 10 GEM MINT),77.1,25-100,false,held
2026-10-08T12:47:35.000Z,2021 VMAX Climax #126/184 Snorlax - Line Holo (CGC 10 GEM MINT),13.9,0-25,false,sold_back
2026-10-08T12:47:36.000Z,1999 Fossil #11/62 Magneton - Galaxy Star Holo (CGC 8 NM-MT),38,25-100,false,redeemed
2026-10-08T12:47:50.000Z,2024 Pokémon SV8-Super Electric Breaker #108 Larvesta - Art Rare (PSA 10 GEM MINT),19,0-25,false,sold_back
2026-10-08T12:47:50.000Z,2025 One Piece OP13-Carrying on His Will Don!! Card - Alternate Art-Gold (PSA 9 MINT),23.3,0-25,false,sold_back
2026-10-08T12:47:51.000Z,2024 Panini Prizm Draft Picks #38 Angel Reese - Purple Prizm (PSA 7 NM),20,0-25,false,sold_back
2026-10-08T12:47:56.000Z,1981 Topps #109 Magic Johnson - West (PSA 7 NM),32.9,25-100,false,held
2026-10-08T12:47:59.000Z,2007 EX Power Keepers #100 Flareon ☆ - Holo (BGS 8.5 NM-MT+),3546.1,500+,false,held
2026-10-08T12:48:03.000Z,2024 Prismatic Evolutions - PRE EN #060/131 Umbreon ex - Surprise Box (Prismatic Evolutions Stamp) (Holo) (CGC 9.5 MINT+),21.4,0-25,false,sold_back
2026-10-08T12:48:05.000Z,1985 Topps #549 Mike Scioscia (PSA 9 MINT),25,25-100,false,sold_back
2026-10-08T12:48:05.000Z,2025 Topps #201 Cooper Flagg (PSA 9 MINT),23.2,0-25,false,sold_back
2026-10-08T12:48:08.000Z,2024 Pokémon Sfa EN-Shrouded Fable #094 Cassiopeia - Special Illustration Rare (PSA 9 MINT),34.2,25-100,false,sold_back
2026-10-08T12:48:11.000Z,2023 Pokémon Card 151 #151/165 Mew ex - Holo (CGC 10 GEM MINT),19.1,0-25,false,sold_back
2026-10-08T12:48:17.000Z,2018 Panini Donruss Road to France Autographs #RFMB Morgan Brian (PSA 9 MINT),15.8,0-25,false,sold_back
2026-10-08T12:48:21.000Z,2019 Panini Contenders Lottery Ticket #1 Zion Williamson (PSA 10 GEM MINT),18.5,0-25,false,sold_back
2026-10-08T12:48:24.000Z,2020 Topps Update #U113 Devin Williams (PSA 9 MINT),12.8,0-25,false,sold_back
2026-10-08T12:48:26.000Z,2024 Journey Together - JTG EN #162/159 Wailord - Illustration Rare Holo (CGC 10 GEM MINT),32.2,25-100,false,sold_back
2026-10-08T12:48:29.000Z,1989 Score #272 Andre Rison (PSA 10 GEM MINT),37.1,25-100,false,sold_back
2026-10-08T12:48:29.000Z,2022 VSTAR Universe #196/172 Hisuian Goodra - Art Rare Holo (CGC 9 MINT),11.7,0-25,false,held
2026-10-08T12:48:32.000Z,1987 Fleer #38 Vern Fleming (PSA 9 MINT),35.9,25-100,false,sold_back
2026-10-08T12:48:32.000Z,2025 Topps #201 Cooper Flagg (PSA 9 MINT),23.2,0-25,false,held
2026-10-08T12:48:35.000Z,2024 High Class Pack: Terastal Fest ex - sv8a #063/187 Espeon ex - Holo (CGC 10 GEM MINT),17,0-25,false,held
2026-10-08T12:48:36.000Z,2025 Pokémon M1s-Mega Symphonia #074 Delibird - Art Rare (PSA 10 GEM MINT),23,0-25,false,sold_back
2026-10-08T12:48:38.000Z,2025 Black Star Promos - Mega Evolution MEP EN #033 Mega Lucario ex - Ascended Heroes Premium Poster Collection (Holo) (CGC 9.5 MINT+),13.9,0-25,false,sold_back
2026-10-08T12:48:44.000Z,2023 Scarlet & Violet 151 - MEW EN #203/165 Erika's Invitation - Special Illustration Rare (Holo) (CGC 9 MINT),19,0-25,false,sold_back
2026-10-08T12:48:45.000Z,2025 Pokémon Pfl EN-Phantasmal Flames #128 Mega Lopunny EX - Holo Special Illustration Rare (PSA 10 GEM MINT),52.3,25-100,false,sold_back
2026-10-08T12:48:47.000Z,2024 High Class Pack: Terastal Fest ex - sv8a #063/187 Espeon ex - Holo (CGC 10 GEM MINT),17,0-25,false,sold_back
2026-10-08T12:48:56.000Z,1990 Score #302 Junior Seau (PSA 9 MINT),17.5,0-25,false,held
2026-10-08T12:49:00.000Z,2025 Pokémon M2a-Mega Dream EX #207 Medicham - Art Rare (PSA 10 GEM MINT),32.1,25-100,false,sold_back
2026-10-08T12:49:05.000Z,Pokémon Champions Path (1 Booster Pack - Art May Vary),22.6,0-25,false,sold_back
2026-10-08T12:49:09.000Z,2021 Celebrations - Classic Collection #20/111 Cleffa - Neo Genesis Holo (CGC 10 GEM MINT),19.7,0-25,false,sold_back
2026-10-08T12:49:09.000Z,2021 Pokémon Sword & Shield Vmax Climax #191 Octillery - Full Art (PSA 10 GEM MINT),40.4,25-100,false,sold_back
2026-10-08T12:49:12.000Z,2023 Black Star Promos - Scarlet & Violet SVP EN #168 Vaporeon - Prismatic Evolutions Poster Collection (Cosmos Holo) (CGC 9.5 MINT+),11.6,0-25,false,held
2026-10-08T12:49:24.000Z,2020 Pokémon Sword & Shield Shiny Star V #071 Gengar - Holo (PSA 10 GEM MINT),84.7,25-100,false,sold_back
2026-10-08T12:49:26.000Z,1982 Topps #780 Pete Rose (PSA 7 NM),11.7,0-25,false,sold_back
2026-10-08T12:49:27.000Z,2023 Pokémon Card 151 #174/165 Nidoking - Art Rare Holo (CGC 9.5 MINT+),13,0-25,false,sold_back
2026-10-08T12:49:29.000Z,2025 Pokémon Pfl EN-Phantasmal Flames #109 Mega Charizard X EX - Holo Ultra Rare (PSA 9 MINT),36.3,25-100,false,sold_back
2026-10-08T12:49:30.000Z,2024 Journey Together - JTG EN #075/159 Alcremie ex - Holo (CGC 8.5 NM-MT+),12.8,0-25,false,sold_back
2026-10-08T12:49:32.000Z,2023 Pokémon Sv2a-Pokémon Card 151 #032 Nidoran - Reverse Holo Master Ball (PSA 10 GEM MINT),84.4,25-100,false,sold_back
2026-10-08T12:49:32.000Z,2025 Pokémon M2a-Mega Dream EX #239 Mega Hawlucha EX - Holo Special Art Rare (PSA 10 GEM MINT),50.2,25-100,false,sold_back
2026-10-08T12:49:32.000Z,2025 Pokémon Pre EN-Prismatic Evolutions #060 Umbreon EX - Holo Surprise Box Exclusive (PSA 10 GEM MINT),108.8,100-500,false,sold_back
2026-10-08T12:49:32.000Z,2026 Nihil Zero - M3 #082/080 Rowlet - Art Rare Holo (CGC 10 PRISTINE),18.9,0-25,false,sold_back
2026-10-08T12:49:36.000Z,2022 Pokémon Sword & Shield Start Deck 100 Corocoro Comic Version #008 Snorlax (PSA 10 GEM MINT),61.5,25-100,false,held
2026-10-08T12:49:36.000Z,2024 Journey Together - JTG EN #172/159 Iono's Bellibolt ex - Ultra Rare Holo (CGC 10 GEM MINT),17.4,0-25,false,sold_back
2026-10-08T12:49:36.000Z,2025 One Piece Promos #109 Monkey D. Luffy - Illustration Box Vol.3 (PSA 9 MINT),22.8,0-25,false,sold_back
2026-10-08T12:49:39.000Z,2024 Pokémon Ssp EN-Surging Sparks #246 Lisia's Appeal - Special Illustration Rare (PSA 10 GEM MINT),68.4,25-100,false,sold_back
2026-10-08T12:49:39.000Z,2025 Pokémon Pfl EN-Phantasmal Flames #109 Mega Charizard X EX - Holo Ultra Rare (PSA 10 GEM MINT),110.4,100-500,false,sold_back
2026-10-08T12:49:42.000Z,2025 Topps Chrome Instinct #INS-14 Kon Knueppel (PSA 9 MINT),25.6,25-100,false,sold_back
2026-10-08T12:49:45.000Z,Brilliant Stars (1 Booster Pack - Art May Vary),19.6,0-25,false,sold_back
2026-10-08T12:50:03.000Z,2025 Pokémon Sv11w-White Flare #164 Bouffalant EX - Holo Super Rare (PSA 10 GEM MINT),27.1,25-100,false,sold_back
2026-10-08T12:50:06.000Z,2025 Pokémon Meg EN-Mega Evolution #156 Mega Camerupt EX - Holo Ultra Rare (PSA 10 GEM MINT),37.6,25-100,false,held
2026-10-08T12:50:08.000Z,2016 Upper Deck #224 Zach Werenski (PSA 10 GEM MINT),214,100-500,false,sold_back
2026-10-08T12:50:11.000Z,2022 Bowman Sterling #BSR20 Lars Nootbaar - Refractor (PSA 10 GEM MINT),27.3,25-100,false,sold_back
2026-10-08T12:50:20.000Z,2023 Pokémon Sv2d-Clay Burst #079 Tyranitar - Art Rare (PSA 10 GEM MINT),53,25-100,false,sold_back
2026-10-08T12:50:21.000Z,"2000 Gold, Silver, to a New World #79 Slowpoke (CGC 8.5 NM-MT+)",24.4,0-25,false,sold_back
2026-10-08T12:50:21.000Z,2024 Bowman Chrome Prospects #BCP43 Walker Jenkins (PSA 10 GEM MINT),33.2,25-100,false,held
2026-10-08T12:50:21.000Z,2025 Mega Brave - M1L #074/063 Spearow - Art Rare Holo (CGC 10 GEM MINT),11.3,0-25,false,sold_back
2026-10-08T12:50:30.000Z,2021 Pokémon Celebrations Classic Collection #107 Donphan - Holo (PSA 9 MINT),23.1,0-25,false,held
2026-10-08T12:50:30.000Z,2023 Pokémon SV-P Promo #120 Pikachu - Gym Event Campaign (PSA 9 MINT),25.5,25-100,false,sold_back
2026-10-08T12:50:30.000Z,2024 Paldean Fates - PAF EN #002/091 Forretress ex - Holo (CGC 9 MINT),12.6,0-25,false,sold_back
2026-10-08T12:50:32.000Z,2025 Pokémon Dri EN-Destined Rivals #202 Team Rocket's Raticate - Illustration Rare (PSA 9 MINT),17.7,0-25,false,sold_back
2026-10-08T12:50:41.000Z,2023 Pillars of Strength (OP03) - English #OP03-108 Charlotte Cracker - (Borderless) Alt Art (CGC 9 MINT),20.4,0-25,false,sold_back
2026-10-08T12:50:44.000Z,2025 White Flare - WHT EN #146/086 Deino - Illustration Rare Holo (CGC 9.5 MINT+),23.7,0-25,false,held
2026-10-08T12:50:47.000Z,2025 Pokémon M-P Promo #022 Riolu - McDonald's (PSA 10 GEM MINT),45.5,25-100,false,sold_back
2026-10-08T12:50:50.000Z,2000 Base Set 2 #76/130 Goldeen (CGC 9 MINT),12.2,0-25,false,sold_back
2026-10-08T12:50:50.000Z,2020 Bowman Paper Prospects #BP8 Jasson Dominguez (PSA 10 GEM MINT),10.9,0-25,false,sold_back
2026-10-08T12:50:50.000Z,2022 Bowman Chrome Sapphire Edition Prospects #BCP203 Samuel Zavala (PSA 10 GEM MINT),24.9,0-25,false,sold_back
2026-10-08T12:50:50.000Z,2024 Journey Together - JTG EN #051/159 Tapu Koko ex - Holo (CGC 8.5 NM-MT+),12.8,0-25,false,sold_back
2026-10-08T12:50:50.000Z,2025 Panini Donruss #310 Colston Loveland (PSA 9 MINT),17.8,0-25,false,sold_back
2026-10-08T12:50:57.000Z,Scarlet & Violet Promos - Simplified #004/SV-P Pikachu - Gem Pack Vol. 1 Purchase (Holo) (CGC 10 GEM MINT),17,0-25,false,held
2026-10-08T12:50:59.000Z,2022 Pokémon SV Promo #001 Pikachu - Scarlet & Violet Pre-Order (PSA 10 GEM MINT),63.7,25-100,false,sold_back
2026-10-08T12:50:59.000Z,2024 Super Electric Breaker - sv8 #023/106 Scovillain ex - Holo (CGC 10 GEM MINT),12.9,0-25,false,sold_back
2026-10-08T12:50:59.000Z,2025 Pokémon M2a-Mega Dream EX #245 Steven's Metagross EX - Holo Special Art Rare (PSA 10 GEM MINT),61.1,25-100,false,sold_back
2026-10-08T12:51:02.000Z,2000 Base Set 2 #16/130 Raichu - Holo (CGC 8.5 NM-MT+),84.7,25-100,false,held
2026-10-08T12:51:05.000Z,2019 Panini Prizm #253 Coby White - Silver Prizm (PSA 9 MINT),12,0-25,false,sold_back
2026-10-08T12:51:08.000Z,2024 Paradise Dragona - sv7a #027/064 Flygon ex - Holo (CGC 10 PRISTINE),18.6,0-25,false,held
2026-10-08T12:51:09.000Z,2022 Tournament Promos - English #P Monkey D. Luffy (CGC 10 GEM MINT),26.8,25-100,false,sold_back
2026-10-08T12:51:09.000Z,2022 VSTAR Universe #111/172 Giratina VSTAR - Holo (CGC 10 GEM MINT),12.7,0-25,false,sold_back
2026-10-08T12:51:09.000Z,2023 Black Star Promos - Scarlet & Violet SVP EN #139 Latias - Stellar Crown 3-Pack Blister (Cosmos Holo) (CGC 8 NM-MT),10.9,0-25,false,sold_back
2026-10-08T12:51:09.000Z,2023 Temporal Forces - TEF EN #119/162 Koraidon - Play! Pokémon Prize Pack Series (CGC 9.5 MINT+),12,0-25,false,sold_back
2026-10-08T12:51:09.000Z,2024 Pokémon Sv7a-Paradise Dragona #071 Vibrava - Art Rare (CGC 10 GEM MINT),11.1,0-25,false,sold_back
2026-10-08T12:51:14.000Z,1987 Fleer #33 Dale Ellis (PSA 7 NM),11.9,0-25,false,sold_back
2026-10-08T12:51:21.000Z,2021 Pokémon Celebrations Classic Collection #86 Rocket's Admin - Holo (PSA 9 MINT),19.8,0-25,false,sold_back
2026-10-08T12:51:21.000Z,2021 Topps Bundesliga #48 Maxim Leitsch - Speckle Foil (CGC 10 PRISTINE),28,25-100,false,sold_back
2026-10-08T12:51:23.000Z,2025 Upper Deck NHL Star Rookies Box Set #5 Matthew Schaefer (PSA 8 NM-MT),21.2,0-25,false,sold_back
2026-10-08T12:51:26.000Z,1990 Upper Deck #264 Kirk Gibson (PSA 10 GEM MINT),26.7,25-100,false,sold_back
2026-10-08T12:51:27.000Z,2000 Team Rocket #68/82 Squirtle - 1st Edition 1st Edition (CGC 8.5 NM-MT+),19.3,0-25,false,sold_back
2026-10-08T12:51:29.000Z,2023 Pokémon Sv3a-Raging Surf #086 Tapu Koko EX - Holo Special Art Rare (CGC 9 MINT),22.4,0-25,false,sold_back
2026-10-08T12:51:32.000Z,2023 Pokémon Par EN-Paradox Rift #211 Aipom - Illustration Rare (PSA 9 MINT),37.8,25-100,false,sold_back
2026-10-08T12:51:38.000Z,2019 Topps Chrome #202 Eloy Jimenez (PSA 10 GEM MINT),10.3,0-25,false,sold_back
2026-10-08T12:51:41.000Z,2026 Pokémon Asc EN-Ascended Heroes #265 Mega Froslass EX - Holo Mega Attack Rare (PSA 10 GEM MINT),49,25-100,false,sold_back
2026-10-08T12:51:50.000Z,2021 Parkside Nwsl Premier Edition Stars #54 Trinity Rodman (PSA 9 MINT),22.9,0-25,false,sold_back
2026-10-08T12:51:51.000Z,2023 Crown Zenith #GG09/GG70 Toxtricity - Galarian Gallery Holo (CGC 10 PRISTINE),100.1,100-500,false,sold_back
2026-10-08T12:51:51.000Z,2024 Pokémon SV8-Super Electric Breaker #111 Spheal - Art Rare (PSA 10 GEM MINT),39,25-100,false,sold_back
2026-10-08T12:51:54.000Z,2023 Pokémon Card 151 #182/165 Dragonair - Art Rare Holo (CGC 10 GEM MINT),20.7,0-25,false,sold_back
2026-10-08T12:52:00.000Z,2025 One Piece Japanese OP13-Carrying on His Will #002 Portgas D. Ace - Alternate Art (PSA 10 GEM MINT),37.9,25-100,false,sold_back
2026-10-08T12:52:00.000Z,2026 Pokémon M3-Nullifying Zero #086 Clefairy - Art Rare (PSA 10 GEM MINT),33.6,25-100,false,sold_back
2026-10-08T12:52:02.000Z,2026 Nihil Zero - M3 #084/080 Aurorus - Art Rare Holo (CGC 10 PRISTINE),21.8,0-25,false,sold_back
2026-10-08T12:52:05.000Z,1999 Base Set #80/102 Defender (CGC 9 MINT),13.6,0-25,false,sold_back
2026-10-08T12:52:09.000Z,2024 Bowman Draft #BD22 Konnor Griffin (PSA 9 MINT),11.7,0-25,false,sold_back
2026-10-08T12:52:09.000Z,2026 One Piece EB03-Extra Booster -One Piece Heroines Edition #001 Nefeltari Vivi - Alternate Art (PSA 10 GEM MINT),42.6,25-100,false,held
2026-10-08T12:52:12.000Z,2022 Topps Match Attax Nations League #CD50 Memphis Depay (CGC 10 GEM MINT),19.4,0-25,false,sold_back
2026-10-08T12:52:18.000Z,2024 Topps Heritage #553 Yoshinobu Yamamoto (PSA 9 MINT),23.9,0-25,false,sold_back
2026-10-08T12:52:20.000Z,2023 Ruler of the Black Flame #119/108 Pidgeotto - Art Rare Holo (CGC 8.5 NM-MT+),10.6,0-25,false,sold_back
2026-10-08T12:52:21.000Z,2021 Pokémon Sword & Shield Vmax Climax #075 Sylveon Vmax - Full Art (PSA 9 MINT),21.4,0-25,false,held
2026-10-08T12:52:21.000Z,"2023 Trading Card Game Classic - CLF, CLL, CLK #001/032 Bulbasaur - Venusaur & Lugia ex Deck - CLF Holo (CGC 10 PRISTINE)",50.5,25-100,false,sold_back
2026-10-08T12:52:23.000Z,2022 Pokémon Sword & Shield Vstar Universe #054 Mew Vmax - Full Art (PSA 10 GEM MINT),50.8,25-100,false,sold_back
2026-10-08T12:52:27.000Z,2017 Black Star Promos - Sword & Shield #SWSH050 Charizard V - Champion's Path Elite Trainer Box (Holo) (CGC 10 GEM MINT),47.4,25-100,false,sold_back
2026-10-08T12:52:32.000Z,2023 Violet ex #089/078 Bombirdier - Art Rare Holo (CGC 10 PRISTINE),21.1,0-25,false,sold_back
2026-10-08T12:52:36.000Z,2025 Black Star Promos - Mega Evolution MEP EN #033 Mega Lucario ex - Ascended Heroes Premium Poster Collection (Holo) (CGC 10 GEM MINT),20.1,0-25,false,held
2026-10-08T12:52:51.000Z,2025 Pokémon Sv11b-Black Bolt #163 Excadrill EX - Holo Super Rare (PSA 10 GEM MINT),35,25-100,false,sold_back
2026-10-08T12:52:53.000Z,Pokémon Scarlet & Violet Destined Rivals (1 Booster Pack - Art May Vary),10.7,0-25,false,sold_back
2026-10-08T12:52:54.000Z,2022 Pokémon Sword & Shield Incandescent Arcana #055 HO-Oh V - Holo (PSA 10 GEM MINT),98.7,25-100,false,sold_back
2026-10-08T12:52:57.000Z,Pokémon Sun & Moon Rebel Clash (1 Booster Pack - Art May Vary),15.2,0-25,false,sold_back
2026-10-08T12:53:00.000Z,2023 Panini Donruss Optic #226 Brandon Aubrey - Pink (PSA 9 MINT),25,25-100,false,sold_back
2026-10-08T12:53:00.000Z,2026 Pokémon Asc EN-Ascended Heroes #262 N's PP Up - Ultra Rare (PSA 10 GEM MINT),85.1,25-100,false,sold_back
2026-10-08T12:53:02.000Z,2019 Old Maid (Red Back) Squirtle (CGC 10 PRISTINE),19.2,0-25,false,held
2026-10-08T12:53:03.000Z,2024 Stellar Miracle #109/102 Zeraora - Art Rare Holo (CGC 10 GEM MINT),18.2,0-25,false,held
2026-10-08T12:53:03.000Z,Pokémon Sun & Moon Unbroken Bonds (1 Booster Pack - Art May Vary),73,25-100,false,held
2026-10-08T12:53:06.000Z,1972 Topps #245 Len Dawson (PSA 6 EX-MT),23.4,0-25,false,sold_back
2026-10-08T12:53:06.000Z,2023 Scarlet ex #079/078 Dolliv - Art Rare (CGC 10 PRISTINE),21,0-25,false,sold_back
2026-10-08T12:53:11.000Z,2022 Bowman Draft #BDC168 Jackson Holliday - Chrome-Refractor (PSA 9 MINT),12.7,0-25,false,held
2026-10-08T12:53:12.000Z,2025 Panini Donruss Rated Rookies Retro #1 Jaxson Dart (PSA 8 NM-MT),12.5,0-25,false,sold_back
2026-10-08T12:53:20.000Z,2021 Celebrations #013/025 Cosmog - Holo (CGC 10 GEM MINT),20.3,0-25,false,sold_back
2026-10-08T12:53:29.000Z,2021 Pokémon Promo Card Pack 25th Anniversary Edition #023 Xerneas EX - Holo (PSA 10 GEM MINT),37.4,25-100,false,sold_back
2026-10-08T12:53:29.000Z,2021 VMAX Climax #075/184 Sylveon VMAX - Holo (CGC 10 GEM MINT),23.8,0-25,false,sold_back
2026-10-08T12:53:29.000Z,2023 Pokémon Sv2d-Clay Burst #086 Bellibolt EX - Holo Super Rare (PSA 10 GEM MINT),42.5,25-100,false,sold_back
2026-10-08T12:53:29.000Z,Pokémon Scarlet & Violet Destined Rivals (1 Booster Pack - Art May Vary),10.7,0-25,false,held
2026-10-08T12:53:33.000Z,"2023 Trading Card Game Classic - CLV, CLC, CLB #006/034 Magikarp - Blastoise & Suicune ex Deck - CLB Holo (CGC 10 GEM MINT)",23.6,0-25,false,held
2026-10-08T12:53:36.000Z,2025 Gem Pack Volume 3 - CBB3C - Simplified #10 05/07 Darkrai - Reverse Holo Master Ball (CGC 10 GEM MINT),55.5,25-100,false,held
2026-10-08T12:53:36.000Z,2025 Pokémon Simplified CBB3 C-Gem Pack Vol 3 #07 Morpeko (PSA 10 GEM MINT),54.4,25-100,false,sold_back
2026-10-08T12:53:38.000Z,Pokémon Scarlet & Violet Destined Rivals (1 Booster Pack - Art May Vary),10.7,0-25,false,held
2026-10-08T12:53:41.000Z,2023 Panini Zenith Z-Stars #23 CJ Stroud (PSA 8 NM-MT),13,0-25,false,sold_back
2026-10-08T12:53:42.000Z,2023 Panini Prizm Rookie Gear #RGBY Bryce Young - Neon Green Pulsar (PSA 10 GEM MINT),45.4,25-100,false,sold_back
2026-10-08T12:53:45.000Z,2024 Bowman University Chrome Sapphire #62 Sarah Strong (PSA 9 MINT),19.9,0-25,false,sold_back
2026-10-08T12:53:47.000Z,2025 Pokémon Sv11b-Black Bolt #099 Darmanitan - Art Rare (PSA 10 GEM MINT),50.1,25-100,false,sold_back
2026-10-08T12:53:48.000Z,2021 VMAX Climax #126/184 Snorlax - Line Holo (CGC 10 GEM MINT),13.9,0-25,false,sold_back
2026-10-08T12:53:53.000Z,2024 Topps Allen & Ginter #272 Drake Maye (PSA 10 GEM MINT),39.2,25-100,false,sold_back
2026-10-08T12:53:54.000Z,1998 Hoops Shout Outs #13 Michael Jordan (PSA 8 NM-MT),88.3,25-100,false,held
2026-10-08T12:53:54.000Z,2024 Panini Donruss Optic #248 Jayden Daniels (PSA 9 MINT),18,0-25,false,sold_back
2026-10-08T12:53:54.000Z,Pokémon Scarlet & Violet Destined Rivals (1 Booster Pack - Art May Vary),10.7,0-25,false,sold_back
2026-10-08T12:54:00.000Z,1991 Ultra #230 Randall Cunningham (PSA 10 GEM MINT),89,25-100,false,sold_back
2026-10-08T12:54:00.000Z,2023 Panini Donruss Optic #247 Anthony Richardson - Green Velocity (PSA 10 GEM MINT),12.7,0-25,false,sold_back
2026-10-08T12:54:02.000Z,2025 Pokémon Meg EN-Mega Evolution #137 Ninjask - Illustration Rare (PSA 10 GEM MINT),45.6,25-100,false,sold_back
2026-10-08T12:54:02.000Z,2026 Pokémon M4-Ninja Spinner #099 Mega Floette EX - Holo Super Rare (PSA 10 GEM MINT),44.1,25-100,false,sold_back
2026-10-08T12:54:08.000Z,2025 Phantasmal Flames - PFL EN #013/094 Mega Charizard X ex - Holo (CGC 10 GEM MINT),21.9,0-25,false,sold_back
2026-10-08T12:54:09.000Z,2020 Vivid Voltage #138/185 Rayquaza - Amazing Rare Holo (CGC 9.5 MINT+),22.8,0-25,false,held
2026-10-08T12:54:11.000Z,1998 CD Promo Charizard - Holo (CGC 9 MINT),1216.4,500+,false,sold_back
2026-10-08T12:54:20.000Z,2024 Panini Instant NBA #LDLAL Luka Doncic (BGS 9.5 GEM MINT),43.7,25-100,false,held
2026-10-08T12:54:24.000Z,2001 Leaf Rookies & Stars #27 Eddie George - Longevity (PSA 9 MINT),30,25-100,false,sold_back
2026-10-08T12:54:24.000Z,2023 Scarlet & Violet #131/198 Toxicroak ex - Holo (CGC 10 GEM MINT),17,0-25,false,sold_back
2026-10-08T12:54:24.000Z,2025 Panini Donruss #350 Cam Ward - Optic Preview-Red Pandora (PSA 8 NM-MT),21.6,0-25,false,sold_back
2026-10-08T12:54:26.000Z,2021 Panini Donruss Optic #95 Justin Jefferson - Stars (PSA 9 MINT),18.5,0-25,false,sold_back
2026-10-08T12:54:29.000Z,2024 Panini Donruss Optic #209 Bo Nix (PSA 8 NM-MT),12.5,0-25,false,sold_back
2026-10-08T12:54:30.000Z,2020 Pokémon Futsal #004 Scorbunny on the Ball (PSA 9 MINT),53.4,25-100,false,sold_back
2026-10-08T12:54:32.000Z,2023 Pokémon Card 151 #182/165 Dragonair - Art Rare Holo (CGC 10 GEM MINT),20.7,0-25,false,held
2026-10-08T12:54:38.000Z,1986 Fleer #44 Derek Harper (PSA 7 NM),24.1,0-25,false,sold_back
2026-10-08T12:54:39.000Z,2024 Bowman Draft #BD22 Konnor Griffin (PSA 9 MINT),11.7,0-25,false,sold_back
2026-10-08T12:54:39.000Z,2024 High Class Pack: Terastal Fest ex - sv8a #041/187 Glaceon ex - Holo (CGC 10 GEM MINT),11.9,0-25,false,sold_back
2026-10-08T12:54:39.000Z,2024 Panini Spectra Rookie Aura #RAMPJ Michael Penix Jr. (PSA 9 MINT),40,25-100,false,sold_back
2026-10-08T12:54:39.000Z,2025 Black Bolt - BLK EN #044/086 Meloetta ex - Holo (CGC 8 NM-MT),10.5,0-25,false,sold_back
2026-10-08T12:54:41.000Z,1992 Stadium Club #210 Michael Jordan (PSA 8 NM-MT),42.8,25-100,false,held
2026-10-08T12:54:42.000Z,"Amazing Spider-Man #440 CGC 9.8 White Pages (Marvel Comics, 10/98) - Universal",68.3,25-100,false,held
2026-10-08T12:54:45.000Z,2025 Pokémon Simplified CBB3 C-Gem Pack Vol 3 #07 Chandelure (PSA 10 GEM MINT),61.4,25-100,false,held
2026-10-08T12:54:47.000Z,2023 Black Star Promos - Scarlet & Violet SVP EN #182 Iono's Kilowattrel - Journey Together Prerelease Staff (CGC 10 GEM MINT),37.8,25-100,false,sold_back
2026-10-08T12:54:47.000Z,2024 Pokémon Sv8a-Terastal Fest EX #062 Espeon - Reverse Holo Master Ball (PSA 9 MINT),20.3,0-25,false,sold_back
2026-10-08T12:54:51.000Z,2023 Bowman University Chrome Sapphire #8 Brian Thomas Jr. (PSA 10 GEM MINT),22.7,0-25,false,sold_back
2026-10-08T12:54:51.000Z,2023 Scarlet & Violet 151 - MEW EN #145/165 Zapdos ex (CGC 9 MINT),22.5,0-25,false,sold_back
2026-10-08T12:54:56.000Z,2016 Topps Update #US287 Tim Anderson (PSA 10 GEM MINT),10,0-25,false,sold_back
2026-10-08T12:54:59.000Z,Pokémon Scarlet & Violet Destined Rivals (1 Booster Pack - Art May Vary),10.7,0-25,false,sold_back
2026-10-08T12:54:59.000Z,Pokémon Scarlet & Violet Destined Rivals (1 Booster Pack - Art May Vary),10.7,0-25,false,sold_back
2026-10-08T12:55:05.000Z,2019 Panini Hoops Premium Stock #1 Trae Young - Pulsar (PSA 9 MINT),11,0-25,false,sold_back
2026-10-08T12:55:05.000Z,2023 Shiny Treasure ex #076/190 Mew ex - Holo (CGC 10 GEM MINT),13.1,0-25,false,held
2026-10-08T12:55:05.000Z,2025 Pokémon Svp EN-SV Black Star Promo #175 Espeon EX - Holo Prismatic Evolutions Premium Figure Collection (PSA 10 GEM MINT),78.6,25-100,false,sold_back
2026-10-08T12:55:05.000Z,2026 Pokémon Asc EN-Ascended Heroes #222 Ethan's Magcargo - Illustration Rare (PSA 10 GEM MINT),51.8,25-100,false,sold_back
2026-10-08T12:55:06.000Z,2025 Topps Update 1990 Topps Baseball #31 Bobby Witt Jr. (PSA 9 MINT),13,0-25,false,held
2026-10-08T12:55:09.000Z,Pokémon Scarlet & Violet Destined Rivals (1 Booster Pack - Art May Vary),10.7,0-25,false,sold_back
2026-10-08T12:55:14.000Z,2022 Pokémon Sword & Shield Lost Origin #TG05 Pikachu - Full Art (PSA 9 MINT),75.5,25-100,false,held
2026-10-08T12:55:14.000Z,2023 Panini Prizm #115 Chet Holmgren - Silver Prizm (PSA 9 MINT),20.5,0-25,false,sold_back
2026-10-08T12:55:15.000Z,2022 Scarlet & Violet Promos #241/SV-P Feraligatr - Illustration Contest 2024 Winner (CGC 10 PRISTINE),18.5,0-25,false,sold_back
2026-10-08T12:55:18.000Z,2022 Lost Origin #092/196 Aerodactyl V - Holo (CGC 10 GEM MINT),20.4,0-25,false,sold_back
2026-10-08T12:55:20.000Z,1952 Bowman Large #62 Walt Michaels (PSA 6 EX-MT),79.3,25-100,false,sold_back
2026-10-08T12:55:23.000Z,2023 Pokémon Mew EN-151 #199 Charizard EX - Holo Special Illustration Rare (PSA 9 MINT),349.7,100-500,false,held
2026-10-08T12:55:27.000Z,2023 Panini Prizm #329 Hendon Hooker - Blue Ice (PSA 9 MINT),89,25-100,false,sold_back
2026-10-08T12:55:32.000Z,2020 Sword & Shield #115/202 Stonjourner V - Holo (CGC 10 GEM MINT),11.6,0-25,false,sold_back
2026-10-08T12:55:33.000Z,2024 Pokémon SV6-Transformation Mask #108 Fezandipiti - Art Rare (PSA 10 GEM MINT),27.9,25-100,false,sold_back
2026-10-08T12:55:33.000Z,2025 Pokémon M2a-Mega Dream EX #236 Iono's Bellibolt EX - Holo Special Art Rare (PSA 10 GEM MINT),48.3,25-100,false,sold_back
2026-10-08T12:55:33.000Z,Pokémon Scarlet & Violet Destined Rivals (1 Booster Pack - Art May Vary),10.7,0-25,false,sold_back
2026-10-08T12:55:41.000Z,2024 High Class Pack: Terastal Fest ex - sv8a #063/187 Espeon ex - Holo (CGC 10 PRISTINE),20.6,0-25,false,sold_back
2026-10-08T12:55:41.000Z,2025 Pokémon Meg EN-Mega Evolution #144 Shedinja - Illustration Rare (PSA 10 GEM MINT),48,25-100,false,sold_back
2026-10-08T12:55:50.000Z,1999 Base Set #7/102 Hitmonchan - Holo (CGC 4 VG-EX),11.8,0-25,false,held
2026-10-08T12:55:50.000Z,Pokémon Scarlet & Violet Destined Rivals (1 Booster Pack - Art May Vary),10.7,0-25,false,sold_back
2026-10-08T12:55:53.000Z,2025 Mega Dream ex - M2a #232/193 Mega Dragonite ex - Mega Attack Rare Holo (CGC 10 PRISTINE),35.1,25-100,false,sold_back
2026-10-08T12:55:54.000Z,2019 Topps Chrome #202 Eloy Jimenez (PSA 10 GEM MINT),10.3,0-25,false,held
2026-10-08T12:55:57.000Z,2023 Scarlet & Violet 151 - MEW EN #124/165 Jynx ex - Holo (CGC 9 MINT),12.4,0-25,false,sold_back
2026-10-08T12:55:57.000Z,2023 Topps Chrome #2 Gunnar Henderson - X-Fractor (PSA 8 NM-MT),16.5,0-25,false,sold_back
2026-10-08T12:55:57.000Z,2025 Gem Pack Volume 2 - CBB2C - Simplified #04 10/14 Flareon - Reverse Holo Master Ball (CGC 9 MINT),11.9,0-25,false,sold_back
2026-10-08T12:55:57.000Z,2025 Topps Living #879 Nick Kurtz (PSA 9 MINT),16.1,0-25,false,sold_back
2026-10-08T12:55:59.000Z,2024 High Class Pack: Terastal Fest ex - sv8a #069/187 Sylveon ex - Holo (CGC 10 PRISTINE),21.3,0-25,false,sold_back
2026-10-08T12:56:00.000Z,1999 Fossil #24/62 Kabutops (CGC 7.5 NM+),12.6,0-25,false,sold_back
2026-10-08T12:56:03.000Z,2025 Pokémon M2a-Mega Dream EX #223 Mega Charizard X EX - Holo Mega Attack Rare (PSA 10 GEM MINT),71.2,25-100,false,sold_back
2026-10-08T12:56:11.000Z,2024 Pokémon Sv5m-Cyber Judge #077 Iron Thorns - Art Rare (PSA 10 GEM MINT),35.8,25-100,false,sold_back
2026-10-08T12:56:11.000Z,2024 Pokémon Sv7a-Paradise Dragona #019 Latias EX - Holo (PSA 10 GEM MINT),42.8,25-100,false,sold_back
2026-10-08T12:56:17.000Z,2019 Panini Select #242 Coby White - Red Wave (PSA 10 GEM MINT),18.8,0-25,false,held
2026-10-08T12:56:17.000Z,2025 Inferno X - M2 #085/080 Piplup - Art Rare Holo (CGC 9 MINT),17.8,0-25,false,sold_back
2026-10-08T12:56:18.000Z,2023 Clay Burst #077/071 Tinkatuff - Art Rare Holo (CGC 10 PRISTINE),19.6,0-25,false,sold_back
2026-10-08T12:56:23.000Z,2015 Topps Heritage #563 Carlos Correa - Batting Pose (PSA 10 GEM MINT),14.7,0-25,false,sold_back
2026-10-08T12:56:27.000Z,2024 Twilight Masquerade - TWM EN #064/167 Wellspring Mask Ogerpon ex - Masks of Ogerpon Premium Coll. (Twilight Masquerade Stamp) (Holo) (CGC 10 PRISTINE),25.1,25-100,false,sold_back
2026-10-08T12:56:33.000Z,2023 Pokémon SV3-Ruler of the Black Flame #119 Pidgeotto - Art Rare (PSA 10 GEM MINT),52.4,25-100,false,sold_back
2026-10-08T12:56:35.000Z,2024 Panini Absolute Explosive #EXCMY Christian McCaffrey (PSA 9 MINT),185.5,100-500,false,held
2026-10-08T12:56:36.000Z,Pokémon Scarlet & Violet Destined Rivals (1 Booster Pack - Art May Vary),10.7,0-25,false,held
2026-10-08T12:56:39.000Z,2000 Pokémon Game Base II #18 Venusaur - Holo (PSA 2 GOOD),60.4,25-100,false,sold_back
2026-10-08T12:56:39.000Z,2023 Panini Zenith Z-Stars #23 CJ Stroud (PSA 8 NM-MT),13,0-25,false,sold_back
2026-10-08T12:56:45.000Z,2023 Panini Donruss Optic #247 Anthony Richardson - Green Velocity (PSA 10 GEM MINT),12.7,0-25,false,sold_back
2026-10-08T12:56:45.000Z,2025 Pokémon M2-Inferno X #092 Ambipom - Art Rare (PSA 10 GEM MINT),23.6,0-25,false,sold_back
2026-10-08T12:56:47.000Z,Pokémon Scarlet & Violet Destined Rivals (1 Booster Pack - Art May Vary),10.7,0-25,false,redeemed
2026-10-08T12:56:54.000Z,2025 Pokémon M2a-Mega Dream EX #032 Psyduck - Reverse Holo Poke Ball (PSA 10 GEM MINT),42.6,25-100,false,sold_back
2026-10-08T12:56:56.000Z,2019 Bowman Prospect Autographs Chrome #VMJ Victor Mesa Jr. - Refractor (PSA 10 GEM MINT),85.8,25-100,false,held
2026-10-08T12:56:57.000Z,2025 Mega Dream ex - M2a #229/193 Mega Hawlucha ex - Mega Attack Rare Holo (CGC 10 GEM MINT),12.6,0-25,false,sold_back
2026-10-08T12:56:57.000Z,Astral Radiance #TG03/TG30 Kingdra - Trainer Gallery Holo (CGC 8 NM-MT),10.9,0-25,false,sold_back
2026-10-08T12:57:00.000Z,2021 Eevee Heroes #015/069 Vaporeon V - Holo (CGC 10 PRISTINE),21,0-25,false,held
2026-10-08T12:57:00.000Z,2022 Incandescent Arcana #077/068 Alolan Vulpix V - Super Rare Holo (CGC 10 GEM MINT),23.5,0-25,false,held
2026-10-08T12:57:00.000Z,2025 Pokémon Sv11b-Black Bolt #109 Seismitoad - Art Rare (PSA 10 GEM MINT),121.8,100-500,false,sold_back
2026-10-08T12:57:00.000Z,2025 Topps Now #456 Shohei Ohtani (BGS 9.5 GEM MINT),26.7,25-100,false,sold_back
2026-10-08T12:57:02.000Z,2024 Pokémon Swsh Black Star Promo #029 Rayquaza - Holo Crown Zenith Premium Collection Sea & Sky (PSA 9 MINT),41.1,25-100,false,held
2026-10-08T12:57:02.000Z,2025 Pokémon M1s-Mega Symphonia #066 Litleo - Art Rare (PSA 10 GEM MINT),36.3,25-100,false,held
2026-10-08T12:57:03.000Z,2024 Surging Sparks - SSP EN #142/191 Tatsugiri ex - Holo (CGC 10 GEM MINT),21,0-25,false,held
2026-10-08T12:57:11.000Z,Pokémon Scarlet & Violet Destined Rivals (1 Booster Pack - Art May Vary),10.7,0-25,false,sold_back
2026-10-08T12:57:14.000Z,2024 Journey Together - JTG EN #053/159 Iono's Bellibolt ex - Holo (CGC 10 GEM MINT),19.5,0-25,false,sold_back
2026-10-08T12:57:14.000Z,2025 Mega Brave - M1L #073/063 Steelix - Art Rare Holo (CGC 10 PRISTINE),22.8,0-25,false,sold_back
2026-10-08T12:57:14.000Z,Pokémon Scarlet & Violet Destined Rivals (1 Booster Pack - Art May Vary),10.7,0-25,false,sold_back
2026-10-08T12:57:20.000Z,2025 Pokémon Mep EN-Me Black Star Promo #007 Psyduck - Mega Evolution Three Pack Blister (PSA 9 MINT),36.5,25-100,false,sold_back
2026-10-08T12:57:21.000Z,2019 Pokémon Sun & Moon Cosmic Eclipse #1 Venusaur & Snivy GX - Holo (PSA 9 MINT),52,25-100,false,sold_back
2026-10-08T12:57:26.000Z,2024 Crimson Haze #073/066 Heliolisk - Art Rare Holo (CGC 10 PRISTINE),17.6,0-25,false,sold_back
2026-10-08T12:57:30.000Z,2026 Pokémon M3-Nullifying Zero #049 Gengar (PSA 10 GEM MINT),43.6,25-100,false,sold_back
2026-10-08T12:57:35.000Z,2026 Topps Mega Celebration Box PerenniAL All-Stars #9 Shohei Ohtani (PSA 9 MINT),27.3,25-100,false,held
2026-10-08T12:57:44.000Z,2024 Stellar Miracle #113/102 Archaludon - Art Rare Holo (CGC 10 GEM MINT),13.8,0-25,false,sold_back
2026-10-08T12:57:45.000Z,2025 Destined Rivals - DRI EN #119/182 Team Rocket's Nidoking ex - Holo (CGC 10 GEM MINT),13.3,0-25,false,sold_back
2026-10-08T12:57:48.000Z,2021 Battle Styles #168/163 Single Strike Urshifu VMAX - Secret Rare Holo (CGC 9 MINT),22,0-25,false,sold_back
2026-10-08T12:57:48.000Z,2023 Ancient Roar #068/066 Magby - Art Rare Holo (CGC 10 GEM MINT),13.9,0-25,false,sold_back
2026-10-08T12:57:50.000Z,2022 VSTAR Universe #223/172 Deoxys VSTAR - Special Art Rare Holo (CGC 10 PRISTINE),78.1,25-100,false,held
2026-10-08T12:57:56.000Z,2025 Heat Wave Arena - sv9a #071/063 Misty's Psyduck - Art Rare Holo (CGC 9 MINT),27.1,25-100,false,sold_back
2026-10-08T12:57:59.000Z,"2023 Trading Card Game Classic - CLF, CLL, CLK #009/032 Raichu - Holo Charizard & Ho-Oh ex Deck - CLL (CGC 8.5 NM-MT+)",110.79,100-500,false,sold_back
2026-10-08T12:58:00.000Z,2020 Panini Colecciones Este La Liga Spanish #15 Lionel Messi (PSA 9 MINT),40.7,25-100,false,sold_back
2026-10-08T12:58:05.000Z,2025 Pokémon Mep EN-Me Black Star Promo #026 Meloetta - Mega Diancie EX Mega Battle Deck (PSA 9 MINT),20.9,0-25,false,sold_back
2026-10-08T12:58:08.000Z,2020 Pokémon Sword & Shield Vivid Voltage #102 Zamazenta (PSA 10 GEM MINT),51.6,25-100,false,sold_back
2026-10-08T12:58:08.000Z,Pokémon Sword & Shield Vivid Voltage (1 Booster Pack - Art May Vary),14,0-25,false,sold_back
2026-10-08T12:58:09.000Z,2024 Pokémon SV8-Super Electric Breaker #111 Spheal - Art Rare (PSA 10 GEM MINT),39,25-100,false,sold_back
2026-10-08T12:58:18.000Z,2022 Pokémon Sword & Shield Silver Tempest #TG01 Braixen - Full Art (PSA 9 MINT),20,0-25,false,sold_back
2026-10-08T12:58:20.000Z,2024 Panini Score #303 Drake Maye (PSA 10 GEM MINT),41.1,25-100,false,redeemed
2026-10-08T12:58:21.000Z,2021 Topps Chrome MLS Sapphire Edition #115 Caden Clark (PSA 9 MINT),10.9,0-25,false,sold_back
2026-10-08T12:58:24.000Z,2024 Pokémon SV8-Super Electric Breaker #125 Tatsugiri EX - Holo Super Rare (PSA 9 MINT),17.8,0-25,false,sold_back
2026-10-08T12:58:30.000Z,2025 Black Bolt - BLK EN #067/086 Genesect ex - Holo (CGC 10 GEM MINT),11,0-25,false,sold_back
2026-10-08T12:58:32.000Z,2025 Black Star Promos - Mega Evolution MEP EN #044 Litten - First Partner Illustration Collection Series 1 (Holo) (CGC 10 GEM MINT),18.1,0-25,false,sold_back
2026-10-08T12:58:38.000Z,2021 VMAX Climax #126/184 Snorlax - Line Holo (CGC 10 PRISTINE),20.5,0-25,false,sold_back
2026-10-08T12:58:39.000Z,2025 Black Star Promos - Mega Evolution MEP EN #039 Squirtle - First Partner Illustration Collection Series 1 (Holo) (CGC 10 GEM MINT),35.1,25-100,false,sold_back
2026-10-08T12:58:41.000Z,2026 Pokémon Asc EN-Ascended Heroes #270 Mega Scrafty EX - Holo Mega Attack Rare (PSA 10 GEM MINT),49.1,25-100,false,sold_back
2026-10-08T12:58:54.000Z,2022 Pokémon Sword & Shield Dark Phantasma #074 Gengar - Full Art (PSA 10 GEM MINT),90.8,25-100,false,held
2026-10-08T12:58:56.000Z,2021 Topps Chrome UEFA Champions League #191 Jonathan David - Aqua Refractor (PSA 10 GEM MINT),27.7,25-100,false,held
2026-10-08T12:58:57.000Z,2026 Pokémon Asc EN-Ascended Heroes #263 Team Rocket's Transceiver - Ultra Rare (PSA 9 MINT),19.3,0-25,false,sold_back
2026-10-08T12:58:59.000Z,2000 Pokémon Gym Challenge #73 Giovanni's Magikarp - 1st Edition (PSA 8 NM-MT),37.2,25-100,false,held
2026-10-08T12:59:00.000Z,Ascended Heroes (1 Booster Pack - Art May Vary),16.4,0-25,false,redeemed
2026-10-08T12:59:03.000Z,2022-23 Topps Chrome Sapphire Edition UEFA Club Competitions #50 Alejandro Garnacho - SP (PSA 10 GEM MINT),22.4,0-25,false,sold_back
2026-10-08T12:59:03.000Z,2025 One Piece OP13-Carrying on His Will Don!! Card - Alternate Art (PSA 10 GEM MINT),34.5,25-100,false,held
2026-10-08T12:59:06.000Z,2022 Silver Tempest #181/195 Skuntank V - Ultra Rare Holo (CGC 10 GEM MINT),22.3,0-25,false,sold_back
2026-10-08T12:59:12.000Z,2024 Pokémon SV-P Promo #197 Pikachu - Gym Event Campaign (PSA 10 GEM MINT),61.8,25-100,false,sold_back
2026-10-08T12:59:12.000Z,2025 Bowman University Now #66 Fernando Mendoza/7654* (BGS 10 PRISTINE),65,25-100,false,held
2026-10-08T12:59:15.000Z,2008 Bowman Sterling Prospects #BSPBP Buster Posey - Autograph (PSA 9 MINT),232,100-500,false,sold_back
2026-10-08T12:59:17.000Z,2020 Amazing Volt Tackle #012/100 Charizard - Holo (CGC 10 GEM MINT),20.9,0-25,false,held
2026-10-08T12:59:17.000Z,2023 Pokémon Sv4k-Ancient Roar #068 Magby - Art Rare (PSA 10 GEM MINT),35.3,25-100,false,sold_back
2026-10-08T12:59:18.000Z,2021 Pokémon Sword & Shield Evolving Skies #125 Eevee (PSA 9 MINT),56.5,25-100,false,sold_back
2026-10-08T12:59:18.000Z,2025 Black Star Promos - Mega Evolution MEP EN #037 Bulbasaur - First Partner Illustration Collection Series 1 (Holo) (CGC 10 GEM MINT),29.9,25-100,false,sold_back
2026-10-08T12:59:29.000Z,2021 VMAX Climax #189/184 Vaporeon - Character Rare Holo (CGC 10 GEM MINT),19.2,0-25,false,held
2026-10-08T12:59:35.000Z,1999 Pokémon Game #98 Fire Energy - 1st Edition (PSA 7 NM),23.3,0-25,false,sold_back
2026-10-08T12:59:36.000Z,2022-23 Topps Chrome UEFA Club Competitions #52 Mykhailo Mudryk - Aqua Lava (PSA 10 GEM MINT),21.5,0-25,false,sold_back
2026-10-08T12:59:38.000Z,2023 Pokémon Pal EN-Paldea Evolved #212 Mismagius - Illustration Rare (PSA 9 MINT),47.4,25-100,false,sold_back
2026-10-08T12:59:39.000Z,1959 Topps #294 Hank Foiles (PSA 9 MINT),192,100-500,false,sold_back
2026-10-08T12:59:39.000Z,1998 Upper Deck Jordan Tribute #MJ69 Michael Jordan - MJ Reflections (PSA 9 MINT),40.8,25-100,false,held
2026-10-08T12:59:42.000Z,2023 Japanese Ancient Roar #75 Garbodor - Full Art Holo (SGC 10 GEM MINT),23.3,0-25,false,held
2026-10-08T12:59:45.000Z,1987 Fleer Mini #13 George Brett (PSA 9 MINT),15.9,0-25,false,sold_back
2026-10-08T13:00:03.000Z,2023 Crown Zenith #GG23/GG70 Dunsparce - Galarian Gallery Holo (CGC 10 GEM MINT),28.1,25-100,false,sold_back
2026-10-08T13:00:11.000Z,Pokémon Scarlet & Violet Destined Rivals (1 Booster Pack - Art May Vary),10.7,0-25,false,sold_back
2026-10-08T13:00:14.000Z,Pokémon Japanese Sun & Moon Full Metal Wall (1 Booster Pack - Art May Vary),14.4,0-25,false,sold_back
2026-10-08T13:00:14.000Z,Pokémon Scarlet & Violet Destined Rivals (1 Booster Pack - Art May Vary),10.7,0-25,false,sold_back
2026-10-08T13:00:15.000Z,2022 VSTAR Universe #229/172 Hisuian Samurott V - Special Art Rare Holo (CGC 10 GEM MINT),19.8,0-25,false,sold_back
2026-10-08T13:00:21.000Z,2021 VMAX Climax #126/184 Snorlax - Line Holo (CGC 10 GEM MINT),13.9,0-25,false,sold_back
2026-10-08T13:00:21.000Z,2025 Panini Donruss Bomb Squad #BS-JDT Jaxson Dart (PSA 10 GEM MINT),117.9,100-500,false,sold_back
2026-10-08T13:00:24.000Z,2024 Paldean Fates - PAF EN #237/091 Iono - Special Illustration Rare (Holo) (CGC 8.5 NM-MT+),20.9,0-25,false,sold_back
2026-10-08T13:00:32.000Z,2025 Black Star Promos - Mega Evolution MEP EN #038 Charmander - First Partner Illustration Collection Series 1 (Holo) (CGC 9.5 MINT+),23.2,0-25,false,sold_back
2026-10-08T13:00:33.000Z,2023 Crown Zenith #GG41/GG70 Raikou V - Galarian Gallery Holo (CGC 10 GEM MINT),73.2,25-100,false,sold_back
2026-10-08T13:00:35.000Z,2022 One Piece Japanese 25th Anniversary Premium Card Collection #022 Brook (PSA 9 MINT),19.6,0-25,false,held
2026-10-08T13:00:35.000Z,2025 White Flare - WHT EN #138/086 Scraggy - Illustration Rare Holo (CGC 9.5 MINT+),24.4,0-25,false,sold_back
2026-10-08T13:00:39.000Z,2024 Pokémon Sv8a-Terastal Fest EX #209 Jolteon EX - Holo Special Art Rare (PSA 10 GEM MINT),84,25-100,false,held
2026-10-08T13:00:41.000Z,Pokémon Scarlet & Violet Destined Rivals (1 Booster Pack - Art May Vary),10.7,0-25,false,sold_back
2026-10-08T13:00:42.000Z,2017 Black Star Promos - Sword & Shield #SWSH097 Dragapult VMAX - Holo Shining Fates Premium Collection - Dragapult (CGC 10 GEM MINT),21,0-25,false,sold_back
2026-10-08T13:00:47.000Z,2023 Pokémon Card 151 #025/165 Pikachu (CGC 10 GEM MINT),17,0-25,false,held
2026-10-08T13:00:51.000Z,Pokémon Japanese Sun & Moon Forbidden Light (1 Booster Pack - Art May Vary),20.5,0-25,false,held
2026-10-08T13:00:53.000Z,2017 Black Star Promos - Sword & Shield #SWSH291 Lucario VSTAR - Crown Zenith Elite Trainer Box (Holo) (CGC 8 NM-MT),17.9,0-25,false,sold_back
2026-10-08T13:00:53.000Z,2023 Crown Zenith #GG31/GG70 Turtwig - Galarian Gallery Holo (CGC 9 MINT),19,0-25,false,sold_back
2026-10-08T13:00:54.000Z,2023 Violet ex #079/078 Tarountula - Art Rare Holo (CGC 10 GEM MINT),13.5,0-25,false,sold_back
2026-10-08T13:00:57.000Z,2024 Panini Prizm #347 Jayden Daniels - Silver Prizm (PSA 8 NM-MT),73.5,25-100,false,sold_back
2026-10-08T13:00:59.000Z,2025 Upper Deck O-Pee-Chee #592 Matthew Schaefer (PSA 10 GEM MINT),186.8,100-500,false,held
2026-10-08T13:01:00.000Z,2024 High Class Pack: Terastal Fest ex - sv8a #222/187 Raging Bolt ex - Special Art Rare Holo (CGC 10 GEM MINT),20.7,0-25,false,sold_back
2026-10-08T13:01:02.000Z,2024 High Class Pack: Terastal Fest ex - sv8a #093/187 Umbreon ex - Holo (CGC 10 GEM MINT),19.1,0-25,false,sold_back
2026-10-08T13:01:08.000Z,2025 Pokémon Pre EN-Prismatic Evolutions #060 Umbreon EX - Holo Surprise Box Exclusive (PSA 10 GEM MINT),108.8,100-500,false,held
2026-10-08T13:01:11.000Z,1998 Pokémon Vending #7 Squirtle - Series 1 (PSA 10 GEM MINT),4064.1,500+,false,held
2026-10-08T13:01:12.000Z,2019 Old Maid (Red Back) Pikachu (CGC 10 PRISTINE),21.7,0-25,false,sold_back
2026-10-08T13:01:12.000Z,2025 Glory of the Rocket Gang - sv10 #118/098 Team Rocket's Persian ex - Super Rare Holo (CGC 10 PRISTINE),21.7,0-25,false,sold_back
2026-10-08T13:01:14.000Z,2025 Panini Mosaic #345 Ashton Jeanty - Green (PSA 10 GEM MINT),53.2,25-100,false,sold_back
2026-10-08T13:01:17.000Z,Pokémon Scarlet & Violet Destined Rivals (1 Booster Pack - Art May Vary),10.7,0-25,false,sold_back
2026-10-08T13:01:20.000Z,2025 Mega Dream ex - M2a #230/193 Mega Gengar ex - Mega Attack Rare Holo (CGC 9 MINT),20.1,0-25,false,sold_back
2026-10-08T13:01:24.000Z,Pokemon Sun & Moon Tag Team GX Dream League (1 Booster Pack - Art May Vary),42,25-100,false,held
2026-10-08T13:01:26.000Z,"2023 Trading Card Game Classic - CLF, CLL, CLK #017/032 Miltank - Charizard & Ho-Oh ex Deck - CLL Holo (CGC 10 GEM MINT)",17,0-25,false,held
2026-10-08T13:01:27.000Z,2023 Pokémon Sv2d-Clay Burst #082 Flamigo - Art Rare (PSA 10 GEM MINT),38.7,25-100,false,held
2026-10-08T13:01:27.000Z,2025 Panini Mosaic Kaleidoscopic #10 DE'Von Achane (PSA 9 MINT),74.2,25-100,false,sold_back
2026-10-08T13:01:33.000Z,2018 Tag Bolt #013/095 Charizard - Holo (CGC 9 MINT),15.3,0-25,false,sold_back
2026-10-08T13:01:35.000Z,2025 Mega Dream ex - M2a #210/193 N's Zekrom - Art Rare Holo (CGC 10 PRISTINE),24.3,0-25,false,sold_back
2026-10-08T13:01:39.000Z,2021 Eevee Heroes #035/069 Espeon V - Holo (CGC 9 MINT),12.4,0-25,false,sold_back
2026-10-08T13:01:39.000Z,2022 Pokémon Sword & Shield Dark Phantasma #077 Snorlax - Full Art (PSA 10 GEM MINT),68.5,25-100,false,sold_back
2026-10-08T13:01:39.000Z,2024 Surging Sparks - SSP EN #211/191 Appletun - Illustration Rare Holo (CGC 8.5 NM-MT+),17.4,0-25,false,held
2026-10-08T13:01:45.000Z,Paradox Rift (1 Booster Pack - Art May Vary),14.4,0-25,false,sold_back
2026-10-08T13:01:53.000Z,2024 Panini Donruss Downtown! #8 Terrell Owens (PSA 8 NM-MT),200,100-500,false,sold_back
2026-10-08T13:01:56.000Z,2021 25th Anniversary Collection #006/028 Groudon - Holo (CGC 10 PRISTINE),17.3,0-25,false,sold_back
2026-10-08T13:02:03.000Z,2016 Pokémon XY Evolutions #106 Dragonite EX - Holo Full Art (PSA 8 NM-MT),52.3,25-100,false,sold_back
2026-10-08T13:02:08.000Z,1978 Topps #1 Mike Bossy HL - Goals By Rookie (PSA 5 EX),16.2,0-25,false,sold_back
2026-10-08T13:02:09.000Z,2025 Pokémon Svp EN-SV Black Star Promo #200 Eevee - Destined Rivals Single Pack Blister (PSA 8 NM-MT),22.8,0-25,false,sold_back
2026-10-08T13:02:12.000Z,2023 Pokémon Card 151 #184/165 Venusaur ex - Super Rare Holo (CGC 10 GEM MINT),18.3,0-25,false,held
2026-10-08T13:02:14.000Z,1953 Topps #77 John Mize (PSA 7 NM),279,100-500,false,sold_back
2026-10-08T13:02:15.000Z,1958 Topps #458 Julio Becquer (PSA 5 EX),19.8,0-25,false,sold_back
2026-10-08T13:02:17.000Z,2019 Bowman Chrome Prospects #BCP156 Tim Tebow (PSA 10 GEM MINT),52,25-100,false,held
2026-10-08T13:02:18.000Z,2025 Mega Symphonia - M1S #079/063 Mega Latias ex - Super Rare Holo (CGC 10 PRISTINE),21.6,0-25,false,sold_back
2026-10-08T13:02:27.000Z,2017 Panini Donruss Optic #198 Jayson Tatum (PSA 10 GEM MINT),75.2,25-100,false,held
2026-10-08T13:02:29.000Z,2022 Pokémon Sword & Shield Start Deck 100 Corocoro Comic Version #008 Snorlax (PSA 10 GEM MINT),61.5,25-100,false,sold_back
2026-10-08T13:02:35.000Z,Astral Radiance #184/189 Gardenia's Vigor - Ultra Rare Holo (CGC 10 GEM MINT),19.7,0-25,false,sold_back
2026-10-08T13:02:36.000Z,2018 Panini Prizm #288 Devonte' Graham (PSA 10 GEM MINT),10.4,0-25,false,sold_back
2026-10-08T13:02:44.000Z,2025 Destined Rivals - DRI EN #122/182 Team Rocket's Crobat ex - Holo (CGC 9 MINT),13.2,0-25,false,sold_back
2026-10-08T13:02:47.000Z,2025 Topps #201 Cooper Flagg (PSA 9 MINT),23.2,0-25,false,sold_back
2026-10-08T13:02:47.000Z,Pokémon Sword & Shield Lost Origin (1 Booster Pack - Art May Vary),22.6,0-25,false,sold_back
2026-10-08T13:02:53.000Z,2023 Pokémon SV-P Promo #120 Pikachu - Gym Event Campaign (PSA 10 GEM MINT),66.8,25-100,false,held
2026-10-08T13:02:59.000Z,2023 Pokémon Sv1a-Triplet Beat #099 Dendra - Special Art Rare (PSA 9 MINT),21.2,0-25,false,sold_back
2026-10-08T13:03:02.000Z,1999 Base Set #80/102 Defender (CGC 9 MINT),13.6,0-25,false,sold_back
2026-10-08T13:03:03.000Z,2025 Black Star Promos - Mega Evolution MEP EN #033 Mega Lucario ex - Ascended Heroes Premium Poster Collection (Holo) (CGC 9.5 MINT+),13.9,0-25,false,sold_back
2026-10-08T13:03:06.000Z,2025 Panini Instant WNBA Draft Night #DN1 Paige Bueckers (BGS 9.5 GEM MINT),28.4,25-100,false,sold_back
2026-10-08T13:03:06.000Z,Pokémon Scarlet & Violet Destined Rivals (1 Booster Pack - Art May Vary),10.7,0-25,false,sold_back
2026-10-08T13:03:18.000Z,2024 High Class Pack: Terastal Fest ex - sv8a #057/187 Abra - Poké Ball Holo (CGC 10 GEM MINT),11.5,0-25,false,sold_back
2026-10-08T13:03:18.000Z,2025 Mega Dream ex - M2a #204/193 Hop's Trevenant - Art Rare Holo (CGC 10 GEM MINT),11.9,0-25,false,sold_back
2026-10-08T13:03:23.000Z,Pokémon Sun & Moon Forbidden Light (1 Booster Pack - Art May Vary),52.3,25-100,false,sold_back
2026-10-08T13:03:24.000Z,2024 Topps Update #US149 Yoshinobu Yamamoto - Rainbow Foil (PSA 9 MINT),28.2,25-100,false,sold_back
2026-10-08T13:03:24.000Z,Ascended Heroes (1 Booster Pack - Art May Vary),16.4,0-25,false,sold_back
2026-10-08T13:03:26.000Z,2025 Destined Rivals - DRI EN #145/182 Steven's Metagross ex - Holo (CGC 9 MINT),12.5,0-25,false,sold_back
2026-10-08T13:03:26.000Z,Pokémon Scarlet & Violet Destined Rivals (1 Booster Pack - Art May Vary),10.7,0-25,false,sold_back
2026-10-08T13:03:38.000Z,Brilliant Stars (1 Booster Pack - Art May Vary),19.6,0-25,false,held
2026-10-08T13:03:44.000Z,2002 Pokémon Expedition #126 Ponyta (PSA 9 MINT),47.3,25-100,false,sold_back
2026-10-08T13:03:47.000Z,2010 Undaunted #82/90 Houndoom - Holo (CGC 8.5 NM-MT+),604.7,500+,false,sold_back
2026-10-08T13:03:53.000Z,2024 Transformation Mask #108/101 Fezandipiti - Art Rare Holo (CGC 9 MINT),12,0-25,false,sold_back
2026-10-08T13:03:56.000Z,2025 Pokémon Mbg-Mega Starter Set Mega Gengar EX #022 Haunter (PSA 10 GEM MINT),54.3,25-100,false,sold_back
2026-10-08T13:03:57.000Z,2019 Topps Update #US1 Vladimir Guerrero Jr. (PSA 10 GEM MINT),27.8,25-100,false,sold_back
2026-10-08T13:04:03.000Z,Pokémon Scarlet & Violet Destined Rivals (1 Booster Pack - Art May Vary),10.7,0-25,false,held
2026-10-08T13:04:05.000Z,2025 Panini Instant NBA Rps First Look #RPSFL-16 Cooper Flagg (PSA 9 MINT),24.9,0-25,false,held
2026-10-08T13:04:05.000Z,2025 Topps Chrome #263 Derik Queen - X-Fractor (PSA 8 NM-MT),11.5,0-25,false,sold_back
2026-10-08T13:04:08.000Z,2024 Journey Together - JTG EN #162/159 Wailord - Illustration Rare Holo (CGC 10 GEM MINT),32.2,25-100,false,sold_back
2026-10-08T13:04:09.000Z,2025 Mega Brave - M1L #046/063 Mega Mawile ex - Holo (CGC 10 PRISTINE),18.1,0-25,false,held
2026-10-08T13:04:12.000Z,1964 Philadelphia #161 Jim Johnson (PSA 6 EX-MT),47.3,25-100,false,sold_back
2026-10-08T13:04:14.000Z,2023 Pokémon Clf-Trading Card Game Classic Venusaur & Lugia EX Deck #003 Venusaur (PSA 10 GEM MINT),86.2,25-100,false,held
2026-10-08T13:04:20.000Z,2017 Pokémon Sun & Moon Ultra Moon #073 Glaceon GX-Hyper - Full Art (PSA 10 GEM MINT),232,100-500,false,held
2026-10-08T13:04:21.000Z,1999 Base Set #5/102 Clefairy - Holo (CGC 7.5 NM+),36.2,25-100,false,sold_back
2026-10-08T13:04:23.000Z,2025 Inferno X - M2 #088/080 Flygon - Art Rare Holo (CGC 10 PRISTINE),18,0-25,false,held
2026-10-08T13:04:26.000Z,2025 Pokémon M2-Inferno X #111 Oricorio EX - Holo Special Art Rare (PSA 10 GEM MINT),51.8,25-100,false,sold_back
2026-10-08T13:04:29.000Z,1956 Topps #158 Wally Post - Gray Back (PSA 8 NM-MT),227,100-500,false,sold_back
2026-10-08T13:04:35.000Z,2025 Pokémon Meg EN-Mega Evolution #144 Shedinja - Illustration Rare (PSA 10 GEM MINT),48,25-100,false,held
2026-10-08T13:04:38.000Z,Pokémon Scarlet & Violet Destined Rivals (1 Booster Pack - Art May Vary),10.7,0-25,false,held
2026-10-08T13:04:48.000Z,2025 Pokémon Pre EN-Prismatic Evolutions #060 Umbreon EX - Holo Surprise Box Exclusive (PSA 8 NM-MT),20.3,0-25,false,sold_back
2026-10-08T13:04:50.000Z,Pokémon Scarlet & Violet Destined Rivals (1 Booster Pack - Art May Vary),10.7,0-25,false,held
2026-10-08T13:04:51.000Z,1999 Pokémon Fossil #3 Ditto - 1st Edition Holo (PSA 9 MINT),574.7,500+,false,sold_back
2026-10-08T13:04:56.000Z,2022 Pokémon Sword & Shield Start Deck 100 Corocoro Comic Version #008 Snorlax (PSA 10 GEM MINT),61.5,25-100,false,sold_back
2026-10-08T13:04:59.000Z,2021 Pokémon Promo Card Pack 25th Anniversary Edition #011 Team Magma's Groudon - Holo (PSA 10 GEM MINT),61,25-100,false,redeemed
2026-10-08T13:04:59.000Z,2023 Black Star Promos - Scarlet & Violet SVP EN #208 Victini - Unova Victini Illustration Collection (Holo) (CGC 10 GEM MINT),44.5,25-100,false,sold_back
2026-10-08T13:04:59.000Z,"2023 Trading Card Game Classic - CLV, CLC, CLB #001/034 Bulbasaur - Venusaur & Lugia ex Deck - CLV Holo (CGC 10 GEM MINT)",21.8,0-25,false,held
2026-10-08T13:05:05.000Z,2022 Bowman Chrome UEFA U21 European Championship #86 Mario Vuskovic - Neon Green Refractor (CGC 10 GEM MINT),23,0-25,false,sold_back
2026-10-08T13:05:06.000Z,2025 Topps #201 Cooper Flagg (PSA 9 MINT),23.2,0-25,false,held
2026-10-08T13:05:09.000Z,Pokémon Scarlet & Violet Destined Rivals (1 Booster Pack - Art May Vary),10.7,0-25,false,held
2026-10-08T13:05:14.000Z,2025 One Piece Japanese 3rd Anniversary! One Piece Card Treasure Campaign Pack #006 Monkey D. Luffy (PSA 9 MINT),21.9,0-25,false,sold_back
2026-10-08T13:05:17.000Z,2025 Black Star Promos - Mega Evolution MEP EN #044 Litten - First Partner Illustration Collection Series 1 (Holo) (CGC 10 GEM MINT),18.1,0-25,false,redeemed
2026-10-08T13:05:18.000Z,2019 Bowman Prospect Autographs Chrome #VVM Victor Victor Mesa - Refractor (PSA 10 GEM MINT),14.7,0-25,false,sold_back
2026-10-08T13:05:20.000Z,2023 Black Star Promos - Scarlet & Violet SVP EN #098 Iron Thorns - Temporal Forces Elite Trainer Box (Holo) (CGC 8.5 NM-MT+),18.9,0-25,false,sold_back
2026-10-08T13:05:20.000Z,Pokémon Champions Path (1 Booster Pack - Art May Vary),22.6,0-25,false,sold_back
2026-10-08T13:05:21.000Z,2025 Glory of the Rocket Gang - sv10 #101/098 Blaziken - Art Rare Holo (CGC 10 PRISTINE),19,0-25,false,sold_back
2026-10-08T13:05:24.000Z,2026 Pokémon Asc EN-Ascended Heroes #287 Marnie's Grimmsnarl EX - Holo Special Illustration Rare (PSA 9 MINT),43.6,25-100,false,sold_back
2026-10-08T13:05:29.000Z,2021 Battle Styles #109/163 Corviknight V - Holo (CGC 8.5 NM-MT+),22,0-25,false,sold_back
2026-10-08T13:05:39.000Z,2021 Parkside Nwsl Premier Edition Stars #54 Trinity Rodman (PSA 9 MINT),22.9,0-25,false,sold_back
2026-10-08T13:05:39.000Z,2024 Pokémon Ssp EN-Surging Sparks #209 Skarmory - Illustration Rare (PSA 9 MINT),20.8,0-25,false,sold_back
2026-10-08T13:05:39.000Z,Pokemon Sword & Shield Silver Tempest (1 Booster Pack - Art May Vary),18.2,0-25,false,sold_back
2026-10-08T13:05:41.000Z,2025 Bowman Draft #BDC-37 Tyler Bremner - Chrome-Refractor (PSA 10 GEM MINT),18.8,0-25,false,held
2026-10-08T13:05:48.000Z,2023 Bowman University Chrome Sapphire #8 Brian Thomas Jr. (PSA 10 GEM MINT),22.7,0-25,false,sold_back
2026-10-08T13:05:48.000Z,2024 Pokémon Sv8a-Terastal Fest EX #223 Eevee EX - Holo Special Art Rare (PSA 10 GEM MINT),88.3,25-100,false,sold_back
2026-10-08T13:05:53.000Z,2023 Pokémon Sv3a-Raging Surf #069 Groudon - Art Rare (PSA 10 GEM MINT),81.7,25-100,false,sold_back
2026-10-08T13:05:59.000Z,2024 Panini Prizm #370 Malik Nabers - Hyper Prizm (PSA 9 MINT),80.2,25-100,false,sold_back
2026-10-08T13:06:00.000Z,2024 High Class Pack: Terastal Fest ex - sv8a #052/187 Jolteon ex - Holo (CGC 10 PRISTINE),19.4,0-25,false,sold_back
2026-10-08T13:06:06.000Z,2025 Topps #201 Cooper Flagg (PSA 9 MINT),23.2,0-25,false,held
2026-10-08T13:06:08.000Z,2024 Pokémon Sv8a-Terastal Fest EX #202 Flareon EX - Holo Special Art Rare (PSA 10 GEM MINT),93.9,25-100,false,sold_back
2026-10-08T13:06:11.000Z,2023 Pokémon Card 151 #172/165 Caterpie - Art Rare Holo (CGC 10 GEM MINT),19,0-25,false,sold_back
2026-10-08T13:06:11.000Z,2024 Pokémon SV8-Super Electric Breaker #033 Pikachu EX - Holo (PSA 10 GEM MINT),50.4,25-100,false,held
2026-10-08T13:06:21.000Z,2024 Pokémon Sv8a-Terastal Fest EX #040 Glaceon - Reverse Holo Master Ball (PSA 10 GEM MINT),49,25-100,false,sold_back
2026-10-08T13:06:21.000Z,2025 Mega Dream ex - M2a #126/193 Mega Dragonite ex - Holo (CGC 10 PRISTINE),17.8,0-25,false,sold_back
2026-10-08T13:06:23.000Z,2000 Pokémon Rocket #46 Dark Wartortle - 1st Edition (PSA 8 NM-MT),38.3,25-100,false,held
2026-10-08T13:06:27.000Z,2021 Pokémon Celebrations Classic Collection #107 Donphan - Holo (PSA 9 MINT),23.1,0-25,false,sold_back
2026-10-08T13:06:27.000Z,2026 Pokémon Asc EN-Ascended Heroes #256 Boss's Orders - Ultra Rare (PSA 10 GEM MINT),50.6,25-100,false,sold_back
2026-10-08T13:06:29.000Z,2015 Pokémon XY Ancient Origins #98 M Rayquaza EX - Holo Full Art (PSA 6 EX-MT),517.6,500+,false,sold_back
2026-10-08T13:06:29.000Z,2024 Pokémon Sv5k-Wild Force #080 Gastly - Art Rare (PSA 9 MINT),29.6,25-100,false,sold_back
2026-10-08T13:06:32.000Z,2025 Mega Brave - M1L #068/063 Riolu - Art Rare Holo (CGC 10 PRISTINE),19,0-25,false,sold_back
2026-10-08T13:06:33.000Z,1998 Pokémon Gym Deck Potion (PSA 10 GEM MINT),69.7,25-100,false,held
2026-10-08T13:06:33.000Z,"2023 Trading Card Game Classic - CLV, CLC, CLB #008/034 Lapras - Blastoise & Suicune ex Deck - CLB Holo (CGC 10 GEM MINT)",22.6,0-25,false,held
2026-10-08T13:06:39.000Z,2000 Neo Genesis #77/111 Sudowoodo - 1st Edition (CGC 9 MINT),17.9,0-25,false,sold_back
2026-10-08T13:06:41.000Z,1971 Topps #131 Bernie Parent (PSA 7 NM),29.1,25-100,false,sold_back
2026-10-08T13:06:42.000Z,2025 Topps Chrome Power Players #PP7 Ronald Acuna Jr. (PSA 10 GEM MINT),35.9,25-100,false,sold_back
2026-10-08T13:06:56.000Z,2000 Pokémon Promo Black Star #9 Mew - Holo Pokemon League (PSA 9 MINT),653.4,500+,false,sold_back
2026-10-08T13:06:56.000Z,2019 Old Maid (Red Back) Charmander (CGC 10 PRISTINE),18.7,0-25,false,sold_back
2026-10-08T13:06:56.000Z,2025 Panini Donruss #350 Cam Ward - Optic Preview-Red Pandora (PSA 8 NM-MT),21.6,0-25,false,sold_back
2026-10-08T13:06:56.000Z,2025 Pokémon Svp EN-SV Black Star Promo #214 Pikachu - Illustration Contest 2024 (PSA 9 MINT),30,25-100,false,sold_back
2026-10-08T13:07:05.000Z,2024 Pokémon SV-P Promo #216 Pikachu - Summer of Pokeca Is Here! Promo Card Get Campaign Pack (PSA 10 GEM MINT),54.2,25-100,false,sold_back
2026-10-08T13:07:05.000Z,2025 Pokémon M2a-Mega Dream EX #243 Marnie's Grimmsnarl EX - Holo Special Art Rare (PSA 10 GEM MINT),50,25-100,false,sold_back
2026-10-08T13:07:05.000Z,2025 Pokémon Pfl EN-Phantasmal Flames #128 Mega Lopunny EX - Holo Special Illustration Rare (PSA 10 GEM MINT),52.3,25-100,false,sold_back
2026-10-08T13:07:18.000Z,2020 Shiny Star V #296/190 Bunnelby - Shiny Rare Holo (CGC 10 GEM MINT),19.3,0-25,false,sold_back
2026-10-08T13:07:23.000Z,1968 Topps #485 Ken Berry (PSA 8 NM-MT),23.6,0-25,false,sold_back
2026-10-08T13:07:23.000Z,2025 Pokémon Sv11b-Black Bolt #127 Beheeyem - Art Rare (PSA 10 GEM MINT),32.5,25-100,false,sold_back
2026-10-08T13:07:30.000Z,"2023 Trading Card Game Classic - CLV, CLC, CLB #002/034 Charmeleon - Charizard & Ho-Oh ex Deck - CLC Holo (CGC 10 GEM MINT)",20.1,0-25,false,sold_back
2026-10-08T13:07:32.000Z,Magic: The Gathering Aetherdrift - Play Booster (1 Booster Pack - Art May Vary),6.1,0-25,false,held
2026-10-08T13:07:32.000Z,Magic: The Gathering Modern Horizons 3 - Play Booster (1 Booster Pack - Art May Vary),13.1,0-25,false,held
2026-10-08T13:07:35.000Z,2020 Pokémon Sword & Shield Amazing Volt Tackle #031 Pikachu Vmax - Full Art (PSA 10 GEM MINT),64.8,25-100,false,sold_back
2026-10-08T13:07:36.000Z,2000 Base Set 2 #115/130 Pokédex (CGC 8 NM-MT),17.3,0-25,false,held
2026-10-08T13:07:36.000Z,2016 Generations #RC22/RC32 Diancie (CGC 9 MINT),17.9,0-25,false,held
2026-10-08T13:07:36.000Z,2020 Shiny Star V #125/190 Eternatus VMAX - Holo (CGC 10 GEM MINT),19.7,0-25,false,held
2026-10-08T13:07:36.000Z,2020 Vivid Voltage #106/185 Drapion V - Holo Ultra Rare (CGC 9 MINT),10.8,0-25,false,sold_back
2026-10-08T13:07:36.000Z,2024 Journey Together - JTG EN #075/159 Alcremie ex - Holo (CGC 10 PRISTINE),50.5,25-100,false,held
2026-10-08T13:07:36.000Z,2025 Glory of the Rocket Gang - sv10 #109/098 Team Rocket's Meowth - Art Rare Holo (CGC 10 GEM MINT),20.5,0-25,false,held
2026-10-08T13:07:41.000Z,2026 One Piece Starter Deck ST29-Egghead #001 Monkey D. Luffy (PSA 9 MINT),13.1,0-25,false,sold_back
2026-10-08T13:07:48.000Z,2024 Panini Select #113 Drake Maye - Red & Blue Shock (PSA 10 GEM MINT),201.1,100-500,false,held
2026-10-08T13:07:50.000Z,Magic: The Gathering Streets of New Capenna - Draft Booster (1 Booster Pack - Art May Vary),6.4,0-25,false,sold_back
2026-10-08T13:07:53.000Z,2022 Pokémon GO #004 Radiant Venusaur - Holo (BGS 9.5 GEM MINT),24.8,0-25,false,sold_back
2026-10-08T13:07:53.000Z,Pokémon Scarlet & Violet Destined Rivals (1 Booster Pack - Art May Vary),10.7,0-25,false,sold_back
2026-10-08T13:07:54.000Z,Pokémon Sun & Moon Forbidden Light (1 Booster Pack - Art May Vary),52.3,25-100,false,held
2026-10-08T13:07:56.000Z,"2023 Trading Card Game Classic - CLV, CLC, CLB #012/034 Hitmonchan - Venusaur & Lugia ex Deck - CLV Holo (CGC 9.5 MINT+)",22.9,0-25,false,sold_back
2026-10-08T13:07:56.000Z,Magic: The Gathering Tarkir: Dragonstorm - Play Booster (1 Booster Pack - Art May Vary),7.5,0-25,false,held
2026-10-08T13:07:57.000Z,2020 Upper Deck #495 Dylan Cozens (PSA 10 GEM MINT),23.4,0-25,false,held
2026-10-08T13:07:57.000Z,2023 Triplet Beat #083/073 Mismagius - Art Rare Holo (CGC 10 GEM MINT),19.9,0-25,false,sold_back
2026-10-08T13:07:57.000Z,Magic: The Gathering Universes Beyond: Assassin's Creed - Beyond Booster (1 Booster Pack - Art May Vary),9.2,0-25,false,sold_back
2026-10-08T13:07:59.000Z,1999 Pokémon Neo Promo #160 Feraligatr - Holo Premium File (PSA 9 MINT),78.7,25-100,false,held
2026-10-08T13:08:00.000Z,2019 Fusion Strike #114/264 Mew VMAX - Holo (CGC 8.5 NM-MT+),17.9,0-25,false,sold_back
2026-10-08T13:08:05.000Z,2016 Topps Update #US287 Tim Anderson (PSA 10 GEM MINT),10,0-25,false,sold_back
2026-10-08T13:08:05.000Z,Magic: The Gathering Streets of New Capenna - Draft Booster (1 Booster Pack - Art May Vary),6.4,0-25,false,held
2026-10-08T13:08:08.000Z,"2023 Trading Card Game Classic - CLV, CLC, CLB #002/034 Charmeleon - Charizard & Ho-Oh ex Deck - CLC Holo (CGC 10 GEM MINT)",20.1,0-25,false,held
2026-10-08T13:08:14.000Z,2022 Pokémon Sword & Shield Vstar Universe #048 Gengar - Holo (PSA 10 GEM MINT),51.1,25-100,false,sold_back
2026-10-08T13:08:18.000Z,2026 One Piece Starter Deck ST29-Egghead #001 Monkey D. Luffy (PSA 9 MINT),13.1,0-25,false,sold_back
2026-10-08T13:08:20.000Z,2020 Upper Deck Extended Series #656 Connor Hellebuyck (CGC 10 GEM MINT),25,25-100,false,sold_back
2026-10-08T13:08:20.000Z,2023-24 Topps Chrome UEFA Club Competitions #148 Bukayo Saka - Color Match (PSA 9 MINT),15,0-25,false,sold_back
2026-10-08T13:08:20.000Z,2024 Pokémon Sv5a-Crimson Haze #078 Eevee - Art Rare (PSA 10 GEM MINT),76.2,25-100,false,held
2026-10-08T13:08:21.000Z,2020 Panini Mosaic UEFA Euro 2020 #148 Ryan Gravenberch (CGC 10 PRISTINE),22,0-25,false,sold_back
2026-10-08T13:08:21.000Z,2025 Inferno X - M2 #085/080 Piplup - Art Rare Holo (CGC 9 MINT),17.8,0-25,false,held
2026-10-08T13:08:27.000Z,2025 Pokémon Pfl EN-Phantasmal Flames #098 Piplup - Illustration Rare (PSA 10 GEM MINT),97.9,25-100,false,sold_back
2026-10-08T13:08:30.000Z,"2023 Trading Card Game Classic - CLV, CLC, CLB #002/034 Charmeleon - Charizard & Ho-Oh ex Deck - CLC Holo (CGC 10 GEM MINT)",20.1,0-25,false,sold_back
2026-10-08T13:08:30.000Z,2025 Pokémon Jtg EN-Journey Together #056 Lillie's Clefairy EX - Holo (CGC 10 GEM MINT),20,0-25,false,sold_back
2026-10-08T13:08:33.000Z,2023 Black Star Promos - Scarlet & Violet SVPEN #004 Mimikyu ex - (Holo) (CGC 10 GEM MINT),22.7,0-25,false,sold_back
2026-10-08T13:08:33.000Z,2025 Mega Dream ex - M2a #236/193 Iono's Bellibolt ex - Special Art Rare Holo (CGC 10 GEM MINT),23.7,0-25,false,held
2026-10-08T13:08:33.000Z,2025 Pokémon M2a-Mega Dream EX #243 Marnie's Grimmsnarl EX - Holo Special Art Rare (PSA 10 GEM MINT),50,25-100,false,held
2026-10-08T13:08:35.000Z,2024 Stellar Miracle #018/102 Cinderace ex - Holo (CGC 10 PRISTINE),25.6,25-100,false,sold_back
2026-10-08T13:08:36.000Z,2006 EX Holon Phantoms #99/110 Crawdaunt ex - Holo (CGC 6 EX-NM),77.1,25-100,false,sold_back
2026-10-08T13:08:36.000Z,2023 Shrouded Fable - SFA EN #070/064 Dusknoir - Illustration Rare Holo (CGC 7.5 NM+),18.8,0-25,false,sold_back
2026-10-08T13:08:36.000Z,2025 Mega Dream ex - M2a #227/193 Mega Diancie ex - Mega Attack Rare Holo (CGC 10 GEM MINT),17.9,0-25,false,sold_back
2026-10-08T13:08:36.000Z,2025 Pokémon M2-Inferno X #082 Nymble - Art Rare (PSA 10 GEM MINT),23.5,0-25,false,sold_back
2026-10-08T13:08:42.000Z,1964 Topps #167 Senators Rookies - M.Brumley/L.Piniella (PSA 6 EX-MT),29.5,25-100,false,sold_back
2026-10-08T13:08:44.000Z,2024 High Class Pack: Terastal Fest ex - sv8a #097/187 Zoroark - Poké Ball Holo (CGC 10 GEM MINT),13.8,0-25,false,sold_back
2026-10-08T13:08:54.000Z,2018 Pokémon Sun & Moon Tag Bolt #019 Magikarp & Wailord GX - Holo (PSA 9 MINT),46,25-100,false,sold_back
2026-10-08T13:08:54.000Z,2022 Topps Complete Set #660 Bobby Witt Jr. - Variation (PSA 9 MINT),17.3,0-25,false,sold_back
2026-10-08T13:08:57.000Z,2024 High Class Pack: Terastal Fest ex - sv8a #063/187 Espeon ex - Holo (CGC 10 GEM MINT),17,0-25,false,sold_back
2026-10-08T13:09:03.000Z,2025 Pokémon M1s-Mega Symphonia #067 Snover - Art Rare (PSA 10 GEM MINT),23.9,0-25,false,sold_back
2026-10-08T13:09:03.000Z,2025 Pokémon Sv11b-Black Bolt #131 Timburr - Art Rare (PSA 10 GEM MINT),49.7,25-100,false,sold_back
2026-10-08T13:09:05.000Z,2020 Pokémon Sword & Shield Darkness Ablaze #020 Charizard Vmax - Full Art (PSA 9 MINT),52.8,25-100,false,held
2026-10-08T13:09:15.000Z,2023 Pokémon Card 151 #137/165 Porygon - Reverse Holo Poké Ball (CGC 10 GEM MINT),21.6,0-25,false,sold_back
2026-10-08T13:09:26.000Z,2022 Pokémon Sword & Shield Vstar Universe #014 Charizard Vstar (PSA 10 GEM MINT),50.1,25-100,false,sold_back
2026-10-08T13:09:26.000Z,2023 Pokémon Cll-Trading Card Game Classic Charizard & HO-Oh EX Deck #002 Charmeleon (PSA 10 GEM MINT),57.8,25-100,false,sold_back
2026-10-08T13:09:26.000Z,2025 Battle Partners - sv9 #101/100 Maractus - Art Rare Holo (CGC 10 PRISTINE),17.1,0-25,false,sold_back
2026-10-08T13:09:26.000Z,2025 Pokémon M2a-Mega Dream EX #230 Mega Gengar EX - Holo Mega Attack Rare (PSA 10 GEM MINT),50.3,25-100,false,sold_back
2026-10-08T13:09:33.000Z,1999 Pokémon Jungle #38 Lickitung (PSA 9 MINT),42.5,25-100,false,sold_back
2026-10-08T13:09:38.000Z,1999 Jungle #1 Clefable - Holo (BGS 6.5 EX-MT+),27.4,25-100,false,held
2026-10-08T13:09:38.000Z,2024 Stellar Miracle #113/102 Archaludon - Art Rare Holo (CGC 10 GEM MINT),13.8,0-25,false,sold_back
2026-10-08T13:09:42.000Z,1997 Pokémon Jungle #40 Wigglytuff - Holo (PSA 9 MINT),99.1,25-100,false,sold_back
2026-10-08T13:09:45.000Z,Pokémon Scarlet & Violet Destined Rivals (1 Booster Pack - Art May Vary),10.7,0-25,false,held
2026-10-08T13:09:47.000Z,1998 Pokémon Gym Deck Potion (PSA 10 GEM MINT),69.7,25-100,false,held
2026-10-08T13:09:47.000Z,2024 High Class Pack: Terastal Fest ex - sv8a #069/187 Sylveon ex - Holo (CGC 10 GEM MINT),19.5,0-25,false,held
2026-10-08T13:09:50.000Z,Pokémon Scarlet & Violet 151 (1 Booster Pack - Art May Vary),33.6,25-100,false,held
2026-10-08T13:09:51.000Z,2022 VSTAR Universe #108/172 Rayquaza VMAX - Holo (CGC 10 PRISTINE),41.4,25-100,false,redeemed
2026-10-08T13:09:51.000Z,2025 Black Bolt - sv11B #031/086 Kyurem ex - Holo (CGC 10 PRISTINE),22.1,0-25,false,sold_back
2026-10-08T13:09:53.000Z,2021 Eevee Heroes #035/069 Espeon V - Holo (CGC 10 PRISTINE),22.9,0-25,false,sold_back
2026-10-08T13:09:56.000Z,2021 Pokémon 25th Anniversary Collection #025 Pikachu V-Union (PSA 9 MINT),35.5,25-100,false,sold_back
2026-10-08T13:09:59.000Z,Brilliant Stars (1 Booster Pack - Art May Vary),19.6,0-25,false,held
2026-10-08T13:10:00.000Z,"2023 Trading Card Game Classic - CLV, CLC, CLB #007/034 Gyarados - Blastoise & Suicune ex Deck - CLB Holo (CGC 9 MINT)",11.5,0-25,false,sold_back
2026-10-08T13:10:02.000Z,2023 Crown Zenith #051/159 Radiant Charjabug - Holo (CGC 10 PRISTINE),31.9,25-100,false,sold_back
2026-10-08T13:10:02.000Z,"Crossfire and Rainbow #4 CGC 9.2 White Pages (Eclipse, 9/86) - Universal",65,25-100,false,sold_back
2026-10-08T13:10:05.000Z,2023 Pokémon Sv2a-Pokémon Card 151 #173 Pikachu - Art Rare (PSA 10 GEM MINT),98.9,25-100,false,sold_back
2026-10-08T13:10:11.000Z,2023 Pokémon Sv1s-Scarlet EX #083 Ralts - Art Rare (PSA 10 GEM MINT),63,25-100,false,held
2026-10-08T13:10:17.000Z,Pokemon Sun & Moon Tag Team GX Dream League (1 Booster Pack - Art May Vary),42,25-100,false,held
2026-10-08T13:10:20.000Z,Pokémon Scarlet & Violet 151 (1 Booster Pack - Art May Vary),33.6,25-100,false,sold_back
2026-10-08T13:10:27.000Z,2025 Destined Rivals - DRI EN #145/182 Steven's Metagross ex - Holo (CGC 9 MINT),12.5,0-25,false,sold_back
2026-10-08T13:10:30.000Z,2021 Pokémon Promo Card Pack 25th Anniversary Edition #004 Imposter Professor Oak - Holo (PSA 10 GEM MINT),24.7,0-25,false,sold_back
2026-10-08T13:10:30.000Z,2025 Pokémon M2a-Mega Dream EX #243 Marnie's Grimmsnarl EX - Holo Special Art Rare (PSA 10 GEM MINT),50,25-100,false,sold_back
2026-10-08T13:10:32.000Z,2017 Pokémon Sun & Moon Strength Expansion Pack Shining Legends #082 Mewtwo GX - Holo (PSA 10 GEM MINT),4576.2,500+,false,sold_back
2026-10-08T13:10:32.000Z,2019 Topps Update #US56 Fernando Tatis Jr. - Yellow (PSA 9 MINT),15.2,0-25,false,sold_back
2026-10-08T13:10:32.000Z,Magic: The Gathering Phyrexia: All Will Be One - Set Booster (1 Booster Pack - Art May Vary),15.3,0-25,false,held
2026-10-08T13:10:32.000Z,Magic: The Gathering Streets of New Capenna - Draft Booster (1 Booster Pack - Art May Vary),6.4,0-25,false,held
2026-10-08T13:10:33.000Z,2019 Pokémon Sun & Moon Team Up #26 Psyduck - Reverse Foil (PSA 9 MINT),500,500+,false,sold_back
2026-10-08T13:10:41.000Z,2025 Black Bolt - BLK EN #044/086 Meloetta ex - Holo (CGC 8 NM-MT),10.5,0-25,false,sold_back
2026-10-08T13:10:42.000Z,2024 Panini Donruss Optic #248 Jayden Daniels - Purple Shock (PSA 9 MINT),22.3,0-25,false,sold_back
2026-10-08T13:10:42.000Z,Magic: The Gathering Universes Beyond: Assassin's Creed - Beyond Booster (1 Booster Pack - Art May Vary),9.2,0-25,false,sold_back
2026-10-08T13:10:42.000Z,Pokémon Sun & Moon Ultra Prism (1 Booster Pack - Art May Vary),54.7,25-100,false,sold_back
2026-10-08T13:10:44.000Z,2024 Pokémon Svp EN-SV Black Star Promo #129 Pecharunt - Shrouded Fable Elite Trainer Box (PSA 10 GEM MINT),40.2,25-100,false,held
2026-10-08T13:10:45.000Z,2025 White Flare - sv11W #118/086 Sigilyph - Art Rare Holo (CGC 10 PRISTINE),19.4,0-25,false,held
2026-10-08T13:10:45.000Z,Magic: The Gathering Avatar: The Last Airbender - Jumpstart Booster (1 Booster Pack - Art May Vary),6.1,0-25,false,sold_back
2026-10-08T13:10:45.000Z,Magic: The Gathering Streets of New Capenna - Draft Booster (1 Booster Pack - Art May Vary),6.4,0-25,false,sold_back
2026-10-08T13:10:50.000Z,Magic: The Gathering Universes Beyond: Assassin's Creed - Beyond Booster (1 Booster Pack - Art May Vary),9.2,0-25,false,sold_back
2026-10-08T13:10:51.000Z,Magic: The Gathering Tarkir: Dragonstorm - Play Booster (1 Booster Pack - Art May Vary),7.5,0-25,false,sold_back
2026-10-08T13:10:51.000Z,Pokémon Scarlet & Violet Destined Rivals (1 Booster Pack - Art May Vary),10.7,0-25,false,sold_back
2026-10-08T13:10:53.000Z,Magic: The Gathering Streets of New Capenna - Draft Booster (1 Booster Pack - Art May Vary),6.4,0-25,false,sold_back
2026-10-08T13:10:53.000Z,Magic: The Gathering Tarkir: Dragonstorm - Play Booster (1 Booster Pack - Art May Vary),7.5,0-25,false,sold_back
2026-10-08T13:10:56.000Z,2000 UD Pros & Prospects #44 Roger Clemens (PSA 10 GEM MINT),15.3,0-25,false,held
2026-10-08T13:10:57.000Z,2025 Pokémon M2a-Mega Dream EX #127 Rayquaza - Reverse Holo (PSA 10 GEM MINT),58.2,25-100,false,held
2026-10-08T13:11:00.000Z,Magic: The Gathering Commander Legends Baldur's Gate Draft (1 Booster Pack - Art May Vary),14.1,0-25,false,sold_back
2026-10-08T13:11:05.000Z,Magic: The Gathering Streets of New Capenna - Draft Booster (1 Booster Pack - Art May Vary),6.4,0-25,false,sold_back
2026-10-08T13:11:06.000Z,2025 Mega Symphonia - M1S #071/063 Alakazam - Art Rare Holo (CGC 10 GEM MINT),12.6,0-25,false,sold_back
2026-10-08T13:11:12.000Z,2025 Pokémon Mbg-Mega Starter Set Mega Gengar EX #022 Haunter (PSA 10 GEM MINT),54.3,25-100,false,sold_back
2026-10-08T13:11:17.000Z,2018 Panini Donruss #170 Christian Pulisic (PSA 8 NM-MT),22.5,0-25,false,held
2026-10-08T13:11:17.000Z,"Catwoman #64 CGC 9.8 White Pages (DC Comics, 6/24) - Universal Szerdy Variant Cover B",61.833333,25-100,false,sold_back
2026-10-08T13:11:23.000Z,1999 Pokémon Fossil #8 Hypno - Holo (PSA 8 NM-MT),76.8,25-100,false,sold_back
2026-10-08T13:11:23.000Z,Brilliant Stars (1 Booster Pack - Art May Vary),19.6,0-25,false,held
2026-10-08T13:11:32.000Z,2025 Mega Evolution Promos #017/M-P Sprigatito - McDonald's Promotion (CGC 10 PRISTINE),32.4,25-100,false,sold_back
2026-10-08T13:11:35.000Z,2025 Topps Living #7 Shai Gilgeous-Alexander (PSA 10 GEM MINT),91.4,25-100,false,sold_back
2026-10-08T13:11:38.000Z,Pokémon Scarlet & Violet Destined Rivals (1 Booster Pack - Art May Vary),10.7,0-25,false,sold_back
2026-10-08T13:11:41.000Z,2017 Pokémon Sun & Moon Shining Legends #57 Shining Arceus - Holo Holo (PSA 10 GEM MINT),473.1,100-500,false,held
2026-10-08T13:11:44.000Z,2023 Obsidian Flames - OBF EN #205/197 Scizor - Illustration Rare Holo (CGC 9.5 MINT+),19,0-25,false,sold_back
2026-10-08T13:11:51.000Z,2023 Pokémon Sv2a-Pokémon Card 151 #166 Bulbasaur - Art Rare (PSA 10 GEM MINT),77,25-100,false,sold_back
2026-10-08T13:11:53.000Z,2025 Pokémon Sv11w-White Flare #148 Klinklang - Art Rare (PSA 10 GEM MINT),23.6,0-25,false,held
2026-10-08T13:11:54.000Z,2025 Mega Evolution - MEG EN #172/132 Mystery Garden - Ultra Rare Holo (CGC 10 PRISTINE),23.4,0-25,false,held
2026-10-08T13:11:59.000Z,2025 Pokémon M2-Inferno X #013 Mega Charizard X EX - Holo (PSA 10 GEM MINT),49.1,25-100,false,sold_back
2026-10-08T13:11:59.000Z,2025 Pokémon M2a-Mega Dream EX #245 Steven's Metagross EX - Holo Special Art Rare (PSA 10 GEM MINT),61.1,25-100,false,sold_back
2026-10-08T13:11:59.000Z,2026 Pokémon Asc EN-Ascended Heroes #243 Mightyena - Illustration Rare (PSA 10 GEM MINT),54.6,25-100,false,sold_back
2026-10-08T13:12:05.000Z,2022 One Piece OP01-Romance Dawn #003 Monkey D. Luffy - Errata (PSA 9 MINT),34,25-100,false,sold_back
2026-10-08T13:12:12.000Z,2025 Pokémon M1l-Mega Brave #076 Mega Venusaur EX - Holo Super Rare (PSA 10 GEM MINT),38.3,25-100,false,sold_back
2026-10-08T13:12:15.000Z,2023 Pokémon Sv2a-Pokémon Card 151 #032 Nidoran - Reverse Holo Master Ball (PSA 10 GEM MINT),84.4,25-100,false,sold_back
2026-10-08T13:12:18.000Z,2026 Pokémon Asc EN-Ascended Heroes #218 Erika's Tangela - Illustration Rare (PSA 10 GEM MINT),75.2,25-100,false,held
2026-10-08T13:12:33.000Z,2024 Super Electric Breaker - sv8 #033/106 Pikachu ex - Holo (CGC 10 PRISTINE),23.6,0-25,false,sold_back
2026-10-08T13:12:35.000Z,2019 Double Blaze #029/095 Muk & Alolan Muk GX - Holo (CGC 9 MINT),11,0-25,false,sold_back
2026-10-08T13:12:35.000Z,Pokémon Scarlet & Violet Destined Rivals (1 Booster Pack - Art May Vary),10.7,0-25,false,held
2026-10-08T13:12:36.000Z,2025 Pokémon Simplified CBB3 C-Gem Pack Vol 3 #04 Gengar (PSA 10 GEM MINT),64,25-100,false,sold_back
2026-10-08T13:12:44.000Z,2019 Sword & Shield Promos #227 Pikachu - Pokémon Stamp Box (BGS 10 PRISTINE),3691.1,500+,false,sold_back
2026-10-08T13:12:47.000Z,2017 Shining Legends #3/73 Venusaur - Reverse Holo (CGC 9 MINT),22.8,0-25,false,sold_back
2026-10-08T13:12:53.000Z,2015 Topps Heritage Minor League #112 Gleyber Torres (PSA 10 GEM MINT),13.5,0-25,false,sold_back
2026-10-08T13:12:53.000Z,2020 Bowman Paper Prospects #BP8 Jasson Dominguez (PSA 10 GEM MINT),10.9,0-25,false,sold_back
2026-10-08T13:12:53.000Z,2023 Crown Zenith #045/159 Rotom V - Holo (CGC 10 GEM MINT),19.7,0-25,false,sold_back
2026-10-08T13:12:53.000Z,2024 Pokémon Ssp EN-Surging Sparks #240 Hydreigon EX - Holo Special Illustration Rare (PSA 10 GEM MINT),106.8,100-500,false,sold_back
2026-10-08T13:12:53.000Z,2025 Pokémon M2a-Mega Dream EX #230 Mega Gengar EX - Holo Mega Attack Rare (PSA 10 GEM MINT),50.3,25-100,false,sold_back
2026-10-08T13:12:53.000Z,2025 Pokémon Meg EN-Mega Evolution #151 Spearow - Illustration Rare (PSA 10 GEM MINT),48.6,25-100,false,sold_back
2026-10-08T13:12:57.000Z,2025 Upper Deck NHL Star Rookies Box Set #5 Matthew Schaefer (PSA 8 NM-MT),21.2,0-25,false,sold_back
2026-10-08T13:13:02.000Z,2025 Pokémon Jtg EN-Journey Together #162 Wailord - Illustration Rare (PSA 9 MINT),26,25-100,false,sold_back
2026-10-08T13:13:03.000Z,2025 Pokémon Simplified CBB3 C-Gem Pack Vol 3 #07 Greavard (PSA 10 GEM MINT),49.6,25-100,false,sold_back
2026-10-08T13:13:08.000Z,2007 EX Power Keepers #10/108 Kabutops - Holo (CGC 9 MINT),83.4,25-100,false,sold_back
2026-10-08T13:13:09.000Z,2021 Pokémon 25th Anniversary Collection #005 Lugia (PSA 10 GEM MINT),48.7,25-100,false,sold_back
2026-10-08T13:13:11.000Z,1976 Topps #44 Doug Rader (PSA 8 NM-MT),18,0-25,false,sold_back
2026-10-08T13:13:20.000Z,2025 Heat Wave Arena - sv9a #068/063 Hydrapple - Art Rare Holo (CGC 10 GEM MINT),20.2,0-25,false,sold_back
2026-10-08T13:13:35.000Z,2022 Topps Match Attax Nations League #CD50 Memphis Depay (CGC 10 GEM MINT),19.4,0-25,false,sold_back
2026-10-08T13:13:36.000Z,2024 One Piece Japanese OP09-Emperors in the New World #119 Monkey D. Luffy (PSA 9 MINT),20.3,0-25,false,sold_back
2026-10-08T13:13:39.000Z,2023 Pokémon Sv2d-Clay Burst #074 Raichu - Art Rare (PSA 10 GEM MINT),69.4,25-100,false,sold_back
2026-10-08T13:13:53.000Z,2021 Pokémon 25th Anniversary Collection #005 Lugia (PSA 10 GEM MINT),48.7,25-100,false,sold_back
2026-10-08T13:13:54.000Z,2021 Pokémon 25th Anniversary Collection #001 Pikachu - Full Art (PSA 9 MINT),19.7,0-25,false,held
2026-10-08T13:14:00.000Z,2021 Evolving Skies #188/203 Umbreon V - Ultra Rare Holo (CGC 10 GEM MINT),124.3,100-500,false,sold_back
2026-10-08T13:14:00.000Z,2025 Topps Stars of MLB #SMLB18 James Wood (PSA 9 MINT),12.9,0-25,false,sold_back
2026-10-08T13:14:02.000Z,2022 VSTAR Universe #185/172 Deoxys - Art Rare Holo (CGC 10 GEM MINT),20.9,0-25,false,held
2026-10-08T13:14:09.000Z,2001 Neo Revelation #7/64 Ho-Oh - Holo (CGC 8 NM-MT),316.6,100-500,false,sold_back
2026-10-08T13:14:09.000Z,2024 Panini Donruss Optic #209 Bo Nix (PSA 8 NM-MT),12.5,0-25,false,sold_back
2026-10-08T13:14:09.000Z,2025 Pokémon Pfl EN-Phantasmal Flames #128 Mega Lopunny EX - Holo Special Illustration Rare (PSA 10 GEM MINT),52.3,25-100,false,held
2026-10-08T13:14:14.000Z,2025 Pokémon Meg EN-Mega Evolution #133 Bulbasaur - Enhanced Booster Box Topper (PSA 8 NM-MT),18.3,0-25,false,sold_back
2026-10-08T13:14:15.000Z,2025 Pokémon Pre EN-Prismatic Evolutions #006 Leafeon EX - Holo (PSA 10 GEM MINT),66.3,25-100,false,sold_back
2026-10-08T13:14:18.000Z,2025 Pokémon Jtg EN-Journey Together #066 Lillie's Cutiefly - Reverse Holo (PSA 9 MINT),50,25-100,false,sold_back
2026-10-08T13:14:21.000Z,2020 Panini Mosaic #203 Tua Tagovailoa - Reactive Orange (PSA 9 MINT),14,0-25,false,sold_back
2026-10-08T13:14:21.000Z,2022 Pokémon GO #012/071 Moltres - Holo (CGC 10 PRISTINE),21.9,0-25,false,held
2026-10-08T13:14:21.000Z,2023 Pokémon Card 151 #184/165 Venusaur ex - Super Rare Holo (CGC 9 MINT),12.7,0-25,false,sold_back
2026-10-08T13:14:23.000Z,2025 Pokémon Sv11w-White Flare #094 Accelgor - Art Rare (PSA 10 GEM MINT),35,25-100,false,held
2026-10-08T13:14:27.000Z,2021 VMAX Climax #203/184 Passimian - Character Rare Holo (CGC 10 PRISTINE),19.5,0-25,false,sold_back
2026-10-08T13:14:35.000Z,1967 Philadelphia #28 Dick Butkus (PSA 4 VG-EX),66.1,25-100,false,sold_back
2026-10-08T13:14:35.000Z,2024 Wild Force #077/071 Relicanth - Art Rare Holo (CGC 8 NM-MT),19.1,0-25,false,sold_back
2026-10-08T13:14:36.000Z,2025 Pokémon M2a-Mega Dream EX #127 Rayquaza - Reverse Holo (PSA 10 GEM MINT),58.2,25-100,false,sold_back
2026-10-08T13:14:39.000Z,Pokémon Scarlet & Violet Destined Rivals (1 Booster Pack - Art May Vary),10.7,0-25,false,held
2026-10-08T13:14:41.000Z,2022 Lost Origin #TG02/TG30 Roserade - Trainer Gallery Holo (CGC 10 PRISTINE),70.3,25-100,false,sold_back
2026-10-08T13:14:41.000Z,2024 Pokémon Sv5a-Crimson Haze #070 Infernape - Art Rare (PSA 10 GEM MINT),48.4,25-100,false,sold_back
2026-10-08T13:14:42.000Z,2025 Pokémon Simplified CBB3 C-Gem Pack Vol 3 #07 Cubone (PSA 10 GEM MINT),432.3,100-500,false,sold_back
2026-10-08T13:14:44.000Z,Pokémon Scarlet & Violet Destined Rivals (1 Booster Pack - Art May Vary),10.7,0-25,false,held
2026-10-08T13:14:45.000Z,2022 Pokémon Sword & Shield Dark Phantasma #073 Pikachu - Full Art (PSA 9 MINT),57.1,25-100,false,sold_back
2026-10-08T13:14:45.000Z,2024 High Class Pack: Terastal Fest ex - sv8a #126/187 Eevee ex - Holo (CGC 10 GEM MINT),17.7,0-25,false,sold_back
2026-10-08T13:14:45.000Z,2024 Paldean Fates - PAF EN #059/091 Paldean Clodsire ex - Holo (CGC 8.5 NM-MT+),15.3,0-25,false,sold_back
2026-10-08T13:14:47.000Z,Pokémon Scarlet & Violet Destined Rivals (1 Booster Pack - Art May Vary),10.7,0-25,false,sold_back
2026-10-08T13:14:48.000Z,2023 Bowman Draft #BDC70 James Wood - Chrome-Refractor (PSA 9 MINT),14,0-25,false,held
2026-10-08T13:14:48.000Z,2025 Destined Rivals - DRI EN #145/182 Steven's Metagross ex - Holo (CGC 9 MINT),12.5,0-25,false,sold_back
2026-10-08T13:14:57.000Z,"2003 EX Sandstorm (2003 Copyright, w/ ""e"" Symbol) #66/100 Lotad (CGC 10 PRISTINE)",71.8,25-100,false,sold_back
2026-10-08T13:14:57.000Z,2024 Super Electric Breaker - sv8 #109/106 Ceruledge - Art Rare Holo (CGC 10 GEM MINT),20.4,0-25,false,sold_back
2026-10-08T13:15:06.000Z,2023 Black Star Promos - Scarlet & Violet SVP EN #087 Sprigatito ex - Adventure Chest (Holo) (CGC 10 GEM MINT),17.4,0-25,false,sold_back
2026-10-08T13:15:06.000Z,2023 Bowman University Chrome Sapphire #8 Brian Thomas Jr. (PSA 10 GEM MINT),22.7,0-25,false,held
2026-10-08T13:15:06.000Z,2024 Pokémon Paf EN-Paldean Fates #237 Iono - Special Illustration Rare (PSA 9 MINT),28.1,25-100,false,held
2026-10-08T13:15:08.000Z,2026 Pokémon M4-Ninja Spinner #103 Cinccino EX - Holo Super Rare (PSA 10 GEM MINT),100,100-500,false,held
2026-10-08T13:15:08.000Z,Pokémon Scarlet & Violet Destined Rivals (1 Booster Pack - Art May Vary),10.7,0-25,false,held
2026-10-08T13:15:12.000Z,2021 25th Anniversary Collection #024/028 Flying Pikachu VMAX - Holo (CGC 10 GEM MINT),19.4,0-25,false,held
2026-10-08T13:15:12.000Z,2023 Black Star Promos - Scarlet & Violet SVP EN #056 Charizard ex - Charizard ex Premium Collection (Holo) (CGC 8 NM-MT),18,0-25,false,held
2026-10-08T13:15:12.000Z,2025 Phantasmal Flames - PFL EN #013/094 Mega Charizard X ex - Holo (CGC 10 GEM MINT),21.9,0-25,false,held
2026-10-08T13:15:15.000Z,2020 Topps #392 Luis Robert (PSA 10 GEM MINT),10.6,0-25,false,held
2026-10-08T13:15:17.000Z,2026 Pokémon M4-Ninja Spinner #087 Frogadier - Art Rare (PSA 10 GEM MINT),28.1,25-100,false,sold_back
2026-10-08T13:15:26.000Z,2021 Battle Styles #085/163 Single Strike Urshifu V - Holo (CGC 9 MINT),13,0-25,false,held
2026-10-08T13:15:27.000Z,1981 Topps #540 Mike Schmidt (PSA 7 NM),14.3,0-25,false,sold_back
2026-10-08T13:15:32.000Z,2024 High Class Pack: Terastal Fest ex - sv8a #063/187 Espeon ex - Holo (CGC 10 PRISTINE),20.6,0-25,false,sold_back
2026-10-08T13:15:33.000Z,Pokemon Sun & Moon Tag Team GX Dream League (1 Booster Pack - Art May Vary),42,25-100,false,sold_back
2026-10-08T13:15:36.000Z,2019 Panini Select #235 RJ Barrett (PSA 10 GEM MINT),23.1,0-25,false,sold_back
2026-10-08T13:15:38.000Z,2025 Pokémon Sv11b-Black Bolt #147 Pawniard - Art Rare (PSA 10 GEM MINT),38.4,25-100,false,sold_back
2026-10-08T13:15:41.000Z,2025 Pokémon SV9-Battle Partners #105 Lillie's Ribombee - Art Rare (PSA 10 GEM MINT),25.9,25-100,false,held
2026-10-08T13:15:42.000Z,2025 Pokémon Sv11b-Black Bolt #132 Gurdurr - Art Rare (PSA 10 GEM MINT),83.6,25-100,false,sold_back
2026-10-08T13:15:54.000Z,2020 Panini Select #147 Jordan Love - Die-Cut Purple Prizm (PSA 9 MINT),20.9,0-25,false,held
2026-10-08T13:15:57.000Z,2009 Pokémon Beat of the Frontier #079 Rayquaza C LV.X - 1st Edition Holo (PSA 10 GEM MINT),6093.9,500+,false,held
2026-10-08T13:16:00.000Z,2020 Panini Select #61 Anthony Edwards - Blue Retail (PSA 9 MINT),18,0-25,false,held
2026-10-08T13:16:02.000Z,2025 Pokémon Simplified CBB3 C-Gem Pack Vol 3 #07 Chandelure (PSA 10 GEM MINT),61.4,25-100,false,sold_back
2026-10-08T13:16:03.000Z,2024 Stellar Crown - SCR EN #170/142 Terapagos ex - Special Illustration Rare (Holo) (CGC 10 GEM MINT),97.3,25-100,false,sold_back
2026-10-08T13:16:03.000Z,2025 One Piece Japanese Limited Card Collection Vol.1 #042 Usopp (PSA 9 MINT),19.3,0-25,false,held
2026-10-08T13:16:11.000Z,"2023 Trading Card Game Classic - CLF, CLL, CLK #016/032 Stantler - Charizard & Ho-Oh ex Deck - CLL Holo (CGC 10 PRISTINE)",19.6,0-25,false,sold_back
2026-10-08T13:16:15.000Z,2019 Pokémon Sun & Moon Hidden Fates #SV11 Froakie - Holo (PSA 9 MINT),23.7,0-25,false,held
2026-10-08T13:16:15.000Z,2021 Pokémon Celebrations #009 Surfing Pikachu Vmax - Full Art (PSA 10 GEM MINT),80.2,25-100,false,sold_back
2026-10-08T13:16:17.000Z,2025 Pokémon M2a-Mega Dream EX #236 Iono's Bellibolt EX - Holo Special Art Rare (PSA 9 MINT),24.4,0-25,false,held
2026-10-08T13:16:18.000Z,2022 Pokémon Go #030 Mewtwo V - Holo (PSA 10 GEM MINT),64.5,25-100,false,sold_back
2026-10-08T13:16:23.000Z,2025 Phantasmal Flames - PFL EN #105/094 Wigglytuff - Illustration Rare Holo (CGC 10 GEM MINT),21.7,0-25,false,sold_back
2026-10-08T13:16:26.000Z,1961 Topps #252 Bill Short (PSA 8 NM-MT),48.9,25-100,false,sold_back
2026-10-08T13:16:27.000Z,2020 Stadium Club Chrome UEFA Champions League #26 Pedri (PSA 9 MINT),20.8,0-25,false,held
2026-10-08T13:16:29.000Z,2024 Pokémon Sv8a-Terastal Fest EX #206 Glaceon EX - Holo Special Art Rare (PSA 10 GEM MINT),101.2,100-500,false,sold_back
2026-10-08T13:16:33.000Z,2023 Shiny Treasure ex #325/190 Quaquaval ex - Shiny Super Rare Holo (CGC 10 PRISTINE),17.1,0-25,false,held
2026-10-08T13:16:41.000Z,2024 One Piece Japanese Promos #075 Monkey D. Luffy - Saikyo Jump-May 2024 (PSA 10 GEM MINT),80.8,25-100,false,sold_back
2026-10-08T13:16:44.000Z,2025 Black Star Promos - Mega Evolution MEP EN #044 Litten - First Partner Illustration Collection Series 1 (Holo) (CGC 10 GEM MINT),18.1,0-25,false,sold_back
2026-10-08T13:16:45.000Z,2021 Pokémon Sword & Shield Fusion Strike #245 Celebi V - Holo Full Art (PSA 10 GEM MINT),331.6,100-500,false,held
2026-10-08T13:16:50.000Z,2024 Panini Prizm #354 Joe Milton III - Lazer Prizm (PSA 9 MINT),15.1,0-25,false,held
2026-10-08T13:17:05.000Z,Pokémon XY Steam Siege (1 Booster Pack - Art May Vary),35.5,25-100,false,sold_back
2026-10-08T13:17:09.000Z,2025 Inferno X - M2 #087/080 Zacian - Art Rare Holo (CGC 10 GEM MINT),12.4,0-25,false,sold_back
2026-10-08T13:17:09.000Z,Pokémon Japanese Sun & Moon Forbidden Light (1 Booster Pack - Art May Vary),20.5,0-25,false,sold_back
2026-10-08T13:17:14.000Z,2023 Pokémon Sword and Shield Crown Zenith #GG69 Giratina Vstar - Full Art Secret (PSA 10 GEM MINT),523.6,500+,false,held
2026-10-08T13:17:15.000Z,2026 One Piece Japanese Premium Card Collection Kumamoto Prefecture Special Don!! Card - Brook (PSA 9 MINT),20.9,0-25,false,sold_back
2026-10-08T13:17:15.000Z,Pokémon Sword & Shield Lost Origin (1 Booster Pack - Art May Vary),22.6,0-25,false,sold_back
2026-10-08T13:17:17.000Z,2025 White Flare - sv11W #111/086 Blitzle - Art Rare Holo (CGC 10 GEM MINT),22.5,0-25,false,held
2026-10-08T13:17:18.000Z,2024 Surging Sparks - SSP EN #037/191 Scovillain ex - Holo (CGC 10 GEM MINT),24.3,0-25,false,sold_back
2026-10-08T13:17:20.000Z,2025 Pokémon SV9-Battle Partners #129 Salamence EX - Holo Special Art Rare (PSA 10 GEM MINT),61.4,25-100,false,sold_back
2026-10-08T13:17:20.000Z,2025 Topps Stars of MLB #SMLB61 Nick Kurtz - Update (PSA 9 MINT),14.3,0-25,false,sold_back
2026-10-08T13:17:21.000Z,2023 Ruler of the Black Flame #066/108 Charizard ex - Holo (CGC 10 PRISTINE),22.9,0-25,false,sold_back
2026-10-08T13:17:32.000Z,2023 Pokémon Sv2a-Pokémon Card 151 #173 Pikachu - Art Rare (PSA 10 GEM MINT),98.9,25-100,false,held
2026-10-08T13:17:38.000Z,2017 Pokémon XY Black Star Promo #XY198a M Camerupt EX - Holo Full Art Premium Trainer XY Collection (PSA 8 NM-MT),36.1,25-100,false,sold_back
2026-10-08T13:17:38.000Z,2024 Pokémon Scr EN-Stellar Crown #148 Squirtle - Illustration Rare (PSA 9 MINT),115.1,100-500,false,sold_back
2026-10-08T13:17:39.000Z,2023 Bowman University Chrome #16 Shedeur Sanders (PSA 9 MINT),18.3,0-25,false,held
2026-10-08T13:17:39.000Z,2025 Black Bolt - BLK EN #046/086 Excadrill ex - Holo (CGC 10 GEM MINT),14,0-25,false,sold_back
2026-10-08T13:17:41.000Z,2024 Pokémon Simplified Cs5b C-Gallant Galaxy: Brave #003 Venusaur (PSA 10 GEM MINT),48.9,25-100,false,sold_back
2026-10-08T13:17:41.000Z,2024 Pokémon Sv6a-Night Wanderer #065 Tapu Bulu - Art Rare (PSA 10 GEM MINT),37,25-100,false,held
2026-10-08T13:17:45.000Z,2024 Pokémon SV7-Stellar Miracle #108 Joltik - Art Rare (PSA 10 GEM MINT),31.9,25-100,false,sold_back
2026-10-08T13:17:47.000Z,2025 One Piece PRB02-Premium Booster -One Piece Card the Best- Vol.2 #008 Marco (PSA 10 GEM MINT),48.2,25-100,false,sold_back
2026-10-08T13:17:47.000Z,Pokémon XY Steam Siege (1 Booster Pack - Art May Vary),35.5,25-100,false,held
2026-10-08T13:17:48.000Z,2020 Topps #292 Gavin Lux (PSA 10 GEM MINT),10,0-25,false,sold_back
2026-10-08T13:17:50.000Z,2025 Panini Prizm Emergent #6 Jaxson Dart (PSA 8 NM-MT),11.5,0-25,false,sold_back
2026-10-08T13:17:57.000Z,2019 Sky Legend #001/054 Rowlet & Alolan Exeggutor GX - Holo (CGC 10 PRISTINE),23.5,0-25,false,sold_back
2026-10-08T13:18:02.000Z,2022 Silver Tempest #TG18/TG30 Corviknight V - Trainer Gallery Holo (CGC 10 GEM MINT),19.1,0-25,false,sold_back
2026-10-08T13:18:05.000Z,2018 Pokémon Sun & Moon Lost Thunder #221 Zeraora GX - Holo Full Art Secret (PSA 10 GEM MINT),372,100-500,false,sold_back
2026-10-08T13:18:12.000Z,Pokémon Japanese Sword & Shield Explosive Walker (1 Booster Pack - Art May Vary),15.8,0-25,false,sold_back
2026-10-08T13:18:17.000Z,2023 Pokémon Clf-Trading Card Game Classic Venusaur & Lugia EX Deck #003 Venusaur (PSA 10 GEM MINT),86.2,25-100,false,sold_back
2026-10-08T13:18:23.000Z,2024 Pokémon Tef EN-Temporal Forces #170 Bronzor - Illustration Rare (PSA 9 MINT),18.4,0-25,false,sold_back
2026-10-08T13:18:23.000Z,2025 Topps Chrome #263 Derik Queen - X-Fractor (PSA 8 NM-MT),11.5,0-25,false,sold_back
2026-10-08T13:18:26.000Z,2000 Pokémon Game Base II #1 Alakazam - Holo (PSA 8 NM-MT),104.9,100-500,false,sold_back
2026-10-08T13:18:27.000Z,2022 Silver Tempest #TG07/TG30 Rockruff - Trainer Gallery Holo (CGC 10 GEM MINT),23.5,0-25,false,sold_back
2026-10-08T13:18:30.000Z,2020 Bowman Sterling #BSR71 Randy Arozarena (PSA 10 GEM MINT),12.5,0-25,false,held
2026-10-08T13:18:32.000Z,2000 Base Set 2 #3/130 Chansey - Holo (CGC 6.5 EX-NM+),17.2,0-25,false,held
2026-10-08T13:18:32.000Z,2024 Stellar Miracle #104/102 Lileep - Art Rare Holo (CGC 10 PRISTINE),23,0-25,false,sold_back
2026-10-08T13:18:33.000Z,2025 Pokémon M2-Inferno X #094 Mega Charizard X EX - Holo Super Rare (PSA 10 GEM MINT),62.7,25-100,false,held
2026-10-08T13:18:35.000Z,2025 Topps Stars of MLB #SMLB18 James Wood (PSA 9 MINT),12.9,0-25,false,held
2026-10-08T13:18:36.000Z,Pokémon Scarlet & Violet 151 (1 Booster Pack - Art May Vary),33.6,25-100,false,held
2026-10-08T13:18:44.000Z,2022 Pokémon Sword & Shield Astral Radiance #TG03 Kingdra - Full Art (PSA 10 GEM MINT),312.9,100-500,false,sold_back
2026-10-08T13:18:47.000Z,2025 Mega Evolution Promos #020/M-P Pikachu - McDonald's Promotion (CGC 10 PRISTINE),72.2,25-100,false,held
2026-10-08T13:18:48.000Z,2025 Pokémon Wht EN-White Flare #012 Pignite - Reverse Holo Poke Ball (PSA 10 GEM MINT),41,25-100,false,sold_back
2026-10-08T13:18:53.000Z,1999 Base Set #47 Diglett - Shadowless (PSA 9 MINT),38.8,25-100,false,sold_back
2026-10-08T13:18:56.000Z,2020 Panini Donruss #302 Tua Tagovailoa (PSA 10 GEM MINT),13.4,0-25,false,held
2026-10-08T13:18:56.000Z,2024 Super Electric Breaker - sv8 #023/106 Scovillain ex - Holo (CGC 10 GEM MINT),12.9,0-25,false,sold_back
2026-10-08T13:19:05.000Z,1986 Fleer #19 Pat Cummings (BGS 7.5 NM+),18,0-25,false,sold_back
2026-10-08T13:19:05.000Z,2023 Pokémon Clk-Trading Card Game Classic Blastoise & Suicune EX Deck #014 Mewtwo (PSA 10 GEM MINT),111.8,100-500,false,held
2026-10-08T13:19:05.000Z,2026 Pokémon Asc EN-Ascended Heroes #228 Weavile - Illustration Rare (PSA 10 GEM MINT),49.9,25-100,false,sold_back
2026-10-08T13:19:09.000Z,2026 Pokémon Asc EN-Ascended Heroes #218 Erika's Tangela - Illustration Rare (PSA 10 GEM MINT),75.2,25-100,false,sold_back
2026-10-08T13:19:11.000Z,2023 Bowman Mega Box Chrome #65 Elly de La Cruz (PSA 9 MINT),18.3,0-25,false,sold_back
2026-10-08T13:19:15.000Z,2025 Pokémon Meg EN-Mega Evolution #155 Mega Venusaur EX - Holo Ultra Rare (PSA 9 MINT),31.3,25-100,false,held
2026-10-08T13:19:17.000Z,2026 One Piece Japanese Premium Card Collection Kumamoto Prefecture Special Don!! Card - Brook (PSA 9 MINT),20.9,0-25,false,sold_back
2026-10-08T13:19:17.000Z,Pokémon Scarlet & Violet Destined Rivals (1 Booster Pack - Art May Vary),10.7,0-25,false,sold_back
2026-10-08T13:19:20.000Z,1999 Pokémon Fossil #6 Haunter - Holo (PSA 6 EX-MT),34.5,25-100,false,sold_back
2026-10-08T13:19:23.000Z,2023 Clay Burst #079/071 Tyranitar - Art Rare Holo (CGC 9.5 MINT+),20.3,0-25,false,sold_back
2026-10-08T13:19:24.000Z,2025 Black Bolt - sv11B #108/086 Palpitoad - Art Rare Holo (CGC 10 PRISTINE),20.8,0-25,false,sold_back
2026-10-08T13:19:36.000Z,2026 Adventure on KAMI's Island (OP15-EB04) - English #EB04-007 Roronoa Zoro (CGC 10 PRISTINE),33,25-100,false,redeemed
2026-10-08T13:19:38.000Z,2019 Topps Chrome #203 Fernando Tatis Jr. - Prism Refractor (PSA 9 MINT),23.1,0-25,false,held
2026-10-08T13:19:42.000Z,2023 Obsidian Flames - OBF EN #227/197 Poppy - Special Illustration Rare (Holo) (CGC 8.5 NM-MT+),17.1,0-25,false,sold_back
2026-10-08T13:19:42.000Z,2023 Temporal Forces - TEF EN #169/162 Charjabug - Illustration Rare Holo (CGC 10 GEM MINT),17.7,0-25,false,sold_back
2026-10-08T13:19:45.000Z,2023 Scarlet & Violet #248/198 Iron Treads ex - Special Illustration Rare (Holo) (CGC 9 MINT),22.9,0-25,false,sold_back
2026-10-08T13:19:48.000Z,2022 Paradigm Trigger #109/098 Lugia V - Super Rare Holo (CGC 10 PRISTINE),45.8,25-100,false,sold_back
2026-10-08T13:19:53.000Z,2026 Nihil Zero - M3 #096/080 Mega Clefable ex - Super Rare Holo (CGC 10 PRISTINE),19.3,0-25,false,held
2026-10-08T13:19:54.000Z,1984 Topps #300 Pete Rose (PSA 8 NM-MT),20,0-25,false,sold_back
2026-10-08T13:19:56.000Z,2025 Pokémon Sv11b-Black Bolt #131 Timburr - Art Rare (PSA 10 GEM MINT),49.7,25-100,false,sold_back
2026-10-08T13:19:57.000Z,2025 Pokémon Meg EN-Mega Evolution #150 Steelix - Illustration Rare (PSA 10 GEM MINT),56.4,25-100,false,sold_back
2026-10-08T13:19:59.000Z,Pokémon Scarlet & Violet Destined Rivals (1 Booster Pack - Art May Vary),10.7,0-25,false,sold_back
2026-10-08T13:20:00.000Z,2022 VSTAR Universe #234/172 Hisuian Zoroark VSTAR - Special Art Rare Holo (CGC 10 PRISTINE),70.7,25-100,false,sold_back
2026-10-08T13:20:02.000Z,2024 Cyber Judge #082/071 Lickitung - Art Rare Holo (CGC 10 GEM MINT),19.7,0-25,false,sold_back
2026-10-08T13:20:05.000Z,2025 Pokémon Sv11w-White Flare #148 Klinklang - Art Rare (PSA 10 GEM MINT),23.6,0-25,false,sold_back
2026-10-08T13:20:06.000Z,2023 Panini Select #159 Jalen Green - Light Blue Disco (PSA 10 GEM MINT),33.1,25-100,false,held
2026-10-08T13:20:06.000Z,2023 Triplet Beat #074/073 Tropius - Art Rare Holo (CGC 10 GEM MINT),11,0-25,false,sold_back
2026-10-08T13:20:06.000Z,2025 Pokémon Simplified 151 C-Collection 151 #094 Gengar - Reverse Holo (PSA 9 MINT),22.6,0-25,false,sold_back
2026-10-08T13:20:08.000Z,2020 Panini Select #1 Tom Brady - Silver Prizm (PSA 8 NM-MT),30,25-100,false,sold_back
2026-10-08T13:20:11.000Z,Pokémon Scarlet & Violet Destined Rivals (1 Booster Pack - Art May Vary),10.7,0-25,false,redeemed
2026-10-08T13:20:20.000Z,2024 Pokémon Sv8a-Terastal Fest EX #209 Jolteon EX - Holo Special Art Rare (PSA 10 GEM MINT),84,25-100,false,held
2026-10-08T13:20:20.000Z,Magic: The Gathering Edge of Eternities - Collector Booster (1 Booster Pack - Art May Vary),83.6,25-100,false,sold_back
2026-10-08T13:20:23.000Z,2023 Paradox Rift - PAR EN #205/182 Yveltal - Illustration Rare Holo (CGC 9 MINT),25.7,25-100,false,held
2026-10-08T13:20:23.000Z,2026 Pokémon Asc EN-Ascended Heroes #223 Numel - Illustration Rare (PSA 10 GEM MINT),47.7,25-100,false,sold_back
2026-10-08T13:20:24.000Z,2023 Pokémon SV3-Ruler of the Black Flame #109 Gloom - Art Rare (PSA 9 MINT),18.5,0-25,false,held
2026-10-08T13:20:26.000Z,2026 Pokémon Asc EN-Ascended Heroes #292 Iris's Fighting Spirit - Special Illustration Rare (PSA 10 GEM MINT),106,100-500,false,sold_back
2026-10-08T13:20:29.000Z,2023 Pokémon Sv4a-Shiny Treasure EX #326 Alakazam EX - Holo Ssr (PSA 10 GEM MINT),53.9,25-100,false,held
2026-10-08T13:20:30.000Z,2025 Pokémon M2a-Mega Dream EX #235 Mega Eelektross EX - Holo Special Art Rare (PSA 10 GEM MINT),43.3,25-100,false,held
2026-10-08T13:20:32.000Z,"2023 Trading Card Game Classic - CLF, CLL, CLK #017/032 Miltank - Charizard & Ho-Oh ex Deck - CLL Holo (CGC 10 GEM MINT)",17,0-25,false,sold_back
2026-10-08T13:20:33.000Z,2024 Pokémon Twm EN-Twilight Masquerade #176 Cramorant - Illustration Rare (PSA 8 NM-MT),17.1,0-25,false,sold_back
2026-10-08T13:20:35.000Z,2024 Transformation Mask #102/101 Sunflora - Art Rare Holo (CGC 10 PRISTINE),19.6,0-25,false,sold_back
2026-10-08T13:20:38.000Z,2025 One Piece 3rd Anniversary Tournament 3 Brothers Pack #012 Monkey D. Luffy (PSA 8 NM-MT),31,25-100,false,sold_back
2026-10-08T13:20:39.000Z,1999 Base Set #80/102 Defender (CGC 8 NM-MT),17.7,0-25,false,sold_back
2026-10-08T13:20:39.000Z,2024 High Class Pack: Terastal Fest ex - sv8a #222/187 Raging Bolt ex - Special Art Rare Holo (CGC 10 PRISTINE),38.5,25-100,false,sold_back
2026-10-08T13:20:41.000Z,2025 Pokémon Sv11b-Black Bolt #131 Timburr - Art Rare (PSA 10 GEM MINT),49.7,25-100,false,sold_back
2026-10-08T13:20:53.000Z,2002 Pokémon Game Promo #51 Rapidash - Black Star-Pokemon Center NY (PSA 8 NM-MT),88,25-100,false,sold_back
2026-10-08T13:20:54.000Z,2020 Pokémon Swsh Black Star Promo #076 Zacian V - Holo Full Art Ultra Premium Collection (PSA 9 MINT),22.8,0-25,false,sold_back
2026-10-08T13:21:08.000Z,2016 Topps Update #US287 Tim Anderson (PSA 10 GEM MINT),10,0-25,false,sold_back
2026-10-08T13:21:09.000Z,"2023 Trading Card Game Classic - CLF, CLL, CLK #009/032 Articuno - Blastoise & Suicune ex Deck - CLK Holo (CGC 10 GEM MINT)",22.8,0-25,false,held
2026-10-08T13:21:14.000Z,2023 One Piece Japanese Premium Card Collection -One Piece Film Red #004 Sanji (PSA 9 MINT),20.4,0-25,false,held
2026-10-08T13:21:14.000Z,2025 Black Bolt - sv11B #148/086 Bisharp - Art Rare Holo (CGC 10 PRISTINE),22,0-25,false,sold_back
2026-10-08T13:21:15.000Z,2022 VSTAR Universe #185/172 Deoxys - Art Rare Holo (CGC 9 MINT),13.3,0-25,false,sold_back
2026-10-08T13:21:15.000Z,2025 Pokémon MP1-Start Deck 100 Battle Collection Corociao Version #006 Pikachu EX - Holo (PSA 10 GEM MINT),40.9,25-100,false,sold_back
2026-10-08T13:21:17.000Z,2025 Pokémon Simplified CBB3 C-Gem Pack Vol 3 #07 Mimikyu (PSA 10 GEM MINT),81.4,25-100,false,held
2026-10-08T13:21:21.000Z,"2023 Trading Card Game Classic - CLV, CLC, CLB #003/034 Venusaur - Venusaur & Lugia ex Deck - CLV Holo (CGC 10 GEM MINT)",47.9,25-100,false,sold_back
2026-10-08T13:21:27.000Z,2026 Pokémon M3-Nullifying Zero #096 Mega Clefable EX - Holo Super Rare (PSA 10 GEM MINT),28.7,25-100,false,sold_back
2026-10-08T13:21:32.000Z,2026 One Piece Japanese EB04-Extra Booster Egghead Crisis #001 Jewelry Bonney - Alternate Art (PSA 9 MINT),44.3,25-100,false,held
2026-10-08T13:21:33.000Z,2024 Topps Now MLS #128 Lionel Messi/Steph Curry (PSA 6 EX-MT),24.5,0-25,false,sold_back
2026-10-08T13:21:36.000Z,2024 One Piece Japanese OP09-Emperors in the New World #119 Monkey D. Luffy (PSA 9 MINT),20.3,0-25,false,redeemed
2026-10-08T13:21:38.000Z,2025 Topps Stars of MLB #SMLB61 Nick Kurtz - Update (PSA 9 MINT),14.3,0-25,false,held
2026-10-08T13:21:39.000Z,2026 Pokémon Asc EN-Ascended Heroes #256 Boss's Orders - Ultra Rare (PSA 10 GEM MINT),50.6,25-100,false,sold_back
2026-10-08T13:21:44.000Z,2025 Pokémon Sv11w-White Flare #153 Lillipup - Art Rare (PSA 9 MINT),49.9,25-100,false,sold_back
2026-10-08T13:21:47.000Z,2023-24 Panini Donruss FIFA Rookie Kings #25 Endrick (PSA 9 MINT),14.3,0-25,false,sold_back
2026-10-08T13:21:51.000Z,2020 Panini Mosaic #262 Tua Tagovailoa - Camo Pink (PSA 10 GEM MINT),24.5,0-25,false,sold_back
2026-10-08T13:21:51.000Z,Pokémon Hidden Fates (1 Booster Pack - Art May Vary),53.4,25-100,false,sold_back
2026-10-08T13:21:53.000Z,2023 Panini Prizm Draft Picks #142 Rashee Rice - Snakeskin Prizm (PSA 10 GEM MINT),78.4,25-100,false,sold_back
2026-10-08T13:21:53.000Z,2026 Nihil Zero - M3 #096/080 Mega Clefable ex - Super Rare Holo (CGC 10 PRISTINE),19.3,0-25,false,sold_back
2026-10-08T13:21:54.000Z,Pokémon Scarlet & Violet Destined Rivals (1 Booster Pack - Art May Vary),10.7,0-25,false,sold_back
2026-10-08T13:22:03.000Z,"2023 Trading Card Game Classic - CLV, CLC, CLB #008/034 Lapras - Blastoise & Suicune ex Deck - CLB Holo (CGC 10 GEM MINT)",22.6,0-25,false,sold_back
2026-10-08T13:22:03.000Z,2025 Pokémon Sv11b-Black Bolt #132 Gurdurr - Art Rare (PSA 10 GEM MINT),83.6,25-100,false,sold_back
2026-10-08T13:22:06.000Z,2026 Topps Now #FMEN Fernando Mendoza (PSA 8 NM-MT),21.5,0-25,false,sold_back
2026-10-08T13:22:12.000Z,Pokémon Japanese Sun & Moon Thunderclap Spark (1 Booster Pack - Art May Vary),24,0-25,false,sold_back
2026-10-08T13:22:17.000Z,2025 Pokémon M2a-Mega Dream EX #202 Misdreavus - Art Rare (PSA 10 GEM MINT),24.3,0-25,false,held
2026-10-08T13:22:17.000Z,Pokémon Japanese Sun & Moon Dragon Storm (1 Booster Pack - Art May Vary),44,25-100,false,sold_back
2026-10-08T13:22:18.000Z,2025 Pokémon M2a-Mega Dream EX #127 Rayquaza - Reverse Holo (PSA 10 GEM MINT),58.2,25-100,false,sold_back
2026-10-08T13:22:21.000Z,2025 Pokémon MC-Start Deck 100 Battle Collection #757 Sprigatito EX - Holo (PSA 10 GEM MINT),62.8,25-100,false,sold_back
2026-10-08T13:22:30.000Z,2019 Pokémon Sun & Moon Double Blaze #033 Gengar (PSA 9 MINT),39.3,25-100,false,sold_back
2026-10-08T13:22:30.000Z,2021 VMAX Climax #185/184 Abomasnow - Character Rare Holo (CGC 10 PRISTINE),17.5,0-25,false,sold_back
2026-10-08T13:22:30.000Z,2023 Obsidian Flames - OBF EN #222/197 Eiscue ex - Special Illustration Rare (Holo) (CGC 7.5 NM+),19.9,0-25,false,sold_back
2026-10-08T13:22:30.000Z,Pokémon Scarlet & Violet Destined Rivals (1 Booster Pack - Art May Vary),10.7,0-25,false,held
2026-10-08T13:22:32.000Z,1961 NU-Card Scoops #454 Snodgrass Muffs - A Fly Ball (PSA 9 MINT),17.6,0-25,false,held
2026-10-08T13:22:32.000Z,2022 VSTAR Universe #178/172 Manaphy - Art Rare Holo (CGC 10 PRISTINE),22,0-25,false,sold_back
2026-10-08T13:22:32.000Z,2023 One Piece Premium Card Collection -One Piece Film Red #021 Franky (PSA 9 MINT),21,0-25,false,sold_back
2026-10-08T13:22:36.000Z,Pokémon Sun & Moon Ultra Prism (1 Booster Pack - Art May Vary),54.7,25-100,false,sold_back
2026-10-08T13:22:38.000Z,2016 Topps Update #US287 Tim Anderson (PSA 10 GEM MINT),10,0-25,false,sold_back
2026-10-08T13:22:41.000Z,Pokémon Sun & Moon Rebel Clash (1 Booster Pack - Art May Vary),15.2,0-25,false,sold_back
2026-10-08T13:22:45.000Z,Pokémon Scarlet & Violet Destined Rivals (1 Booster Pack - Art May Vary),10.7,0-25,false,sold_back
2026-10-08T13:22:45.000Z,Pokémon Scarlet & Violet Destined Rivals (1 Booster Pack - Art May Vary),10.7,0-25,false,held
2026-10-08T13:22:47.000Z,2000 Pokémon Rocket #61 Mankey - 1st Edition (PSA 8 NM-MT),21.6,0-25,false,sold_back
2026-10-08T13:22:50.000Z,1999 Black Star Promos #4 Pikachu - Mewtwo Strikes Back (CGC 9 MINT),67.7,25-100,false,sold_back
2026-10-08T13:22:50.000Z,2022 VSTAR Universe #052/172 Mew - Holo (CGC 10 GEM MINT),20.3,0-25,false,sold_back
2026-10-08T13:22:53.000Z,2024 Pokémon Tef EN-Temporal Forces #203 Iron Leaves EX - Holo Special Illustration Rare (PSA 9 MINT),33.9,25-100,false,sold_back
2026-10-08T13:22:54.000Z,2019 Sky Legend #001/054 Rowlet & Alolan Exeggutor GX - Holo (CGC 10 PRISTINE),23.5,0-25,false,sold_back
2026-10-08T13:22:54.000Z,Pokémon Scarlet & Violet Destined Rivals (1 Booster Pack - Art May Vary),10.7,0-25,false,sold_back
2026-10-08T13:22:59.000Z,Pokémon Scarlet & Violet 151 (1 Booster Pack - Art May Vary),33.6,25-100,false,redeemed
2026-10-08T13:23:00.000Z,2025 Pokémon M2a-Mega Dream EX #236 Iono's Bellibolt EX - Holo Special Art Rare (PSA 10 GEM MINT),48.3,25-100,false,held
2026-10-08T13:23:02.000Z,2021 Pokémon Celebrations Classic Collection #15 Venusaur - Holo (PSA 10 GEM MINT),106.5,100-500,false,held
2026-10-08T13:23:15.000Z,2024 Panini Mosaic #302 Jayden Daniels (PSA 8 NM-MT),12.2,0-25,false,sold_back
2026-10-08T13:23:15.000Z,Pokémon Scarlet & Violet Destined Rivals (1 Booster Pack - Art May Vary),10.7,0-25,false,sold_back
2026-10-08T13:23:15.000Z,Pokémon Scarlet & Violet Destined Rivals (1 Booster Pack - Art May Vary),10.7,0-25,false,sold_back
2026-10-08T13:23:18.000Z,2023 One Piece Promos #041 Monkey D. Luffy - 1st Anniversary Tournament-Winner (PSA 10 GEM MINT),1965.2,500+,false,sold_back
2026-10-08T13:23:18.000Z,2023 Wings of the Captain (OP06) - Japanese #118 Roronoa Zoro - Manga Alt. Art Parallel (BGS 10 PRISTINE),2202.7,500+,false,sold_back
2026-10-08T13:23:18.000Z,2024 One Piece Japanese OP09-Emperors in the New World #119 Monkey D. Luffy - Manga Alternate Art (PSA 10 GEM MINT),2007.7,500+,false,sold_back
2026-10-08T13:23:18.000Z,2024 One Piece OP09-Emperors in the New World #004 Shanks - Manga Alternate Art (PSA 10 GEM MINT),2023.3,500+,false,sold_back
2026-10-08T13:23:18.000Z,2025 One Piece OP11-A Fist of Divine Speed #118 Monkey D. Luffy - Manga Alternate Art (PSA 10 GEM MINT),2082,500+,false,sold_back
2026-10-08T13:23:18.000Z,2025 Pokémon M2a-Mega Dream EX #244 Fezandipiti EX - Holo Special Art Rare (PSA 10 GEM MINT),38,25-100,false,sold_back
2026-10-08T13:23:24.000Z,Pokémon Celebrations (1 Booster Pack - Art May Vary),37.9,25-100,false,sold_back
2026-10-08T13:23:27.000Z,2025 Gem Pack Volume 2 - CBB2C - Simplified #04 10/14 Flareon - Reverse Holo Master Ball (CGC 9 MINT),11.9,0-25,false,sold_back
2026-10-08T13:23:30.000Z,1997 Nintendo 64 / CD Promo Hungry Snorlax - Holo (CGC 10 PRISTINE),3945.4,500+,false,held
2026-10-08T13:23:30.000Z,2022 Shining Together: Huan - Simplified #071/150 Togepi & Cleffa & Igglybuff GX - Holo (CGC 10 GEM MINT),26.3,25-100,false,sold_back
2026-10-08T13:23:32.000Z,Pokémon Scarlet & Violet 151 (1 Booster Pack - Art May Vary),33.6,25-100,false,sold_back
2026-10-08T13:23:33.000Z,1999 Pokémon Neo Promo #154 Meganium - Holo Premium File (PSA 9 MINT),64.4,25-100,false,sold_back
2026-10-08T13:23:33.000Z,2025 White Flare - sv11W #118/086 Sigilyph - Art Rare Holo (CGC 10 PRISTINE),19.4,0-25,false,sold_back
2026-10-08T13:23:36.000Z,2000 Neo Genesis #64/111 Mantine - 1st Edition (CGC 10 GEM MINT),74.8,25-100,false,sold_back
2026-10-08T13:23:36.000Z,2024 Prismatic Evolutions - PRE EN #060/131 Umbreon ex - Surprise Box (Prismatic Evolutions Stamp) (Holo) (CGC 9.5 MINT+),21.4,0-25,false,held
2026-10-08T13:23:36.000Z,2025 Gem Pack Volume 3 - CBB3C - Simplified #08 06/07 Absol - Reverse Holo Set Logo (CGC 10 GEM MINT),20,0-25,false,held
2026-10-08T13:23:36.000Z,2025 Mega Evolution - MEG EN #146/132 Marshadow - Illustration Rare Holo (CGC 10 GEM MINT),25.8,25-100,false,held
2026-10-08T13:23:36.000Z,2025 Pokémon SV-P Promo #242 Pikachu - Illustration Contest 2024 (PSA 9 MINT),43.1,25-100,false,held
2026-10-08T13:23:39.000Z,2023 Black Star Promos - Scarlet & Violet SVP EN #167 Flareon - Prismatic Evolutions Poster Collection (Cosmos Holo) (CGC 9.5 MINT+),17.6,0-25,false,sold_back
2026-10-08T13:23:42.000Z,2024 One Piece Premium Card Collection -Live Action Edition #047 Monkey D. Luffy (PSA 9 MINT),22,0-25,false,sold_back
2026-10-08T13:23:44.000Z,"2023 Trading Card Game Classic - CLF, CLL, CLK #007/032 Ho-Oh ex - Charizard & Ho-Oh ex Deck - CLL Holo (CGC 10 PRISTINE)",22.2,0-25,false,sold_back
2026-10-08T13:23:45.000Z,2024 Pokémon SV6-Transformation Mask #113 Chansey - Art Rare (PSA 10 GEM MINT),76,25-100,false,held
2026-10-08T13:23:47.000Z,2024 Panini Mosaic #274 Michael Penix Jr. - Camo Red (PSA 10 GEM MINT),43.2,25-100,false,sold_back
2026-10-08T13:23:50.000Z,2023 Scarlet & Violet 151 - MEW EN #105/165 Marowak - Holo (CGC 9.5 MINT+),20.2,0-25,false,held
2026-10-08T13:23:53.000Z,2023 Clay Burst #083/071 Farigiraf - Art Rare Holo (CGC 10 GEM MINT),12.3,0-25,false,sold_back
2026-10-08T13:23:56.000Z,2024 Prismatic Evolutions - PRE EN #074/131 Eevee - Master Ball Holo (CGC 10 GEM MINT),78.7,25-100,false,sold_back
2026-10-08T13:23:56.000Z,2024 Transformation Mask #118/101 Luxray ex - Super Rare Holo (CGC 9 MINT),41.5,25-100,false,sold_back
2026-10-08T13:23:57.000Z,2024 Prismatic Evolutions - PRE EN #051/131 Lucario ex - Lucario & Tyranitar ex Premium Collection (Holo) (CGC 10 GEM MINT),17.1,0-25,false,sold_back
2026-10-08T13:23:57.000Z,2024 Topps 50/50 Shohei Ohtani #50 Shohei Ohtani (CGC 9 MINT),11.5,0-25,false,sold_back
2026-10-08T13:23:57.000Z,Pokemon Sun & Moon Tag Team GX Dream League (1 Booster Pack - Art May Vary),42,25-100,false,held
2026-10-08T13:24:03.000Z,2021 Panini Donruss Optic #95 Justin Jefferson - Stars (PSA 9 MINT),18.5,0-25,false,sold_back
2026-10-08T13:24:03.000Z,Pokémon Sun & Moon Ultra Prism (1 Booster Pack - Art May Vary),54.7,25-100,false,sold_back
2026-10-08T13:24:06.000Z,2016 Evolutions #36/108 Raichu - Holo (CGC 9 MINT),17.5,0-25,false,sold_back
2026-10-08T13:24:06.000Z,Pokémon Shining Fates (1 Booster Pack - Art May Vary),19.5,0-25,false,held
2026-10-08T13:24:08.000Z,2025 Pokémon Mep EN-Me Black Star Promo #027 Haunter - Mega Gengar EX Mega Battle Deck (PSA 8 NM-MT),39,25-100,false,sold_back
2026-10-08T13:24:11.000Z,2023 Pokémon Card 151 #072/165 Tentacool - Reverse Holo Master Ball (CGC 10 GEM MINT),18.9,0-25,false,sold_back
2026-10-08T13:24:12.000Z,2021 Evolving Skies #095/203 Umbreon VMAX - Holo (CGC 8.5 NM-MT+),23.3,0-25,false,sold_back
2026-10-08T13:24:12.000Z,2021 Pokémon Sword & Shield Evolving Skies #059 Dracozolt Vmax - Full Art (PSA 10 GEM MINT),81.8,25-100,false,sold_back
2026-10-08T13:24:15.000Z,1999 Base Set #84/102 PlusPower (CGC 8 NM-MT),20,0-25,false,sold_back
2026-10-08T13:24:15.000Z,2023 Pokémon Sv2a-Pokémon Card 151 #181 Snorlax - Art Rare (PSA 10 GEM MINT),71.8,25-100,false,sold_back
2026-10-08T13:24:20.000Z,2016 Pokémon Expansion 20th Anniversary #068 Chansey - 1st Edition Holo (PSA 9 MINT),21.9,0-25,false,sold_back
2026-10-08T13:24:32.000Z,2023 Pokémon Sv2a-Pokémon Card 151 #166 Bulbasaur - Art Rare (PSA 10 GEM MINT),77,25-100,false,sold_back
2026-10-08T13:24:32.000Z,2024 Transformation Mask #102/101 Sunflora - Art Rare Holo (CGC 10 PRISTINE),19.6,0-25,false,sold_back
2026-10-08T13:24:32.000Z,Pokémon Sun & Moon Celestial Storm (1 Booster Pack - Art May Vary),70.8,25-100,false,sold_back
2026-10-08T13:24:36.000Z,2020 Vivid Voltage #082/185 Zacian - Amazing Rare Holo (CGC 10 GEM MINT),23,0-25,false,held
2026-10-08T13:24:41.000Z,2018 Tag Bolt #013/095 Charizard - Holo (CGC 9.5 MINT+),21.8,0-25,false,held
2026-10-08T13:24:41.000Z,Pokémon Scarlet & Violet Destined Rivals (1 Booster Pack - Art May Vary),10.7,0-25,false,sold_back
2026-10-08T13:24:45.000Z,2025 Pokémon M2-Inferno X #111 Oricorio EX - Holo Special Art Rare (PSA 10 GEM MINT),51.8,25-100,false,sold_back
2026-10-08T13:24:47.000Z,2023 Pokémon Mew EN-151 #181 Dragonair - Illustration Rare (PSA 8 NM-MT),31.6,25-100,false,sold_back
2026-10-08T13:24:48.000Z,2023 Black Star Promos - Scarlet & Violet SVP EN #072 Great Tusk ex - Paldean Fates Tin (Holo) (CGC 10 GEM MINT),19.4,0-25,false,sold_back
2026-10-08T13:24:56.000Z,Pokémon Scarlet & Violet 151 (1 Booster Pack - Art May Vary),33.6,25-100,false,sold_back
2026-10-08T13:24:57.000Z,2019 Hidden Fates #SV37/SV94 Altaria - Shiny Vault Holo (CGC 10 GEM MINT),23.4,0-25,false,sold_back
2026-10-08T13:24:57.000Z,2023 Topps Gilded Collection Topps Chrome Gold Etch Autographs #CGAJO James Outman - Yellow (PSA 10 GEM MINT),39.4,25-100,false,sold_back
2026-10-08T13:25:03.000Z,2024 Transformation Mask #108/101 Fezandipiti - Art Rare Holo (CGC 9 MINT),12,0-25,false,sold_back
2026-10-08T13:25:08.000Z,2021 Pokémon 25th Anniversary Collection #001 Pikachu - Full Art (PSA 10 GEM MINT),48.7,25-100,false,sold_back
2026-10-08T13:25:09.000Z,2024 Pokémon Sv8a-Terastal Fest EX #206 Glaceon EX - Holo Special Art Rare (PSA 10 GEM MINT),101.2,100-500,false,sold_back
2026-10-08T13:25:12.000Z,2023 Triplet Beat #083/073 Mismagius - Art Rare Holo (CGC 10 GEM MINT),19.9,0-25,false,sold_back
2026-10-08T13:25:14.000Z,2024 Panini Donruss Optic #248 Jayden Daniels (PSA 9 MINT),18,0-25,false,sold_back
2026-10-08T13:25:15.000Z,2024 Crimson Haze #083/066 Greninja ex - Super Rare Holo (CGC 10 GEM MINT),21,0-25,false,sold_back
2026-10-08T13:25:17.000Z,2025 Battle Partners - sv9 #102/100 Articuno - Art Rare Holo (CGC 10 GEM MINT),21.4,0-25,false,held
2026-10-08T13:25:17.000Z,2025 Panini Donruss Optic #293 Cam Ward - Blue Hyper (PSA 9 MINT),59.9,25-100,false,held
2026-10-08T13:25:20.000Z,2025 Topps 8 Bit Ballers #8B-4 Victor Wembanyama - Holo Foil (PSA 9 MINT),71.1,25-100,false,held
2026-10-08T13:25:21.000Z,2024 High Class Pack: Terastal Fest ex - sv8a #211/187 Espeon ex - Special Art Rare Holo (CGC 10 GEM MINT),78.2,25-100,false,sold_back
2026-10-08T13:25:24.000Z,2025 One Piece Japanese Limited Card Collection Vol.1 #001 Monkey D. Luffy (PSA 10 GEM MINT),48.1,25-100,false,sold_back
2026-10-08T13:25:29.000Z,2022 Pokémon GO #076/078 Dragonite V - Ultra Rare Holo (CGC 9.5 MINT+),31.9,25-100,false,sold_back
2026-10-08T13:25:35.000Z,2023 Shrouded Fable - SFA EN #068/064 Duskull - Illustration Rare Holo (CGC 9.5 MINT+),50.8,25-100,false,sold_back
2026-10-08T13:25:39.000Z,2022 Pokémon SV Promo #001 Pikachu - Scarlet & Violet Pre-Order (PSA 10 GEM MINT),103.8,100-500,false,redeemed
2026-10-08T13:25:41.000Z,2025 Pokémon Svp EN-SV Black Star Promo #168 Vaporeon - Prismatic Evolutions Poster Collection (PSA 9 MINT),20.9,0-25,false,held
2026-10-08T13:25:42.000Z,2026 Pokémon Asc EN-Ascended Heroes #269 Mega Gengar EX - Holo Mega Attack Rare (PSA 9 MINT),48.8,25-100,false,sold_back
2026-10-08T13:25:42.000Z,Pokémon Scarlet & Violet 151 (1 Booster Pack - Art May Vary),33.6,25-100,false,sold_back
2026-10-08T13:25:44.000Z,2024 Prismatic Evolutions - PRE EN #064/131 Tyranitar ex - (Prismatic Evolutions Stamp) Lucario ex & Tyranitar ex Premi (Holo) (CGC 10 PRISTINE),35.2,25-100,false,sold_back
2026-10-08T13:25:45.000Z,2025 Pokémon Meg EN-Mega Evolution #146 Marshadow - Illustration Rare (PSA 10 GEM MINT),74.5,25-100,false,held
2026-10-08T13:25:50.000Z,2023 Pokémon Swsh Black Star Promo #291 Lucario Vstar - Full Art Crown Zenith Elite Trainer Box (PSA 10 GEM MINT),108.3,100-500,false,redeemed
2026-10-08T13:25:51.000Z,2025 One Piece Japanese Premium Card Collection -Best Selection Vol.4 #095 Laffitte (PSA 9 MINT),12.5,0-25,false,sold_back
2026-10-08T13:25:53.000Z,2022 Silver Tempest #070/195 Mawile V - Holo (CGC 8 NM-MT),22.2,0-25,false,held
2026-10-08T13:25:53.000Z,"Invincible #105 CGC 9.8 White Pages (Image/Skybound, 9/13) - Universal",196,100-500,false,sold_back
2026-10-08T13:25:54.000Z,2025 One Piece Japanese Limited Card Collection Vol.1 #042 Usopp (PSA 10 GEM MINT),43.1,25-100,false,sold_back
2026-10-08T13:25:56.000Z,2022 Pokémon Go #021 Magikarp (PSA 10 GEM MINT),112,100-500,false,sold_back
2026-10-08T13:26:03.000Z,2023 Scarlet ex #087/078 Sandile - Art Rare Holo (CGC 10 GEM MINT),17.7,0-25,false,held
2026-10-08T13:26:05.000Z,2023 Pokémon Sv4a-Shiny Treasure EX #334 Noivern EX - Holo Ssr (PSA 10 GEM MINT),48.3,25-100,false,sold_back
2026-10-08T13:26:05.000Z,2024 Pokémon Ssp EN-Surging Sparks #069 Miraidon - Reverse Holo (PSA 9 MINT),59.2,25-100,false,sold_back
2026-10-08T13:26:09.000Z,2019 Old Maid (Red Back) Meowth (CGC 10 PRISTINE),17.1,0-25,false,held
2026-10-08T13:26:09.000Z,2024 Panini Prizm #268 Reed Sheppard - Hyper Prizm (PSA 9 MINT),17.6,0-25,false,held
2026-10-08T13:26:11.000Z,2023 Raging Surf #071/062 Yveltal - Art Rare Holo (CGC 10 GEM MINT),19.9,0-25,false,sold_back
2026-10-08T13:26:11.000Z,2024 Panini Mosaic #302 Jayden Daniels (PSA 8 NM-MT),12.2,0-25,false,sold_back
2026-10-08T13:26:14.000Z,2025 Pokémon SV9-Battle Partners #110 Furret - Art Rare (PSA 10 GEM MINT),43.4,25-100,false,sold_back
2026-10-08T13:26:15.000Z,2021 Panini Mosaic Rookie Autographs Mosaic #RA6 Mac Jones (PSA 9 MINT),43.5,25-100,false,sold_back
2026-10-08T13:26:18.000Z,2025 Pokémon SV9-Battle Partners #120 Dudunsparce EX - Holo Super Rare (PSA 10 GEM MINT),37.1,25-100,false,sold_back
2026-10-08T13:26:20.000Z,Pokémon Japanese Sun & Moon Full Metal Wall (1 Booster Pack - Art May Vary),14.4,0-25,false,sold_back
2026-10-08T13:26:21.000Z,2010 Panini Prestige Stars of the NFL #10 Tom Brady (PSA 8 NM-MT),39.6,25-100,false,sold_back
2026-10-08T13:26:26.000Z,2024 Surging Sparks - SSP EN #192/191 Exeggcute - Illustration Rare Holo (CGC 10 GEM MINT),18.1,0-25,false,sold_back
2026-10-08T13:26:26.000Z,2026 One Piece EB03-Extra Booster -One Piece Heroines Edition #024 Nefeltari Vivi (PSA 10 GEM MINT),38.9,25-100,false,sold_back
2026-10-08T13:26:27.000Z,2023 Pokémon Obf EN-Obsidian Flames #029 Ninetales (PSA 10 GEM MINT),75,25-100,false,sold_back
2026-10-08T13:26:33.000Z,1999 Team Rocket #49/82 Abra (CGC 7.5 NM+),17.7,0-25,false,sold_back
2026-10-08T13:26:35.000Z,2025 Phantasmal Flames - PFL EN #013/094 Mega Charizard X ex - Holo (CGC 10 GEM MINT),21.9,0-25,false,sold_back
2026-10-08T13:26:38.000Z,2026 Pokémon M3-Nullifying Zero #089 Tyrunt - Art Rare (PSA 10 GEM MINT),29,25-100,false,sold_back
2026-10-08T13:26:41.000Z,Pokémon Scarlet & Violet Destined Rivals (1 Booster Pack - Art May Vary),10.7,0-25,false,sold_back
2026-10-08T13:26:42.000Z,2025 Black Star Promos - Mega Evolution MEP EN #037 Bulbasaur - First Partner Illustration Collection Series 1 (Holo) (CGC 9.5 MINT+),18.6,0-25,false,sold_back
2026-10-08T13:26:48.000Z,2024 Surging Sparks - SSP EN #160/191 Flamigo ex - Holo (CGC 10 GEM MINT),22.1,0-25,false,sold_back
2026-10-08T13:26:50.000Z,2025 Mega Dream ex - M2a #229/193 Mega Hawlucha ex - Mega Attack Rare Holo (CGC 10 GEM MINT),12.6,0-25,false,sold_back
2026-10-08T13:26:50.000Z,2026 Pokémon Asc EN-Ascended Heroes #267 Mega Diancie EX - Holo Mega Attack Rare (PSA 10 GEM MINT),49,25-100,false,sold_back
2026-10-08T13:26:53.000Z,2000 Crossing the Ruins... Butterfree - Holo (CGC 8 NM-MT),43.3,25-100,false,sold_back
2026-10-08T13:26:59.000Z,2022 One Piece Japanese 25th Anniversary Premium Card Collection #008 Nico Robin (PSA 10 GEM MINT),47.7,25-100,false,sold_back
2026-10-08T13:26:59.000Z,Pokémon Champions Path (1 Booster Pack - Art May Vary),22.6,0-25,false,sold_back
2026-10-08T13:27:00.000Z,2024 Pokémon Sv5a-Crimson Haze #069 Torkoal - Art Rare (PSA 10 GEM MINT),23.2,0-25,false,held
2026-10-08T13:27:00.000Z,2025 Black Star Promos - Mega Evolution MEP EN #012 Mega Lucario ex - Mega Lucario ex Figure Collection (Holo) (CGC 9.5 MINT+),18.1,0-25,false,sold_back
2026-10-08T13:27:02.000Z,2020 Shiny Star V #282/190 Impidimp - Shiny Rare Holo (CGC 10 GEM MINT),22.3,0-25,false,sold_back
2026-10-08T13:27:03.000Z,2020 Upper Deck Extended Series #HG-12 Arthur Kaliyev (CGC 10 GEM MINT),11.3,0-25,false,sold_back
2026-10-08T13:27:03.000Z,2023 Ruler of the Black Flame #113/108 Cleffa - Art Rare Holo (CGC 9 MINT),17.9,0-25,false,sold_back
2026-10-08T13:27:03.000Z,2024 Bowman Chrome International Impact #II15 Elly de La Cruz/Junior Caminero (PSA 10 GEM MINT),74.1,25-100,false,sold_back
2026-10-08T13:27:03.000Z,2024 One Piece OP08-Two Legends #002 Marco - Alternate Art (PSA 10 GEM MINT),39.3,25-100,false,sold_back
2026-10-08T13:27:03.000Z,2024 Topps 50/50 Shohei Ohtani #50 Shohei Ohtani (CGC 9 MINT),11.5,0-25,false,held
2026-10-08T13:27:03.000Z,2026 Pokémon Asc EN-Ascended Heroes #228 Weavile - Illustration Rare (PSA 10 GEM MINT),49.9,25-100,false,sold_back
2026-10-08T13:27:05.000Z,2025 Topps Holiday #H70 Paul Skenes - SP (PSA 9 MINT),14.6,0-25,false,held
2026-10-08T13:27:06.000Z,2026 One Piece Promos #007 Sabo - Illustration Box Vol.5 (PSA 10 GEM MINT),28.5,25-100,false,held
2026-10-08T13:27:08.000Z,2025 Bowman Chrome Prospects #BCP86 Konnor Griffin - Reptilian Refractor (PSA 9 MINT),28.3,25-100,false,held
2026-10-08T13:27:08.000Z,Pokémon Sword & Shield Vivid Voltage (1 Booster Pack - Art May Vary),14,0-25,false,held
2026-10-08T13:27:12.000Z,1984 Topps #63 John Elway (PSA 5 EX),47.8,25-100,false,sold_back
2026-10-08T13:27:12.000Z,2023 Pokémon Sv4a-Shiny Treasure EX #336 Wigglytuff EX - Holo Ssr (PSA 10 GEM MINT),39.2,25-100,false,sold_back
2026-10-08T13:27:14.000Z,2024-25 Topps Chrome UEFA Club Competitions #87 Mohamed Salah - Hero Variation (PSA 9 MINT),33.7,25-100,false,held
2026-10-08T13:27:15.000Z,2017 Panini Prizm #109 John Collins (PSA 9 MINT),10.6,0-25,false,sold_back
2026-10-08T13:27:15.000Z,2019 Pokémon Sun & Moon Hidden Fates #44 Moltres & Zapdos & Articuno GX - Holo (PSA 9 MINT),54.7,25-100,false,sold_back
2026-10-08T13:27:15.000Z,2025 Black Star Promos - Mega Evolution MEP EN #022 Charcadet - Phantasmal Flames Elite Trainer Box (Holo) (CGC 10 GEM MINT),19.4,0-25,false,sold_back
2026-10-08T13:27:18.000Z,2024 Twilight Masquerade - TWM EN #170/167 Dipplin - Illustration Rare Holo (CGC 10 GEM MINT),23.4,0-25,false,held
2026-10-08T13:27:24.000Z,2020 Pokémon Sword & Shield Vivid Voltage #181 Beauty - Full Art (PSA 10 GEM MINT),36.3,25-100,false,sold_back
2026-10-08T13:27:30.000Z,2024 Journey Together - JTG EN #075/159 Alcremie ex - Holo (CGC 8.5 NM-MT+),12.8,0-25,false,sold_back
2026-10-08T13:27:30.000Z,2025 One Piece Learn Together Deck Set #118 Monkey D. Luffy (PSA 10 GEM MINT),38.7,25-100,false,redeemed
2026-10-08T13:27:35.000Z,2019 Pokémon Sun & Moon Hidden Fates #SV37 Altaria - Holo (PSA 10 GEM MINT),66.4,25-100,false,sold_back
2026-10-08T13:27:35.000Z,2025 Pokémon M1s-Mega Symphonia #067 Snover - Art Rare (PSA 10 GEM MINT),23.9,0-25,false,sold_back
2026-10-08T13:27:36.000Z,2023 Pokémon Sv1v-Violet EX #080 Toedscool - Art Rare (PSA 10 GEM MINT),21.8,0-25,false,sold_back
2026-10-08T13:27:38.000Z,1979 Topps #640 Eddie Murray (PSA 7 NM),17,0-25,false,sold_back
2026-10-08T13:27:39.000Z,2022 Shining Together: Huan - Simplified #071/150 Togepi & Cleffa & Igglybuff GX - Holo (CGC 9 MINT),24.8,0-25,false,sold_back
2026-10-08T13:27:42.000Z,1986 Fleer #34 Eric Floyd (PSA 7 NM),37.8,25-100,false,held
2026-10-08T13:27:51.000Z,2018 Bowman Chrome Prospects Autographs #BCPATF Tyler Freeman (PSA 10 GEM MINT),11.9,0-25,false,sold_back
2026-10-08T13:27:53.000Z,2025 Panini Select #93 Jaxson Dart - Red & Blue Shock (PSA 8 NM-MT),20.9,0-25,false,sold_back
2026-10-08T13:27:56.000Z,1998 Gym Booster 1: Leaders' Stadium Erika's Vileplume - Holo (CGC 9 MINT),50.5,25-100,false,sold_back
2026-10-08T13:27:57.000Z,2022 Bowman University Chrome Prospects #34 Cameron Ward (PSA 10 GEM MINT),40.7,25-100,false,held
2026-10-08T13:28:00.000Z,2022 Panini Select #86 Jeremy Sochan - White Disco (PSA 10 GEM MINT),23.8,0-25,false,sold_back
2026-10-08T13:28:00.000Z,2022 Pokémon Sword & Shield Dark Phantasma #077 Snorlax - Full Art (PSA 10 GEM MINT),68.5,25-100,false,sold_back
2026-10-08T13:28:00.000Z,2026 One Piece Japanese Promos #001 Monkey D. Luffy - Ichiban Kuji Purchase Bonus (PSA 9 MINT),13.2,0-25,false,held
2026-10-08T13:28:02.000Z,2015 Topps Pro Debut #100 Kyle Schwarber (PSA 10 GEM MINT),35,25-100,false,sold_back
2026-10-08T13:28:06.000Z,2025 One Piece OP11-A Fist of Divine Speed #119 Koby - Alternate Art (PSA 9 MINT),28.3,25-100,false,sold_back
2026-10-08T13:28:11.000Z,2025 One Piece Promos #034 Perona - Illustration Box Vol.4 (PSA 10 GEM MINT),41.8,25-100,false,held
2026-10-08T13:28:11.000Z,2025 Pokémon M2a-Mega Dream EX #236 Iono's Bellibolt EX - Holo Special Art Rare (PSA 10 GEM MINT),48.3,25-100,false,sold_back
2026-10-08T13:28:20.000Z,"Uncanny X-Men #261 CGC 9.0 White Pages (Marvel Comics, 5/90) - Universal",25,25-100,false,held
2026-10-08T13:28:21.000Z,2025 Phantasmal Flames - PFL EN #056/094 Mega Gengar ex - Holo (CGC 9.5 MINT+),20.1,0-25,false,sold_back
2026-10-08T13:28:21.000Z,Pokémon Scarlet & Violet Destined Rivals (1 Booster Pack - Art May Vary),10.7,0-25,false,sold_back
2026-10-08T13:28:23.000Z,2023 Pokémon Cll-Trading Card Game Classic Charizard & HO-Oh EX Deck #001 Charmander (PSA 10 GEM MINT),70.9,25-100,false,redeemed
2026-10-08T13:28:23.000Z,2024 Panini Prizm #354 Joe Milton III - Silver Prizm (PSA 9 MINT),20.3,0-25,false,sold_back
2026-10-08T13:28:23.000Z,2025 Pokémon Sv11b-Black Bolt #161 Zekrom EX - Holo Super Rare (PSA 10 GEM MINT),58.4,25-100,false,sold_back
2026-10-08T13:28:26.000Z,"Infinity War #2 CGC 9.8 White Pages (Marvel Comics, 7/92) - Universal",74.1,25-100,false,sold_back
2026-10-08T13:28:32.000Z,2023 Pokémon Sv2d-Clay Burst #079 Tyranitar - Art Rare (PSA 10 GEM MINT),53,25-100,false,sold_back
2026-10-08T13:28:33.000Z,"Star Wars #54 CGC 6.0 Off-white to White Pages (Marvel Comics, 12/81) - Newsstand Edition Universal",30,25-100,false,sold_back
2026-10-08T13:28:35.000Z,2020 Panini Select #346 Joe Burrow - Die-Cut White Prizm (PSA 9 MINT),61.4,25-100,false,held
2026-10-08T13:28:35.000Z,2022 Battle Region #073/067 Hoothoot - Character Rare Holo (CGC 10 PRISTINE),20.1,0-25,false,held
2026-10-08T13:28:35.000Z,2023 Ruler of the Black Flame Deck Build Box #001/038 Radiant Charizard - Holo (CGC 10 PRISTINE),32,25-100,false,sold_back
2026-10-08T13:28:35.000Z,2024 One Piece Premium Card Collection -Uta #031 Uta (PSA 10 GEM MINT),86.7,25-100,false,held
2026-10-08T13:28:35.000Z,2024 Wild Force #084/071 Torterra ex - Super Rare Holo (CGC 10 PRISTINE),36.7,25-100,false,sold_back
2026-10-08T13:28:38.000Z,1999 Base Set #84/102 PlusPower (CGC 8 NM-MT),20,0-25,false,held
2026-10-08T13:28:39.000Z,2020 Pokémon Sword & Shield Vivid Voltage #115 Steelix V - Holo (PSA 9 MINT),22.4,0-25,false,sold_back
2026-10-08T13:28:39.000Z,2024 Cyber Judge #100/071 Iron Boulder ex - Ultra Rare Holo (CGC 10 PRISTINE),18.7,0-25,false,sold_back
2026-10-08T13:28:44.000Z,2023 Ruler of the Black Flame #118/108 Pidgey - Art Rare Holo (CGC 10 PRISTINE),31.1,25-100,false,sold_back
2026-10-08T13:28:45.000Z,Pokémon Scarlet & Violet Destined Rivals (1 Booster Pack - Art May Vary),10.7,0-25,false,held
2026-10-08T13:28:53.000Z,2019 Pokémon Sun & Moon Hidden Fates #58 Jessie & James - Holo (PSA 9 MINT),26.5,25-100,false,held
2026-10-08T13:28:53.000Z,2025 Pokémon M2a-Mega Dream EX #243 Marnie's Grimmsnarl EX - Holo Special Art Rare (PSA 10 GEM MINT),50,25-100,false,sold_back
2026-10-08T13:28:54.000Z,2022 Pokémon GO #049/071 Dragonite V - Holo (CGC 10 PRISTINE),31.7,25-100,false,sold_back
2026-10-08T13:28:56.000Z,2025 Mega Evolution - MEG EN #022/132 Mega Camerupt ex - Holo (CGC 10 PRISTINE),22.5,0-25,false,sold_back
2026-10-08T13:29:00.000Z,1970 Topps #25 Jan Stenerud (PSA 6 EX-MT),21.1,0-25,false,sold_back
2026-10-08T13:29:06.000Z,2024 Panini Donruss #349 Jordan Travis - Optic Preview-Red Pandora (PSA 9 MINT),13,0-25,false,sold_back
2026-10-08T13:29:08.000Z,2024 Cyber Judge #083/071 Drampa - Art Rare Holo (CGC 10 GEM MINT),22.8,0-25,false,sold_back
2026-10-08T13:29:08.000Z,2024 High Class Pack: Terastal Fest ex - sv8a #069/187 Sylveon ex - Holo (CGC 10 PRISTINE),21.3,0-25,false,sold_back
2026-10-08T13:29:08.000Z,2024 Journey Together - JTG EN #075/159 Alcremie ex - Holo (CGC 9 MINT),17.6,0-25,false,sold_back
2026-10-08T13:29:08.000Z,2024 Panini Donruss Optic My House! #8 Drake Maye (PSA 10 GEM MINT),68.5,25-100,false,held
2026-10-08T13:29:09.000Z,2020 Sage Hit Premier Draft #13 Tua Tagovailoa - Gold (PSA 10 GEM MINT),43,25-100,false,sold_back
2026-10-08T13:29:14.000Z,2025 Mega Dream ex - M2a #223/193 Mega Charizard X ex - Mega Attack Rare Holo (CGC 10 PRISTINE),70.2,25-100,false,held
2026-10-08T13:29:17.000Z,2022 Silver Tempest #016/195 Radiant Tsareena - Holo (CGC 10 GEM MINT),19.7,0-25,false,sold_back
2026-10-08T13:29:20.000Z,Pokémon Sword & Shield Vivid Voltage (1 Booster Pack - Art May Vary),14,0-25,false,sold_back
2026-10-08T13:29:24.000Z,2023 Violet ex #082/078 Slowpoke - Art Rare Holo (CGC 10 GEM MINT),23.9,0-25,false,sold_back
2026-10-08T13:29:26.000Z,2019 Upper Deck Canvas #C81 Johnny Gaudreau (PSA 10 GEM MINT),70,25-100,false,sold_back
2026-10-08T13:29:30.000Z,2023 Panini Mosaic #136 Matthew Stafford - Blue Fluorescent (PSA 9 MINT),42,25-100,false,held
2026-10-08T13:29:30.000Z,2026 Pokémon Asc EN-Ascended Heroes #250 Fan Rotom - Illustration Rare (PSA 10 GEM MINT),40.2,25-100,false,sold_back
2026-10-08T13:29:33.000Z,2023 Pokémon Sv2a-Pokémon Card 151 #166 Bulbasaur - Art Rare (PSA 10 GEM MINT),77,25-100,false,held
2026-10-08T13:29:35.000Z,1989 Topps Traded #80T Carnell Lake (PSA 9 MINT),20.9,0-25,false,sold_back
2026-10-08T13:29:36.000Z,2026 One Piece EB03-Extra Booster -One Piece Heroines Edition #045 Perona - Alternate Art (PSA 10 GEM MINT),80.8,25-100,false,sold_back
2026-10-08T13:29:39.000Z,"1999 Gold, Silver, to a New World Pikachu (CGC 8 NM-MT)",23.4,0-25,false,sold_back
2026-10-08T13:29:39.000Z,2025 Gem Pack Volume 2 - CBB2C - Simplified #05 07/14 Espeon - Geometric Pattern Holo (CGC 10 PRISTINE),18.7,0-25,false,sold_back
2026-10-08T13:29:41.000Z,2022 VSTAR Universe #014/172 Charizard VSTAR - Holo (CGC 10 GEM MINT),22.7,0-25,false,sold_back
2026-10-08T13:29:41.000Z,2023 Black Star Promos - Scarlet & Violet SVP EN #168 Vaporeon - Prismatic Evolutions Poster Collection (Cosmos Holo) (CGC 10 GEM MINT),17.1,0-25,false,sold_back
2026-10-08T13:29:42.000Z,2026 Nihil Zero - M3 #095/080 Mega Starmie ex - Super Rare Holo (CGC 10 PRISTINE),23.5,0-25,false,sold_back
2026-10-08T13:29:44.000Z,Magic: The Gathering Streets of New Capenna - Draft Booster (1 Booster Pack - Art May Vary),6.4,0-25,false,sold_back
2026-10-08T13:29:47.000Z,2023 Pokémon Sv2d-Clay Burst #084 Forretress EX - Holo Super Rare (PSA 10 GEM MINT),41.8,25-100,false,sold_back
2026-10-08T13:29:47.000Z,2024 High Class Pack: Terastal Fest ex - sv8a #021/187 Flareon - Poké Ball Holo (CGC 10 PRISTINE),20.6,0-25,false,sold_back
2026-10-08T13:29:53.000Z,2023 Scarlet & Violet 151 - MEW EN #003/165 Venusaur ex - Holo (CGC 10 GEM MINT),18.6,0-25,false,held
2026-10-08T13:29:53.000Z,Magic: The Gathering Streets of New Capenna - Draft Booster (1 Booster Pack - Art May Vary),6.4,0-25,false,sold_back
2026-10-08T13:29:54.000Z,2021 Pokémon Celebrations Classic Collection #9 Team Magma's Groudon - Holo (PSA 9 MINT),19.8,0-25,false,sold_back
2026-10-08T13:29:54.000Z,2025 Pokémon Dri EN-Destined Rivals #139 Arven's Mabosstiff EX - Holo (CGC 10 PRISTINE),33.2,25-100,false,sold_back
2026-10-08T13:29:56.000Z,2023 Panini Zenith Z-Stars #23 CJ Stroud (PSA 8 NM-MT),13,0-25,false,held
2026-10-08T13:29:57.000Z,2023 Shiny Treasure ex #332/190 Paldean Clodsire ex - Shiny Super Rare Holo (CGC 10 GEM MINT),18.5,0-25,false,sold_back
2026-10-08T13:29:59.000Z,2020 Topps #292 Gavin Lux (PSA 10 GEM MINT),10,0-25,false,held
2026-10-08T13:29:59.000Z,2021 Shining Fates #050/072 Ditto V - Holo (CGC 10 GEM MINT),22.8,0-25,false,held
2026-10-08T13:30:00.000Z,2026 Topps #201 Kyle Teel - Team Color Border (PSA 9 MINT),25.6,25-100,false,held
2026-10-08T13:30:05.000Z,2022 VSTAR Universe #185/172 Deoxys - Art Rare Holo (CGC 9 MINT),13.3,0-25,false,sold_back
2026-10-08T13:30:05.000Z,Pokémon Scarlet & Violet Destined Rivals (1 Booster Pack - Art May Vary),10.7,0-25,false,sold_back
2026-10-08T13:30:05.000Z,Pokémon Sun & Moon Guardians Rising (1 Booster Pack - Art May Vary),39.9,25-100,false,sold_back
2026-10-08T13:30:06.000Z,2025 Glory of the Rocket Gang - sv10 #105/098 Team Rocket's Weezing - Art Rare Holo (CGC 10 PRISTINE),23.7,0-25,false,sold_back
2026-10-08T13:30:08.000Z,2021 Pokémon Sword & Shield Chilling Reign #057 Gengar - Holo Trick or Trade 2022 (PSA 9 MINT),21.2,0-25,false,held
2026-10-08T13:30:09.000Z,"1999 Gold, Silver, to a New World Arcade Game (CGC 8.5 NM-MT+)",21.5,0-25,false,sold_back
2026-10-08T13:30:09.000Z,2021 Pokémon Celebrations Classic Collection #93 Gardevoir EX - Holo Holo (PSA 9 MINT),25.7,25-100,false,sold_back
2026-10-08T13:30:11.000Z,2018 Panini Donruss #53 Kylian Mbappe - Optic (PSA 9 MINT),38.7,25-100,false,sold_back
2026-10-08T13:30:12.000Z,2016 Bowman Draft #BDC160 Rafael Devers - Chrome (PSA 10 GEM MINT),17.4,0-25,false,sold_back
2026-10-08T13:30:12.000Z,2021 Pokémon Celebrations #017 Groudon (PSA 9 MINT),19.1,0-25,false,sold_back
2026-10-08T13:30:12.000Z,2024 Panini Prizm Prizmatic #2 Drake Maye - Green Prizm (PSA 9 MINT),35,25-100,false,sold_back
2026-10-08T13:30:14.000Z,2025 Pokémon Simplified CBB3 C-Gem Pack Vol 3 #07 Greavard (PSA 10 GEM MINT),49.6,25-100,false,sold_back
2026-10-08T13:30:15.000Z,2022 Pokémon Sword & Shield Brilliant Stars #TG19 Single Strike Urshifu Vmax - Full Art (PSA 10 GEM MINT),61,25-100,false,sold_back
2026-10-08T13:30:18.000Z,2023 Black Star Promos - Scarlet & Violet SVP EN #214 Pikachu - Illustration Contest 2024 Winner (CGC 10 GEM MINT),40.8,25-100,false,sold_back
2026-10-08T13:30:20.000Z,2023 One Piece Japanese Promos #041 Monkey D. Luffy - One Piece Card Game 1st Anniversary Complete Guide (PSA 9 MINT),25.4,25-100,false,sold_back
2026-10-08T13:30:21.000Z,2021 McDonald's Collection 2021 #9/25 Charmander - Confetti Holo (CGC 8.5 NM-MT+),12.8,0-25,false,sold_back
2026-10-08T13:30:27.000Z,2025 Glory of the Rocket Gang - sv10 #118/098 Team Rocket's Persian ex - Super Rare Holo (CGC 10 PRISTINE),21.7,0-25,false,sold_back
2026-10-08T13:30:27.000Z,2025 Panini Donruss Rated Rookies Retro #1 Jaxson Dart (PSA 8 NM-MT),12.5,0-25,false,held
2026-10-08T13:30:29.000Z,2026 Pokémon M4-Ninja Spinner #117 Cinccino EX - Holo Special Art Rare (PSA 10 GEM MINT),41.5,25-100,false,held
2026-10-08T13:30:36.000Z,2017 Black Star Promos - Sword & Shield #SWSH248 Kleavor V - Holo Kleavor VSTAR Premium Collection (CGC 9 MINT),17.2,0-25,false,sold_back
2026-10-08T13:30:38.000Z,2016 Evolutions #15/108 Ninetales - Reverse Holo (CGC 8.5 NM-MT+),19.9,0-25,false,sold_back
2026-10-08T13:30:38.000Z,2025 One Piece PRB02-Premium Booster -One Piece Card the Best- Vol.2 #115 You're the One Who Should Disappear. - Alternate Art (PSA 9 MINT),17.7,0-25,false,sold_back
2026-10-08T13:30:42.000Z,1969 Topps #59 Dick Anderson (PSA 8 NM-MT),46.1,25-100,false,sold_back
2026-10-08T13:30:42.000Z,2021 VMAX Climax #202/184 Rockruff - Character Rare Holo (CGC 10 PRISTINE),14.2,0-25,false,sold_back
2026-10-08T13:30:44.000Z,2015 Pokémon XY Ancient Origins #21 Gyarados - Holo (PSA 7 NM),90,25-100,false,sold_back
2026-10-08T13:30:45.000Z,2025 Pokémon Pre EN-Prismatic Evolutions #014 Flareon EX - Holo Surprise Box Exclusive (CGC 9.5 MINT+),18.1,0-25,false,sold_back
2026-10-08T13:30:47.000Z,2021 Pokémon Sword & Shield Eevee Heroes #048 Umbreon Vmax - Full Art (PSA 10 GEM MINT),55,25-100,false,held
2026-10-08T13:30:50.000Z,2022 Pokémon GO #010/078 Charizard - Holo (CGC 9 MINT),18.2,0-25,false,sold_back
2026-10-08T13:30:53.000Z,2024 One Piece Premium Card Collection -Live Action Edition #047 Monkey D. Luffy (PSA 9 MINT),22,0-25,false,sold_back
2026-10-08T13:30:53.000Z,2024 Pokémon Simplified Cs5a C-Gallant Galaxy: Charm #001 Charmander (PSA 10 GEM MINT),55.8,25-100,false,sold_back
2026-10-08T13:30:54.000Z,2021 Celebrations - Classic Collection #2/102 Blastoise - Base Set Holo (CGC 9 MINT),13.7,0-25,false,held
2026-10-08T13:30:56.000Z,2019 Fusion Strike #276/264 Schoolboy - Rainbow Rare Holo (CGC 10 GEM MINT),17.1,0-25,false,held
2026-10-08T13:30:56.000Z,2021 Pokémon Sword & Shield Vmax Climax #234 Mimikyu Vmax - Full Art (PSA 10 GEM MINT),116.7,100-500,false,held
2026-10-08T13:30:57.000Z,2021 Pokémon Sword & Shield Evolving Skies #215 Umbreon Vmax - Full Art Secret (PSA 10 GEM MINT),3865.8,500+,false,held
2026-10-08T13:30:57.000Z,2024 Twilight Masquerade - TWM EN #180/167 Enamorus - Illustration Rare Holo (CGC 9 MINT),17.6,0-25,false,held
2026-10-08T13:31:03.000Z,1955 Topps All-Amer. #62 Harry Newman (PSA 6 EX-MT),22.5,0-25,false,sold_back
2026-10-08T13:31:03.000Z,2023 Pokémon Sv1a-Triplet Beat #091 Paldean Clodsire EX - Holo Super Rare (PSA 10 GEM MINT),29.3,25-100,false,sold_back
2026-10-08T13:31:08.000Z,2022 Panini Prizm World Cup Qatar #4 Julian Alvarez (PSA 10 GEM MINT),47.3,25-100,false,held
2026-10-08T13:31:11.000Z,2024 Panini Donruss Optic My House! #8 Drake Maye (PSA 9 MINT),22.9,0-25,false,sold_back
2026-10-08T13:31:12.000Z,Pokémon Sun & Moon Base Set (1 Booster Pack - Art May Vary),26.9,25-100,false,sold_back
2026-10-08T13:31:14.000Z,2025 Topps Heritage #1 Shohei Ohtani (PSA 8 NM-MT),26,25-100,false,sold_back
2026-10-08T13:31:17.000Z,2025 Bowman Very Important Prospects #VIP10 Max Clark (PSA 10 GEM MINT),28.6,25-100,false,held
2026-10-08T13:31:18.000Z,2022 One Piece Japanese Promos #001 Monkey D. Luffy - Championship Set 2022 Purchase Bonus (PSA 9 MINT),33.4,25-100,false,sold_back
2026-10-08T13:31:26.000Z,2016 Black Star Promos - Sun & Moon #SM171 Flareon GX - Holo (CGC 9 MINT),20.9,0-25,false,sold_back
2026-10-08T13:31:32.000Z,2023 Panini Mosaic Rookie Scripts #RSHH Hendon Hooker - No Huddle Gold (PSA 9 MINT),30,25-100,false,sold_back
2026-10-08T13:31:32.000Z,Magic: The Gathering Streets of New Capenna - Draft Booster (1 Booster Pack - Art May Vary),6.4,0-25,false,sold_back
2026-10-08T13:31:32.000Z,Pokémon Japanese Sun & Moon Full Metal Wall (1 Booster Pack - Art May Vary),14.4,0-25,false,sold_back
2026-10-08T13:31:33.000Z,2025 Pokémon Pre EN-Prismatic Evolutions #136 Eri - Ultra Rare (PSA 10 GEM MINT),52.8,25-100,false,held
2026-10-08T13:31:36.000Z,2022 Pokémon Sword & Shield Vstar Universe #054 Mew Vmax - Full Art (PSA 10 GEM MINT),50.8,25-100,false,sold_back
2026-10-08T13:31:36.000Z,2025 Pokémon M2a-Mega Dream EX #230 Mega Gengar EX - Holo Mega Attack Rare (PSA 10 GEM MINT),50.3,25-100,false,sold_back
2026-10-08T13:31:39.000Z,2024 High Class Pack: Terastal Fest ex - sv8a #201/187 Teal Mask Ogerpon ex - Special Art Rare Holo (CGC 10 PRISTINE),23.9,0-25,false,sold_back
2026-10-08T13:31:42.000Z,2019 Panini Prizm #266 Brandon Clarke (PSA 10 GEM MINT),12.9,0-25,false,held
2026-10-08T13:31:42.000Z,2023 Triplet Beat #082/073 Quaxwell - Art Rare Holo (CGC 10 GEM MINT),17.3,0-25,false,sold_back
2026-10-08T13:31:42.000Z,Magic: The Gathering Streets of New Capenna - Draft Booster (1 Booster Pack - Art May Vary),6.4,0-25,false,sold_back
2026-10-08T13:31:44.000Z,Pokémon Scarlet & Violet Destined Rivals (1 Booster Pack - Art May Vary),10.7,0-25,false,sold_back
2026-10-08T13:31:48.000Z,1990 Score #663 Frank Thomas (PSA 9 MINT),20.6,0-25,false,sold_back
2026-10-08T13:31:50.000Z,2025 Pokémon SV9-Battle Partners #110 Furret - Art Rare (PSA 10 GEM MINT),43.4,25-100,false,sold_back
2026-10-08T13:31:51.000Z,2025 Pokémon M1s-Mega Symphonia #074 Delibird - Art Rare (PSA 10 GEM MINT),23,0-25,false,held
2026-10-08T13:31:53.000Z,2024 Panini Prizm #365 Ladd McConkey - Lazer Prizm (PSA 9 MINT),22.3,0-25,false,sold_back
2026-10-08T13:31:53.000Z,Magic: The Gathering Tarkir: Dragonstorm - Play Booster (1 Booster Pack - Art May Vary),7.5,0-25,false,sold_back
2026-10-08T13:31:57.000Z,2024 Cyber Judge #044/071 Scizor ex - Holo (CGC 10 GEM MINT),13.3,0-25,false,held
2026-10-08T13:32:00.000Z,2022 One Piece Japanese 25th Anniversary Premium Card Collection #001 Roronoa Zoro (PSA 9 MINT),22.7,0-25,false,sold_back
2026-10-08T13:32:00.000Z,2023 Pokémon Sv2a-Pokemon 151 #177 Machoke - Art Rare (PSA 9 MINT),24,0-25,false,held
2026-10-08T13:32:09.000Z,2016 Topps Update #US287 Tim Anderson (PSA 10 GEM MINT),10,0-25,false,held
2026-10-08T13:32:09.000Z,2024 Pokémon Simplified Cs5a C-Gallant Galaxy: Charm #128 Lunatone - Art Rare (PSA 10 GEM MINT),47.9,25-100,false,sold_back
2026-10-08T13:32:11.000Z,1963 Topps #92 Hector Lopez (PSA 6 EX-MT),23.5,0-25,false,sold_back
2026-10-08T13:32:11.000Z,2024 Pokémon SV6-Transformation Mask #112 Tatsugiri - Art Rare (PSA 10 GEM MINT),48.6,25-100,false,sold_back
2026-10-08T13:32:12.000Z,2021 Panini Donruss #P254 Trey Lance - Optic Preview-Holo (PSA 10 GEM MINT),19.7,0-25,false,sold_back
2026-10-08T13:32:18.000Z,2024 Journey Together - JTG EN #121/159 Dudunsparce ex - Holo (CGC 9 MINT),22.8,0-25,false,held
2026-10-08T13:32:20.000Z,1987 Fleer #33 Dale Ellis (PSA 7 NM),11.9,0-25,false,sold_back
2026-10-08T13:32:20.000Z,1997 The Mystery of the Fossils Aerodactyl - Holo (CGC 7 NM),23.4,0-25,false,held
2026-10-08T13:32:21.000Z,2025 Pokémon SV9-Battle Partners #110 Furret - Art Rare (PSA 10 GEM MINT),43.4,25-100,false,sold_back
2026-10-08T13:32:27.000Z,2020 Vivid Voltage #049/185 Ampharos V - Holo (CGC 10 GEM MINT),22.3,0-25,false,held
2026-10-08T13:32:27.000Z,2025 Pokémon M1s-Mega Symphonia #066 Litleo - Art Rare (PSA 10 GEM MINT),36.3,25-100,false,sold_back
2026-10-08T13:32:29.000Z,2023 Panini Prizm #365 DE'Von Achane - Silver Prizm (PSA 9 MINT),19.7,0-25,false,sold_back
2026-10-08T13:32:29.000Z,2023 Topps Complete Set #102 Salvador Perez - 582 Montgomery Club (PSA 10 GEM MINT),25,25-100,false,held
2026-10-08T13:32:29.000Z,2025 Pokémon SV-P Promo #289 Fukuoka's Pikachu - Special Box Pokemon Center Fukuoka (PSA 9 MINT),73.6,25-100,false,sold_back
2026-10-08T13:32:30.000Z,2025 Inferno X - M2 #085/080 Piplup - Art Rare Holo (CGC 9 MINT),17.8,0-25,false,held
2026-10-08T13:32:30.000Z,2025 Topps #98 Paul Skenes (PSA 9 MINT),14.2,0-25,false,held
2026-10-08T13:32:32.000Z,1990 Donruss #4 Ken Griffey Jr - Diamond Kings (PSA 7 NM),10.6,0-25,false,sold_back
2026-10-08T13:32:33.000Z,2020 Bowman Paper Prospects #BP8 Jasson Dominguez (PSA 10 GEM MINT),10.9,0-25,false,sold_back
2026-10-08T13:32:44.000Z,2022 Panini Court Kings #86 Paolo Banchero (PSA 9 MINT),12.7,0-25,false,held
2026-10-08T13:32:44.000Z,2025 Mega Evolution - MEG EN #135/132 Exeggutor - Illustration Rare Holo (CGC 10 GEM MINT),22.5,0-25,false,held
2026-10-08T13:32:45.000Z,Brilliant Stars (1 Booster Pack - Art May Vary),19.6,0-25,false,held
2026-10-08T13:32:48.000Z,2024 Bowman Chrome University #48 Kon Knueppel (PSA 10 GEM MINT),53.6,25-100,false,sold_back
2026-10-08T13:32:48.000Z,2025 Pokémon Blk EN-Black Bolt #113 Tynamo - Illustration Rare (PSA 10 GEM MINT),293.4,100-500,false,sold_back
2026-10-08T13:32:48.000Z,2025 Pokémon Meg EN-Mega Evolution #185 LT. Surge's Bargain - Special Illustration Rare (PSA 8 NM-MT),17.1,0-25,false,sold_back
2026-10-08T13:32:50.000Z,2025 White Flare - WHT EN #005/086 Whimsicott ex - Holo (CGC 10 GEM MINT),12.6,0-25,false,sold_back
2026-10-08T13:32:51.000Z,2024 Topps Now Olympic Games #22 Steph Curry (PSA 9 MINT),40,25-100,false,held
2026-10-08T13:32:51.000Z,2025 Pokémon Simplified CBB3 C-Gem Pack Vol 3 #07 Cubone (PSA 10 GEM MINT),432.3,100-500,false,sold_back
2026-10-08T13:32:53.000Z,2024 Stellar Miracle #117/102 Lapras ex - Super Rare Holo (CGC 10 PRISTINE),29.6,25-100,false,held
2026-10-08T13:32:56.000Z,2017 Panini Prizm #109 John Collins (PSA 9 MINT),10.6,0-25,false,held
2026-10-08T13:33:03.000Z,2026 Topps Mega Celebration Box 8 Bit Ballers #10 Aaron Judge (PSA 9 MINT),25.4,25-100,false,sold_back
2026-10-08T13:33:08.000Z,"Darkwing Duck #1 CGC 9.8 White Pages (Dynamite Entertainment, 2023) - Universal Spectral Comics Convention Edition",61.333333,25-100,false,sold_back
2026-10-08T13:33:08.000Z,"Ka-Zar Lord of the Savage Land #5 CGC 9.8 White Pages (Marvel Comics, 4/22) - Universal Acuna Variant Cover",25,25-100,false,sold_back
2026-10-08T13:33:09.000Z,2019 Bowman Platinum Platinum Presence #PP-2 Vladimir Guerrero Jr. (PSA 10 GEM MINT),22.4,0-25,false,sold_back
2026-10-08T13:33:09.000Z,2025 Pokémon M2-Inferno X #094 Mega Charizard X EX - Holo Super Rare (PSA 9 MINT),32.3,25-100,false,sold_back
2026-10-08T13:33:11.000Z,Brilliant Stars (1 Booster Pack - Art May Vary),19.6,0-25,false,sold_back
2026-10-08T13:33:14.000Z,2021 Pokémon Celebrations #010 Zekrom (PSA 8 NM-MT),19.7,0-25,false,sold_back
2026-10-08T13:33:17.000Z,2023 Bowman Draft #BDC14 Paul Skenes - Chrome (PSA 8 NM-MT),14.9,0-25,false,held
2026-10-08T13:33:20.000Z,2023 Panini Donruss #194 Ichiro - Career Stat Line (PSA 8 NM-MT),15,0-25,false,sold_back
2026-10-08T13:33:21.000Z,2024 Pokémon SV7-Stellar Miracle #131 Lacey - Special Art Rare (PSA 10 GEM MINT),78.3,25-100,false,sold_back
2026-10-08T13:33:26.000Z,1987 Topps #296 Randall Cunningham (PSA 9 MINT),60.3,25-100,false,sold_back
2026-10-08T13:33:29.000Z,2015 Topps Heritage Minor League #112 Gleyber Torres (PSA 10 GEM MINT),13.5,0-25,false,sold_back
2026-10-08T13:33:30.000Z,Pokémon Scarlet & Violet Destined Rivals (1 Booster Pack - Art May Vary),10.7,0-25,false,sold_back
2026-10-08T13:33:30.000Z,Pokémon Scarlet & Violet Destined Rivals (1 Booster Pack - Art May Vary),10.7,0-25,false,sold_back
2026-10-08T13:33:33.000Z,2026 Chaos Rising - CRI EN #087/086 Chespin - Illustration Rare Holo (CGC 10 GEM MINT),18.9,0-25,false,held
2026-10-08T13:33:35.000Z,2024 High Class Pack: Terastal Fest ex - sv8a #219/187 Pecharunt ex - Special Art Rare Holo (CGC 10 GEM MINT),12.2,0-25,false,sold_back
2026-10-08T13:33:35.000Z,2025 Phantasmal Flames - PFL EN #013/094 Mega Charizard X ex - Holo (CGC 10 GEM MINT),21.9,0-25,false,held
2026-10-08T13:33:39.000Z,Magic: The Gathering Streets of New Capenna - Draft Booster (1 Booster Pack - Art May Vary),6.4,0-25,false,sold_back
2026-10-08T13:33:42.000Z,1990 Fleer #639 Johnson/Sandberg (PSA 9 MINT),15,0-25,false,held
2026-10-08T13:33:42.000Z,2021 Eevee Heroes #048/069 Umbreon VMAX - Holo (CGC 10 PRISTINE),42.5,25-100,false,held
2026-10-08T13:33:42.000Z,"Detective Comics #535 CGC 9.8 White Pages (DC Comics, 2/84) - Universal",57.4,25-100,false,held
2026-10-08T13:33:45.000Z,Pokémon Scarlet & Violet Destined Rivals (1 Booster Pack - Art May Vary),10.7,0-25,false,held
2026-10-08T13:33:47.000Z,2024 Topps Chrome Update Stratospheric Stars #14 Paul Skenes (PSA 8 NM-MT),10.1,0-25,false,held
2026-10-08T13:33:47.000Z,2025 Pokémon Meg EN-Mega Evolution #180 Mega Absol EX - Holo Special Illustration Rare (PSA 10 GEM MINT),99.2,25-100,false,sold_back
2026-10-08T13:33:47.000Z,Pokémon Scarlet & Violet Destined Rivals (1 Booster Pack - Art May Vary),10.7,0-25,false,sold_back
2026-10-08T13:33:48.000Z,2026 Pokémon M3-Nullifying Zero #090 Drapion - Art Rare (PSA 10 GEM MINT),25.3,25-100,false,sold_back
2026-10-08T13:33:50.000Z,2024 Journey Together - JTG EN #114/159 Salamence ex - Holo (CGC 9 MINT),10.6,0-25,false,sold_back
2026-10-08T13:33:50.000Z,2025 Pokémon Meg EN-Mega Evolution #157 Mega Abomasnow EX - Holo Ultra Rare (PSA 10 GEM MINT),36.5,25-100,false,sold_back
2026-10-08T13:33:54.000Z,2021 Pokémon 25th Anniversary Collection #001 Pikachu - Full Art (PSA 9 MINT),19.7,0-25,false,held
2026-10-08T13:33:54.000Z,2021 Pokémon Sword & Shield Eevee Heroes #058 Eevee (PSA 10 GEM MINT),35.8,25-100,false,held
2026-10-08T13:34:00.000Z,2023 Panini Mosaic #282 Anthony Richardson - Camo Pink (PSA 10 GEM MINT),10.7,0-25,false,sold_back
2026-10-08T13:34:00.000Z,2024 Panini Prizm Draft Picks Fearless #24 Caitlin Clark (PSA 9 MINT),36.1,25-100,false,sold_back
2026-10-08T13:34:00.000Z,Magic: The Gathering FINAL FANTASY - Collector Booster Sample (1 Booster Pack - Art May Vary),14.6,0-25,false,sold_back
2026-10-08T13:34:02.000Z,2025 Pokémon M1s-Mega Symphonia #074 Delibird - Art Rare (PSA 10 GEM MINT),23,0-25,false,sold_back
2026-10-08T13:34:03.000Z,2024 Panini Donruss #349 Jordan Travis - Optic Preview-Red Pandora (PSA 9 MINT),13,0-25,false,held
2026-10-08T13:34:05.000Z,1989 Hoops #138 David Robinson (PSA 7 NM),12.6,0-25,false,held
2026-10-08T13:34:05.000Z,2022 Pokémon Sword & Shield Dark Phantasma #074 Gengar - Full Art (PSA 10 GEM MINT),90.8,25-100,false,sold_back
2026-10-08T13:34:05.000Z,2024 Topps Update #US13 Shohei Ohtani/Yoshinobu Yamamoto (PSA 9 MINT),24.8,0-25,false,held
2026-10-08T13:34:05.000Z,2025 Black Bolt - BLK EN #003/086 Serperior ex - Holo (CGC 9.5 MINT+),22.4,0-25,false,sold_back
2026-10-08T13:34:09.000Z,2026 Chaos Rising - CRI EN #092/086 Claydol - Illustration Rare Holo (CGC 10 GEM MINT),18.5,0-25,false,held
2026-10-08T13:34:11.000Z,2023 Crown Zenith #037/159 Kyogre V - Holo (CGC 10 GEM MINT),20.8,0-25,false,sold_back
2026-10-08T13:34:11.000Z,2023 Snow Hazard #076/071 Arctibax - Art Rare Holo (CGC 10 PRISTINE),17.4,0-25,false,held
2026-10-08T13:34:12.000Z,2024 One Piece Japanese Promos #041 Monkey D. Luffy - One Piece Emotion (PSA 8 NM-MT),22.5,0-25,false,sold_back
2026-10-08T13:34:14.000Z,Magic: The Gathering Avatar: The Last Airbender - Jumpstart Booster (1 Booster Pack - Art May Vary),6.1,0-25,false,held
2026-10-08T13:34:14.000Z,Pokémon Scarlet & Violet Destined Rivals (1 Booster Pack - Art May Vary),10.7,0-25,false,sold_back
2026-10-08T13:34:15.000Z,Pokémon Japanese Sun & Moon Full Metal Wall (1 Booster Pack - Art May Vary),14.4,0-25,false,sold_back
2026-10-08T13:34:17.000Z,2022 Silver Tempest #015/195 Chesnaught V - Holo (CGC 9 MINT),13.9,0-25,false,sold_back
2026-10-08T13:34:18.000Z,Magic: The Gathering Avatar: The Last Airbender - Jumpstart Booster (1 Booster Pack - Art May Vary),6.1,0-25,false,sold_back
2026-10-08T13:34:20.000Z,2026 Pokémon Asc EN-Ascended Heroes #233 Misdreavus - Illustration Rare (PSA 10 GEM MINT),48.6,25-100,false,sold_back
2026-10-08T13:34:21.000Z,2016 Evolutions #51/108 Mewtwo (CGC 9 MINT),23.4,0-25,false,held
2026-10-08T13:34:21.000Z,2023 Obsidian Flames - OBF EN #164/197 Pidgeot ex - Holo (CGC 10 GEM MINT),20,0-25,false,sold_back
2026-10-08T13:34:23.000Z,2019 Panini Hoops Premium Stock #1 Trae Young - Pulsar (PSA 9 MINT),11,0-25,false,held
2026-10-08T13:34:23.000Z,2021 Pokémon Sword & Shield Vmax Climax #215 Orbeetle Vmax - Full Art (PSA 10 GEM MINT),38.4,25-100,false,sold_back
2026-10-08T13:34:27.000Z,2022 VSTAR Universe #177/172 Lapras - Art Rare Holo (CGC 9.5 MINT+),17.2,0-25,false,held
2026-10-08T13:34:29.000Z,2025 Mega Evolution - MEG EN #161/132 Mega Absol ex - Ultra Rare Holo (CGC 10 GEM MINT),19,0-25,false,held
2026-10-08T13:34:35.000Z,2025 Panini Prizm Emergent #6 Jaxson Dart (PSA 8 NM-MT),11.5,0-25,false,held
2026-10-08T13:34:36.000Z,1985 Topps All-Star Glossy Set of 22 #4 Mike Schmidt (PSA 8 NM-MT),12.7,0-25,false,sold_back
2026-10-08T13:34:38.000Z,Magic: The Gathering Bloomburrow - Play Booster (1 Booster Pack - Art May Vary),10.1,0-25,false,sold_back
2026-10-08T13:34:39.000Z,2026 One Piece Japanese Premium Card Collection Kumamoto Prefecture Special Don!! Card - Jinbe (PSA 9 MINT),15,0-25,false,sold_back
2026-10-08T13:34:47.000Z,2025 Mega Evolution - MEG EN #104/132 Mega Kangaskhan ex - Holo (CGC 10 GEM MINT),21.2,0-25,false,sold_back
2026-10-08T13:34:56.000Z,2000 Pokémon Gym Challenge #21 Blaine's Ninetales (PSA 9 MINT),75,25-100,false,sold_back
2026-10-08T13:34:56.000Z,2025 Pokémon M2a-Mega Dream EX #235 Mega Eelektross EX - Holo Special Art Rare (PSA 10 GEM MINT),43.3,25-100,false,held
2026-10-08T13:34:56.000Z,Magic: The Gathering Streets of New Capenna - Draft Booster (1 Booster Pack - Art May Vary),6.4,0-25,false,sold_back
2026-10-08T13:34:57.000Z,2024 Journey Together - JTG EN #051/159 Tapu Koko ex - Holo (CGC 8.5 NM-MT+),12.8,0-25,false,sold_back
2026-10-08T13:34:57.000Z,2025 Heat Wave Arena - sv9a #072/063 Misty's Lapras - Art Rare Holo (CGC 9.5 MINT+),21.1,0-25,false,held
2026-10-08T13:35:02.000Z,Magic: The Gathering Tarkir: Dragonstorm - Play Booster (1 Booster Pack - Art May Vary),7.5,0-25,false,sold_back
2026-10-08T13:35:05.000Z,"2023 Trading Card Game Classic - CLF, CLL, CLK #002/032 Ivysaur - Venusaur & Lugia ex Deck - CLF Holo (CGC 8.5 NM-MT+)",12.9,0-25,false,held
2026-10-08T13:35:06.000Z,2023 Clay Burst #075/071 Sandygast - Art Rare Holo (CGC 10 PRISTINE),19.8,0-25,false,sold_back
2026-10-08T13:35:08.000Z,2023 Panini Select Thunder Lane #5 Victor Wembanyama - Silver Prizm (PSA 9 MINT),108,100-500,false,sold_back
2026-10-08T13:35:08.000Z,2023 Pokémon Card 151 #094/165 Gengar - Reverse Holo Poke Ball (CGC 9 MINT),20.3,0-25,false,sold_back
2026-10-08T13:35:08.000Z,2024 Topps Chrome Future Stars Autographs #FSALM Ladd McConkey (PSA 9 MINT),62.2,25-100,false,sold_back
2026-10-08T13:35:12.000Z,2022-23 Topps Chrome UEFA Club Competitions #52 Mykhailo Mudryk - Aqua Lava (PSA 10 GEM MINT),21.5,0-25,false,held
2026-10-08T13:35:14.000Z,2022 Silver Tempest #059/195 Radiant Alakazam - Holo (CGC 10 GEM MINT),26.9,25-100,false,sold_back
2026-10-08T13:35:14.000Z,2026 One Piece OP14-EB04-the Azure Sea's Seven #033 Perona (PSA 9 MINT),20.5,0-25,false,held
2026-10-08T13:35:15.000Z,2023 Triplet Beat #076/073 Floragato - Art Rare Holo (CGC 10 GEM MINT),22.4,0-25,false,held
2026-10-08T13:35:15.000Z,2026 Pokémon Por EN-Perfect Order #021 Mega Starmie EX - Holo (PSA 10 GEM MINT),32.4,25-100,false,held
2026-10-08T13:35:17.000Z,2025 Topps Chrome Update #160 Kumar Rocker - Gold Lava (PSA 9 MINT),42.7,25-100,false,sold_back
2026-10-08T13:35:21.000Z,Pokemon Sun & Moon Tag Team GX Dream League (1 Booster Pack - Art May Vary),42,25-100,false,held
2026-10-08T13:35:27.000Z,2025 Black Star Promos - Mega Evolution MEP EN #012 Mega Lucario ex - Mega Lucario ex Figure Collection (Holo) (CGC 9.5 MINT+),18.1,0-25,false,held
2026-10-08T13:35:30.000Z,2025 Pokémon Dri EN-Destined Rivals #224 Team Rocket's Ariana - Ultra Rare (PSA 10 GEM MINT),39.5,25-100,false,sold_back
2026-10-08T13:35:36.000Z,2022 Pokémon Sword & Shield Lost Abyss #080 Giratina V - Holo (PSA 10 GEM MINT),33.2,25-100,false,sold_back
2026-10-08T13:35:36.000Z,"Godzilla #21 CGC 9.6 Off-white to White Pages (Marvel Comics, 4/79) - Universal",67.366667,25-100,false,sold_back
2026-10-08T13:35:36.000Z,"Infinity Inc. #16 CGC 8.5 White Pages (DC Comics, 7/85) - Universal",35,25-100,false,sold_back
2026-10-08T13:35:42.000Z,Pokémon Celebrations (1 Booster Pack - Art May Vary),37.9,25-100,false,held
2026-10-08T13:35:44.000Z,2001 Neo Discovery #57/75 Larvitar (CGC 8.5 NM-MT+),12.9,0-25,false,sold_back
2026-10-08T13:35:53.000Z,1982 Topps #780 Pete Rose (PSA 7 NM),11.7,0-25,false,held
2026-10-08T13:35:53.000Z,2020 Panini Mosaic #203 Tua Tagovailoa - Reactive Orange (PSA 9 MINT),14,0-25,false,sold_back
2026-10-08T13:35:53.000Z,2025 Pokémon Pfl EN-Phantasmal Flames #102 Paldean Wooper - Illustration Rare (PSA 9 MINT),20.9,0-25,false,held
2026-10-08T13:35:54.000Z,2025 Destined Rivals - DRI EN #201/182 Zamazenta - Illustration Rare Holo (CGC 10 GEM MINT),24.3,0-25,false,sold_back
2026-10-08T13:35:56.000Z,2024 Bowman Draft #BD22 Konnor Griffin (PSA 9 MINT),11.7,0-25,false,held
2026-10-08T13:35:59.000Z,1990 Donruss #4 Ken Griffey Jr - Diamond Kings (PSA 7 NM),10.6,0-25,false,held
2026-10-08T13:35:59.000Z,2020 Topps Update #U113 Devin Williams (PSA 9 MINT),12.8,0-25,false,held
2026-10-08T13:36:06.000Z,2025 Pokémon M2a-Mega Dream EX #198 Numel - Art Rare (PSA 10 GEM MINT),21.5,0-25,false,sold_back
2026-10-08T13:36:11.000Z,2025 Pokémon Mbg-Mega Starter Set Mega Gengar EX #022 Haunter (PSA 9 MINT),29.5,25-100,false,sold_back
2026-10-08T13:36:12.000Z,2023 Pokémon Sv2a-Pokémon Card 151 #173 Pikachu - Art Rare (PSA 10 GEM MINT),98.9,25-100,false,held
2026-10-08T13:36:15.000Z,1992 Fleer #713 Dave Justice (PSA 8 NM-MT),16.4,0-25,false,sold_back
2026-10-08T13:36:15.000Z,2021 Eevee Heroes #015/069 Vaporeon V - Holo (CGC 10 GEM MINT),14.3,0-25,false,sold_back
2026-10-08T13:36:17.000Z,2023 Triplet Beat #084/073 Paldean Tauros - Art Rare Holo (CGC 10 PRISTINE),20.9,0-25,false,held
2026-10-08T13:36:20.000Z,2022 Panini Prizm Color Blast #CB1 Fernando Tatis Jr. (PSA 9 MINT),195,100-500,false,sold_back
2026-10-08T13:36:23.000Z,1990 Topps #2 Nolan Ryan - Mets (PSA 9 MINT),20.4,0-25,false,sold_back
2026-10-08T13:36:24.000Z,2025 One Piece OP13-Carrying on His Will #108 Jewelry Bonney (PSA 9 MINT),18,0-25,false,sold_back
2026-10-08T13:36:27.000Z,"2023 Trading Card Game Classic - CLF, CLL, CLK #028/032 Pokémon Nurse - Venusaur & Lugia ex Deck - CLF Holo (CGC 10 GEM MINT)",19.3,0-25,false,sold_back
2026-10-08T13:36:30.000Z,2024 Pokémon Sv8a-Terastal Fest EX #209 Jolteon EX - Holo Special Art Rare (PSA 10 GEM MINT),84,25-100,false,sold_back
2026-10-08T13:36:35.000Z,2024 Super Electric Breaker - sv8 #115/106 Phanpy - Art Rare Holo (CGC 10 PRISTINE),18.9,0-25,false,held
2026-10-08T13:36:36.000Z,2022 Pokémon Charizard Vstar VS Rayquaza Vmax Special Deck Set #001 Charizard V - Holo (PSA 9 MINT),23.2,0-25,false,sold_back
2026-10-08T13:36:36.000Z,2022 Topps UEFA CC #101 Marco Da Graca - Icy Aqua Foil (CGC 10 PRISTINE),42,25-100,false,sold_back
2026-10-08T13:36:38.000Z,2018 Fairy Rise #025/050 Alolan Ninetales GX - Holo (CGC 10 GEM MINT),20.8,0-25,false,sold_back
2026-10-08T13:36:44.000Z,2019 Old Maid (Red Back) Pidgey (CGC 10 PRISTINE),13.4,0-25,false,sold_back
2026-10-08T13:36:44.000Z,2025 Bowman Chrome Sapphire Edition Prospects #153 Josuar Gonzalez (PSA 9 MINT),32.9,25-100,false,sold_back
2026-10-08T13:36:48.000Z,Seleucid Kingdom GREEK COINAGE AR Tetradrachm NGC ChVF,412.5,100-500,false,sold_back
2026-10-08T13:36:50.000Z,2025 Pokémon M2a-Mega Dream EX #230 Mega Gengar EX - Holo Mega Attack Rare (PSA 10 GEM MINT),50.3,25-100,false,sold_back
2026-10-08T13:36:50.000Z,Pokémon Sun & Moon Burning Shadows (1 Booster Pack - Art May Vary),35,25-100,false,sold_back
2026-10-08T13:36:51.000Z,2023 Panini Prizm #327 Sean Clifford - Variation-No Huddle (PSA 9 MINT),11.7,0-25,false,held
2026-10-08T13:36:51.000Z,2025 One Piece Promos #109 Monkey D. Luffy - Illustration Box Vol.3 (PSA 9 MINT),22.8,0-25,false,sold_back
2026-10-08T13:36:53.000Z,2025 Inferno X - M2 #085/080 Piplup - Art Rare Holo (CGC 9 MINT),17.8,0-25,false,sold_back
2026-10-08T13:36:53.000Z,2025 Panini Select #54 Shedeur Sanders - Silver Prizm (PSA 9 MINT),20.1,0-25,false,sold_back
2026-10-08T13:36:54.000Z,1995 Studio #32 Manny Ramirez - Gold (PSA 9 MINT),10.5,0-25,false,held
2026-10-08T13:36:54.000Z,2019 Panini Prizm #256 Cam Reddish (PSA 10 GEM MINT),10.1,0-25,false,held
2026-10-08T13:36:57.000Z,1966 Topps #566 Mike Cuellar (PSA 8 NM-MT),76.3,25-100,false,sold_back
2026-10-08T13:36:57.000Z,2012 SP Authentic #1 Michael Jordan (PSA 8 NM-MT),25.5,25-100,false,held
2026-10-08T13:37:00.000Z,2026 Pokémon Asc EN-Ascended Heroes #152 Mega Dragonite EX - Holo (PSA 10 GEM MINT),50.6,25-100,false,held
2026-10-08T13:37:02.000Z,2020 Pokémon Sword & Shield Shiny Star V #036 Kyogre (PSA 10 GEM MINT),45.6,25-100,false,sold_back
2026-10-08T13:37:02.000Z,Pokémon Scarlet & Violet 151 (1 Booster Pack - Art May Vary),33.6,25-100,false,sold_back
2026-10-08T13:37:03.000Z,2025 One Piece Japanese Premium Card Collection -Best Selection Vol.4 #077 Gum-Gum Lightning (PSA 9 MINT),12.6,0-25,false,held
2026-10-08T13:37:08.000Z,2021-2022 Upper Deck #711 John-Jason Peterka (PSA 9 MINT),17.6,0-25,false,sold_back
2026-10-08T13:37:09.000Z,Pokémon Scarlet & Violet Destined Rivals (1 Booster Pack - Art May Vary),10.7,0-25,false,held
2026-10-08T13:37:12.000Z,Pokémon Scarlet & Violet Destined Rivals (1 Booster Pack - Art May Vary),10.7,0-25,false,sold_back
2026-10-08T13:37:14.000Z,2023 One Piece Japanese OP04-Kingdoms of Intrigue #064 MS. All Sunday (PSA 10 GEM MINT),44.5,25-100,false,sold_back
2026-10-08T13:37:15.000Z,2025 Pokémon M2a-Mega Dream EX #127 Rayquaza - Reverse Holo (PSA 10 GEM MINT),58.2,25-100,false,sold_back
2026-10-08T13:37:17.000Z,2023 Pokémon Par EN-Paradox Rift #252 Gholdengo EX - Holo Special Illustration Rare (PSA 9 MINT),43.2,25-100,false,sold_back
2026-10-08T13:37:20.000Z,2025 Pokémon M2-Inferno X #106 Dawn - Super Rare (PSA 9 MINT),19.6,0-25,false,sold_back
2026-10-08T13:37:21.000Z,1952 Bowman Large #38 Keever Jankovich (PSA 2 GOOD),23.2,0-25,false,sold_back
2026-10-08T13:37:21.000Z,1988 Topps Traded #42T Mark Grace (PSA 9 MINT),23.2,0-25,false,sold_back
2026-10-08T13:37:21.000Z,2023 Panini Prizm #365 DE'Von Achane - Silver Prizm (PSA 9 MINT),19.7,0-25,false,held
2026-10-08T13:37:21.000Z,2025 Pokémon M2a-Mega Dream EX #237 Team Rocket's Mewtwo EX - Holo Special Art Rare (PSA 9 MINT),95.9,25-100,false,sold_back
2026-10-08T13:37:24.000Z,2025 Topps Chrome #263 Derik Queen - X-Fractor (PSA 8 NM-MT),11.5,0-25,false,sold_back
2026-10-08T13:37:24.000Z,Pokémon Scarlet & Violet Destined Rivals (1 Booster Pack - Art May Vary),10.7,0-25,false,sold_back
2026-10-08T13:37:33.000Z,2024 Pokémon Sv8a-Terastal Fest EX #223 Eevee EX - Holo Special Art Rare (PSA 10 GEM MINT),88.3,25-100,false,held
2026-10-08T13:37:36.000Z,2023 Pokémon Mew EN-151 #203 Erika's Invitation - Special Illustration Rare (PSA 9 MINT),21.2,0-25,false,held
2026-10-08T13:37:39.000Z,1996 Hoops #20 Michael Jordan (PSA 9 MINT),81.6,25-100,false,sold_back
2026-10-08T13:37:41.000Z,Pokemon Sun & Moon Tag Team GX Dream League (1 Booster Pack - Art May Vary),42,25-100,false,sold_back
2026-10-08T13:37:44.000Z,2021 Start Deck 100 #421/414 Galarian Zapdos V - Holo (CGC 10 GEM MINT),25.2,25-100,false,sold_back
2026-10-08T13:37:47.000Z,2018 Panini Prizm #288 Devonte' Graham (PSA 10 GEM MINT),10.4,0-25,false,held
2026-10-08T13:37:47.000Z,2023 Pokémon Mew EN-151 #169 Charmeleon - Illustration Rare (PSA 9 MINT),78.9,25-100,false,sold_back
2026-10-08T13:37:47.000Z,2025 Pokémon M2a-Mega Dream EX #211 Dreepy - Art Rare (PSA 10 GEM MINT),27,25-100,false,sold_back
2026-10-08T13:37:59.000Z,2024 One Piece OP06-Wings of the Captain #106 Kozuki Hiyori - Alternate Art (PSA 8 NM-MT),22.5,0-25,false,sold_back
2026-10-08T13:38:00.000Z,2025 Pokémon M2a-Mega Dream EX #245 Steven's Metagross EX - Holo Special Art Rare (PSA 10 GEM MINT),61.1,25-100,false,sold_back
2026-10-08T13:38:00.000Z,2025 White Flare - sv11W #164/086 Bouffalant ex - Super Rare Holo (CGC 10 PRISTINE),24.8,0-25,false,sold_back
2026-10-08T13:38:03.000Z,2021 Evolving Skies #110/203 Rayquaza V - Holo (CGC 9.5 MINT+),21.5,0-25,false,sold_back
2026-10-08T13:38:06.000Z,1984 Topps Traded #36T Darrell Evans (PSA 10 GEM MINT),140.9,100-500,false,held
2026-10-08T13:38:08.000Z,2024 Panini Obsidian #85 Luka Doncic - Electric Etch Orange Flood (PSA 8 NM-MT),86.7,25-100,false,sold_back
2026-10-08T13:38:17.000Z,2026 Pokémon Mep EN-Me Black Star Promo #030 Mega Charizard Y EX - Holo Mega Charizard Tin (PSA 9 MINT),21.5,0-25,false,sold_back
2026-10-08T13:38:20.000Z,Pokemon Sun & Moon Tag Team GX Dream League (1 Booster Pack - Art May Vary),42,25-100,false,sold_back
2026-10-08T13:38:21.000Z,2021 Eevee Heroes #047/069 Umbreon V - Holo (CGC 10 GEM MINT),21.1,0-25,false,sold_back
2026-10-08T13:38:21.000Z,2024 Topps #122 Cal Raleigh (PSA 10 GEM MINT),57,25-100,false,sold_back
2026-10-08T13:38:21.000Z,2026 One Piece OP14-EB04-the Azure Sea's Seven #033 Perona (PSA 9 MINT),20.5,0-25,false,sold_back
2026-10-08T13:38:35.000Z,2023 Pokémon Sv2a-Pokémon Card 151 #175 Psyduck - Art Rare (PSA 10 GEM MINT),77.2,25-100,false,sold_back
2026-10-08T13:38:35.000Z,2023 Upper Deck #486 Kevin Korchinski (PSA 9 MINT),17.8,0-25,false,sold_back
2026-10-08T13:38:35.000Z,2025 Phantasmal Flames - PFL EN #061/094 Mega Sharpedo ex - Holo (CGC 10 GEM MINT),17.1,0-25,false,sold_back
2026-10-08T13:38:36.000Z,1987 Donruss #66 Will Clark (PSA 10 GEM MINT),86,25-100,false,held
2026-10-08T13:38:36.000Z,2023 Violet ex #079/078 Tarountula - Art Rare Holo (CGC 10 GEM MINT),13.5,0-25,false,sold_back
2026-10-08T13:38:36.000Z,2025 Mega Symphonia - M1S #065/063 Ninjask - Art Rare Holo (CGC 9.5 MINT+),11.1,0-25,false,sold_back
2026-10-08T13:38:42.000Z,2026 One Piece Promos #074 Portgas D. Ace - Tin Pack Set Vol.2 (PSA 8 NM-MT),19.5,0-25,false,sold_back
2026-10-08T13:38:51.000Z,1985 Topps #181 Roger Clemens (BGS 7.5 NM+),17.2,0-25,false,held
2026-10-08T13:38:56.000Z,Pokémon Scarlet & Violet Destined Rivals (1 Booster Pack - Art May Vary),10.7,0-25,false,redeemed
2026-10-08T13:38:57.000Z,2026 Pokémon Por EN-Perfect Order #120 Mega Zygarde EX - Holo Special Illustration Rare (PSA 9 MINT),49.1,25-100,false,sold_back
2026-10-08T13:38:59.000Z,"2023 Trading Card Game Classic - CLV, CLC, CLB #016/034 Snorlax - Venusaur & Lugia ex Deck - CLV Holo (CGC 9.5 MINT+)",25.4,25-100,false,sold_back
2026-10-08T13:39:02.000Z,2023 Pokémon Sv4a-Shiny Treasure EX #339 Palafin - Art Rare (PSA 10 GEM MINT),38.3,25-100,false,sold_back
2026-10-08T13:39:05.000Z,2020 Topps Now Bundesliga #45 Youssoufa Moukoko (PSA 10 GEM MINT),10.8,0-25,false,held
2026-10-08T13:39:05.000Z,2025 Pokémon Meg EN-Mega Evolution #151 Spearow - Illustration Rare (PSA 10 GEM MINT),48.6,25-100,false,sold_back
2026-10-08T13:39:05.000Z,2026 Topps Now #CTAT Carnell Tate (PSA 10 GEM MINT),150,100-500,false,held
2026-10-08T13:39:06.000Z,1999 Fossil #38/62 Kingler - 1st Edition 1st Edition (CGC 9 MINT),19.6,0-25,false,held
2026-10-08T13:39:06.000Z,2024 Pokémon Ssp EN-Surging Sparks #237 Milotic EX - Holo Special Illustration Rare (PSA 9 MINT),110.5,100-500,false,sold_back
2026-10-08T13:39:15.000Z,2006 EX Legend Maker #47/92 Weepinbell (CGC 10 GEM MINT),19.2,0-25,false,sold_back
2026-10-08T13:39:15.000Z,2023 Topps Chrome #1 Adley Rutschman - Refractor (PSA 10 GEM MINT),25.7,25-100,false,sold_back
2026-10-08T13:39:17.000Z,2024 Topps Update Mystical #MYS7 Jasson Dominguez - Black (PSA 10 GEM MINT),24.6,0-25,false,sold_back
2026-10-08T13:39:18.000Z,Pokémon Scarlet & Violet Destined Rivals (1 Booster Pack - Art May Vary),10.7,0-25,false,redeemed
2026-10-08T13:39:21.000Z,2009 Pokémon Beat of the Frontier #079 Rayquaza C LV.X - 1st Edition Holo (PSA 10 GEM MINT),6093.9,500+,false,held
2026-10-08T13:39:21.000Z,2018 Bowman Chrome Prospects Autographs #BCPATF Tyler Freeman (PSA 10 GEM MINT),11.9,0-25,false,held
2026-10-08T13:39:24.000Z,2022 VSTAR Universe #229/172 Hisuian Samurott V - Special Art Rare Holo (CGC 10 GEM MINT),19.8,0-25,false,sold_back
2026-10-08T13:39:26.000Z,2025 Pokémon M2a-Mega Dream EX #205 Team Rocket's Mimikyu - Art Rare (PSA 9 MINT),22.9,0-25,false,sold_back
2026-10-08T13:39:30.000Z,2025 Pokémon Mbg-Mega Starter Set Mega Gengar EX #022 Haunter (PSA 9 MINT),29.5,25-100,false,sold_back
2026-10-08T13:39:36.000Z,2019 Pokémon Sun & Moon Dream League #028 Mimikyu (PSA 9 MINT),34.4,25-100,false,sold_back
2026-10-08T13:39:38.000Z,2025 Pokémon Meg EN-Mega Evolution #133 Bulbasaur - Enhanced Booster Box Topper (PSA 8 NM-MT),18.3,0-25,false,sold_back
2026-10-08T13:39:39.000Z,2016 Pokémon XY Evolutions #102 M Blastoise EX - Holo Full Art (PSA 9 MINT),83.1,25-100,false,sold_back
2026-10-08T13:39:41.000Z,2025 Black Bolt - BLK EN #001/086 Snivy - Unova Poster Collection (Tinsel Holo) (CGC 9.5 MINT+),12.2,0-25,false,sold_back
2026-10-08T13:39:42.000Z,1972 Topps #80 Rod Gilbert (PSA 9 MINT),20.5,0-25,false,sold_back
2026-10-08T13:39:42.000Z,2025 Battle Partners - sv9 #117/100 N's Zoroark ex - Super Rare Holo (CGC 10 PRISTINE),33.1,25-100,false,sold_back
2026-10-08T13:39:45.000Z,Paradox Rift (1 Booster Pack - Art May Vary),14.4,0-25,false,sold_back
2026-10-08T13:39:47.000Z,2019 Dream League #020/049 Solgaleo & Lunala GX - Holo (CGC 10 PRISTINE),51.3,25-100,false,sold_back
2026-10-08T13:39:50.000Z,2024 Pokémon Sv8a-Terastal Fest EX #223 Eevee EX - Holo Special Art Rare (PSA 10 GEM MINT),88.3,25-100,false,held
2026-10-08T13:39:51.000Z,2025 White Flare - WHT EN #126/086 Frillish - Illustration Rare Holo (CGC 9 MINT),21.9,0-25,false,sold_back
2026-10-08T13:39:54.000Z,2022 Silver Tempest #033/195 Alolan Vulpix V - Holo (CGC 10 PRISTINE),34.8,25-100,false,sold_back
2026-10-08T13:39:54.000Z,2025 Topps Chrome #263 Derik Queen - X-Fractor (PSA 8 NM-MT),11.5,0-25,false,sold_back
2026-10-08T13:39:59.000Z,1999 Black Star Promos #11 Eevee - Pokémon League (Holo) (CGC 8 NM-MT),72.4,25-100,false,sold_back
2026-10-08T13:40:02.000Z,Pokémon Shining Fates (1 Booster Pack - Art May Vary),19.5,0-25,false,redeemed
2026-10-08T13:40:03.000Z,2021 VMAX Climax #202/184 Rockruff - Character Rare Holo (CGC 10 PRISTINE),14.2,0-25,false,sold_back
2026-10-08T13:40:03.000Z,2022 Pokémon Sword & Shield Incandescent Arcana #072 Gardevoir - Full Art (PSA 10 GEM MINT),42.5,25-100,false,sold_back
2026-10-08T13:40:05.000Z,2024 Pokémon Sv8a-Terastal Fest EX #202 Flareon EX - Holo Special Art Rare (PSA 10 GEM MINT),93.9,25-100,false,sold_back
2026-10-08T13:40:06.000Z,2023 Ruler of the Black Flame #120/108 Lechonk - Art Rare Holo (CGC 10 GEM MINT),18.4,0-25,false,sold_back
2026-10-08T13:40:15.000Z,2024 Panini Donruss Optic #209 Bo Nix (PSA 8 NM-MT),12.5,0-25,false,sold_back
2026-10-08T13:40:15.000Z,2026 Pokémon M3-Nullifying Zero #115 Rosa's Encouragement - Special Art Rare (PSA 9 MINT),35.4,25-100,false,held
2026-10-08T13:40:20.000Z,2025 Pokémon Pfl EN-Phantasmal Flames #118 Dawn - Ultra Rare (PSA 9 MINT),17.4,0-25,false,sold_back
2026-10-08T13:40:21.000Z,2023 Raging Surf #018/062 Zekrom - Holo (CGC 8.5 NM-MT+),12.9,0-25,false,sold_back
2026-10-08T13:40:21.000Z,2024 Pokémon Simplified Cs5a C-Gallant Galaxy: Charm #004 Charizard V - Holo (PSA 10 GEM MINT),70,25-100,false,sold_back
2026-10-08T13:40:23.000Z,2022 Pokémon Sword & Shield Incandescent Arcana #073 Smeargle - Full Art (PSA 10 GEM MINT),49.1,25-100,false,sold_back
2026-10-08T13:40:23.000Z,2024 Pokémon SV7-Stellar Miracle #109 Zeraora - Art Rare (PSA 10 GEM MINT),46,25-100,false,sold_back
2026-10-08T13:40:26.000Z,2023 Violet ex #087/078 Greavard - Art Rare Holo (CGC 10 PRISTINE),21.1,0-25,false,sold_back
2026-10-08T13:40:27.000Z,2022 Silver Tempest #203/195 Brandon - Rainbow Holo (CGC 10 GEM MINT),66.6,25-100,false,held
2026-10-08T13:40:29.000Z,2021 VMAX Climax #221/184 Ice Rider Calyrex VMAX - Character Super Rare Holo (CGC 10 PRISTINE),18.8,0-25,false,sold_back
2026-10-08T13:40:29.000Z,Pokémon Scarlet & Violet 151 (1 Booster Pack - Art May Vary),33.6,25-100,false,sold_back
2026-10-08T13:40:33.000Z,2022 VSTAR Universe #197/172 Ditto - Art Rare Holo (CGC 10 GEM MINT),19.5,0-25,false,sold_back
2026-10-08T13:40:39.000Z,2023 Panini Mosaic #282 Anthony Richardson - Camo Pink (PSA 10 GEM MINT),10.7,0-25,false,sold_back
2026-10-08T13:40:44.000Z,2024 High Class Pack: Terastal Fest ex - sv8a #101/187 Roaring Moon ex - Holo (CGC 10 GEM MINT),13.3,0-25,false,sold_back
2026-10-08T13:40:44.000Z,Pokémon Scarlet & Violet Base Set (1 Booster Pack - Art May Vary),10.6,0-25,false,sold_back
2026-10-08T13:40:45.000Z,2021 Shining Fates #SV092/SV122 Duraludon - Shiny Vault Holo (CGC 10 GEM MINT),11.3,0-25,false,sold_back
2026-10-08T13:40:45.000Z,2025 Pokémon SV-P Promo #260 Tohoku's Pikachu - Special Box Pokemon Center Tohoku (PSA 9 MINT),85.2,25-100,false,sold_back
2026-10-08T13:40:47.000Z,2021 Panini Donruss #P254 Trey Lance - Optic Preview-Holo (PSA 10 GEM MINT),19.7,0-25,false,sold_back
2026-10-08T13:40:47.000Z,2022 VSTAR Universe #173/172 Hisuian Voltorb - Art Rare Holo (CGC 10 GEM MINT),12,0-25,false,sold_back
2026-10-08T13:40:47.000Z,2024 Journey Together - JTG EN #051/159 Tapu Koko ex - Holo (CGC 8.5 NM-MT+),12.8,0-25,false,sold_back
2026-10-08T13:40:51.000Z,"2023 Trading Card Game Classic - CLF, CLL, CLK #002/032 Wartortle - Blastoise & Suicune ex Deck - CLK Holo (CGC 10 GEM MINT)",21.1,0-25,false,sold_back
2026-10-08T13:40:54.000Z,Pokémon Scarlet & Violet Destined Rivals (1 Booster Pack - Art May Vary),10.7,0-25,false,sold_back
2026-10-08T13:40:57.000Z,2024 High Class Pack: Terastal Fest ex - sv8a #222/187 Raging Bolt ex - Special Art Rare Holo (CGC 10 GEM MINT),20.7,0-25,false,held
2026-10-08T13:40:57.000Z,2025 Panini Donruss #350 Cam Ward - Optic Preview-Red Pandora (PSA 8 NM-MT),21.6,0-25,false,held
2026-10-08T13:41:00.000Z,2025 Destined Rivals - DRI EN #145/182 Steven's Metagross ex - Holo (CGC 9 MINT),12.5,0-25,false,sold_back
2026-10-08T13:41:00.000Z,2025 Pokémon M2-Inferno X #111 Oricorio EX - Holo Special Art Rare (PSA 10 GEM MINT),51.8,25-100,false,held
2026-10-08T13:41:03.000Z,2026 Perfect Order - POR EN #120/088 Mega Zygarde ex - Special Illustration Rare (Holo) (CGC 9.5 MINT+),51.3,25-100,false,sold_back
2026-10-08T13:41:11.000Z,2025 Pokémon Taruka (2025) Zoroark - Picture Card (No Textbox) (CGC 10 PRISTINE),11.8,0-25,false,held
2026-10-08T13:41:14.000Z,2020 Topps Allen & Ginter #99 Gavin Lux - Silver Portrait (PSA 10 GEM MINT),14.8,0-25,false,sold_back
2026-10-08T13:41:14.000Z,2021 25th Anniversary Collection #006/028 Groudon - Holo (CGC 10 PRISTINE),17.3,0-25,false,sold_back
2026-10-08T13:41:14.000Z,2025 Pokémon Pre EN-Prismatic Evolutions #059 Umbreon - Reverse Holo Master Ball (PSA 9 MINT),71.9,25-100,false,sold_back
2026-10-08T13:41:15.000Z,2025 Phantasmal Flames - PFL EN #056 Mega Gengar ex - Holo (BGS 9 MINT),17,0-25,false,sold_back
2026-10-08T13:41:23.000Z,2025 Pokémon Pfl EN-Phantasmal Flames #105 Wigglytuff - Illustration Rare (PSA 10 GEM MINT),70.6,25-100,false,held
2026-10-08T13:41:30.000Z,2025 Black Bolt - BLK EN #046/086 Excadrill ex - Holo (CGC 10 GEM MINT),14,0-25,false,sold_back
2026-10-08T13:41:35.000Z,2023 Pokémon Svi EN-Scarlet & Violet #219 Bombirdier - Illustration Rare (PSA 9 MINT),21.7,0-25,false,sold_back
2026-10-08T13:41:39.000Z,2017 Black Star Promos - Sword & Shield #SWSH292 Zacian V - Holo Crown Zenith Premium Figure Collection (CGC 10 GEM MINT),74.8,25-100,false,sold_back
2026-10-08T13:41:39.000Z,2025 Pokémon Pfl EN-Phantasmal Flames #102 Paldean Wooper - Illustration Rare (PSA 10 GEM MINT),59.4,25-100,false,held
2026-10-08T13:41:39.000Z,2026 One Piece Starter Deck ST29-Egghead #001 Monkey D. Luffy (PSA 9 MINT),13.1,0-25,false,held
2026-10-08T13:41:41.000Z,2024 Topps Now NHL Stickers #154 Alex Ovechkin (PSA 9 MINT),25,25-100,false,sold_back
2026-10-08T13:41:45.000Z,2025 Pokémon M2a-Mega Dream EX #242 N's Zoroark EX - Holo Special Art Rare (PSA 10 GEM MINT),77.1,25-100,false,sold_back
2026-10-08T13:41:47.000Z,2026 One Piece OP14-EB04-the Azure Sea's Seven Don!! Card - Dracule Mihawk-Gold (PSA 9 MINT),22,0-25,false,sold_back
2026-10-08T13:41:51.000Z,1999 Base Set #79/102 Super Energy Removal (CGC 8.5 NM-MT+),20.5,0-25,false,sold_back
2026-10-08T13:41:59.000Z,2023 Ruler of the Black Flame #115/108 Houndour - Art Rare Holo (CGC 10 PRISTINE),23.7,0-25,false,held
2026-10-08T13:42:00.000Z,"X-Men: Alpha #1 CGC 9.8 White Pages (Marvel Comics, 2/95) - Universal",82.2,25-100,false,sold_back
2026-10-08T13:42:05.000Z,2021 Pokémon Swsh Black Star Promo #181 Vaporeon V - Holo Full Art Vaporeon Vmax Premium Collection (PSA 7 NM),77.5,25-100,false,sold_back
2026-10-08T13:42:05.000Z,2026 One Piece OP15-EB04-Adventure on Kami's Island #119 Monkey D. Luffy (PSA 8 NM-MT),10.5,0-25,false,sold_back
2026-10-08T13:42:06.000Z,2021 Bowman Chrome Sapphire Edition Autographs #BSPAJTO Jose Tena - Orange (PSA 9 MINT),38.2,25-100,false,sold_back
2026-10-08T13:42:08.000Z,2024 Panini Donruss #327 Caleb Williams (PSA 9 MINT),23.9,0-25,false,held
2026-10-08T13:42:09.000Z,2019 Fusion Strike #249/264 Boltund V - Ultra Rare Holo (CGC 9.5 MINT+),13.1,0-25,false,sold_back
2026-10-08T13:42:12.000Z,2020 Topps Living #297 Luis Robert (PSA 10 GEM MINT),11.5,0-25,false,sold_back
2026-10-08T13:42:20.000Z,2025 Black Star Promos - Mega Evolution MEP EN #033 Mega Lucario ex - Ascended Heroes Premium Poster Collection (Holo) (CGC 9.5 MINT+),13.9,0-25,false,sold_back
2026-10-08T13:42:21.000Z,2021 Dark Phantasma #077/071 Snorlax - Character Rare Holo (CGC 10 PRISTINE),43.2,25-100,false,sold_back
2026-10-08T13:42:23.000Z,2023 Pokémon Swsh Black Star Promo #283 Galarian Zapdos - Crown Zenith Tin (PSA 9 MINT),19.1,0-25,false,held
2026-10-08T13:42:24.000Z,2020 Vivid Voltage #138/185 Rayquaza - Amazing Rare Holo (CGC 10 GEM MINT),75.9,25-100,false,sold_back
2026-10-08T13:42:24.000Z,2024 Panini Mosaic #302 Jayden Daniels (PSA 8 NM-MT),12.2,0-25,false,sold_back
2026-10-08T13:42:27.000Z,2026 Pokémon Asc EN-Ascended Heroes #267 Mega Diancie EX - Holo Mega Attack Rare (PSA 10 GEM MINT),49,25-100,false,sold_back
2026-10-08T13:42:32.000Z,2000 Pokémon Rocket #40 Dark Machoke - 1st Edition (PSA 7 NM),24.9,0-25,false,held
2026-10-08T13:42:35.000Z,2023 Pokémon Card 151 #150/165 Mewtwo - Reverse Holo Poké Ball (CGC 9 MINT),10.9,0-25,false,sold_back
2026-10-08T13:42:41.000Z,Pokémon Scarlet & Violet Destined Rivals (1 Booster Pack - Art May Vary),10.7,0-25,false,held
2026-10-08T13:42:42.000Z,2025 Pokémon Pre EN-Prismatic Evolutions #075 Eevee EX - Holo (PSA 9 MINT),22.8,0-25,false,held
2026-10-08T13:42:47.000Z,2017 Upper Deck Parkhurst Prominent Prospects #PP-15 Charlie McAvoy (PSA 10 GEM MINT),27,25-100,false,sold_back
2026-10-08T13:42:48.000Z,2016 Bowman Draft Chrome Draft Picks Autographs #JLU Jesus Luzardo (BGS 9 MINT),33.4,25-100,false,sold_back
2026-10-08T13:42:48.000Z,Pokemon Sword & Shield Astral Radiance (1 Booster Pack - Art May Vary),13.6,0-25,false,sold_back
2026-10-08T13:42:50.000Z,1981 Topps #540 Mike Schmidt (PSA 7 NM),14.3,0-25,false,sold_back
2026-10-08T13:42:50.000Z,2025 One Piece 3rd Anniversary! One Piece Card Treasure Campaign Pack #019 But Ace Here Said You Deserved It!! (PSA 10 GEM MINT),37.5,25-100,false,held
2026-10-08T13:42:56.000Z,2021 Dark Phantasma #014/071 Pikachu (CGC 10 GEM MINT),21.5,0-25,false,sold_back
2026-10-08T13:42:56.000Z,2023 Paradox Rift - PAR EN #259/182 Tulip - Special Illustration Rare (CGC 10 GEM MINT),17.7,0-25,false,sold_back
2026-10-08T13:42:56.000Z,2025 White Flare - sv11W #095/086 Virizion - Art Rare Holo (CGC 10 GEM MINT),18,0-25,false,sold_back
2026-10-08T13:42:57.000Z,2023 Crown Zenith #GG55/GG70 Regigigas VSTAR - Galarian Gallery Holo (CGC 9 MINT),21.5,0-25,false,held
2026-10-08T13:42:57.000Z,2026 Pokémon Asc EN-Ascended Heroes #010 Mega Meganium EX - Holo (PSA 10 GEM MINT),32.4,25-100,false,held
2026-10-08T13:43:02.000Z,"2023 Trading Card Game Classic - CLV, CLC, CLB #001/034 Bulbasaur - Venusaur & Lugia ex Deck - CLV Holo (CGC 10 GEM MINT)",21.8,0-25,false,sold_back
2026-10-08T13:43:08.000Z,2025 Pokémon Simplified CBB1 C-Gem Pack Vol 1 #02 Captain Pikachu (PSA 10 GEM MINT),60.6,25-100,false,sold_back
2026-10-08T13:43:08.000Z,2025 Pokémon Sv11w-White Flare #136 Scraggy - Art Rare (PSA 10 GEM MINT),34,25-100,false,sold_back
2026-10-08T13:43:11.000Z,2023 Pokémon Card 151 #093/165 Haunter - Reverse Holo Poké Ball (CGC 10 PRISTINE),50.2,25-100,false,sold_back
2026-10-08T13:43:15.000Z,2025 Topps Chrome Update #178 Nick Kurtz - Refractor (PSA 9 MINT),27.7,25-100,false,sold_back
2026-10-08T13:43:21.000Z,2024 Bowman's Best Best Ballers #BB20 Elly de La Cruz (PSA 9 MINT),28.9,25-100,false,sold_back
2026-10-08T13:43:21.000Z,2024 Panini Prizm #354 Joe Milton III - Green Wave (PSA 10 GEM MINT),44.6,25-100,false,sold_back
2026-10-08T13:43:27.000Z,2021 Pokémon Sword & Shield Vmax Climax #194 Flaaffy - Full Art (PSA 10 GEM MINT),36.9,25-100,false,sold_back
2026-10-08T13:43:29.000Z,2001 Pokémon Neo Discovery #15 Ursaring - Holo (PSA 8 NM-MT),98.7,25-100,false,sold_back
2026-10-08T13:43:32.000Z,2021 Pokémon 25th Anniversary Collection #001 Pikachu - Full Art (PSA 9 MINT),19.7,0-25,false,sold_back
2026-10-08T13:43:35.000Z,2025 Inferno X - M2 #088/080 Flygon - Art Rare Holo (CGC 10 GEM MINT),11.5,0-25,false,sold_back
2026-10-08T13:43:35.000Z,"Web of Spider-Man #13 CGC 9.8 White Pages (Marvel Comics, 4/86) - Universal",78.7,25-100,false,sold_back
2026-10-08T13:43:38.000Z,2023 Pokémon Mew EN-151 #179 Mr. Mime - Illustration Rare (PSA 9 MINT),21.8,0-25,false,sold_back
2026-10-08T13:43:39.000Z,1972 Topps #165 Ed Giacomin (PSA 7 NM),21.7,0-25,false,sold_back
2026-10-08T13:43:42.000Z,Pokémon Japanese Sun & Moon Dragon Storm (1 Booster Pack - Art May Vary),44,25-100,false,sold_back
2026-10-08T13:43:44.000Z,2021 Evolving Skies #007/203 Leafeon V - Holo (CGC 10 GEM MINT),17.8,0-25,false,sold_back
2026-10-08T13:43:44.000Z,2023 Triplet Beat #082/073 Quaxwell - Art Rare Holo (CGC 10 GEM MINT),17.3,0-25,false,sold_back
2026-10-08T13:43:44.000Z,2024 Pokémon Sv5k-Wild Force #077 Relicanth - Art Rare (PSA 10 GEM MINT),25.7,25-100,false,sold_back
2026-10-08T13:43:50.000Z,1880-S One Dollar NGC MS66,355,100-500,false,held
2026-10-08T13:43:53.000Z,2019 Sword #015/060 Lapras VMAX - Holo (CGC 10 PRISTINE),18.2,0-25,false,sold_back
2026-10-08T13:43:54.000Z,2020 Panini Instant Vortex #V2 Joe Burrow (PSA 9 MINT),38.2,25-100,false,sold_back
2026-10-08T13:43:54.000Z,2025 Topps 8 Bit Ballers #8B-33 VJ Edgecombe (PSA 8 NM-MT),15.5,0-25,false,sold_back
2026-10-08T13:43:56.000Z,"2001 Darkness, and to Light Dark Wigglytuff (CGC 9 MINT)",22.5,0-25,false,held
2026-10-08T13:44:02.000Z,2020 Pokémon Sword & Shield Shiny Star V #071 Gengar - Holo (PSA 9 MINT),46.2,25-100,false,held
2026-10-08T13:44:03.000Z,2018 GX Ultra Shiny #097/150 Altaria - Holo (CGC 9 MINT),12.9,0-25,false,sold_back
2026-10-08T13:44:05.000Z,2023 Scarlet & Violet 151 - MEW EN #009/165 Blastoise ex - Holo (CGC 9 MINT),13.2,0-25,false,held
2026-10-08T13:44:05.000Z,2025 Destined Rivals - DRI EN #150/182 Team Rocket's Persian ex - Holo (CGC 10 GEM MINT),17.5,0-25,false,sold_back
2026-10-08T13:44:06.000Z,2022 Pokémon GO #017/071 Blastoise - Holo (CGC 10 PRISTINE),22.9,0-25,false,sold_back
2026-10-08T13:44:09.000Z,2026 One Piece OP14-EB04-the Azure Sea's Seven #120 Crocodile - Alternate Art (PSA 9 MINT),25.9,25-100,false,sold_back
2026-10-08T13:44:11.000Z,2024 Upper Deck #223 Collin Graf (PSA 9 MINT),71,25-100,false,sold_back
2026-10-08T13:44:14.000Z,2025 Gem Pack Volume 1 - CBB1C - Simplified #16 04/05 Lechonk - Reverse Holo Master Ball (CGC 10 GEM MINT),55,25-100,false,sold_back
2026-10-08T13:44:18.000Z,2023 Pokémon Obf EN-Obsidian Flames #200 Palafin - Illustration Rare (PSA 9 MINT),18.5,0-25,false,sold_back
2026-10-08T13:44:20.000Z,2024 Pokémon Simplified Cs5b C-Gallant Galaxy: Brave #003 Venusaur (PSA 10 GEM MINT),48.9,25-100,false,held
2026-10-08T13:44:21.000Z,2018 Topps Living #116 Felix Jorge (PSA 10 GEM MINT),14.7,0-25,false,sold_back
2026-10-08T13:44:21.000Z,2023 Black Star Promos - Scarlet & Violet SVP EN #056 Charizard ex - Charizard ex Premium Collection (CGC 10 GEM MINT),51.5,25-100,false,sold_back
2026-10-08T13:44:26.000Z,2024 Prismatic Evolutions - PRE EN #027/131 Wellspring Mask Ogerpon ex - Holo (CGC 9 MINT),11.8,0-25,false,sold_back
2026-10-08T13:44:26.000Z,2025 Pokémon M1l-Mega Brave #080 Mega Mawile EX - Holo Super Rare (PSA 10 GEM MINT),23.2,0-25,false,sold_back
2026-10-08T13:44:36.000Z,2018 Panini Select #18 Sam Darnold - Silver Prizm (PSA 9 MINT),32.2,25-100,false,held
2026-10-08T13:44:36.000Z,"Action Comics #1053 CGC 9.8 White Pages (DC Comics, 5/23) - Universal East Side Comics Edition A",89.8,25-100,false,sold_back
2026-10-08T13:44:39.000Z,2021 Celebrations #024/025 Professor's Research - Ultra Rare Holo (CGC 9 MINT),13,0-25,false,sold_back
2026-10-08T13:44:42.000Z,2025 Pokémon M2-Inferno X #092 Ambipom - Art Rare (PSA 10 GEM MINT),23.6,0-25,false,sold_back
2026-10-08T13:44:44.000Z,1999 Fossil #55/62 Slowpoke (CGC 7.5 NM+),19.1,0-25,false,sold_back
2026-10-08T13:44:45.000Z,2019 Dream League #047/049 Rosa - Holo (CGC 9.5 MINT+),11.5,0-25,false,sold_back
2026-10-08T13:44:50.000Z,2023 Scarlet & Violet 151 - MEW EN #149/165 Dragonite - Holo (CGC 8.5 NM-MT+),13.1,0-25,false,sold_back
2026-10-08T13:44:51.000Z,Pokémon Scarlet & Violet 151 (1 Booster Pack - Art May Vary),33.6,25-100,false,held
2026-10-08T13:44:56.000Z,2025 Black Bolt - BLK EN #098/086 Darmanitan - Illustration Rare Holo (CGC 10 GEM MINT),48.3,25-100,false,sold_back
2026-10-08T13:44:56.000Z,Pokémon Scarlet & Violet Destined Rivals (1 Booster Pack - Art May Vary),10.7,0-25,false,sold_back
2026-10-08T13:44:59.000Z,2023 Scarlet & Violet 151 - MEW EN #133/165 Eevee - Holiday Calendar (Snowflake Stamp) (Cosmos Holo) (CGC 10 GEM MINT),21.4,0-25,false,held
2026-10-08T13:44:59.000Z,2025 Pokémon M1l-Mega Brave #064 Bulbasaur - Art Rare (PSA 10 GEM MINT),48,25-100,false,sold_back
2026-10-08T13:45:00.000Z,2018 Topps Update #US252 Ronald Acuna Jr. (PSA 9 MINT),22.5,0-25,false,held
2026-10-08T13:45:02.000Z,2019 Alter Genesis #013/095 Volcarona GX - Holo (CGC 10 PRISTINE),19.2,0-25,false,sold_back
2026-10-08T13:45:02.000Z,2019 Pokémon Sun & Moon Double Blaze #107 Red's Challenge - Full Art (PSA 9 MINT),60.6,25-100,false,sold_back
2026-10-08T13:45:02.000Z,2021-2022 Upper Deck #469 Moritz Seider (PSA 10 GEM MINT),71.9,25-100,false,held
2026-10-08T13:45:02.000Z,2022 Lost Abyss #112/100 Pidgeot V - Super Rare Holo (CGC 10 PRISTINE),20,0-25,false,sold_back
2026-10-08T13:45:02.000Z,2025 Topps Chrome #255 Ace Bailey - Refractor (PSA 9 MINT),38.1,25-100,false,held
2026-10-08T13:45:02.000Z,Pokémon Scarlet & Violet Destined Rivals (1 Booster Pack - Art May Vary),10.7,0-25,false,sold_back
2026-10-08T13:45:03.000Z,2001 Neo Discovery #57/75 Larvitar (CGC 8.5 NM-MT+),12.9,0-25,false,sold_back
2026-10-08T13:45:03.000Z,2025 One Piece OP12-Legacy of the Master #118 Jewelry Bonney (PSA 10 GEM MINT),46.5,25-100,false,sold_back
2026-10-08T13:45:05.000Z,2018 Panini Donruss #317 Lamar Jackson (PSA 8 NM-MT),27,25-100,false,sold_back
2026-10-08T13:45:06.000Z,2019 Pokémon SM Black Star Promo #SM168 Pikachu & Zekrom GX - Holo Full Art Tag Team Tins (PSA 9 MINT),312.8,100-500,false,held
2026-10-08T13:45:06.000Z,"Catwoman #1 CGC 9.8 White Pages (DC Comics, 1/02) - Universal",93.8,25-100,false,sold_back
2026-10-08T13:45:09.000Z,2013 Black Star Promos #XY120 Meloetta - Mythical Pokémon Collection (Holo) (CGC 8 NM-MT),27.1,25-100,false,sold_back
2026-10-08T13:45:11.000Z,2014 Bowman Draft Picks Top Prospects #CTP39 Aaron Judge - Chrome (PSA 9 MINT),50.9,25-100,false,sold_back
2026-10-08T13:45:14.000Z,2020 Panini Mosaic #203 Tua Tagovailoa - Reactive Orange (PSA 9 MINT),14,0-25,false,held
2026-10-08T13:45:14.000Z,2025 Topps Now #11 VJ Edgecombe/17761* (BGS 9.5 GEM MINT),17.3,0-25,false,held
2026-10-08T13:45:17.000Z,2023 Pokémon Card 151 #171/165 Wartortle - Art Rare Holo (CGC 9 MINT),20.5,0-25,false,sold_back
2026-10-08T13:45:17.000Z,2024 Topps Home Field Advantage #HFA14 Jordan Lawlar (PSA 8 NM-MT),28,25-100,false,held
2026-10-08T13:45:21.000Z,2020 Darkness Ablaze #019/189 Charizard V - Holo (CGC 7 NM),19.9,0-25,false,held
2026-10-08T13:45:26.000Z,2026 Topps #200 Shohei Ohtani (PSA 9 MINT),21.7,0-25,false,sold_back
2026-10-08T13:45:27.000Z,2023 Topps Now UEFA Champions League #87 Vitor Roque/2900* (BGS 9.5 GEM MINT),25.1,25-100,false,sold_back
2026-10-08T13:45:27.000Z,2024 Panini Donruss Optic #209 Bo Nix (PSA 8 NM-MT),12.5,0-25,false,held
2026-10-08T13:45:32.000Z,2000 Crossing the Ruins... Yanma - Holo (CGC 7.5 NM+),23,0-25,false,sold_back
2026-10-08T13:45:33.000Z,2023 Black Star Promos - Scarlet & Violet SVP EN #203 Team Rocket's Wobbuffet - Destined Rivals Elite Trainer Box (Holo) (CGC 10 GEM MINT),38.5,25-100,false,held
2026-10-08T13:45:33.000Z,2025 Mega Brave - M1L #074/063 Spearow - Art Rare Holo (CGC 10 GEM MINT),11.3,0-25,false,sold_back
2026-10-08T13:45:35.000Z,2022 Panini Mosaic Hot Sauce #HS6 Shohei Ohtani (PSA 8 NM-MT),27.9,25-100,false,held
2026-10-08T13:45:35.000Z,2022 VSTAR Universe #174/172 Kricketune - Art Rare Holo (CGC 10 PRISTINE),23,0-25,false,held
2026-10-08T13:45:38.000Z,2022 Battle Region #076/067 Hisuian Typhlosion V - Super Rare Holo (CGC 10 GEM MINT),23.1,0-25,false,held
2026-10-08T13:45:38.000Z,"Female Force: Taylor Swift #nn CGC 9.8 White Pages (TidalWave Comics, No Date) - Universal Bedrock City Edition D",60.666667,25-100,false,sold_back
2026-10-08T13:45:38.000Z,Pokémon Crown Zenith (1 Booster Pack - Art May Vary),29.4,25-100,false,sold_back
2026-10-08T13:45:39.000Z,2025 Pokémon M2a-Mega Dream EX #127 Rayquaza - Reverse Holo (PSA 10 GEM MINT),58.2,25-100,false,sold_back
2026-10-08T13:45:42.000Z,2025 Pokémon Pre EN-Prismatic Evolutions #026 Glaceon EX - Holo Surprise Box Exclusive (PSA 8 NM-MT),18.8,0-25,false,sold_back
2026-10-08T13:45:44.000Z,"1999 Gold, Silver, to a New World Steelix - Holo Sugimori Art (CGC 8.5 NM-MT+)",27,25-100,false,sold_back
2026-10-08T13:45:44.000Z,2023 Pokémon Cll-Trading Card Game Classic Charizard & HO-Oh EX Deck #011 Electrode (PSA 10 GEM MINT),43.8,25-100,false,sold_back
2026-10-08T13:45:44.000Z,Pokémon Scarlet & Violet Destined Rivals (1 Booster Pack - Art May Vary),10.7,0-25,false,sold_back
2026-10-08T13:45:47.000Z,2017 Black Star Promos - Sword & Shield #SWSH029 Rayquaza - Cosmos Holo (CGC 8.5 NM-MT+),10.5,0-25,false,sold_back
2026-10-08T13:45:47.000Z,2023 Shiny Treasure ex #135/190 Noivern ex - Holo (CGC 10 PRISTINE),19.9,0-25,false,held
2026-10-08T13:45:53.000Z,1955 Topps All-Amer. #62 Harry Newman (PSA 6 EX-MT),22.5,0-25,false,sold_back
2026-10-08T13:45:56.000Z,2010 Topps Update #US327 Mike Stanton (PSA 10 GEM MINT),41.5,25-100,false,sold_back
2026-10-08T13:45:56.000Z,2024 Pokémon SV7-Stellar Miracle #114 Noctowl - Art Rare (PSA 10 GEM MINT),35.6,25-100,false,sold_back
2026-10-08T13:45:57.000Z,2025 Pokémon M1l-Mega Brave #074 Spearow - Art Rare (PSA 10 GEM MINT),34,25-100,false,held
2026-10-08T13:45:59.000Z,Magic: The Gathering Tarkir: Dragonstorm - Play Booster (1 Booster Pack - Art May Vary),7.5,0-25,false,sold_back
2026-10-08T13:46:03.000Z,2025 Topps Chrome #263 Derik Queen - X-Fractor (PSA 8 NM-MT),11.5,0-25,false,held
2026-10-08T13:46:03.000Z,Brilliant Stars (1 Booster Pack - Art May Vary),19.6,0-25,false,sold_back
2026-10-08T13:46:06.000Z,2021 Panini Donruss Optic #175 Evan Mobley - Target Box Set (PSA 9 MINT),12.4,0-25,false,held
2026-10-08T13:46:08.000Z,"Batman #497 CGC 9.8 White Pages (DC Comics, 7/93) - Newsstand Edition Universal",508.25,500+,false,sold_back
2026-10-08T13:46:09.000Z,2023 Clay Burst #080/071 Grafaiai - Art Rare Holo (CGC 10 GEM MINT),17,0-25,false,sold_back
2026-10-08T13:46:09.000Z,2025 One Piece PRB02-Premium Booster -One Piece Card the Best- Vol.2 #018 Portgas D. Ace - Alternate Art (PSA 10 GEM MINT),40.4,25-100,false,sold_back
2026-10-08T13:46:09.000Z,Magic: The Gathering Streets of New Capenna - Draft Booster (1 Booster Pack - Art May Vary),6.4,0-25,false,sold_back
2026-10-08T13:46:09.000Z,"Masters of the Universe #1 CGC 9.8 White Pages (Image/MV Creations, 11/02) - Universal Gold Foil Edition",100,100-500,false,sold_back
2026-10-08T13:46:12.000Z,2024 Pokémon SV-P Promo #197 Pikachu - Gym Event Campaign (PSA 10 GEM MINT),61.8,25-100,false,sold_back
2026-10-08T13:46:14.000Z,2025 Black Bolt - BLK EN #003/086 Serperior ex - Holo (CGC 9 MINT),12.5,0-25,false,sold_back
2026-10-08T13:46:17.000Z,2025 Battle Partners - sv9 #111/100 Noibat - Art Rare Holo (CGC 10 PRISTINE),21.2,0-25,false,sold_back
2026-10-08T13:46:21.000Z,2023 Bowman 1st Edition #BPPF61 Junior Caminero (PSA 9 MINT),18.2,0-25,false,sold_back
2026-10-08T13:46:21.000Z,2024 Pokémon Scr EN-Stellar Crown #041 Greninja EX - Holo (CGC 9 MINT),14.2,0-25,false,held
2026-10-08T13:46:23.000Z,2025 Bowman Mega Box Chrome #91 Hyeseong Kim (PSA 9 MINT),27.6,25-100,false,sold_back
2026-10-08T13:46:23.000Z,Magic: The Gathering Tarkir: Dragonstorm - Play Booster (1 Booster Pack - Art May Vary),7.5,0-25,false,sold_back
2026-10-08T13:46:23.000Z,Pokémon Scarlet & Violet Destined Rivals (1 Booster Pack - Art May Vary),10.7,0-25,false,sold_back
2026-10-08T13:46:24.000Z,2021 Pokémon Celebrations Classic Collection #15 Venusaur - Holo (PSA 10 GEM MINT),106.5,100-500,false,held
2026-10-08T13:46:30.000Z,2024 High Class Pack: Terastal Fest ex - sv8a #229/187 Drayton - Special Art Rare Holo (CGC 10 GEM MINT),18.5,0-25,false,held
2026-10-08T13:46:30.000Z,2025 Pokémon SV9-Battle Partners #117 N's Zoroark EX - Holo Super Rare (PSA 10 GEM MINT),38.8,25-100,false,sold_back
2026-10-08T13:46:30.000Z,Pokémon Shining Fates (1 Booster Pack - Art May Vary),19.5,0-25,false,sold_back
2026-10-08T13:46:32.000Z,2021 Pokémon Sword & Shield Vmax Climax #120 Rayquaza Vmax - Full Art (PSA 9 MINT),22.9,0-25,false,held
2026-10-08T13:46:33.000Z,Magic: The Gathering Streets of New Capenna - Draft Booster (1 Booster Pack - Art May Vary),6.4,0-25,false,sold_back
2026-10-08T13:46:35.000Z,1991 Leaf #425 Don Mattingly (PSA 10 GEM MINT),37.4,25-100,false,held
2026-10-08T13:46:35.000Z,2025 Black Bolt - BLK EN #044/086 Meloetta ex - Holo (CGC 8 NM-MT),10.5,0-25,false,sold_back
2026-10-08T13:46:35.000Z,2025 Pokémon Simplified CBB3 C-Gem Pack Vol 3 #07 Chandelure (PSA 10 GEM MINT),61.4,25-100,false,sold_back
2026-10-08T13:46:39.000Z,2025 Panini Select #93 Jaxson Dart - Red & Blue Shock (PSA 8 NM-MT),20.9,0-25,false,sold_back
2026-10-08T13:46:41.000Z,2023 Panini Prizm Throwback #PTAM Arch Manning (PSA 9 MINT),102.1,100-500,false,sold_back
2026-10-08T13:46:48.000Z,2025 One Piece Japanese 3rd Anniversary! One Piece Card Treasure Campaign Pack #006 Monkey D. Luffy (PSA 9 MINT),21.9,0-25,false,held
2026-10-08T13:46:51.000Z,Pokémon Scarlet & Violet Destined Rivals (1 Booster Pack - Art May Vary),10.7,0-25,false,sold_back
2026-10-08T13:46:54.000Z,2000 Pokémon Game Base II #1 Alakazam - Holo (PSA 8 NM-MT),104.9,100-500,false,sold_back
2026-10-08T13:46:54.000Z,2022 Bowman #49 Cal Raleigh (CGC 10 GEM MINT),14,0-25,false,held
2026-10-08T13:46:56.000Z,2023 Panini Mosaic #282 Anthony Richardson - Camo Pink (PSA 10 GEM MINT),10.7,0-25,false,held
2026-10-08T13:46:56.000Z,Magic: The Gathering Streets of New Capenna - Draft Booster (1 Booster Pack - Art May Vary),6.4,0-25,false,sold_back
2026-10-08T13:46:56.000Z,Pokémon Japanese Sun & Moon Full Metal Wall (1 Booster Pack - Art May Vary),14.4,0-25,false,held
2026-10-08T13:46:57.000Z,2025 Pokémon M2a-Mega Dream EX #204 Hop's Trevenant - Art Rare (PSA 10 GEM MINT),23.5,0-25,false,sold_back
2026-10-08T13:46:59.000Z,2025 Inferno X - M2 #088/080 Flygon - Art Rare Holo (CGC 10 GEM MINT),11.5,0-25,false,sold_back
2026-10-08T13:47:00.000Z,2022 Brilliant Stars #057/172 Granbull V - Holo (CGC 10 GEM MINT),18.5,0-25,false,sold_back
2026-10-08T13:47:00.000Z,2025 Black Bolt - sv11B #141/086 Sandile - Art Rare Holo (CGC 10 GEM MINT),20.6,0-25,false,sold_back
2026-10-08T13:47:03.000Z,2022 Brilliant Stars #TG09/TG30 Ariados - Trainer Gallery Holo (CGC 10 GEM MINT),22.8,0-25,false,sold_back
2026-10-08T13:47:05.000Z,2022 Silver Tempest #058/195 Regieleki VMAX - Holo (CGC 10 PRISTINE),23.1,0-25,false,sold_back
2026-10-08T13:47:06.000Z,1999 Base Set #27/102 Farfetch'd - Shadowless Shadowless (CGC 9 MINT),18.1,0-25,false,held
2026-10-08T13:47:11.000Z,2023 Bowman 1st Edition #BPPF71 Roman Anthony (PSA 9 MINT),19.7,0-25,false,sold_back
2026-10-08T13:47:11.000Z,2023 Pokémon Clf-Trading Card Game Classic Venusaur & Lugia EX Deck #002 Ivysaur (PSA 10 GEM MINT),54.7,25-100,false,sold_back
2026-10-08T13:47:12.000Z,1991 Upper Deck #SP1 Michael Jordan (PSA 8 NM-MT),54.5,25-100,false,held
2026-10-08T13:47:15.000Z,2025 Pokémon M2-Inferno X #111 Oricorio EX - Holo Special Art Rare (PSA 10 GEM MINT),51.8,25-100,false,held
2026-10-08T13:47:17.000Z,1999 Base Set #53/102 Magnemite - 1st Edition 1st Edition (CGC 9 MINT),61,25-100,false,sold_back
2026-10-08T13:47:17.000Z,2022 Pokémon S Promo #269 Leafeon Vstar - Grass Leafeon Vstar Special Card Set (PSA 10 GEM MINT),42.7,25-100,false,sold_back
2026-10-08T13:47:17.000Z,2022 Pokémon Sword & Shield Brilliant Stars #179 Kindler - Full Art Secret (PSA 10 GEM MINT),39.8,25-100,false,sold_back
2026-10-08T13:47:17.000Z,2023 Pokémon Sv1s-Scarlet EX #079 Dolliv - Art Rare (PSA 10 GEM MINT),40.6,25-100,false,sold_back
2026-10-08T13:47:18.000Z,2019 Fusion Strike #048/264 Centiskorch (CGC 10 GEM MINT),12.5,0-25,false,held
2026-10-08T13:47:23.000Z,2021 Topps Chrome MLS Sapphire Edition #115 Caden Clark (PSA 9 MINT),10.9,0-25,false,sold_back
2026-10-08T13:47:23.000Z,2023 Pokémon Mew EN-151 #169 Charmeleon - Illustration Rare (PSA 8 NM-MT),60.3,25-100,false,held
2026-10-08T13:47:23.000Z,2026 Pokémon Asc EN-Ascended Heroes #235 Togekiss - Illustration Rare (PSA 10 GEM MINT),49.2,25-100,false,sold_back
2026-10-08T13:47:24.000Z,2020 Topps Living #297 Luis Robert (PSA 10 GEM MINT),11.5,0-25,false,held
2026-10-08T13:47:26.000Z,"New Teen Titans #2 CGC 8.0 White Pages (DC Comics, 12/80) - Universal",104,100-500,false,sold_back
2026-10-08T13:47:27.000Z,Pokémon Scarlet & Violet Destined Rivals (1 Booster Pack - Art May Vary),10.7,0-25,false,sold_back
2026-10-08T13:47:32.000Z,Pokémon Scarlet & Violet Destined Rivals (1 Booster Pack - Art May Vary),10.7,0-25,false,sold_back
2026-10-08T13:47:33.000Z,Pokémon Japanese Sun & Moon Thunderclap Spark (1 Booster Pack - Art May Vary),24,0-25,false,sold_back
2026-10-08T13:47:36.000Z,2020 Pokémon Sword & Shield Champion's Path #077 Kabu - Full Art Secret (PSA 10 GEM MINT),28.8,25-100,false,sold_back
2026-10-08T13:47:39.000Z,2021 Panini Donruss Optic #95 Justin Jefferson - Stars (PSA 9 MINT),18.5,0-25,false,sold_back
2026-10-08T13:47:39.000Z,"Arabia Felix, Himyarites GREEK COINAGE AR 'Drachm' [perhaps Sabaean] NGC AU",214.5,100-500,false,held
2026-10-08T13:47:45.000Z,1985 Topps All-Star Glossy Set of 22 #4 Mike Schmidt (PSA 8 NM-MT),12.7,0-25,false,held
2026-10-08T13:47:47.000Z,2021 Pokémon Celebrations #011 Mew (PSA 9 MINT),31.2,25-100,false,sold_back
2026-10-08T13:47:48.000Z,2026 Topps Heritage #86 Roman Anthony (PSA 8 NM-MT),13.6,0-25,false,sold_back
2026-10-08T13:47:50.000Z,2019 Panini Colecciones Este La Liga #63 Takefusa Kubo (PSA 10 GEM MINT),11.3,0-25,false,sold_back
2026-10-08T13:47:51.000Z,2024 Prismatic Evolutions - PRE EN #027/131 Wellspring Mask Ogerpon ex - Holo (CGC 9 MINT),11.8,0-25,false,sold_back
2026-10-08T13:47:53.000Z,2025 Mega Dream ex - M2a #227/193 Mega Diancie ex - Mega Attack Rare Holo (CGC 10 PRISTINE),21.1,0-25,false,held
2026-10-08T13:47:53.000Z,2025 Pokémon SV-P Promo #241 Feraligatr - Illustration Contest 2024 (PSA 9 MINT),21.5,0-25,false,sold_back
2026-10-08T13:47:56.000Z,2022 Panini Mosaic #269 Trey Lance - Blue Sparkle (PSA 10 GEM MINT),19.2,0-25,false,sold_back
2026-10-08T13:48:00.000Z,2025 Pokémon SV9-Battle Partners #129 Salamence EX - Holo Special Art Rare (PSA 10 GEM MINT),61.4,25-100,false,sold_back
2026-10-08T13:48:02.000Z,2025 Mega Dream ex - M2a #029/193 Reshiram ex - Holo (CGC 10 PRISTINE),18,0-25,false,sold_back
2026-10-08T13:48:06.000Z,2022 Pokémon Sword & Shield Astral Radiance #215 Trekking Shoes - Full Art Secret (PSA 10 GEM MINT),48.3,25-100,false,held
2026-10-08T13:48:06.000Z,2025 One Piece OP13-Carrying on His Will #108 Jewelry Bonney (PSA 9 MINT),18,0-25,false,sold_back
2026-10-08T13:48:09.000Z,2004 Upper Deck Rookie Premiere #3 Philip Rivers (PSA 10 GEM MINT),78.1,25-100,false,sold_back
2026-10-08T13:48:12.000Z,2022 Bowman 1st Edition #BPPF79 Jackson Chourio (PSA 10 GEM MINT),40.4,25-100,false,sold_back
2026-10-08T13:48:14.000Z,"Silver Surfer #v2 #1 CGC 9.8 White Pages (Marvel Comics, 6/82) - Universal",174,100-500,false,sold_back
2026-10-08T13:48:15.000Z,2025 One Piece 3rd Anniversary! One Piece Card Treasure Campaign Pack #033 Monkey D. Luffy (PSA 9 MINT),19.4,0-25,false,sold_back
2026-10-08T13:48:23.000Z,2023 Bowman Chrome #17 Adley Rutschman - Gold Refractor (PSA 9 MINT),75.5,25-100,false,held
2026-10-08T13:48:24.000Z,2025 Pokémon SV9-Battle Partners #109 N's Reshiram - Art Rare (PSA 9 MINT),23.4,0-25,false,held
2026-10-08T13:48:24.000Z,2026 Pokémon Asc EN-Ascended Heroes #228 Weavile - Illustration Rare (PSA 10 GEM MINT),49.9,25-100,false,held
2026-10-08T13:48:30.000Z,2024 Panini Clearly Donruss Night Moves #5 Brian Thomas Jr. (PSA 9 MINT),44,25-100,false,held
2026-10-08T13:48:32.000Z,2025 Pokémon M2a-Mega Dream EX #208 Cynthia's Spiritomb - Art Rare (PSA 10 GEM MINT),22.6,0-25,false,sold_back
2026-10-08T13:48:33.000Z,2023 Pokémon Svp EN-SV Black Star Promo #044 Charmander - Obsidian Flames Elite Trainer Box (PSA 9 MINT),90.3,25-100,false,sold_back
2026-10-08T13:48:35.000Z,2017 Panini Donruss Optic the Rookies #5 Christian McCaffrey (PSA 9 MINT),43.1,25-100,false,sold_back
2026-10-08T13:48:36.000Z,2016 Panini Prizm #218 Carson Wentz - Prizm (PSA 10 GEM MINT),39,25-100,false,sold_back
2026-10-08T13:48:38.000Z,"Infinity Gauntlet #3 CGC 9.8 White Pages (Marvel Comics, 9/91) - Universal",83,25-100,false,sold_back
2026-10-08T13:48:39.000Z,2024 High Class Pack: Terastal Fest ex - sv8a #126/187 Eevee ex - Holo (CGC 10 PRISTINE),21.2,0-25,false,sold_back
2026-10-08T13:48:41.000Z,2022 Pokémon Go #028 Pikachu - Holo (PSA 10 GEM MINT),71.9,25-100,false,held
2026-10-08T13:48:41.000Z,2024 Pokémon Sv5m-Cyber Judge #077 Iron Thorns - Art Rare (PSA 10 GEM MINT),35.8,25-100,false,sold_back
2026-10-08T13:48:41.000Z,Pokémon Crown Zenith (1 Booster Pack - Art May Vary),29.4,25-100,false,sold_back
2026-10-08T13:48:45.000Z,2024 Journey Together - JTG EN #114/159 Salamence ex - Holo (CGC 10 GEM MINT),11.5,0-25,false,sold_back
2026-10-08T13:48:53.000Z,Pokémon Sword & Shield Lost Origin (1 Booster Pack - Art May Vary),22.6,0-25,false,held
2026-10-08T13:48:54.000Z,2025 Pokémon M2a-Mega Dream EX #232 Mega Dragonite EX - Holo Mega Attack Rare (PSA 9 MINT),22.7,0-25,false,held
2026-10-08T13:48:54.000Z,2025 Pokémon Mew EN-151 #094 Gengar - 4-Pack Mini Tin Bundle (PSA 9 MINT),61.1,25-100,false,sold_back
2026-10-08T13:48:56.000Z,2021 Pokémon Sword & Shield Vmax Climax #194 Flaaffy - Full Art (PSA 10 GEM MINT),36.9,25-100,false,sold_back
2026-10-08T13:48:59.000Z,"Invincible #59 CGC 9.8 White Pages (Image Comics, 2/09) - Universal",144,100-500,false,sold_back
2026-10-08T13:49:03.000Z,1999 Fossil #54/62 Shellder (CGC 8.5 NM-MT+),13.5,0-25,false,held
2026-10-08T13:49:03.000Z,2018 Topps Heritage #502 Juan Soto (PSA 9 MINT),19.8,0-25,false,sold_back
2026-10-08T13:49:06.000Z,2014 SP Authentic #10 Derek Carr (PSA 10 GEM MINT),39,25-100,false,sold_back
2026-10-08T13:49:08.000Z,2025 Bowman Chrome Prospects #BCP114 Nick Kurtz - Reptilian Refractor (PSA 9 MINT),25.8,25-100,false,sold_back
2026-10-08T13:49:11.000Z,1997 Pokémon Jungle Gloom (CGC 9 MINT),20.1,0-25,false,held
2026-10-08T13:49:11.000Z,2022 Panini Prizm #352 Isiah Pacheco - Purple Prizm (PSA 9 MINT),41.1,25-100,false,sold_back
2026-10-08T13:49:12.000Z,2025 Pokémon Meg EN-Mega Evolution #155 Mega Venusaur EX - Holo Ultra Rare (PSA 9 MINT),31.3,25-100,false,held
2026-10-08T13:49:12.000Z,Magic: The Gathering Commander Legends Baldur's Gate Draft (1 Booster Pack - Art May Vary),14.1,0-25,false,sold_back
2026-10-08T13:49:14.000Z,2021 VMAX Climax #242/184 Galarian Moltres V - Character Super Rare Holo (CGC 10 PRISTINE),39.3,25-100,false,held
2026-10-08T13:49:15.000Z,Magic: The Gathering Innistrad Remastered - Play Booster (1 Booster Pack - Art May Vary),13.6,0-25,false,sold_back
2026-10-08T13:49:17.000Z,2025 One Piece PRB02-Premium Booster -One Piece Card the Best- Vol.2 #115 You're the One Who Should Disappear. - Alternate Art (PSA 9 MINT),17.7,0-25,false,sold_back
2026-10-08T13:49:18.000Z,2023 Scarlet & Violet 151 - MEW EN #115/165 Kangaskhan ex (CGC 7.5 NM+),10.9,0-25,false,held
2026-10-08T13:49:18.000Z,2024 Panini Prizm Fireworks #24 Jayden Daniels (PSA 10 GEM MINT),35,25-100,false,sold_back
2026-10-08T13:49:20.000Z,2021 Eevee Heroes #079/069 Jolteon V - Super Rare Holo (CGC 9.5 MINT+),20,0-25,false,sold_back
2026-10-08T13:49:20.000Z,2024 Panini Donruss #308 Michael Penix Jr. - Optic Preview-Pink (PSA 10 GEM MINT),37.5,25-100,false,sold_back
2026-10-08T13:49:20.000Z,2024 Stellar Crown - SCR EN #115/142 Noctowl - Play! Pokémon Prize Pack Series (Cosmos Holo) Holo (CGC 9 MINT),12.9,0-25,false,sold_back
2026-10-08T13:49:20.000Z,"Infinity War #2 CGC 9.8 White Pages (Marvel Comics, 7/92) - Universal",74.1,25-100,false,sold_back
2026-10-08T13:49:21.000Z,2024 Cyber Judge #075/071 Litten - Art Rare Holo (CGC 9 MINT),10.5,0-25,false,held
2026-10-08T13:49:23.000Z,Pokémon Scarlet & Violet Destined Rivals (1 Booster Pack - Art May Vary),10.7,0-25,false,held
2026-10-08T13:49:29.000Z,2020 Panini La Liga Megacracks #430 Pedri (PSA 9 MINT),19.2,0-25,false,held
2026-10-08T13:49:30.000Z,2025 Glory of the Rocket Gang - sv10 #100/098 Team Rocket's Houndoom - Art Rare Holo (CGC 8.5 NM-MT+),12.1,0-25,false,sold_back
2026-10-08T13:49:32.000Z,2018 Tag Bolt #013/095 Charizard - Holo (CGC 8.5 NM-MT+),20.1,0-25,false,sold_back
2026-10-08T13:49:33.000Z,2024 Paradise Dragona - sv7a #073/064 Skarmory - Art Rare Holo (CGC 10 GEM MINT),20.8,0-25,false,held
2026-10-08T13:49:36.000Z,2023 Snow Hazard #073/071 Marill - Art Rare Holo (CGC 10 GEM MINT),19.9,0-25,false,sold_back
2026-10-08T13:49:38.000Z,2025 Pokémon Mbg-Mega Starter Set Mega Gengar EX #022 Haunter (PSA 10 GEM MINT),54.3,25-100,false,sold_back
2026-10-08T13:49:39.000Z,2013 Bowman Draft Picks & Prospects Rookies #41 Nolan Arenado (PSA 9 MINT),19.6,0-25,false,sold_back
2026-10-08T13:49:41.000Z,2026 Pokémon M4-Ninja Spinner #103 Cinccino EX - Holo Super Rare (PSA 10 GEM MINT),100,100-500,false,sold_back
2026-10-08T13:49:42.000Z,2023 Topps Now X Tyson Beck X C.J. Stroud #CJ2 C.J. Stroud (PSA 10 GEM MINT),38.9,25-100,false,sold_back
2026-10-08T13:49:42.000Z,Magic: The Gathering Avatar: The Last Airbender - Jumpstart Booster (1 Booster Pack - Art May Vary),6.1,0-25,false,sold_back
2026-10-08T13:49:45.000Z,2022 Scarlet & Violet Promos #291/SV-P Pikachu - Pokémon Card Gym Event Participation (CGC 10 PRISTINE),36.6,25-100,false,sold_back
2026-10-08T13:49:47.000Z,2018 Tag Bolt #065/095 Dragonite - Holo (CGC 9 MINT),11.7,0-25,false,held
2026-10-08T13:49:48.000Z,2023 Upper Deck #486 Kevin Korchinski (PSA 9 MINT),17.8,0-25,false,held
2026-10-08T13:49:48.000Z,Pokémon Scarlet & Violet Destined Rivals (1 Booster Pack - Art May Vary),10.7,0-25,false,held
2026-10-08T13:49:50.000Z,2022 VSTAR & VMAX High-Class Decks #005/020 Deoxys V - Deoxys Deck Holo (CGC 10 PRISTINE),50.2,25-100,false,sold_back
2026-10-08T13:49:50.000Z,2023 Topps Heritage 1974 Topps Baseball Stamps #74BS1 Frank Robinson/Mike Trout/Nolan Ryan/Shohei Ohtani (PSA 9 MINT),34.2,25-100,false,sold_back
2026-10-08T13:49:53.000Z,Pokémon Sword & Shield Evolving Skies (1 Booster Pack - Art May Vary),51.6,25-100,false,sold_back
2026-10-08T13:49:59.000Z,1999 Base Set #80/102 Defender (CGC 9 MINT),13.6,0-25,false,held
2026-10-08T13:50:00.000Z,2025 Panini Donruss Elite #103 Jaxson Dart (PSA 8 NM-MT),41,25-100,false,held
2026-10-08T13:50:00.000Z,Magic: The Gathering Streets of New Capenna - Draft Booster (1 Booster Pack - Art May Vary),6.4,0-25,false,sold_back
2026-10-08T13:50:00.000Z,Pokémon GO (1 Booster Pack - Art May Vary),17.5,0-25,false,sold_back
2026-10-08T13:50:05.000Z,2023 Ancient Roar #068/066 Magby - Art Rare Holo (CGC 10 GEM MINT),13.9,0-25,false,sold_back
2026-10-08T13:50:05.000Z,2023 One Piece Japanese Premium Card Collection -One Piece Film Red #021 Franky (PSA 10 GEM MINT),34.3,25-100,false,sold_back
2026-10-08T13:50:06.000Z,2021 McDonald's Collection 2021 #9/25 Charmander - Confetti Holo (CGC 8.5 NM-MT+),12.8,0-25,false,sold_back
2026-10-08T13:50:09.000Z,2025 Pokémon MC-Start Deck 100 Battle Collection #757 Sprigatito EX - Holo (PSA 10 GEM MINT),62.8,25-100,false,sold_back
2026-10-08T13:50:12.000Z,2023 Paradox Rift - PAR EN #232/182 Altaria ex - Ultra Rare Holo (CGC 10 GEM MINT),18.4,0-25,false,held
2026-10-08T13:50:15.000Z,1996 Pokémon Basic Switch - Trainer (PSA 8 NM-MT),13.4,0-25,false,held
2026-10-08T13:50:15.000Z,2017 Black Star Promos - Sword & Shield #SWSH087 Eevee VMAX - Shining Fates Elite Trainer Box (Holo) (CGC 9 MINT),10.5,0-25,false,sold_back
2026-10-08T13:50:17.000Z,Pokemon Sun & Moon Tag Team GX Dream League (1 Booster Pack - Art May Vary),42,25-100,false,sold_back
2026-10-08T13:50:18.000Z,2024 Pokémon Sv7a-Paradise Dragona #071 Vibrava - Art Rare (CGC 10 GEM MINT),11.1,0-25,false,held
2026-10-08T13:50:20.000Z,1970 Topps #25 Jan Stenerud (PSA 6 EX-MT),21.1,0-25,false,sold_back
2026-10-08T13:50:26.000Z,2019 Upper Deck #228 Adam Fox (PSA 9 MINT),23.6,0-25,false,held
2026-10-08T13:50:29.000Z,2018 Pokémon Sun & Moon Lost Thunder #221 Zeraora GX - Holo Full Art Secret (PSA 10 GEM MINT),372,100-500,false,held
2026-10-08T13:50:32.000Z,2021 Pokémon 25th Anniversary Collection #001 Pikachu - Full Art (PSA 10 GEM MINT),48.7,25-100,false,sold_back
2026-10-08T13:50:32.000Z,2026 Pokémon Asc EN-Ascended Heroes #228 Weavile - Illustration Rare (PSA 10 GEM MINT),49.9,25-100,false,held
2026-10-08T13:50:33.000Z,2025 Topps Now #719 Cal Raleigh/Mickey Mantle (PSA 10 GEM MINT),21.3,0-25,false,sold_back
2026-10-08T13:50:35.000Z,2025 One Piece OP13-Carrying on His Will Don!! Card - Alternate Art-Gold (PSA 9 MINT),23.3,0-25,false,sold_back
2026-10-08T13:50:36.000Z,2023 Pokémon Sv2a-Pokémon Card 151 #001 Bulbasaur - Reverse Holo Master Ball (PSA 10 GEM MINT),75.7,25-100,false,sold_back
2026-10-08T13:50:38.000Z,2026 Pokémon Mep EN-Me Black Star Promo #038 Charmander - First Partner Illustration Collection Series 1 (PSA 9 MINT),36.7,25-100,false,sold_back
2026-10-08T13:50:39.000Z,2023 Pokémon Clk-Trading Card Game Classic Blastoise & Suicune EX Deck #008 Lapras (PSA 10 GEM MINT),45.1,25-100,false,held
2026-10-08T13:50:41.000Z,2025 One Piece OP12-Legacy of the Master #020 Roronoa Zoro - Alternate Art (PSA 10 GEM MINT),126.1,100-500,false,held
2026-10-08T13:50:42.000Z,2024 Pokémon Simplified Cs5a C-Gallant Galaxy: Charm #004 Charizard V - Holo (PSA 10 GEM MINT),70,25-100,false,sold_back
2026-10-08T13:50:44.000Z,2024 Panini Donruss #393 Marvin Harrison Jr. - Optic Preview-Red Pandora (PSA 10 GEM MINT),47.1,25-100,false,sold_back
2026-10-08T13:50:44.000Z,Magic: The Gathering Tarkir: Dragonstorm - Play Booster (1 Booster Pack - Art May Vary),7.5,0-25,false,held
2026-10-08T13:50:47.000Z,2022 Pokémon Sword & Shield Incandescent Arcana #055 HO-Oh V - Holo (PSA 10 GEM MINT),98.7,25-100,false,sold_back
2026-10-08T13:50:48.000Z,2022 Lost Origin #TG02/TG30 Roserade - Trainer Gallery Holo (CGC 10 PRISTINE),70.3,25-100,false,held
2026-10-08T13:50:50.000Z,1983 Fleer #463 Nolan Ryan (PSA 8 NM-MT),21.7,0-25,false,sold_back
2026-10-08T13:50:50.000Z,2025 Panini Select #54 Shedeur Sanders - Silver Prizm (PSA 9 MINT),20.1,0-25,false,sold_back
2026-10-08T13:50:51.000Z,2026 Topps #200 Shohei Ohtani (PSA 9 MINT),21.7,0-25,false,sold_back
2026-10-08T13:50:54.000Z,1967 Topps #31 John McCormick (PSA 8 NM-MT),37.9,25-100,false,held
2026-10-08T13:50:56.000Z,2025 Pokémon M2a-Mega Dream EX #063 Team Rocket's Mewtwo EX - Holo (PSA 10 GEM MINT),43.8,25-100,false,held
2026-10-08T13:50:57.000Z,2018 Dark Order #034/052 Jirachi - Holo (CGC 10 GEM MINT),20.6,0-25,false,held
2026-10-08T13:50:59.000Z,2019 Dream League #047/049 Rosa - Holo (CGC 9.5 MINT+),11.5,0-25,false,held
2026-10-08T13:51:02.000Z,2024 Surging Sparks - SSP EN #091/191 Palossand ex - Holo (CGC 10 GEM MINT),17,0-25,false,sold_back
2026-10-08T13:51:02.000Z,Magic: The Gathering Streets of New Capenna - Draft Booster (1 Booster Pack - Art May Vary),6.4,0-25,false,sold_back
2026-10-08T13:51:05.000Z,2024 Pokémon Tef EN-Temporal Forces #164 Grotle - Illustration Rare (PSA 10 GEM MINT),179.9,100-500,false,sold_back
2026-10-08T13:51:05.000Z,"Uncanny X-Men #167 CGC 9.8 White Pages (Marvel Comics, 3/83) - Universal",117,100-500,false,sold_back
2026-10-08T13:51:06.000Z,2024 One Piece Japanese Premium Card Collection -One Piece Day'24 Don!! Card (PSA 10 GEM MINT),32.7,25-100,false,held
2026-10-08T13:51:12.000Z,2021 Pokémon Sword & Shield Start Deck 100 #127 Pikachu - Reverse Foil (PSA 10 GEM MINT),60.2,25-100,false,held
2026-10-08T13:51:14.000Z,Pokémon Sword & Shield Vivid Voltage (1 Booster Pack - Art May Vary),14,0-25,false,sold_back
2026-10-08T13:51:21.000Z,2019 Pokémon Sun & Moon Dream League #028 Mimikyu (PSA 9 MINT),34.4,25-100,false,held
2026-10-08T13:51:23.000Z,2025 Pokémon M2a-Mega Dream EX #242 N's Zoroark EX - Holo Special Art Rare (PSA 10 GEM MINT),77.1,25-100,false,held
2026-10-08T13:51:26.000Z,1999 Jungle #42/64 Persian - 1st Edition 1st Edition (CGC 7.5 NM+),22.8,0-25,false,held
2026-10-08T13:51:26.000Z,2025 Pokémon Pre EN-Prismatic Evolutions #023 Vaporeon EX - Holo Surprise Box Exclusive (CGC 10 GEM MINT),24.6,0-25,false,held
2026-10-08T13:51:26.000Z,Pokémon Scarlet & Violet Destined Rivals (1 Booster Pack - Art May Vary),10.7,0-25,false,sold_back
2026-10-08T13:51:29.000Z,2021 Pokémon Celebrations #015 Lunala (PSA 8 NM-MT),11.5,0-25,false,held
2026-10-08T13:51:29.000Z,Magic: The Gathering Tarkir: Dragonstorm - Play Booster (1 Booster Pack - Art May Vary),7.5,0-25,false,held
2026-10-08T13:51:30.000Z,2021 Panini Donruss Optic #203 Trey Lance - Silver Circles (PSA 9 MINT),35.9,25-100,false,held
2026-10-08T13:51:30.000Z,"X-Men #12 CGC 9.8 White Pages (Marvel Comics, 11/20) - Universal Mercado Variant Cover",63.495,25-100,false,sold_back
2026-10-08T13:51:35.000Z,Magic: The Gathering Streets of New Capenna - Draft Booster (1 Booster Pack - Art May Vary),6.4,0-25,false,held
2026-10-08T13:51:36.000Z,2022 Pokémon Sword & Shield Astral Radiance #TG03 Kingdra - Full Art (PSA 10 GEM MINT),312.9,100-500,false,held
2026-10-08T13:51:38.000Z,2022 Pokémon Sword & Shield Start Deck 100 Corocoro Comic Version #007 Eevee V - Holo (PSA 10 GEM MINT),56.9,25-100,false,sold_back
2026-10-08T13:51:39.000Z,2024 Pokémon Ssp EN-Surging Sparks #197 Ceruledge - Illustration Rare (PSA 9 MINT),28.8,25-100,false,sold_back
2026-10-08T13:51:41.000Z,"X-Men #44 CGC 9.4 Cream to Off-white Pages (Marvel Comics, 5/68) - Universal",435,100-500,false,held
2026-10-08T13:51:42.000Z,2021 Pokémon Swsh Black Star Promo #136 Mimikyu - Holo Celebrations Collection (PSA 9 MINT),36.9,25-100,false,sold_back
2026-10-08T13:51:44.000Z,1987 Topps #450 Kirby Puckett (PSA 9 MINT),19,0-25,false,sold_back
2026-10-08T13:51:44.000Z,2025 Pokémon M2-Inferno X #013 Mega Charizard X EX - Holo (PSA 10 GEM MINT),49.1,25-100,false,held
2026-10-08T13:51:44.000Z,Pokémon Sun & Moon Rebel Clash (1 Booster Pack - Art May Vary),15.2,0-25,false,held
2026-10-08T13:51:48.000Z,2025 Topps Silver Pack 1980-81 Topps Chrome Basketball #TC-KK Kon Knueppel (PSA 8 NM-MT),18.5,0-25,false,sold_back
2026-10-08T13:51:50.000Z,2020 Pokémon S Promo #101 Eevee Vmax - Full Art V Start Battle Winner Prize (PSA 10 GEM MINT),65.5,25-100,false,held
2026-10-08T13:51:51.000Z,2024 Panini Donruss #328 Ladd McConkey - Optic Preview-Red Wave (PSA 10 GEM MINT),45.5,25-100,false,sold_back
2026-10-08T13:51:53.000Z,1958 Topps #486 Willie Mays - All Star (PSA 4 VG-EX),151.9,100-500,false,held
2026-10-08T13:51:53.000Z,2025 Pokémon Meg EN-Mega Evolution #139 Litleo - Illustration Rare (PSA 10 GEM MINT),50.5,25-100,false,sold_back
2026-10-08T13:51:54.000Z,Pokémon Scarlet & Violet Base Set (1 Booster Pack - Art May Vary),10.6,0-25,false,sold_back
2026-10-08T13:52:02.000Z,2021 Pokémon Swsh Black Star Promo #129 Umbreon - Holo Evolving Skies Three Pack Blisters (PSA 9 MINT),58.8,25-100,false,held
2026-10-08T13:52:03.000Z,2025 Pokémon Pfl EN-Phantasmal Flames #127 Mega Sharpedo EX - Holo Special Illustration Rare (PSA 9 MINT),19.2,0-25,false,sold_back
2026-10-08T13:52:05.000Z,2025 Black Star Promos - Mega Evolution MEP EN #042 Piplup - First Partner Illustration Collection Series 1 (Holo) (CGC 10 PRISTINE),33.3,25-100,false,held
2026-10-08T13:52:08.000Z,2021 Pokémon Celebrations Classic Collection #107 Donphan - Holo (PSA 9 MINT),23.1,0-25,false,held
2026-10-08T13:52:09.000Z,2025-2026 Topps Now FC Barcelona #3 Dro (PSA 10 GEM MINT),35,25-100,false,held
2026-10-08T13:52:09.000Z,2026 Pokémon Por EN-Perfect Order #123 Rosa's Encouragement - Special Illustration Rare (PSA 9 MINT),49.7,25-100,false,held
2026-10-08T13:52:11.000Z,2025 Pokémon Wht EN-White Flare #101 Litwick - Illustration Rare (PSA 9 MINT),40.1,25-100,false,held
2026-10-08T13:52:14.000Z,2016 Pokémon XY Steam Siege #114 Professor Sycamore - Full Art (PSA 9 MINT),23.2,0-25,false,held
2026-10-08T13:52:14.000Z,2017 Black Star Promos - Sword & Shield #SWSH087 Eevee VMAX - Shining Fates Elite Trainer Box (Holo) (CGC 9 MINT),10.5,0-25,false,held
2026-10-08T13:52:18.000Z,2017 Shining Legends #71/73 Entei GX - Ultra Rare Holo (CGC 9 MINT),17.8,0-25,false,held
2026-10-08T13:52:18.000Z,2023 Pokémon Mew EN-151 #201 Alakazam EX - Holo Special Illustration Rare (PSA 9 MINT),70.4,25-100,false,held
2026-10-08T13:52:20.000Z,2000 Gym Challenge #24/132 Giovanni's Pinsir - 1st Edition 1st Edition (CGC 8.5 NM-MT+),17.7,0-25,false,held
