check,checked_on,card_name,cert_number,last_pull_at_utc,last_pull_value_usd,phygitals_page_value_usd,holder_class,alt_live_value_usd
page_value_vs_last_pull,2026-10-03,2004 Pokemon EX Team Rocket Returns Reverse Holo Dark Houndoom #37 PSA 10 GEM MINT,27878505,2026-09-15T02:40:28.085Z,6266.18,7981.771552,phygitals_unvaulted,
page_value_vs_last_pull,2026-10-03,2016 Pokemon Hanafuda Mario Pikachu December Ho-Oh/Mario Pikachu PSA 10,140862177,2026-09-15T02:44:50.666Z,1157.02,1280.385383,phygitals_unvaulted,
page_value_vs_last_pull,2026-10-03,2026 Pokemon Mega Evolution Ascended Heroes Special Illustration Rare Mega Dragonite Ex #290 PSA 9,158375034,2026-09-15T05:04:05.255Z,577.09,433.913418,user,
page_value_vs_last_pull,2026-10-03,2025 Pokemon Mega Dream Ex Japanese Special Art Rare Mega Gengar Ex #240 PSA 10,161918554,2026-09-15T09:46:01.511Z,581.82,400.372425,phygitals_unvaulted,
page_value_vs_last_pull,2026-10-03,1999 Pokemon Base Set 1st Edition Drowzee #49 PSA 10,44940715,2026-09-15T13:12:29.653Z,681,766.82397,phygitals_unvaulted,
page_value_vs_last_pull,2026-10-03,2021 Pokemon XY Sword and Shield Promo Japanese Stamp Box Pikachu #227 PSA 9,143857464,2026-09-15T14:40:28.136Z,2376.1,1991.77918,phygitals_unvaulted,
page_value_vs_last_pull,2026-10-03,2002 Pokemon Neo Destiny 1st Edition Dark Slowking #20 PSA 10 GEM MINT,59378538,2026-09-15T20:11:25.479Z,1659.8,1778.734564,phygitals_unvaulted,
page_value_vs_last_pull,2026-10-03,2006 Pokemon EX Crystal Guardians Reverse Holo Bulbasaur #45 PSA 10 GEM MINT,43346337,2026-09-16T01:56:33.140Z,2486.59,6327.49258,phygitals_unvaulted,
page_value_vs_last_pull,2026-10-03,2001 Pokemon Southern Islands Holo Mew #1 PSA 7,50116700,2026-09-16T02:08:13.531Z,754.11,916.221092,phygitals_unvaulted,
page_value_vs_last_pull,2026-10-03,1999 Pokemon Fossil 1st Edition Holo Raichu #14 PSA 10,44180935,2026-09-16T02:09:35.270Z,6185.44,7074.52966,phygitals_unvaulted,
page_value_vs_last_pull,2026-10-03,2002 Pokemon Split Earth Japanese Holo 1st Edition Forretress #75 PSA 10,110013162,2026-09-16T06:21:22.177Z,574.3,482.190942,phygitals_unvaulted,
page_value_vs_last_pull,2026-10-03,2003 Pokemon Skyridge Holo Houndoom #H11 PSA 6,159238427,2026-09-16T06:49:45.093Z,1216.53,1349.554763,phygitals_unvaulted,
page_value_vs_last_pull,2026-10-03,2022 Pokemon Sword & Shield Lost Origin Alt Art Giratina V #186 BGS 9.5 GEM MINT,0017456082,2026-09-16T08:43:38.896Z,2023,1802.702378,phygitals_unvaulted,
page_value_vs_last_pull,2026-10-03,2015 Pokemon XY Promo Japanese Holo Pretend Magikarp Pikachu #150 PSA 9,24507087,2026-09-16T09:17:33.363Z,6723.17,6723.174003,house,
page_value_vs_last_pull,2026-10-03,2017 Pokemon Japanese Sun & Moon Legends Holo Shining Rayquaza #57 PSA 10 GEM MT,59080836,2026-09-16T09:38:25.442Z,577.6,542.672423,phygitals_unvaulted,
page_value_vs_last_pull,2026-10-03,2018 Pokemon Japanese SM Promo Center 20th Anniversary Full Art Red's Pikachu #270 PSA 10 GEM,144890830,2026-09-16T13:57:51.242Z,1208.19,1011.596902,phygitals_unvaulted,
page_value_vs_last_pull,2026-10-03,1999 Pokemon Jungle 1st Edition Holo Pidgeot #8 PSA 10,28360465,2026-09-16T16:39:49.950Z,7070.14,8743.918493,phygitals_unvaulted,
page_value_vs_last_pull,2026-10-03,1999 Pokemon Movie Promo Japanese Ancient Mew II PSA 10,04241180,2026-09-16T18:20:32.792Z,2920.38,2028.455034,phygitals_unvaulted,
page_value_vs_last_pull,2026-10-03,2002 Pokemon Neo Destiny Holo Shining Raichu #111 BGS 8.5 NM-MT+,0019395613,2026-09-16T18:41:06.490Z,972.37,1135.610188,phygitals_unvaulted,
page_value_vs_last_pull,2026-10-03,2000 Pokemon Neo 2 Crossing the Ruins Japanese Holo Tyranitar #248 PSA 10,102875767,2026-09-16T18:56:41.912Z,1273.24,1190.72031,phygitals_unvaulted,
page_value_vs_last_pull,2026-10-03,2010 Pokemon Black and White Promo Japanese White Collection 15th Anniversary Zekrom #055 PSA 10,42705500,2026-09-16T19:02:33.517Z,9995.91,9995.909836,house,
page_value_vs_last_pull,2026-10-03,1999 POKEMON BASE SET 1ST EDITION #7 HITMONCHAN-HOLO PSA 7,116941659,2026-09-17T14:41:15.793Z,645.16,645.161496,house,
page_value_vs_last_pull,2026-10-03,2016 Pokemon Sun and Moon Promo Japanese Special Box Pretend Grunt Pikachu Pretend Team Skull Pikachu #013SMP PSA 9,156402480,2026-09-17T14:57:19.008Z,6155.63,6155.634937,house,
page_value_vs_last_pull,2026-10-03,1999 Pokemon Jungle 1st Edition Holo Pidgeot #8 PSA 10,27924378,2026-09-17T15:20:23.179Z,7070.14,7070.136588,house,
page_value_vs_last_pull,2026-10-03,2021 Pokemon Sword & Shield Evolving Skies Alt Art Umbreon VMAX #215 PSA 9 MINT,122658234,2026-09-17T15:23:08.324Z,2019.59,1925.976119,phygitals_unvaulted,
page_value_vs_last_pull,2026-10-03,1996 Pokemon Japanese Base Set Holo Hitmonchan #107 PSA 10 GEM MINT,94964303,2026-09-17T15:58:50.691Z,1583.74,1848.226991,user,
page_value_vs_last_pull,2026-10-03,2012 Pokemon Black and White Dragons Exalted Rayquaza Ex #123 PSA 7,120403769,2026-09-17T17:11:06.468Z,960.71,1113.134807,user,
page_value_vs_last_pull,2026-10-03,1997 POKEMON JPN TOPSUN BLUE BACK #84 DODUO PSA 10,107083295,2026-09-17T20:20:39.484Z,720.2,817.839318,phygitals_unvaulted,
page_value_vs_last_pull,2026-10-03,2005 Pokemon Ex Unseen Forces Holo Ho Oh Ex #104 BGS 8.5,0016703974,2026-09-17T20:34:54.149Z,649.09,941.679002,phygitals_unvaulted,
page_value_vs_last_pull,2026-10-03,2013 Pokemon Black and White Legendary Treasures Holo Charizard #19 PSA 10,27686628,2026-09-18T09:40:00.459Z,5494.45,7455.7371,phygitals_unvaulted,
page_value_vs_last_pull,2026-10-03,1999 Pokemon Base Set Shadowless Holo Alakazam #1 CGC 9.5 MINT+,1401020587104,2026-09-18T10:12:53.604Z,1078.9,1239.25,phygitals_unvaulted,
page_value_vs_last_pull,2026-10-03,2023 Pokemon Sun and Moon Shining Synergy Shower Simplified Chinese Latias/Latios Gx #175 PSA 10,151953931,2026-09-18T10:18:45.499Z,1399.25,1328.782182,phygitals_unvaulted,
page_value_vs_last_pull,2026-10-03,2004 Pokemon Ex Team Rocket Returns Reverse Holo Rocket's Meowth #46 PSA 10,66826561,2026-09-18T10:42:34.148Z,6743.84,7033.806603,house,
page_value_vs_last_pull,2026-10-03,2000 Pokemon Gym Heroes 1st Edition Holo Brock #15 PSA 10,25212439,2026-09-18T11:07:36.800Z,4984.49,4984.491686,house,
page_value_vs_last_pull,2026-10-03,2021 Pokemon Sword & Shield Promo Day Center Holo Special Delivery Bidoof #SWSH177 PSA 8 NM-MT,159992171,2026-09-18T15:26:56.875Z,549.76,534.607314,user,
page_value_vs_last_pull,2026-10-03,2001 Pokemon Japanese Expedition 1st Edition Holo Meganium #102 PSA 10 GEM MINT,25729715,2026-09-18T15:45:49.193Z,832.35,832.352326,house,
page_value_vs_last_pull,2026-10-03,2001 Pokemon Neo Revelation Holo Shining Magikarp #66 PSA 9 MINT,92812984,2026-09-18T16:02:52.615Z,1297.38,1297.378222,house,
page_value_vs_last_pull,2026-10-03,2023 POKEMON PAL EN-PALDEA EVOLVED ILLUSTRATION RARE #203 MAGIKARP PSA 9,101052061,2026-09-18T16:05:29.024Z,518.98,518.984153,house,
page_value_vs_last_pull,2026-10-03,2002 Pokemon Neo Destiny Holo Shining Celebi #106 BGS 8 NM-MT,0019476197,2026-09-18T16:20:51.555Z,667.96,667.959994,house,
page_value_vs_last_pull,2026-10-03,2001 Pokemon Southern Islands Reverse Holo Mew #1 CGC 9 MINT,6112144044,2026-09-18T18:21:23.991Z,1587.76,1587.76,house,
page_value_vs_last_pull,2026-10-03,2022 Pokemon Sword and Shield Silver Tempest Lugia V #186 PSA 10,122760308,2026-09-18T21:25:18.304Z,1310.07,1171.035933,phygitals_unvaulted,
page_value_vs_last_pull,2026-10-03,2002 Pokemon Expedition Holo Venusaur #30 PSA 10,41067350,2026-09-19T04:20:28.798Z,5405.64,7801.609912,phygitals_unvaulted,
page_value_vs_last_pull,2026-10-03,2002 Pokemon Legendary Collection Reverse Holo Caterpie #69 PSA 10 GEM MINT,28256413,2026-09-19T04:24:39.270Z,5492.2,3886.330522,phygitals_unvaulted,
page_value_vs_last_pull,2026-10-03,2003 Pokemon Skyridge Holo Politoed #H23 PSA 10 GEM MINT,28721420,2026-09-19T04:31:13.518Z,5069.14,5163.226878,phygitals_unvaulted,
page_value_vs_last_pull,2026-10-03,2002 Pokemon Legendary Collection Reverse Holo Tentacruel #66 PSA 10 GEM MINT,28317630,2026-09-19T07:02:15.261Z,3181.22,36361.596614,phygitals_unvaulted,
page_value_vs_last_pull,2026-10-03,2001 Pokemon Japanese Meiji Promo Silver Foil Entei PSA 10 GEM MINT,159237867,2026-09-19T07:36:35.006Z,1104.28,1330.235352,phygitals_unvaulted,
page_value_vs_last_pull,2026-10-03,2002 Pokemon Japanese Wind From The Sea 1st Edition Holo Tyranitar #071 BGS 9 MINT,0019604531,2026-09-19T07:56:20.956Z,965,965.002755,house,
page_value_vs_last_pull,2026-10-03,2025 Pokemon Scarlet and Violet Prismatic Evolutions Special Illustration Rare Umbreon Ex #161 PSA 9,155531199,2026-09-19T12:25:55.042Z,1352.93,1132.012496,phygitals_unvaulted,
page_value_vs_last_pull,2026-10-03,2024 Pokemon Scarlet & Violet Temporal Forces IR Gastly #177 PSA 10 GEM MINT,130950760,2026-09-19T15:30:48.111Z,502.04,468.658447,phygitals_unvaulted,
page_value_vs_last_pull,2026-10-03,1999 POKEMON BLASTOISE BASE SET SHADOWLESS HOLO PSA 7,51909215,2026-09-19T15:46:58.795Z,673.83,673.832854,house,
page_value_vs_last_pull,2026-10-03,2003 Pokemon Best Of Game Promo Winner Reverse Holo Rocket's Mewtwo #8 CGC 9 MINT,6120229007,2026-09-19T15:53:39.374Z,875.95,875.95,house,
page_value_vs_last_pull,2026-10-03,2000 Pokemon Team Rocket Holo Dark Dragonite #5 PSA 9,24012062,2026-09-19T15:53:39.375Z,606.21,606.211074,house,
page_value_vs_last_pull,2026-10-03,1997 Pokemon Japanese Rocket Gang Holo Dark Machamp #68 PSA 10 GEM MINT,41275451,2026-09-19T15:53:39.376Z,504.87,504.869363,house,
page_value_vs_last_pull,2026-10-03,2001 Pokemon Japanese Web 1st Edition Holo Dark Charizard #42 PSA 10 GEM MINT,160183929,2026-09-19T16:40:29.191Z,7376.32,7376.315191,house,
page_value_vs_last_pull,2026-10-03,2010 Pokemon Japanese Promo Heartgold and Soulsilver Special Pack Holo Latias #045 PSA 10,88287013,2026-09-19T16:42:40.814Z,984.31,984.307631,house,
page_value_vs_last_pull,2026-10-03,2001 Pokemon Neo Revelation Holo Shining Magikarp #66 PSA 8 NM-MT,27158497,2026-09-19T16:51:29.660Z,811.43,811.432312,house,
page_value_vs_last_pull,2026-10-03,2024 Pokemon Scarlet & Violet Paldean Fates SIR Shiny Mew ex #232 PSA 9 MINT,110918075,2026-09-19T18:50:08.782Z,879.34,720.291859,user,
page_value_vs_last_pull,2026-10-03,2002 Pokemon Legendary Collection Reverse Holo Potion #110 PSA 10 GEM MINT,27319679,2026-09-19T19:23:23.919Z,2420.71,3727.805375,phygitals_unvaulted,
page_value_vs_last_pull,2026-10-03,1999 Pokemon Base Set German 1st Edition Holo Charizard #4 PSA 5,83261814,2026-09-19T22:15:20.404Z,1215.19,1458.248722,user,
page_value_vs_last_pull,2026-10-03,2010 Pokemon HeartGold & SoulSilver Holo Typhlosion #110 PSA 9 MINT,41387743,2026-09-20T01:49:48.833Z,574.45,574.446918,house,
page_value_vs_last_pull,2026-10-03,1998 Pokemon Japanese Bandai Carddass Vending Prism Ash & Pikachu #110 PSA 10 GEM MINT,48037211,2026-09-20T03:16:49.151Z,1012.62,1012.621192,house,
page_value_vs_last_pull,2026-10-03,2025 Pokemon SV Black Bolt BWR Zekrom ex #172 CGC 10 GEM MINT,6073465003,2026-09-20T04:30:09.163Z,618.25,576.15,phygitals_unvaulted,
page_value_vs_last_pull,2026-10-03,2002 Pokemon Neo Destiny Shining Mewtwo #109 PSA 7 NRMT,146516342,2026-09-20T05:54:31.509Z,1508.68,1508.675696,house,
page_value_vs_last_pull,2026-10-03,2023 Pokemon Japanese Scarlet & Violet Shiny Treasure ex SAR Mew ex #347 PSA 10 GEM MINT,124339372,2026-09-20T07:29:50.141Z,828.32,828.319869,house,
page_value_vs_last_pull,2026-10-03,2005 Pokemon Ex Delta Species Holo Latios #9 PSA 10,28601599,2026-09-20T09:05:02.717Z,3650,3650,house,
page_value_vs_last_pull,2026-10-03,2000 Pokemon Neo 2 Crossing the Ruins Japanese Holo Umbreon #197 PSA 10,83918044,2026-09-20T09:10:44.620Z,5789.39,6147.684659,phygitals_unvaulted,
page_value_vs_last_pull,2026-10-03,2002 Pokemon Legendary Collection Reverse Holo Dark Slowbro #8 CGC 10 GEM MINT,4149683008,2026-09-20T13:19:42.388Z,1551.71,3209.15,phygitals_unvaulted,
page_value_vs_last_pull,2026-10-03,2001 Pokemon Japanese Neo 4 Holo Dark Houndoom #229 PSA 10 GEM MINT,49814935,2026-09-20T15:19:12.054Z,687.52,687.520829,house,
page_value_vs_last_pull,2026-10-03,2012 Pokemon Black & White Plasma Storm Holo Charizard #136 CGC 8.5 NM-MT+,6108983027,2026-09-20T15:50:15.155Z,1510.76,1510.76,house,
page_value_vs_last_pull,2026-10-03,2000 Pokemon Neo Genesis 1st Edition Holo Pichu #12 PSA 9 MINT,27285158,2026-09-20T15:50:43.412Z,1661.56,1661.558578,house,
page_value_vs_last_pull,2026-10-03,2002 Pokemon Legendary Collection Reverse Holo Caterpie #69 PSA 10 GEM MINT,28333872,2026-09-20T16:58:35.324Z,5492.2,3886.330522,phygitals_unvaulted,
page_value_vs_last_pull,2026-10-03,2005 Pokemon EX Delta Species Reverse Holo Bagon #58 PSA 10 GEM MINT,125616401,2026-09-20T17:21:17.087Z,1716.09,2780.570527,phygitals_unvaulted,
page_value_vs_last_pull,2026-10-03,1999 Pokemon Fossil 1st Edition Holo Hypno #8 PSA 10,51203726,2026-09-21T07:50:11.730Z,2145.24,2931.332216,user,
page_value_vs_last_pull,2026-10-03,1999 Pokemon Jungle No Symbol Holo Vileplume #15B PSA 10,27445950,2026-09-21T07:50:34.969Z,2431.97,3091.073889,user,
page_value_vs_last_pull,2026-10-03,2001 Pokemon Neo Revelation 1st Edition Holo Crobat #4 PSA 10,64454736,2026-09-21T07:50:34.971Z,2266.23,2890.732729,user,
page_value_vs_last_pull,2026-10-03,1999 Pokemon Base Set 1st Edition Haunter #29 PSA 10,28992689,2026-09-21T07:54:59.955Z,1620.08,2876.558979,user,
page_value_vs_last_pull,2026-10-03,2004 Pokemon Ex Hidden Legends Holo Registeel Ex #99 PSA 10,120579498,2026-09-21T08:34:28.495Z,2526.32,3984.605142,user,
page_value_vs_last_pull,2026-10-03,2002 Pokemon Neo Destiny 1st Edition Holo Dark Donphan #3 PSA 10,56446289,2026-09-21T08:35:57.426Z,2718.9,3768.065056,user,
page_value_vs_last_pull,2026-10-03,2003 Pokemon Aquapolis Holo Octillery #H20 PSA 10,42162390,2026-09-21T08:35:57.427Z,1787.74,3094.918934,user,
page_value_vs_last_pull,2026-10-03,2010 Pokemon HeartGold & SoulSilver Triumphant Holo Yanmega #98 PSA 10 GEM MINT,95363507,2026-09-21T08:39:54.082Z,1684.65,3077.129021,user,
page_value_vs_last_pull,2026-10-03,2000 Pokemon Neo Genesis 1st Edition Holo Kingdra #8 PSA 10,25690228,2026-09-21T08:43:33.719Z,2605.56,4317.167765,user,
page_value_vs_last_pull,2026-10-03,2003 Pokemon EX Sandstorm Holo Solrock #13 PSA 10 GEM MINT,66112966,2026-09-21T08:45:37.495Z,2708.61,3707.175821,user,
page_value_vs_last_pull,2026-10-03,1999 Pokemon Japanese Gym 2 Trainer Koga's Ninja Trick PSA 10 GEM MINT,48561531,2026-09-21T08:47:25.450Z,1733.64,1733.641364,user,
page_value_vs_last_pull,2026-10-03,1999 Pokemon Base Set Shadowless 1st Edition Dragonair #18 PSA 10 GEM MINT,41283468,2026-09-21T09:05:48.198Z,5858.17,6319.218479,user,
page_value_vs_last_pull,2026-10-03,2016 Pokemon Cruel Traitor Xy11 Japanese Ultra Rare 1st Edition Gardevoir Ex #059 PSA 10,88661143,2026-09-21T12:10:35.177Z,1306.69,1274.172381,phygitals_unvaulted,
page_value_vs_last_pull,2026-10-03,2001 Pokemon Neo Revelation 1st Edition Holo Shining Gyarados #65 BGS 8,0020233719,2026-09-21T12:46:54.382Z,2996.43,2996.425678,house,
page_value_vs_last_pull,2026-10-03,1996 Pokemon Japanese Base Set Holo Charizard #6 PSA 6 EXMT,82202215,2026-09-21T13:17:25.238Z,551.8,444.794922,phygitals_unvaulted,
page_value_vs_last_pull,2026-10-03,1998 Pokemon Japanese CD Promo Holo Charizard #6 CGC 8.5 NM-MT+,6065488101,2026-09-21T14:33:05.852Z,837.15,829.32,user,
page_value_vs_last_pull,2026-10-03,1999 Pokemon Base Set Shadowless 1st Edition Item Finder #74 PSA 10 GEM MINT,44354130,2026-09-21T16:11:03.270Z,2578.96,2578.957312,house,
page_value_vs_last_pull,2026-10-03,2004 Pokemon EX Team Rocket Returns Holo Treecko Gold Star #109 CGC 8.5 NM-MT+,4220562004,2026-09-21T16:52:23.263Z,6106.24,6106.24,house,
page_value_vs_last_pull,2026-10-03,2003 Pokemon Skyridge Reverse Holo Charizard #146 PSA 5,139040084,2026-09-21T16:59:10.919Z,2720.73,2720.731201,house,
page_value_vs_last_pull,2026-10-03,1999 Pokemon Base Set Holo 1st Edition Raichu #14 PSA 9,154763373,2026-09-21T17:49:23.637Z,3163.75,3745.496478,phygitals_unvaulted,
page_value_vs_last_pull,2026-10-03,2004 Pokemon Play Promo Japanese Holo Celebi #12 PSA 10,78426517,2026-09-21T18:19:05.057Z,1596.28,1752.063065,phygitals_unvaulted,
page_value_vs_last_pull,2026-10-03,1999 Pokemon Base Set Holo Charizard #4 BGS 8.5,0013245176,2026-09-21T18:23:06.480Z,1166.34,1474.812789,phygitals_unvaulted,
page_value_vs_last_pull,2026-10-03,2008 Pokemon Japanese Promo 10th Anniversary Pokemon Center Yokohama Pikachu #099 PSA 10,158839314,2026-09-21T19:47:41.137Z,5768.9,5768.898246,house,
page_value_vs_last_pull,2026-10-03,2000 Pokemon Gym Challenge 1st Edition Holo Giovanni's Machamp #6 PSA 10,26841697,2026-09-21T20:42:44.807Z,2121.43,2121.426757,house,
page_value_vs_last_pull,2026-10-03,2015 Pokemon Bandit Ring Japanese 1st Edition Primal Kyogre Ex #93 PSA 10,26954369,2026-09-22T01:59:53.012Z,1461.15,1332.591393,phygitals_unvaulted,
page_value_vs_last_pull,2026-10-03,2005 Pokemon Golden Sky Silvery Ocean Japanese 1st Edition Entei Gold Star #19 PSA 9,98205222,2026-09-22T02:09:06.374Z,2978.58,2978.583601,house,
page_value_vs_last_pull,2026-10-03,2003 Pokemon Skyridge Holo Flareon #H7 PSA 6 EXMT,102866650,2026-09-22T02:36:36.031Z,813.18,813.176391,house,
page_value_vs_last_pull,2026-10-03,2006 Pokemon EX Crystal Guardians Holo Luvdisc #7 PSA 10 GEM MINT,26913502,2026-09-22T02:53:46.420Z,1052.13,884.677136,user,
page_value_vs_last_pull,2026-10-03,2002 Pokemon Neo Destiny Holo Shining Noctowl #110 PSA 9 MINT,62501638,2026-09-22T03:31:52.826Z,717.26,717.264224,house,
page_value_vs_last_pull,2026-10-03,2001 Pokemon Japanese Meiji Promo Silver Foil Raikou PSA 10 GEM MINT,159237869,2026-09-22T03:31:52.828Z,753.14,753.142333,house,
page_value_vs_last_pull,2026-10-03,2001 Pokemon Neo 4 Darkness and To Light Japanese Holo Dark Typhlosion #157 PSA 10,113834306,2026-09-22T03:31:52.829Z,614.64,614.637652,house,
page_value_vs_last_pull,2026-10-03,2019 Pokemon Japanese Sun & Moon Promo Strikes Back Full Art Armored Mewtwo #365 PSA 10 GEM,113080619,2026-09-22T03:31:52.841Z,741.42,741.424061,house,
page_value_vs_last_pull,2026-10-03,2000 Pokemon Gym Heroes 1st Edition Holo Erika's Vileplume #5 PSA 10,29035604,2026-09-22T03:40:43.280Z,2130.68,2912.951457,user,
page_value_vs_last_pull,2026-10-03,2002 Pokemon Legendary Collection Reverse Foil Charizard #3 PSA 8,85699984,2026-09-22T03:42:29.593Z,9495.25,11290.545307,user,
page_value_vs_last_pull,2026-10-03,2004 POKEMON EX HIDDEN LEGENDS #93 GROUDON EX-HOLO PSA 8,75931192,2026-09-22T05:27:35.523Z,508.72,508.722958,house,
page_value_vs_last_pull,2026-10-03,2018 Pokemon Sun and Moon Japanese Team Rainbow Rocket's Ambition Pretend Boss Pikachu Team Galactic #194SMP PSA 10,49305385,2026-09-22T10:34:46.549Z,3261.4,3261.400481,house,
page_value_vs_last_pull,2026-10-03,2002 Pokemon Neo Destiny 1st Edition Holo Miracle Energy #16 PSA 10 GEM MINT,45835971,2026-09-22T11:59:42.069Z,792.27,874.042407,phygitals_unvaulted,
page_value_vs_last_pull,2026-10-03,1999 Pokemon Fossil 1st Edition Holo Raichu #14 PSA 10,27489310,2026-09-23T03:40:10.872Z,6185.44,6185.441903,house,
page_value_vs_last_pull,2026-10-03,2005 Pokemon EX Delta Species Holo Kyogre Gold Star #112 CGC 9 MINT,6137727004,2026-09-23T03:55:21.754Z,4123.87,4123.87,house,
page_value_vs_last_pull,2026-10-03,2016 Pokemon XY Promo Japanese Premium Champion Pack Jirachi #235XYP PSA 10,156603287,2026-09-23T04:03:48.027Z,3565.29,3565.287198,house,
page_value_vs_last_pull,2026-10-03,2019 Pokemon Sun and Moon Team Up Gengar/Mimikyu Gx #53 PSA 10,52944273,2026-09-23T07:43:21.227Z,2722.59,2722.59233,house,
page_value_vs_last_pull,2026-10-03,2000 Pokemon Gym Heroes 1st Edition Holo Misty #18 PSA 10,26957898,2026-09-23T07:45:20.315Z,2027.28,2244.582397,phygitals_unvaulted,
page_value_vs_last_pull,2026-10-03,2018 Pokemon Japanese SM Promo Rainbow Rockets Ambition Pretend Boss Pikachu #193 PSA 10 GEM,78828224,2026-09-23T07:57:26.882Z,2342.77,2981.462721,phygitals_unvaulted,
page_value_vs_last_pull,2026-10-03,2002 Pokemon Japanese Promo Trainers Magazine Vol. 14 Flareon PSA 10 GEM MINT,48544852,2026-09-23T08:05:20.006Z,1906.39,2636.451479,phygitals_unvaulted,
page_value_vs_last_pull,2026-10-03,2009 Pokemon Melee Scramble Japanese Lucario #12 PSA 10,42936003,2026-09-23T08:05:20.007Z,2299.88,2299.877274,house,
page_value_vs_last_pull,2026-10-03,2000 Pokemon Gym Heroes 1st Edition Holo Misty's Tentacruel #10 PSA 10,27493787,2026-09-23T08:07:07.069Z,1906.24,2574.63916,phygitals_unvaulted,
page_value_vs_last_pull,2026-10-03,2000 Pokemon Neo Genesis 1st Edition Holo Lugia #9 PSA 5,153323567,2026-09-23T08:07:07.071Z,1895.93,2319.321601,phygitals_unvaulted,
page_value_vs_last_pull,2026-10-03,2016 Pokemon XY Break Mythical and Legendary Dream Shine Collection Japanese 1st Edition Mew #17 PSA 10,83848917,2026-09-23T08:16:33.158Z,1904.73,1904.733665,house,
page_value_vs_last_pull,2026-10-03,2005 Pokemon EX Unseen Forces Holo Suicune Gold Star #115 PSA 8 NM-MT,105594426,2026-09-23T08:18:03.237Z,2395.42,2854.816713,phygitals_unvaulted,
page_value_vs_last_pull,2026-10-03,2000 Pokemon Japanese Awakening Legends Holo Ho-Oh #250 PSA 10 GEM MINT,64192626,2026-09-23T08:18:03.239Z,1732.07,1732.072049,house,
page_value_vs_last_pull,2026-10-03,2000 Pokemon Gym Challenge 1st Edition Holo Giovanni's Nidoking #7 PSA 10,45104906,2026-09-23T08:18:55.138Z,2454.98,2896.159253,phygitals_unvaulted,
page_value_vs_last_pull,2026-10-03,2008 Pokemon Japanese Stormfront 1st Edition Holo Charizard #92 PSA 10 GEM MINT,66464848,2026-09-23T08:20:43.573Z,5711.51,5711.506262,house,
page_value_vs_last_pull,2026-10-03,2000 Pokemon Gym Challenge 1st Edition Holo Blaine's Arcanine #1 CGC 10,6003818011,2026-09-23T08:27:46.976Z,1768.22,2194.73,phygitals_unvaulted,
page_value_vs_last_pull,2026-10-03,2018 Pokemon Sun and Moon Promo Japanese Team Magma Team Rainbow Rocket's Ambition Pokemon Center Purchase Campaign Pretend Boss Pikachu Team Magma #193SMP PSA 10,44530306,2026-09-23T08:35:24.272Z,2644.61,2644.611074,house,
page_value_vs_last_pull,2026-10-03,1999 Pokemon Gym 2 Challenge From the Darkness Japanese Holo Sabrina's Gengar #094 CGC 9.5,6048110015,2026-09-23T08:38:41.609Z,1639.15,1639.15,house,
page_value_vs_last_pull,2026-10-03,1998 Pokemon Japanese Red Green Gift Set Holo Articuno #144 PSA 8 NM-MT,104079117,2026-09-23T11:15:11.161Z,829.4,817.810718,phygitals_unvaulted,
page_value_vs_last_pull,2026-10-03,2016 Pokemon XY Black Star Promo Portuguese Red and Blue Collection Pikachu Ex #XY124 PSA 10,156199543,2026-09-23T16:17:28.400Z,7794.67,7794.67242,house,
page_value_vs_last_pull,2026-10-03,2015 Pokemon Japanese XY Bandit Ring 1st Edition M Rayquaza EX #95 PSA 9 MINT,27574963,2026-09-23T19:31:40.716Z,1510.55,1341.645481,phygitals_unvaulted,
page_value_vs_last_pull,2026-10-03,1999 Pokemon Black Star Promo Wizards Of The Coast Trainer: Lucky Stadium #41 BGS 8 NM-MT,0018419614,2026-09-23T20:30:14.630Z,1553.9,1553.903723,house,
page_value_vs_last_pull,2026-10-03,2004 Pokemon Ex Team Rocket Returns Holo Charmeleon #110 PSA 10,24818552,2026-09-23T22:11:28.650Z,8694.66,8694.660341,house,
page_value_vs_last_pull,2026-10-03,2000 Pokemon Gym Challenge 1st Edition Holo Brock's Ninetales #3 PSA 10,43878107,2026-09-24T04:38:05.608Z,2090.67,2393.682653,user,
page_value_vs_last_pull,2026-10-03,2021 Pokemon 25th Anniversary Creatures Deck Japanese Corporate History Charmander #2007 PSA 9,141682287,2026-09-24T04:42:16.313Z,5297.44,5297.436234,house,
page_value_vs_last_pull,2026-10-03,2002 Pokemon Split Earth Japanese 1st Edition Holo Umbreon #72 PSA 9,79160997,2026-09-24T04:42:16.314Z,3629.87,4451.904901,user,
page_value_vs_last_pull,2026-10-03,2003 Pokemon Skyridge Holo Kabutops #150 CGC 10,4292377035,2026-09-24T04:44:31.521Z,3147.02,5293.33,user,
page_value_vs_last_pull,2026-10-03,2003 Pokemon Skyridge Holo Magneton #H19 PSA 10,41533561,2026-09-24T04:45:10.029Z,3316.75,2946.913427,user,
page_value_vs_last_pull,2026-10-03,2023 POKEMON PAL EN-PALDEA EVOLVED ILLUSTRATION RARE #211 RAICHU PSA 10,99544925,2026-09-24T05:42:18.320Z,901.26,899.999945,phygitals_unvaulted,
page_value_vs_last_pull,2026-10-03,2002 Pokemon Neo Destiny 1st Edition Holo Dark Crobat #2 PSA 10 GEM MINT,43422163,2026-09-24T06:36:35.790Z,3931.98,3931.983706,house,
page_value_vs_last_pull,2026-10-03,2016 Pokemon XY Pokekyun Collection Japanese 1st Edition Flareon Ex #007 PSA 10,136500290,2026-09-24T06:37:50.453Z,3456.95,3456.948686,house,
page_value_vs_last_pull,2026-10-03,2000 Pokemon Neo Genesis 1st Edition Holo Pichu #12 CGC 10,6177352001,2026-09-24T06:37:58.750Z,3824.95,3824.95,house,
page_value_vs_last_pull,2026-10-03,2006 Pokemon Promo Japanese 4th Season Subscription Holo Lugia Ex #31 PSA 10,26951024,2026-09-24T06:40:53.466Z,5380.41,5380.413466,house,
page_value_vs_last_pull,2026-10-03,2014 Pokemon Japanese XY Promo Pikachu Outbreak! #70 PSA 10 GEM MINT,69485693,2026-09-24T06:41:08.851Z,3071.81,3071.811107,house,
page_value_vs_last_pull,2026-10-03,2004 Pokemon Ex Fire Red and Leaf Green Holo Charizard Ex #105 BGS 9,0018455429,2026-09-24T06:42:13.809Z,3743.62,3743.616943,house,
page_value_vs_last_pull,2026-10-03,2019 Pokemon Japanese Sun & Moon HR Competition Full Art Mewtwo GX #363 PSA 10 GEM MINT,50350668,2026-09-24T06:43:08.075Z,3153.47,3153.468645,house,
page_value_vs_last_pull,2026-10-03,2023 Pokemon Japanese Card 151 Special Art Rare #201 Charizard ex Holo CGC 10,6025781166,2026-09-24T08:24:19.126Z,723.8,653.79,phygitals_unvaulted,
page_value_vs_last_pull,2026-10-03,1999 Pokemon Base Set Holo Charizard #4 CGC 7.5 NRMT+,4217472004,2026-09-24T11:18:21.540Z,645.33,605.08,user,
page_value_vs_last_pull,2026-10-03,2005 Pokemon Gift Box Mew Japanese Holo Mewtwo Gold Star #002 PSA 8,45557019,2026-09-24T12:00:23.933Z,3423.54,3423.541553,house,
page_value_vs_last_pull,2026-10-03,2000 Pokemon Japanese Neo 3 Holo Suicune #245 PSA 10 GEM MINT,69485860,2026-09-24T12:02:06.806Z,1383.97,1264.502915,phygitals_unvaulted,
page_value_vs_last_pull,2026-10-03,2006 Pokemon EX Holon Phantoms Holo Latios #12 PSA 10 GEM MINT,71360077,2026-09-24T12:02:07.959Z,3272.17,3272.174392,house,
page_value_vs_last_pull,2026-10-03,1996 Pokemon Japanese Base Set No Rarity Symbol Pikachu #25 PSA 9 MINT,91390356,2026-09-24T12:02:54.669Z,3591.42,3591.421609,house,
page_value_vs_last_pull,2026-10-03,2012 Pokemon Japanese Black & White Spiral Force 1st Ed Deoxys EX #25 PSA 10 GEM,80539046,2026-09-24T12:03:07.537Z,3412.91,3412.909812,house,
page_value_vs_last_pull,2026-10-03,2003 Pokemon Black Star Promo Holo Groudon ex #2 PSA 9 MINT,104078751,2026-09-24T15:19:08.909Z,1217.78,1217.78242,house,
page_value_vs_last_pull,2026-10-03,2013 Pokemon Black & White Plasma Blast Dusknoir #104 PSA 9 MINT,128733992,2026-09-24T15:22:05.809Z,502.76,502.757696,house,
page_value_vs_last_pull,2026-10-03,2022 Pokemon Sword & Shield Silver Tempest Alt Art Lugia V #186 CGC 10 GEM MINT,6153342002,2026-09-24T15:59:54.920Z,750,628.36,user,
page_value_vs_last_pull,2026-10-03,2006 Pokemon Ex Holon Phantoms Reverse Holo Latias #11 BGS 9.5,0014883556,2026-09-24T16:16:42.121Z,1235.65,1235.647954,house,
page_value_vs_last_pull,2026-10-03,2000 Pokemon Japanese Neo 2 Holo Wobbuffet #202 PSA 10 GEM MINT,58396307,2026-09-24T16:51:34.960Z,543.54,612.205889,phygitals_unvaulted,
page_value_vs_last_pull,2026-10-03,2024 Pokemon Scarlet & Violet Paldean Fates SIR Shiny Mew ex #232 PSA 9 MINT,117893281,2026-09-24T17:06:58.571Z,836.41,720.291859,phygitals_unvaulted,
page_value_vs_last_pull,2026-10-03,2021 Pokemon Japanese Sword & Shield High-Class Deck Gengar VMAX #20 BGS 10 PRISTINE,0015360690,2026-09-24T17:46:40.775Z,3625.94,3625.942609,house,
page_value_vs_last_pull,2026-10-03,2005 Pokemon EX Emerald Reverse Holo Rayquaza #9 PSA 8 NM-MT,72331441,2026-09-24T17:47:35.391Z,3009.58,3009.580183,house,
page_value_vs_last_pull,2026-10-03,1999 POKEMON BASE SET UNLIMITED #4 CHARIZARD-HOLO PSA 9,10075313,2026-09-24T17:52:48.585Z,3321.52,3321.516557,house,
page_value_vs_last_pull,2026-10-03,1999 Pokemon Fossil 1st Edition Holo Zapdos #15 PSA 10,44940465,2026-09-24T17:53:25.697Z,3678.72,3678.723484,house,
page_value_vs_last_pull,2026-10-03,2000 Pokemon Neo Genesis 1st Edition Holo Pichu #12 CGC 8.5 NM-MT+,3933959001,2026-09-24T19:03:55.296Z,538.88,576.59,phygitals_unvaulted,
page_value_vs_last_pull,2026-10-03,2005 Pokemon EX Delta Species Holo Umbreon #17 PSA 8 NM-MT,111120183,2026-09-24T20:45:14.619Z,550,537.568749,phygitals_unvaulted,
page_value_vs_last_pull,2026-10-03,1999 Pokemon Japanese CD Promo Holo Snorlax #143 PSA 9 MINT,133670167,2026-09-24T23:03:26.819Z,600,449.670188,phygitals_unvaulted,
page_value_vs_last_pull,2026-10-03,1998 Pokemon Japanese Meiji Promo Prism Mew #32 PSA 7 NRMT,55375060,2026-09-24T23:06:18.936Z,595.31,546.783628,phygitals_unvaulted,
page_value_vs_last_pull,2026-10-03,2006 Pokemon Ex Legend Maker Holo Mew Ex #88 PSA 8,154768011,2026-09-25T01:41:30.626Z,1060.81,1491.896447,phygitals_unvaulted,
page_value_vs_last_pull,2026-10-03,1996 Pokemon Base Set Japanese Holo Chansey #113 PSA 10,150108111,2026-09-25T02:38:44.477Z,3395.43,3395.428334,house,
page_value_vs_last_pull,2026-10-03,2023 Pokemon Scarlet & Violet IR Charmander #168 PSA 10 GEM MINT,138773190,2026-09-25T02:43:13.046Z,630,553.538652,phygitals_unvaulted,
page_value_vs_last_pull,2026-10-03,2001 Pokemon Japanese Web 1st Edition Holo Dark Blastoise #44 PSA 9 MINT,127200772,2026-09-25T03:48:26.399Z,1319.98,1319.980637,house,
page_value_vs_last_pull,2026-10-03,2022 Pokemon Sword & Shield Silver Tempest Alt Art Lugia V #186 PSA 10 GEM MINT,72853435,2026-09-25T07:26:20.997Z,1250,1250,house,
page_value_vs_last_pull,2026-10-03,2025 Pokemon Scarlet and Violet White Flare Black White Rare Reshiram Ex #173 PSA 10,127155429,2026-09-25T08:25:02.626Z,1248.62,982.984508,phygitals_unvaulted,
page_value_vs_last_pull,2026-10-03,2006 Pokemon EX Legend Maker Holo Registeel Gold Star #92 BGS 7.5 NRMT+,0018513932,2026-09-25T11:13:11.338Z,1305.27,1715.711968,user,
page_value_vs_last_pull,2026-10-03,2014 Pokemon Tidal Storm Japanese 1st Edition Primal Kyogre Ex #73 PSA 10,75680785,2026-09-25T15:05:55.428Z,1276.5,1249.742887,house,
page_value_vs_last_pull,2026-10-03,2000 Pokemon Team Rocket 1st Edition Holo Dark Dragonite #5 PSA 9,100715643,2026-09-25T15:36:49.142Z,1482.55,1482.551048,house,
page_value_vs_last_pull,2026-10-03,2015 Pokemon Japanese XY Promo Archdjinni Rings Giveaway Full Art Hoopa #155 PSA 10 GEM MINT,98763759,2026-09-25T15:59:12.787Z,1940.39,1940.389293,house,
page_value_vs_last_pull,2026-10-03,2002 Pokemon Theater Limited Vs Pack Japanese Holo Alto Mare's Latios #012 PSA 9,68011858,2026-09-25T16:00:36.782Z,2169.31,2169.306564,phygitals_unvaulted,
page_value_vs_last_pull,2026-10-03,2023 POKEMON MEW EN-151 SPECIAL ILLUSTRATION RARE #199 CHARIZARD EX PSA 10,116306147,2026-09-25T18:14:19.038Z,1428.97,1428.971391,house,
page_value_vs_last_pull,2026-10-03,1999 Pokemon Japanese Gym 2 Challenge From The Darkness Holo Sabrina's Gengar #94 CGC 9 MINT,6201155002,2026-09-25T18:16:37.147Z,1200,1200,house,
page_value_vs_last_pull,2026-10-03,2016 Pokemon Japanese Sun & Moon Promo Full Art Pretend Team Skull Pikachu #13 BGS 9.5 GEM MINT,0018058354,2026-09-25T18:20:09.584Z,8725.09,8725.093672,house,
page_value_vs_last_pull,2026-10-03,2005 Pokemon Japanese PokePark Forest PokePark's Celebi #1 PSA 10 GEM MINT,43779902,2026-09-25T18:23:01.915Z,1199.99,1199.99,house,
page_value_vs_last_pull,2026-10-03,2018 Pokemon Japanese SM 20th Anniversary Red's Pikachu #270/SM-P PSA 10 GEM MINT,42164672,2026-09-25T19:52:32.809Z,1195,1195,house,
page_value_vs_last_pull,2026-10-03,2001 Pokemon Vs Japanese 1st Edition Holo Rocket's Suicune #096 PSA 10,24920799,2026-09-25T23:33:13.658Z,1538.18,1589.925479,user,
page_value_vs_last_pull,2026-10-03,2015 Pokemon Japanese XY Rage Of Broken Heavens 1st Ed Gyarados EX #81 PSA 10,93421183,2026-09-25T23:38:01.783Z,908,1122.238539,phygitals_unvaulted,
page_value_vs_last_pull,2026-10-03,2004 Pokemon Kids Wb Promo Poke Card Creator Contest Pikachu #5 BGS 8.5,0018764101,2026-09-26T00:21:37.067Z,6561.85,6561.849555,house,
page_value_vs_last_pull,2026-10-03,1999 Pokemon Base Set Shadowless Holo Blastoise #2 BGS 8.5 NM-MT+,0014068133,2026-09-26T00:54:22.873Z,996.73,996.726015,house,
page_value_vs_last_pull,2026-10-03,2025 Pokemon Scarlet & Violet Prismatic Evolutions SIR Flareon Ex #146 PSA 10 GEM MINT,121366158,2026-09-26T09:10:28.956Z,538.66,548.666937,user,
page_value_vs_last_pull,2026-10-03,2009 Pokemon Platinum Arceus Gengar #17 PSA 9 MINT,56652567,2026-09-26T11:47:32.533Z,500,555.060917,user,
page_value_vs_last_pull,2026-10-03,2023 Pokemon Sword & Shield Crown Zenith Alt Art Pikachu #GG30 PSA 10 GEM MINT,74770423,2026-09-26T12:53:49.547Z,525,452.167802,phygitals_unvaulted,
page_value_vs_last_pull,2026-10-03,2001 Pokemon Neo Discovery 1st Edition Holo Forretress #2 PSA 10,23804908,2026-09-26T13:38:03.803Z,1287.52,1287.52265,house,
page_value_vs_last_pull,2026-10-03,2002 Pokemon Japanese Split Earth Holo Starmie #45 PSA 10 GEM MINT,74295454,2026-09-26T13:39:02.076Z,1283.44,1283.443893,house,
page_value_vs_last_pull,2026-10-03,2018 Pokemon Japanese Sun & Moon Promo Center Tokyo DX Holo Hakama Pikachu #208 PSA 10 GEM MINT,91512882,2026-09-26T13:45:46.268Z,2076.22,2224.060695,phygitals_unvaulted,
page_value_vs_last_pull,2026-10-03,2016 Pokemon Japanese XY Promo Trade Please 20th Holo Charizard #280 PSA 9 MINT,80157176,2026-09-26T13:46:22.403Z,916.86,894.713321,phygitals_unvaulted,
page_value_vs_last_pull,2026-10-03,2023 Pokemon Japanese Scarlet & Violet 151 Master Ball Reverse Holo Gengar #94 CGC 10 PRISTINE,6211365073,2026-09-26T13:52:40.623Z,993,1280.02,phygitals_unvaulted,
page_value_vs_last_pull,2026-10-03,2012 Pokemon Japanese Black & White Promo Nobunaga's Ambition Holo Rayquaza #144 PSA 10 GEM,142059740,2026-09-26T13:52:40.624Z,1140.57,917.940563,phygitals_unvaulted,
page_value_vs_last_pull,2026-10-03,2026 Pokemon Mega Evolution Ascended Heroes SIR Mega Dragonite Ex #290 CGC 10 GEM MINT,6217906009,2026-09-26T13:54:13.274Z,599.99,532.91,phygitals_unvaulted,
page_value_vs_last_pull,2026-10-03,2000 Topps Chrome Pokemon Tv Series 2 Gengar #94 PSA 10,63615523,2026-09-26T14:53:40.823Z,3781.65,3781.65,user,
page_value_vs_last_pull,2026-10-03,2022 Pokemon Sword & Shield Lost Origin Alt Art Giratina V #186 PSA 9 MINT,109274833,2026-09-26T18:02:42.859Z,875,830.773981,phygitals_unvaulted,
page_value_vs_last_pull,2026-10-03,2024 POKEMON JPN SV8A-TERASTAL FEST EX SPECIAL ART RARE #217 UMBREON EX PSA 10,106221092,2026-09-26T18:21:16.558Z,604.14,604.137185,phygitals_unvaulted,
page_value_vs_last_pull,2026-10-03,2001 Pokemon Neo Discovery 1st Edition Holo Tyranitar #12 BGS 9.5 GEM MINT,0012232597,2026-09-26T21:00:18.994Z,3069.81,4017.180244,phygitals_unvaulted,
page_value_vs_last_pull,2026-10-03,2002 POKEMON JPN THE TOWN ON NO MAP 1ST ED #038 ZAPDOS-HOLO PSA 10,109432146,2026-09-26T21:00:53.766Z,1721.47,1721.473892,house,
page_value_vs_last_pull,2026-10-03,2016 Pokemon XY Evolutions Full Art M Charizard EX #101 PSA 10 GEM MINT,69197679,2026-09-26T21:02:18.904Z,660,538.976218,phygitals_unvaulted,
page_value_vs_last_pull,2026-10-03,2001 Pokemon Neo Discovery Unlimited Square Cut Holo Forretress #2 BGS 9 MINT,0014420660,2026-09-26T22:49:46.912Z,574.82,337.918065,phygitals_unvaulted,
page_value_vs_last_pull,2026-10-03,2004 Pokemon EX Team Rocket Returns Reverse Holo Rocket's Poke Ball #89 PSA 10 GEM MINT,158463165,2026-09-27T03:10:03.351Z,4312.79,4312.787909,house,
page_value_vs_last_pull,2026-10-03,2021 Pokemon Japanese Sword & Shield 25th Anniversary Promo Holo Charizard #1 PSA 10 GEM MINT,80575201,2026-09-27T06:38:35.786Z,725,471.935869,phygitals_unvaulted,
page_value_vs_last_pull,2026-10-03,2023 Pokemon SWSH Crown Zenith Alt Art Mewtwo VSTAR #GG44 BGS 10 PRISTINE,0017939468,2026-09-27T06:51:18.846Z,1000,872.085757,phygitals_unvaulted,
page_value_vs_last_pull,2026-10-03,2019 Pokemon Sun & Moon Team Up Holo Pikachu & Zekrom GX #33 PSA 10 GEM MINT,120856598,2026-09-27T06:52:28.408Z,540,535.175892,phygitals_unvaulted,
page_value_vs_last_pull,2026-10-03,2019 Pokemon Sun & Moon Unified Minds Full Art Mewtwo & Mew GX #71 PSA 10 GEM MINT,129168594,2026-09-27T06:54:52.503Z,950,925.925848,phygitals_unvaulted,
page_value_vs_last_pull,2026-10-03,2023 Pokemon Sword & Shield Crown Zenith Gold Rare Giratina VSTAR #GG69 PSA 10 GEM MINT,88728070,2026-09-27T07:05:44.600Z,533.19,495.886452,phygitals_unvaulted,
page_value_vs_last_pull,2026-10-03,2016 Pokemon Sun and Moon Black Star Promos Charizard Gx/Reshiram #SM201 PSA 10,160809315,2026-09-27T07:11:45.248Z,8833.06,8833.063646,phygitals_unvaulted,
page_value_vs_last_pull,2026-10-03,2025 Pokemon Collect 151 Simplified Chinese Art Rare Pikachu #170 PSA 10,147779308,2026-09-27T07:16:44.811Z,1132.51,1132.508212,house,
page_value_vs_last_pull,2026-10-03,2000 Pokemon Movie Promo Ancient Mew CGC 10 GEM MINT,6225886002,2026-09-27T07:51:03.849Z,550,463.9,phygitals_unvaulted,
page_value_vs_last_pull,2026-10-03,2003 Pokemon Promo Japanese 7-11 Fair Campaign Torchic #18 PSA 10,109374063,2026-09-27T07:58:34.420Z,3802.43,3802.429509,house,
page_value_vs_last_pull,2026-10-03,2025 Pokemon Scarlet and Violet Collect 151 Journey Simplified Chinese Art Rare Pikachu #172 PSA 10,127309438,2026-09-27T08:10:51.123Z,2903.57,2551.736728,phygitals_unvaulted,
page_value_vs_last_pull,2026-10-03,2019 Pokemon Sun & Moon Unified Minds Full Art Espeon & Deoxys GX #72 PSA 10 GEM MINT,129370788,2026-09-27T08:13:42.560Z,600,509.936856,phygitals_unvaulted,
page_value_vs_last_pull,2026-10-03,2019 Pokemon Sun & Moon Cosmic Eclipse Full Art Charizard & Braixen GX #212 PSA 10 GEM MINT,128270159,2026-09-27T08:15:13.161Z,505.45,470.356384,phygitals_unvaulted,
page_value_vs_last_pull,2026-10-03,2021 Pokemon Japanese SWSH Summer Promo Rengeki Vaporeon VMAX #187SP BGS 10 PRISTINE,0015595979,2026-09-27T08:28:36.061Z,8703.61,8703.614654,house,
page_value_vs_last_pull,2026-10-03,2000 Pokemon Team Rocket 1st Edition Dark Blastoise #20 PSA 10 GEM MINT,51464513,2026-09-27T08:33:40.808Z,910,1150.018125,phygitals_unvaulted,
page_value_vs_last_pull,2026-10-03,1998 Pokemon Vending Series 3 Japanese Pokemon Machine PSA 10,143217732,2026-09-27T08:35:13.150Z,1617.08,1617.082175,house,
page_value_vs_last_pull,2026-10-03,2025 Pokemon Scarlet & Violet Prismatic Evolutions SIR Espeon Ex #155 PSA 10 GEM MINT,159825881,2026-09-27T08:36:10.931Z,865.94,945.504594,phygitals_unvaulted,
page_value_vs_last_pull,2026-10-03,2019 Pokemon SM Cosmic Eclipse Alt Art Mega Lopunny & Jigglypuff GX #226 PSA 10 GEM MINT,48198589,2026-09-27T08:37:23.755Z,1184.29,1288.91107,phygitals_unvaulted,
page_value_vs_last_pull,2026-10-03,2019 Pokemon Japanese SM Promo Dream League Booster Box Clefairy #381 PSA 10 GEM,65975855,2026-09-27T08:45:56.775Z,517,483.757491,phygitals_unvaulted,
page_value_vs_last_pull,2026-10-03,1999 Pokemon Base Set 1st Edition Lass #75 PSA 10,43625809,2026-09-27T08:47:14.708Z,5978.5,5978.496638,phygitals_unvaulted,
page_value_vs_last_pull,2026-10-03,2023 Pokemon Sword & Shield Crown Zenith Full Art Mew #GG10 PSA 10 GEM MINT,103857821,2026-09-27T09:39:03.329Z,510,536.098244,user,
page_value_vs_last_pull,2026-10-03,2002 Pokemon Japanese The Town On No Map 1st Edition Holo Hypno #42 PSA 10 GEM MINT,67792805,2026-09-27T09:52:26.512Z,909,909,house,
page_value_vs_last_pull,2026-10-03,2016 Pokemon Japanese XY 20th Anniversary 1st Edition Full Art Misty's Determination #99 PSA 10,101100272,2026-09-27T11:20:54.869Z,1151.2,1151.195536,house,
page_value_vs_last_pull,2026-10-03,2005 Pokemon Japanese Promo PokePark Blue Holo Rayquaza #9 PSA 10 GEM MINT,72042434,2026-09-27T11:28:32.518Z,6193.02,6193.015052,house,
page_value_vs_last_pull,2026-10-03,2000 Pokemon Gym Challenge 1st Edition Sabrina's Haunter #55 PSA 10 GEM MINT,42639143,2026-09-27T13:02:58.828Z,950,950,house,
page_value_vs_last_pull,2026-10-03,2021 Pokemon SWSH Promo Premium Collection Alt Art Jolteon VMAX #SWSH184 CGC 10 PRISTINE,6225882030,2026-09-27T20:05:14.109Z,633.6,1113.02,user,
page_value_vs_last_pull,2026-10-03,1997 Pokemon Japanese Jungle Holo Pidgeot #18 PSA 10 GEM MINT,53837641,2026-09-27T20:28:34.600Z,950,907.43507,user,
page_value_vs_last_pull,2026-10-03,2022 Pokemon Sword and Shield Lost Origin Giratina V #186 PSA 10,101343021,2026-09-27T21:11:01.325Z,3168.69,3168.689187,house,
page_value_vs_last_pull,2026-10-03,2000 Pokemon Gym Challenge 1st Edition Holo Blaine's Charizard #2 BGS 9 MINT,0008201440,2026-09-27T21:11:24.988Z,2746.27,2746.26921,house,
page_value_vs_last_pull,2026-10-03,2016 Pokemon Japanese XY Promo Premium Champion Pack Jirachi #235 PSA 10 GEM MINT,25917033,2026-09-27T21:12:39.547Z,3448.04,3448.038219,house,
page_value_vs_last_pull,2026-10-03,2000 Pokemon Gym Challenge 1st Edition Holo Misty's Gyarados #13 PSA 10,29039255,2026-09-27T21:13:49.255Z,5533.53,5533.530204,house,
page_value_vs_last_pull,2026-10-03,2003 Pokemon Skyridge Holo Crystal Kabutops #150 BGS 9.5 GEM MINT,0018827431,2026-09-27T21:21:59.349Z,3503.06,3503.061884,house,
page_value_vs_last_pull,2026-10-03,2025 Pokemon Scarlet and Violet Black Star Promo Japanese Bwr Event Prize Victini #288SVP PSA 10,158402917,2026-09-27T22:55:50.746Z,1548.15,1485.52059,user,
page_value_vs_last_pull,2026-10-03,2019 Pokemon Sun and Moon Unified Minds Darkrai Gx/Umbreon #125 PSA 10,111876457,2026-09-27T22:59:37.211Z,609.63,553.784679,phygitals_unvaulted,
page_value_vs_last_pull,2026-10-03,2026 Pokemon Mega Evolution Ascended Heroes Mega Gengar Ex SIR #284 CGC 10 GEM MINT,6237292050,2026-09-27T23:00:45.106Z,874,831.14,user,
page_value_vs_last_pull,2026-10-03,1999 Pokemon Base Set 1st Edition Holo Blastoise #2 BGS 8.5,0016284698,2026-09-28T01:14:03.501Z,5293.49,5608.138386,user,
page_value_vs_last_pull,2026-10-03,2000 Pokemon Team Rocket 1st Edition Challenge! #74 PSA 10,94832522,2026-09-28T01:35:54.697Z,662.18,717.385572,phygitals_unvaulted,
page_value_vs_last_pull,2026-10-03,2017 Pokemon Sun and Moon Shining Legends Secret Rare Mewtwo Gx #78 PSA 10,43266237,2026-09-28T03:09:14.876Z,8636.94,7477.052557,house,
page_value_vs_last_pull,2026-10-03,1999 Pokemon Base Set Shadowless Kadabra #32 PSA 10 GEM MINT,53542759,2026-09-28T05:01:36.377Z,546,626.613387,phygitals_unvaulted,
page_value_vs_last_pull,2026-10-03,2016 Pokemon Japanese XY PokeKyun Collection 1st Edition Full Art Flareon EX #7 PSA 9 MINT,154558278,2026-09-28T06:36:30.993Z,999,999,house,
page_value_vs_last_pull,2026-10-03,2012 Pokemon Black and White Plasma Storm Charizard #136 PSA 7,151240505,2026-09-28T07:13:15.737Z,1175.04,1175.039224,house,
page_value_vs_last_pull,2026-10-03,2012 Pokemon Black & White Dragon Vault Holo Rayquaza #11 PSA 9 MINT,130380194,2026-09-28T08:10:07.032Z,724.88,859.289713,user,
page_value_vs_last_pull,2026-10-03,2017 Pokemon Japanese Sun & Moon Ultradimensional Beasts Full Art Lusamine #55 PSA 10 GEM MINT,93345287,2026-09-28T13:24:26.732Z,1251.4,1251.396976,house,
page_value_vs_last_pull,2026-10-03,2022 Pokemon Japanese Sword & Shield Paradigm Trigger Full Art Lugia V #110 PSA 10 GEM MINT,110090093,2026-09-28T14:34:49.847Z,1050,975.29308,user,
page_value_vs_last_pull,2026-10-03,2023 Pokemon Sword & Shield Crown Zenith Full Art Mewtwo VSTAR #GG44 PSA 10 GEM MINT,125134878,2026-09-28T17:51:17.881Z,560,560,house,
page_value_vs_last_pull,2026-10-03,2005 Pokemon Japanese Promo Pokepark Grand Opening Lugia #38 PSA 9 MINT,163784152,2026-09-28T17:55:18.177Z,595.99,580.029862,phygitals_unvaulted,
page_value_vs_last_pull,2026-10-03,2012 Pokemon Japanese Black and White Dragon Blast 1st Edition Mew Ex #51 PSA 9,147804104,2026-09-28T19:23:48.010Z,1841.42,1841.423185,house,
page_value_vs_last_pull,2026-10-03,2016 Pokemon Japanese Sun & Moon Promo Special Box Pretend Grunt Pikachu #14 PSA 10 GEM MINT,51861302,2026-09-28T19:45:01.221Z,2738.96,2824.097567,user,
page_value_vs_last_pull,2026-10-03,2000 Pokemon Italian Base Set Holo Blastoise #2 PSA 9 MINT,98073198,2026-09-28T20:50:22.854Z,1393.58,1393.57716,house,
page_value_vs_last_pull,2026-10-03,2011 Pokemon Black and White Cracked Ice Holo Zoroark #71 PSA 10,122653413,2026-09-28T21:28:25.654Z,2558.14,2558.135501,house,
page_value_vs_last_pull,2026-10-03,2004 Pokemon Japanese Play Promo Battle Spring Road Holo Master Ball #18 PSA 10 GEM MINT,65918041,2026-09-28T21:31:08.007Z,1084.36,1084.360084,house,
page_value_vs_last_pull,2026-10-03,2012 Pokemon Japanese BW Thunder Knuckle 1st Edition Full Art Latias EX #53 PSA 10 GEM MINT,67712896,2026-09-28T21:38:37.267Z,1952.9,1697.330665,phygitals_unvaulted,
page_value_vs_last_pull,2026-10-03,2026 Pokemon Mega Evolution Ascended Heroes Special Illustration Rare Mega Gengar Ex #284 PSA 10,160710066,2026-09-28T22:12:15.358Z,2043.91,1739.925093,user,
page_value_vs_last_pull,2026-10-03,2023 Pokemon Sword & Shield Crown Zenith Full Art Art Mewtwo VSTAR #GG44 PSA 10 GEM MINT,104847728,2026-09-28T22:14:33.831Z,510,488.766313,user,
page_value_vs_last_pull,2026-10-03,2000 Pokemon Neo Genesis 1st Edition Holo Lugia #9 BGS 6,0020136572,2026-09-28T22:53:19.451Z,2083.38,2083.378505,house,
page_value_vs_last_pull,2026-10-03,1999 Pokemon Japanese Promo Double Black Star Grand Party Trainer PSA 9 MINT,02364969,2026-09-28T22:54:04.946Z,2120.33,2634.776984,user,
page_value_vs_last_pull,2026-10-03,2000 Pokemon Gym Challenge 1st Edition Holo Rocket's Mewtwo #14 CGC 9,6114633003,2026-09-28T22:55:55.444Z,1073.65,1044.67,user,
page_value_vs_last_pull,2026-10-03,1999 Pokemon Japanese CD Promo Holo Venusaur #3 CGC 10 GEM MINT,6083950047,2026-09-28T22:58:58.827Z,799.21,798.16,user,
page_value_vs_last_pull,2026-10-03,2023 Pokemon Scarlet & Violet Promo Obsidian Flames Center ETB Full Art Charmander #44 PSA 10,130185461,2026-09-28T23:57:18.403Z,5905.36,5905.355512,house,
page_value_vs_last_pull,2026-10-03,2019 Pokemon Sun and Moon Black Star Promo Tag Team Tins Pikachu/Zekrom Gx #SM168 PSA 10,115696789,2026-09-29T00:39:52.087Z,3563.03,3563.03,house,
page_value_vs_last_pull,2026-10-03,2009 Pokemon Japanese Battle Starter Deck Holo Raichu #2 PSA 10 GEM MINT,168218904,2026-09-29T00:40:20.488Z,942,942,house,
page_value_vs_last_pull,2026-10-03,1996 Pokemon Japanese Base Set Blastoise Holo #9 BGS 6 EXMT,0018093147,2026-09-29T00:41:29.102Z,1447.53,1447.525299,house,
page_value_vs_last_pull,2026-10-03,2021 Pokemon Sword and Shield Evolving Skies Secret Rare Rayquaza Vmax #218 PSA 10,156796215,2026-09-29T03:00:04.857Z,2626.47,2626.468173,house,
page_value_vs_last_pull,2026-10-03,1999 Pokemon Base Set French 1st Edition Holo Charizard #4 BGS 7.5,0020292532,2026-09-29T03:00:04.859Z,2107.09,2107.085202,house,
page_value_vs_last_pull,2026-10-03,2000 Pokemon Gym Challenge 1st Edition Holo Brock's Ninetales #3 PSA 10,40894132,2026-09-29T03:00:30.039Z,2090.67,2393.682653,phygitals_unvaulted,
page_value_vs_last_pull,2026-10-03,2000 Pokemon Gym Challenge 1st Edition Holo Giovanni's Machamp #6 PSA 10,100147007,2026-09-29T03:00:30.041Z,2121.43,2025.718838,phygitals_unvaulted,
page_value_vs_last_pull,2026-10-03,2001 Pokemon Japanese Web 1st Edition Holo Moltres #43 PSA 10 GEM MINT,45380685,2026-09-29T03:12:27.912Z,1546.59,1546.588105,house,
page_value_vs_last_pull,2026-10-03,2010 Pokemon Reviving Legends Japanese Holo 1st Edition Umbreon #37 PSA 10,107175454,2026-09-29T03:12:37.895Z,1944.84,1944.840421,house,
page_value_vs_last_pull,2026-10-03,2000 Pokemon Gym Heroes 1st Edition Holo Erika's Clefable #3 PSA 10,26449862,2026-09-29T03:13:22.580Z,2635.56,3216.060769,phygitals_unvaulted,
page_value_vs_last_pull,2026-10-03,2009 Pokemon Melee Scramble Japanese Lucario #12 PSA 10,138239741,2026-09-29T07:56:14.540Z,2134.12,2134.119189,house,
page_value_vs_last_pull,2026-10-03,2001 Pokemon Neo Discovery Holo Umbreon #13 BGS 9,0018136903,2026-09-29T07:56:44.064Z,1512.96,1940.527092,phygitals_unvaulted,
page_value_vs_last_pull,2026-10-03,2015 Pokemon XY Promo Japanese Pokemon Center Hiroshima Gyarados #XYP PSA 10,78526684,2026-09-29T07:57:48.578Z,8899.72,8899.718554,house,
page_value_vs_last_pull,2026-10-03,2000 Pokemon Neo Genesis 1st Edition Holo Feraligatr #5 BGS 9.5,0013049273,2026-09-29T08:02:19.755Z,1884.38,1884.383148,house,
page_value_vs_last_pull,2026-10-03,2007 Pokemon Dp Promo Dp Tag Battle Japanese Touch Exchange! #NNO PSA 10,102427650,2026-09-29T08:03:19.360Z,1608.84,1608.840438,house,
page_value_vs_last_pull,2026-10-03,2023 Pokemon Scarlet & Violet IR Ralts #211 PSA 10 GEM MINT,105584160,2026-09-29T08:19:30.144Z,885,692.787533,user,
page_value_vs_last_pull,2026-10-03,2000 Pokemon Japanese Neo Holo Typhlosion #157 PSA 10 GEM MINT,83688235,2026-09-29T12:21:36.262Z,1646.73,1646.725342,house,
page_value_vs_last_pull,2026-10-03,2017 Pokemon Sun & Moon Shining Legends Holo Shining Rayquaza #56 PSA 10 GEM MINT,28640695,2026-09-29T18:02:41.991Z,1150,1200.438121,user,
page_value_vs_last_pull,2026-10-03,2017 Pokemon Sun and Moon Promo Japanese Champions League 2018 Yokohama Umbreon Gx #125SMP PSA 10,76987978,2026-09-29T19:07:00.922Z,1999.88,1999.878758,house,
page_value_vs_last_pull,2026-10-03,2014 Pokemon XY Promo Japanese Uniqlo Kids Warm Pikachu #094 PSA 9,89150987,2026-09-29T19:47:35.605Z,1315.52,1315.523402,house,
page_value_vs_last_pull,2026-10-03,2015 Pokemon Japanese XY MC Business Card Altaria Pikachu PSA 10 GEM MINT,105155419,2026-09-29T21:07:03.771Z,1129.56,1424.269963,phygitals_unvaulted,
page_value_vs_last_pull,2026-10-03,2017 Pokemon Japanese Sun & Moon Promo Easter's Pikachu #55 PSA 9 MINT,157074463,2026-09-29T21:13:50.591Z,1151.5,1151.495389,house,
page_value_vs_last_pull,2026-10-03,2000 Topps Chrome Pokemon Pokemon Tv Charizard #6 PSA 10,69797374,2026-09-29T21:20:39.410Z,3282.85,3214.182895,user,
page_value_vs_last_pull,2026-10-03,2006 Pokemon Ex Legend Maker Holo Regice #90 PSA 8.5,26062895,2026-09-30T00:28:57.295Z,2896.74,2896.740816,house,
page_value_vs_last_pull,2026-10-03,2022 Pokemon Sword and Shield Silver Tempest Lugia V #186 PSA 10,136405461,2026-09-30T01:40:26.540Z,1310.07,1310.070801,house,
page_value_vs_last_pull,2026-10-03,2006 Pokemon Ex Crystal Guardians Holo Charizard #4 PSA 9,41212941,2026-09-30T04:37:52.255Z,2287.27,2287.272936,house,
page_value_vs_last_pull,2026-10-03,1999 Pokemon Base Set Shadowless Charmander #46 PSA 10 GEM MINT,41022329,2026-09-30T06:18:20.794Z,540,633.109642,phygitals_unvaulted,
page_value_vs_last_pull,2026-10-03,2026 Pokemon Mega Evolution Ascended Heroes SIR Team Rocket's Mewtwo ex #281 PSA 10 GEM MINT,164557505,2026-09-30T06:32:43.240Z,690,690,house,
page_value_vs_last_pull,2026-10-03,1999 Pokemon Fossil 1st Edition Dragonite #19 PSA 10,44231729,2026-09-30T07:28:39.579Z,1629.86,1629.861242,house,
page_value_vs_last_pull,2026-10-03,2017 Pokemon the Best of XY Japanese Shauna #185 PSA 10,106274470,2026-09-30T10:02:46.991Z,2595.13,2595.132797,house,
page_value_vs_last_pull,2026-10-03,2016 Pokemon XY Fates Collide Umbreon Ex #55 PSA 10,94914185,2026-09-30T10:03:28.653Z,1598.29,1256.599454,phygitals_unvaulted,
page_value_vs_last_pull,2026-10-03,2009 Pokemon Advent of Arceus Promo Japanese Holo Pikachu M Lv X #043DPtP PSA 9,141248369,2026-09-30T10:16:05.846Z,1506.18,1371.278391,phygitals_unvaulted,
page_value_vs_last_pull,2026-10-03,2002 Pokemon Japanese Split Earth Holo Vaporeon #27 PSA 9 MINT,126913904,2026-09-30T10:17:49.374Z,1771,1771,house,
page_value_vs_last_pull,2026-10-03,2023 Pokemon Sword & Shield Crown Zenith Galarian Gallery Full Art Pikachu #GG30 PSA 10 GEM,129105143,2026-09-30T11:34:34.052Z,550,452.167802,user,
page_value_vs_last_pull,2026-10-03,1999 POKEMON GAME 1ST ED #65 STARYU PSA 10,28172531,2026-09-30T11:37:29.838Z,536.53,560.729625,phygitals_unvaulted,
page_value_vs_last_pull,2026-10-03,1999 Pokemon German Base Set 1st Edition Holo Charizard Glurak #4 BGS 7 NRMT,0011946679,2026-09-30T11:46:42.800Z,1297.02,1297.017411,house,
page_value_vs_last_pull,2026-10-03,2025 Pokemon Scarlet and Violet Black Star Promo Japanese Bwr Event Prize Victini #288SVP PSA 10,157617698,2026-09-30T13:33:39.864Z,1548.15,1485.52059,phygitals_unvaulted,
page_value_vs_last_pull,2026-10-03,2000 Pokemon Team Rocket 1st Edition Holo Dark Blastoise #3 PSA 8 NM-MT,84332699,2026-09-30T13:39:32.842Z,625,668.30067,phygitals_unvaulted,
page_value_vs_last_pull,2026-10-03,2001 Pokemon Neo Revelation Holo Shining Gyarados #65 BGS 7.5 NRMT+,0017642168,2026-09-30T13:46:28.045Z,2559.95,2559.94849,house,
page_value_vs_last_pull,2026-10-03,2016 POKEMON JPN XY PROMO #232 RAYQUAZA PSA 10,66264088,2026-09-30T14:05:06.959Z,3616.27,3616.269309,house,
page_value_vs_last_pull,2026-10-03,2005 Pokemon EX Unseen Forces Holo Entei Gold Star #113 BGS 8 NM-MT,0016772594,2026-09-30T14:05:52.832Z,1677.54,1677.540627,house,
page_value_vs_last_pull,2026-10-03,2000 Pokemon Japanese Neo Holo Pichu #172 PSA 10 GEM MINT,100301804,2026-09-30T14:08:00.087Z,2172.75,1617.25364,phygitals_unvaulted,
page_value_vs_last_pull,2026-10-03,1999 Pokemon Base Set Shadowless 1st Edition Farfetch'd #27 PSA 10 GEM MINT,27808375,2026-09-30T14:59:22.128Z,1238.21,1238.210995,house,
page_value_vs_last_pull,2026-10-03,2006 Pokemon Japanese Play Promo 4th Season Holo Ho-Oh ex #30 PSA 9 MINT,154721714,2026-09-30T15:44:46.892Z,1000,1000,house,
page_value_vs_last_pull,2026-10-03,2003 Pokemon EX Ruby & Sapphire Holo Blaziken #3 CGC 10 GEM MINT,1401024284206,2026-09-30T15:44:46.894Z,1168,1168,house,
page_value_vs_last_pull,2026-10-03,2023 Pokemon Sword & Shield Crown Zenith Galarian Gallery Full Art Pikachu #GG30 PSA 10 GEM,159904146,2026-09-30T15:44:46.895Z,550,550,house,
page_value_vs_last_pull,2026-10-03,2023 Pokemon Sword and Shield Black Star Promo Prerelease Staff Holo Gengar #241 PSA 9,156657366,2026-09-30T16:23:56.987Z,2361.33,2361.334552,house,
page_value_vs_last_pull,2026-10-03,2007 Pokemon Fan Club Promo Japanese 10000 Exp Points Holo Darkrai #007PPP PSA 10,41592726,2026-09-30T16:24:39.673Z,1946.12,1946.118842,house,
page_value_vs_last_pull,2026-10-03,2015 POKEMON JPN XY PROMO PIKACHU MEGA CAMPAIGN PONCHO-WEARING PIKACHU PSA 10,82283688,2026-09-30T16:25:56.890Z,2586.4,2586.404696,house,
page_value_vs_last_pull,2026-10-03,2002 Pokemon Expedition Holo Raichu #25 BGS 9.5 GEM MINT,0012263162,2026-09-30T16:30:30.567Z,1606.68,2047.597315,phygitals_unvaulted,
page_value_vs_last_pull,2026-10-03,2000 Pokemon Japanese Neo 3 Holo Ampharos #181 PSA 10 GEM MINT,91657241,2026-09-30T16:30:57.454Z,583.27,583.268121,house,
page_value_vs_last_pull,2026-10-03,2001 Pokemon Japanese Meiji Promo Silver Foil Suicune PSA 10 GEM MINT,159237868,2026-09-30T17:12:26.756Z,612.94,612.938472,house,
page_value_vs_last_pull,2026-10-03,2003 Pokemon Skyridge Holo Arcanine #H2 PSA 10,159693103,2026-09-30T17:22:08.729Z,8444.55,8444.54997,house,
page_value_vs_last_pull,2026-10-03,2021 Pokemon Japanese Sword & Shield Eevee Heroes Alt Art Sylveon VMAX #93 PSA 10 GEM MINT,72278659,2026-09-30T21:15:09.827Z,990,1061.793115,user,
page_value_vs_last_pull,2026-10-03,2021 Pokemon Sword & Shield Celebrations Full Art Pikachu #5 CGC 10 PRISTINE,1401026894045,2026-09-30T21:46:32.024Z,750,883.87,user,
page_value_vs_last_pull,2026-10-03,2009 Pokemon Japanese HGSS Collection 1st Edition Holo Prime Ampharos #34 PSA 10 GEM MINT,156460722,2026-09-30T22:03:38.820Z,1025,1025,house,
page_value_vs_last_pull,2026-10-03,2015 Pokemon Japanese XY Promo Mega Campaign Poncho Pikachu #203 PSA 9 MINT,142103114,2026-09-30T22:03:38.825Z,810,810,house,
page_value_vs_last_pull,2026-10-03,2002 Pokemon Japanese Split Earth Ditto #64 PSA 10 GEM MINT,171861991,2026-09-30T22:03:38.825Z,1053,1053,house,
page_value_vs_last_pull,2026-10-03,2006 Pokemon Japanese Promo 4th Season Subscription Holo Jirachi Ex #32 PSA 9 MINT,57055105,2026-09-30T22:04:28.232Z,666.69,666.69,house,
page_value_vs_last_pull,2026-10-03,1998 Pokemon Japanese Quick Starter Gift Set Holo Scyther #123 CGC 10 GEM MINT,4293276116,2026-09-30T22:14:46.522Z,1103.86,1103.86,house,
page_value_vs_last_pull,2026-10-03,2000 Pokemon Japanese Crossing The Ruins Holo Umbreon #197 PSA 9 MINT,114416279,2026-09-30T22:16:21.611Z,764.99,801.970603,phygitals_unvaulted,
page_value_vs_last_pull,2026-10-03,2025 Pokemon Mega Evolution Phantasmal Flames SIR Mega Charizard X ex #125 CGC 10 GEM MINT,6210353001,2026-09-30T22:16:21.616Z,1000,1000,house,
page_value_vs_last_pull,2026-10-03,2002 Pokemon Neo Destiny 1st Edition Holo Light Azumarill #13 PSA 10,25331979,2026-09-30T22:37:22.233Z,3661.86,3661.860443,house,
page_value_vs_last_pull,2026-10-03,1997 Pokemon Japanese Jungle Eevee #133 PSA 10 GEM MINT,48059822,2026-10-01T00:52:18.077Z,528,557.608163,phygitals_unvaulted,
page_value_vs_last_pull,2026-10-03,2025 Pokemon Mega Evolution Phantasmal Flames Special Illustration Rare Mega Charizard X Ex #125 PSA 10,156188662,2026-10-01T01:19:43.624Z,1766.45,1766.454856,house,
page_value_vs_last_pull,2026-10-03,2016 Pokemon XY Promo Red & Blue Collection Full Art Charizard EX #XY121 PSA 9 MINT,57727742,2026-10-01T01:20:29.114Z,543.11,543.11,house,
page_value_vs_last_pull,2026-10-03,1996 Pokemon Base Japanese No Rarity Raichu #25 PSA 5,80337743,2026-10-01T04:14:30.935Z,616.6,631.360999,house,
page_value_vs_last_pull,2026-10-03,2014 Pokemon Japanese XY Wild Blaze 1st Edition M Charizard EX #88 PSA 10 GEM MINT,63243583,2026-10-01T05:10:02.021Z,1388.79,1636.366804,house,
page_value_vs_last_pull,2026-10-03,2002 Pokemon Expedition Reverse Holo Charizard #39 CGC 9 MINT,6072424065,2026-10-01T05:51:45.143Z,1110,881.2,phygitals_unvaulted,
page_value_vs_last_pull,2026-10-03,2025 Pokemon Mega Evolution Phantasmal Flames SIR Mega Charizard X ex #125 CGC 10 GEM MINT,6164743007,2026-10-01T07:08:30.887Z,800,800,house,
page_value_vs_last_pull,2026-10-03,2003 Pokemon Aquapolis Psyduck #104 CGC 10 GEM MINT,6050939021,2026-10-01T07:45:45.460Z,700,1019.38,user,
page_value_vs_last_pull,2026-10-03,1999 POKEMON GAME #58 PIKACHU 1ST EDITION-RED CHEEKS PSA 8,96414777,2026-10-01T08:17:26.246Z,1153.13,1153.129209,house,
page_value_vs_last_pull,2026-10-03,2023 Pokemon SV Promo X Van Gogh Full Art Pikachu With Grey Felt Hat #85 PSA 9 MINT,84655094,2026-10-01T09:39:30.338Z,879,883.80704,user,
page_value_vs_last_pull,2026-10-03,"2003 Pokemon Japanese Play Promo 2,000 Points Holo Plusle #4 PSA 10 GEM MINT",137661310,2026-10-01T11:38:58.570Z,1081.61,1081.60589,house,
page_value_vs_last_pull,2026-10-03,1999 Pokemon Base Set Shadowless 1st Edition Weedle #69 PSA 10 GEM MINT,48790654,2026-10-01T11:38:58.571Z,707.13,707.13112,house,
page_value_vs_last_pull,2026-10-03,2019 Pokemon Sun and Moon Unbroken Bonds Gardevoir/Sylveon Gx #205 PSA 10,69257636,2026-10-01T11:39:20.686Z,4503.44,4503.438388,house,
page_value_vs_last_pull,2026-10-03,2021 Pokemon Japanese Sword & Shield Eevee Heroes Alt Art Leafeon VMAX #89 BGS 10 PRISTINE,0015258010,2026-10-01T11:40:16.889Z,919.27,919.273142,house,
page_value_vs_last_pull,2026-10-03,1999 POKEMON JPN GYM 2 #94 SABRINA'S GENGAR-HOLO PSA 8,70842319,2026-10-01T11:45:36.284Z,972.53,972.528631,house,
page_value_vs_last_pull,2026-10-03,2000 Pokemon Base Set 2 Holo Charizard #4 CGC 9 MINT,6160220011,2026-10-01T12:33:53.109Z,1000,1000,house,
page_value_vs_last_pull,2026-10-03,2017 Pokemon Japanese Sun & Moon GX Battle Boost Full Art Lusamine #120 CGC 10 GEM MINT,6159710004,2026-10-01T12:37:24.777Z,823.23,823.23,house,
page_value_vs_last_pull,2026-10-03,2017 Pokemon Sun & Moon Hyper Rare Umbreon GX #154 PSA 10 GEM MINT,61121611,2026-10-01T12:42:12.337Z,921.93,838.643159,house,
page_value_vs_last_pull,2026-10-03,2000 Pokemon Team Rocket 1st Edition Holo Dark Dragonite #5 BGS 9.5 GEM MINT,0012787614,2026-10-01T13:08:21.937Z,2054,2054,house,
page_value_vs_last_pull,2026-10-03,2021 Pokemon Sword and Shield Fusion Strike Secret Rare Gengar Vmax #271 CGC 10,4298318029,2026-10-01T14:13:57.526Z,1321.42,1215.04,phygitals_unvaulted,
page_value_vs_last_pull,2026-10-03,1999 Pokemon Japanese Bandai Carddass Vending Series 5 Ash & Others #173 PSA 10 GEM MINT,88246233,2026-10-01T15:39:19.526Z,814.72,993.061842,house,
page_value_vs_last_pull,2026-10-03,2017 Pokemon Sun & Moon Promo I Choose You! Ash's Pikachu #SM108 PSA 10 GEM MINT,111119601,2026-10-01T16:10:49.279Z,539.99,532.027933,house,
page_value_vs_last_pull,2026-10-03,2021 Pokemon Sword & Shield Evolving Skies Full Art Leafeon VMAX #205 PSA 10 GEM MINT,116156644,2026-10-01T17:11:41.887Z,565,543.696234,user,
page_value_vs_last_pull,2026-10-03,2013 Pokemon Japanese Black & White Shiny Collection 1st Edition Full Art Emolga #23 PSA 10 GEM,152355807,2026-10-01T17:21:16.189Z,1405.57,1405.571718,house,
page_value_vs_last_pull,2026-10-03,2015 Pokemon Japanese XY Promo Mega Campaign Poncho-Wearing Pikachu #203 BGS 9.5 GEM MINT,0018420306,2026-10-01T18:43:50.934Z,1910,1910,house,
page_value_vs_last_pull,2026-10-03,1999 Pokemon Base Set Shadowless 1st Edition Holo Alakazam #1 PSA 9 MINT,18443031,2026-10-01T18:46:42.078Z,5349.63,5839.149628,user,
page_value_vs_last_pull,2026-10-03,2023 Pokemon Sword & Shield Crown Zenith Galarian Gallery Alt Art Mew #GG10 PSA 10 GEM MINT,120956555,2026-10-01T19:50:59.189Z,510,536.098244,phygitals_unvaulted,
page_value_vs_last_pull,2026-10-03,1999 POKEMON JPN GYM 2 #132 KOGA'S DITTO-HOLO PSA 10,80061096,2026-10-01T20:46:58.567Z,1003.09,1003.087233,house,
page_value_vs_last_pull,2026-10-03,2007 Pokemon Japanese Diamond & Pearl Dawn Dash 1st Edition Holo Leafeon LV.X PSA 10 GEM MINT,123068356,2026-10-01T21:31:05.457Z,2180.73,2419.307912,user,
page_value_vs_last_pull,2026-10-03,2023 Pokemon Scarlet & Violet 151 IR Pikachu #173 PSA 10 GEM MINT,130310112,2026-10-01T22:32:07.195Z,521,438.367559,user,
page_value_vs_last_pull,2026-10-03,2000 Pokemon Neo Genesis 1st Edition Holo Bellossom #3 BGS 9.5 GEM MINT,0015542772,2026-10-01T22:57:03.815Z,545.07,545.069723,house,
page_value_vs_last_pull,2026-10-03,2019 Pokemon Sun and Moon Black Star Promo Tag Team Tins Pikachu/Zekrom Gx #SM168 PSA 10,93798187,2026-10-01T23:00:09.687Z,1877.92,1877.920144,house,
page_value_vs_last_pull,2026-10-03,2023 Pokemon Sword & Shield Crown Zenith Gold Rare Giratina VSTAR #GG69 PSA 10 GEM MINT,148280724,2026-10-01T23:01:41.456Z,560,560,house,
page_value_vs_last_pull,2026-10-03,1996 Pokemon Japanese Base Set Charmander #4 CGC 10 PRISTINE,3039267271,2026-10-01T23:01:41.475Z,909,909,house,
page_value_vs_last_pull,2026-10-03,1999 Pokemon Base Set 1st Edition Red Cheeks Pikachu #58 PSA 9,51355186,2026-10-01T23:03:24.454Z,2394.96,2605.084047,phygitals_unvaulted,
page_value_vs_last_pull,2026-10-03,2001 Pokemon Neo Revelation 1st Edition Holo Delibird #5 BGS 9.5 GEM MINT,0012717492,2026-10-01T23:08:26.122Z,790.85,829.921927,phygitals_unvaulted,
page_value_vs_last_pull,2026-10-03,2019 Pokemon SM Promo Power Partnership Tins Full Art Mewtwo & Mew GX #SM191 PSA 9 MINT,126540239,2026-10-01T23:35:29.618Z,525,436.718528,house,
page_value_vs_last_pull,2026-10-03,2018 Pokemon Japanese Sun & Moon Tag Bolt Alt Art Pikachu & Zekrom GX #101 PSA 9 MINT,159992140,2026-10-02T00:15:50.054Z,1411.2,1411.202292,house,
page_value_vs_last_pull,2026-10-03,2025 Pokemon Japanese Mega Inferno X SAR Mega Charizard X EX #110 PSA 10 GEM MINT,133260606,2026-10-02T01:45:03.902Z,805.91,808.67182,user,
page_value_vs_last_pull,2026-10-03,2000 Pokemon Team Rocket 1st Edition Holo Rainbow Energy #17 PSA 10,18447149,2026-10-02T01:45:35.680Z,1912.33,1912.330313,house,
page_value_vs_last_pull,2026-10-03,2025 Pokemon Scarlet & Violet Prismatic Evolutions SIR Jolteon Ex #153 PSA 10 GEM MINT,158627547,2026-10-02T01:49:20.273Z,515,515,house,
page_value_vs_last_pull,2026-10-03,2021 Pokemon Sword & Shield Evolving Skies Alt Art Umbreon V #189 PSA 10 GEM MINT,64218841,2026-10-02T02:03:17.848Z,910,910,house,
page_value_vs_last_pull,2026-10-03,2000 TOPPS CHROME POKEMON T.V. TEKNO #120 STARYU PSA 9,63251415,2026-10-02T02:12:01.862Z,1157.25,1157.245503,house,
page_value_vs_last_pull,2026-10-03,2000 Pokemon Black Star Promo League Holo Mew #9 PSA 9 MINT,145085618,2026-10-02T02:14:02.522Z,500,500,house,
page_value_vs_last_pull,2026-10-03,2008 Pokemon Diamond & Pearl Great Encounters Holo Cresselia Lv.X PSA 9 MINT,72889617,2026-10-02T06:18:46.178Z,544.43,544.430678,house,
page_value_vs_last_pull,2026-10-03,2024 Pokemon Scarlet & Violet Paldean Fates SIR Mew Ex #232 CGC 10 GEM MINT,6225091002,2026-10-02T07:35:35.469Z,990,990,house,
page_value_vs_last_pull,2026-10-03,2019 Pokemon Japanese Sun & Moon Tag Team GX Full Art Espeon & Deoxys GX #177 CGC 10 PRISTINE,6217853032,2026-10-02T07:36:53.912Z,616.01,616.01,house,
page_value_vs_last_pull,2026-10-03,2022 Pokemon Sword and Shield Lost Abyss Japanese Giratina V #111 BGS 9.5,0014992117,2026-10-02T08:39:43.763Z,1624.61,1624.606768,house,
page_value_vs_last_pull,2026-10-03,1999 Pokemon German Base Set 1st Edition Holo Venusaur #15 PSA 9 MINT,41564567,2026-10-02T09:29:25.905Z,1034.85,1034.84783,phygitals_unvaulted,
page_value_vs_last_pull,2026-10-03,2017 Pokemon Japanese Sun & Moon Promo Get Campaign Ash's Pikachu #71 PSA 10 GEM MINT,118257096,2026-10-02T09:34:47.953Z,966.94,937.939509,phygitals_unvaulted,
page_value_vs_last_pull,2026-10-03,2001 Pokemon Vs Japanese 1st Edition Holo Rocket's Wobbuffet #093 PSA 10,97907229,2026-10-02T09:54:12.123Z,2184.39,1948.425931,user,
page_value_vs_last_pull,2026-10-03,2000 Pokemon Neo Genesis 1st Edition Holo Pichu #12 PSA 8,113214322,2026-10-02T10:07:18.152Z,561.26,561.263438,phygitals_unvaulted,
page_value_vs_last_pull,2026-10-03,2019 Pokemon Chinese Sun and Moon Dreams Come True Set B Full Art Lillie #202 BGS 9.5 GEM MINT,0019806880,2026-10-02T11:47:52.365Z,1657.22,1657.220596,house,
page_value_vs_last_pull,2026-10-03,2000 Pokemon Neo Genesis 1st Edition Holo Typhlosion #18 CGC 10 GEM MINT,6091943005,2026-10-02T11:51:03.808Z,1529.07,1529.07,house,
page_value_vs_last_pull,2026-10-03,2000 Pokemon Japanese Neo 3 Holo Entei #244 PSA 10 GEM MINT,114096953,2026-10-02T12:07:10.041Z,710,710,house,
page_value_vs_last_pull,2026-10-03,2022 Pokemon Sword & Shield Lost Origin Trainer Gallery CHR Gengar #TG06 PSA 10 GEM MINT,116261503,2026-10-02T12:07:10.043Z,550,550,house,
page_value_vs_last_pull,2026-10-03,2007 Pokemon EX Power Keepers Reverse Holo Charizard #6 CGC 9 MINT,6225862079,2026-10-02T12:07:10.061Z,964,964,house,
page_value_vs_last_pull,2026-10-03,2026 Pokemon Mega Evolution Ascended Heroes Special Illustration Rare Pikachu Ex #276 PSA 9,156025518,2026-10-02T12:08:41.012Z,754.94,754.939981,house,
page_value_vs_last_pull,2026-10-03,1999 Pokemon Base Set Shadowless 1st Edition Holo Nidoking #11 PSA 8 NM-MT,43521227,2026-10-02T12:08:41.027Z,909.19,909.19,house,
page_value_vs_last_pull,2026-10-03,2021 POKEMON SWORD & SHIELD BATTLE STYLES #155 FULL ART/TYRANITAR V PSA 10,106445347,2026-10-02T12:08:41.028Z,640.28,640.278764,house,
page_value_vs_last_pull,2026-10-03,2025 Pokemon Mega Evolution Gold Rare Mega Gardevoir ex #187 PSA 10 GEM MINT,135518789,2026-10-02T12:10:09.536Z,569.99,569.99,house,
page_value_vs_last_pull,2026-10-03,2000 Pokemon Neo 2 Crossing the Ruins Japanese Holo Beedrill #15 PSA 10,92645979,2026-10-02T12:10:09.538Z,561.35,561.35,house,
page_value_vs_last_pull,2026-10-03,1999 Pokemon Base Set Shadowless 1st Edition Holo Clefairy #5 BGS 8.5 NM-MT+,0013076005,2026-10-02T12:13:37.569Z,1007.52,1007.520245,house,
page_value_vs_last_pull,2026-10-03,2023 Pokemon Scarlet & Violet 151 IR Pikachu #173 PSA 10 GEM MINT,107064409,2026-10-02T12:14:09.632Z,521,521,house,
page_value_vs_last_pull,2026-10-03,1999 Pokemon Fossil 1st Edition Holo Moltres #12 PSA 9 MINT,102430058,2026-10-02T12:15:18.837Z,585,585,house,
page_value_vs_last_pull,2026-10-03,1999 Pokemon Base Set Shadowless 1st Edition Raticate #40 PSA 10 GEM MINT,27251428,2026-10-02T12:44:01.255Z,609.22,618.072901,phygitals_unvaulted,
page_value_vs_last_pull,2026-10-03,2025 Pokemon Mega Evolution Enhanced Booster Box Topper IR Bulbasaur #133 PSA 10 GEM MINT,135043517,2026-10-02T12:51:17.962Z,540,540,house,
page_value_vs_last_pull,2026-10-03,2025 Pokemon SV Promo Prismatic Evolutions ETB Full Art Eevee #173 PSA 10 GEM MINT,111445364,2026-10-02T12:53:41.106Z,583,521.894309,phygitals_unvaulted,
page_value_vs_last_pull,2026-10-03,2000 Pokemon Chinese Base Set 1st Edition Holo Raichu #14 PSA 8 NM-MT,47760723,2026-10-02T12:59:36.153Z,879.13,879.127332,house,
page_value_vs_last_pull,2026-10-03,2019 Pokemon Sun & Moon Unified Minds Holo Umbreon & Darkrai GX #125 PSA 10 GEM MINT,88168483,2026-10-02T13:00:55.364Z,609.99,553.784679,house,
page_value_vs_last_pull,2026-10-03,2023 Pokemon Scarlet & Violet Paradox Rift IR Groudon #199 PSA 10 GEM MINT,134080495,2026-10-02T13:02:14.352Z,605,478.73979,house,
page_value_vs_last_pull,2026-10-03,2001 Pokemon Neo Revelation 1st Edition Holo Entei #6 PSA 8 NM-MT,71249634,2026-10-02T13:17:21.355Z,900,900,house,
page_value_vs_last_pull,2026-10-03,2014 Pokemon XY Full Art Xerneas EX #146 PSA 9 MINT,23538868,2026-10-02T14:13:04.050Z,526.91,542.756302,phygitals_unvaulted,
page_value_vs_last_pull,2026-10-03,2002 Pokemon Japanese McDonald's Promo Zapdos #024/P PSA 10 GEM MINT,51044214,2026-10-02T14:14:48.979Z,720,888.809136,phygitals_unvaulted,
page_value_vs_last_pull,2026-10-03,2018 Pokemon Sun and Moon Promo Munch A Retrospective Japanese Psyduck #286SMP PSA 9,159111026,2026-10-02T14:25:44.054Z,2080.66,2284.248935,house,
page_value_vs_last_pull,2026-10-03,1999 Pokemon Fossil 1st Edition Holo Zapdos #15 PSA 9,71462273,2026-10-02T14:25:44.055Z,602.57,433.161566,house,
page_value_vs_last_pull,2026-10-03,2004 Pokemon EX Team Rocket Returns Reverse Holo Dark Houndoom #37 CGC 9 MINT,6162594053,2026-10-02T14:43:47.587Z,632.52,632.52,house,
page_value_vs_last_pull,2026-10-03,2024 Pokemon Scarlet & Violet Paldean Fates SIR Charizard ex #234 CGC 10 PRISTINE,6194315002,2026-10-02T14:45:22.952Z,1077,1077,house,
page_value_vs_last_pull,2026-10-03,1999 Pokemon Fossil 1st Edition Holo Articuno #2 PSA 9 MINT,27645467,2026-10-02T15:13:34.436Z,760,943.40787,user,
page_value_vs_last_pull,2026-10-03,2026 Pokemon Mega Evolution Ascended Heroes MHR Mega Charizard Y EX #294 CGC 10 GEM MINT,6225323036,2026-10-02T15:35:37.352Z,899.99,899.99,house,
page_value_vs_last_pull,2026-10-03,2026 Pokemon Mega Evolution Ascended Heroes SIR Pikachu ex #276 PSA 9 MINT,161527553,2026-10-02T15:36:53.666Z,900,900,house,
page_value_vs_last_pull,2026-10-03,2019 Pokemon Sun & Moon Unified Minds Holo Umbreon & Darkrai GX #125 PSA 10 GEM MINT,118413026,2026-10-02T15:38:21.357Z,549.99,553.784679,user,
page_value_vs_last_pull,2026-10-03,2000 Pokemon Team Rocket 1st Edition Holo Dark Dragonite #5 CGC 9.5 MINT+,6204730010,2026-10-02T15:43:16.044Z,1187,1187,house,
page_value_vs_last_pull,2026-10-03,1999 Pokemon Base Set Shadowless 1st Edition Super Energy Removal #79 PSA 9 MINT,124131278,2026-10-02T15:49:37.206Z,647.94,647.935776,house,
page_value_vs_last_pull,2026-10-03,2019 Pokemon Japanese SM Tag Team GX Full Art Green's Exploration #196 PSA 10,74246362,2026-10-02T15:57:57.511Z,1043.48,1043.483042,house,
page_value_vs_last_pull,2026-10-03,2001 Pokemon Neo Revelation 1st Edition Holo Blissey #2 BGS 9.5 GEM MINT,0014074466,2026-10-02T15:58:41.296Z,1692.69,1692.692592,house,
page_value_vs_last_pull,2026-10-03,2019 Pokemon Sun & Moon Promo Power Partnership Full Art Mewtwo & Mew GX #SM191 PSA 9 MINT,128133730,2026-10-02T16:07:08.390Z,525,525,house,
page_value_vs_last_pull,2026-10-03,2018 Pokemon Sun and Moon Promo Japanese Pokemon Center Yokohama Reopening Yokohama's Pikachu #282SMP PSA 10,157278952,2026-10-02T16:14:44.449Z,1368.89,1368.885636,house,
page_value_vs_last_pull,2026-10-03,2021 Pokemon Sword & Shield Celebrations Classic Collection Holo Charizard #4 CGC 10 PRISTINE,6194001089,2026-10-02T16:50:18.213Z,640,640,house,
page_value_vs_last_pull,2026-10-03,2002 Pokemon Japanese Wind From The Sea 1st Edition Slowpoke #31 PSA 10 GEM MINT,168218841,2026-10-02T16:50:18.215Z,906,906,house,
page_value_vs_last_pull,2026-10-03,2010 Pokemon HeartGold & SoulSilver Triumphant Holo Mew #97 PSA 8 NM-MT,123673502,2026-10-02T16:51:14.471Z,958.48,958.479665,house,
page_value_vs_last_pull,2026-10-03,2001 Pokemon Neo Revelation Holo Houndoom #8 CGC 9 MINT,6162599032,2026-10-02T17:03:25.571Z,802.44,802.44,house,
page_value_vs_last_pull,2026-10-03,2016 Pokemon Japanese XY 20th Anniversary 1st Edition Full Art Misty's Determination #99 PSA 9,127450621,2026-10-02T17:23:44.958Z,590.43,590.434161,house,
page_value_vs_last_pull,2026-10-03,2001 Pokemon Neo Discovery Holo Umbreon #13 PSA 8 NM-MT,65719064,2026-10-02T17:27:18.818Z,1075,1075,house,
page_value_vs_last_pull,2026-10-03,2016 Pokemon Expansion Base Pack 20th Anniversary Korean Pikachu #35 PSA 10,152510472,2026-10-02T18:26:14.061Z,723.38,723.377254,house,
page_value_vs_last_pull,2026-10-03,2024 Pokemon Scarlet & Violet Paldean Fates SIR Shiny Mew ex #232 PSA 9 MINT,110442278,2026-10-02T18:26:14.062Z,879.34,879.34,house,
page_value_vs_last_pull,2026-10-03,2001 Pokemon Japanese Expedition 1st Edition Holo Weezing #101 PSA 10 GEM MINT,127293704,2026-10-02T18:26:14.064Z,765,789.061302,phygitals_unvaulted,
page_value_vs_last_pull,2026-10-03,2003 Pokemon Skyridge Holo Moltres #H20 CGC 8.5 NM-MT+,6072778012,2026-10-02T18:26:14.064Z,1064.56,1064.56,phygitals_unvaulted,
page_value_vs_last_pull,2026-10-03,2001 Pokemon Black Star Promo Holo Birthday Pikachu #24 PSA 9 MINT,94288649,2026-10-02T18:26:14.065Z,740,740,house,
page_value_vs_last_pull,2026-10-03,2016 Pokemon Japanese XY 20th Anniversary 1st Edition Full Art Venusaur EX #88 PSA 10 GEM MINT,101380070,2026-10-02T18:29:14.926Z,1005,1249.733603,phygitals_unvaulted,
page_value_vs_last_pull,2026-10-03,2001 Pokemon Neo Discovery Holo Umbreon #13 PSA 7 NRMT,163846750,2026-10-02T18:37:02.915Z,630,630,house,
page_value_vs_last_pull,2026-10-03,2000 Pokemon Team Rocket 1st Edition Holo Dark Raichu #83 PSA 9 MINT,72379106,2026-10-02T18:37:02.919Z,935,920.465587,phygitals_unvaulted,
page_value_vs_last_pull,2026-10-03,1999 Pokemon Base Set Shadowless 1st Edition Red Cheeks Pikachu #58 PSA 8 NM-MT,82128289,2026-10-02T18:37:02.920Z,1097.28,1097.28,house,
page_value_vs_last_pull,2026-10-03,2000 POKEMON DUTCH JUNGLE 1ST EDITION HOLO #15 VILEPLUME CGC 10 GEM MINT,1401031286280,2026-10-02T18:37:02.936Z,786.42,786.42,house,
page_value_vs_last_pull,2026-10-03,2021 Pokemon Sword & Shield Evolving Skies Alt Art Rayquaza V #194 CGC 10 GEM MINT,6204957034,2026-10-02T18:38:14.002Z,600,600,house,
page_value_vs_last_pull,2026-10-03,2021 Pokemon Sword & Shield Evolving Skies Promo Holo Galarian Slowpoke #126 PSA 10 GEM MINT,137365116,2026-10-02T18:38:14.004Z,870,870,house,
page_value_vs_last_pull,2026-10-03,2025 Pokemon Mega Evolution Phantasmal Flames SIR Mega Charizard X Ex #125 CGC 10 GEM MINT,6208981021,2026-10-02T18:38:49.880Z,800,800,house,
page_value_vs_last_pull,2026-10-03,2005 Pokemon Japanese Promo PokePark Blue Holo Rayquaza #9 PSA 9 MINT,78553229,2026-10-02T18:39:10.170Z,985,939.900318,phygitals_unvaulted,
page_value_vs_last_pull,2026-10-03,2026 Pokemon Mega Evolution Ascended Heroes SIR Pikachu Ex #276 CGC 9 MINT,6210744001,2026-10-02T18:40:02.727Z,660,660,house,
page_value_vs_last_pull,2026-10-03,2017 Pokemon Sun & Moon Burning Shadows Rainbow Rare Charizard GX #150 PSA 9 MINT,89841193,2026-10-02T18:41:15.901Z,849.28,817.541948,phygitals_unvaulted,
page_value_vs_last_pull,2026-10-03,2023 Pokemon Scarlet and Violet Illustration Rare Ralts #211 PSA 10,116781923,2026-10-02T18:47:00.491Z,786.12,786.115523,house,
page_value_vs_last_pull,2026-10-03,2020 Pokemon Sun & Moon Promo Tag Team Alt Art Espeon & Deoxys GX #SM240 CGC 10 GEM MINT,6075669002,2026-10-02T18:47:00.491Z,639.99,639.99,house,
page_value_vs_last_pull,2026-10-03,2025 Pokemon Scarlet & Violet White Flare BWR Reshiram ex #173 PSA 10 GEM MINT,127920433,2026-10-02T18:47:32.018Z,1050,982.984508,phygitals_unvaulted,
page_value_vs_last_pull,2026-10-03,2016 Pokemon Japanese XY Expansion Pack 20th Anniversary 1st Edition Holo Mew #51 PSA 10 GEM,127706149,2026-10-02T18:47:32.020Z,800,767.459495,phygitals_unvaulted,
page_value_vs_last_pull,2026-10-03,2003 Pokemon Skyridge Holo Celebi #145 BGS 9.5,0017263975,2026-10-02T18:47:32.021Z,8709.04,13554.937017,phygitals_unvaulted,
page_value_vs_last_pull,2026-10-03,2023 Pokemon Scarlet & Violet Promo Obsidian Flames ETB Full Art Charmander #44 PSA 10 GEM MINT,107540517,2026-10-02T18:48:37.274Z,595,595,house,
page_value_vs_last_pull,2026-10-03,2004 Pokemon EX Fire Red & Leaf Green Holo Gyarados ex #109 CGC 10 GEM MINT,6099435046,2026-10-02T19:14:09.664Z,1594.64,1594.64,phygitals_unvaulted,
page_value_vs_last_pull,2026-10-03,2026 Pokemon Mega Evolution Ascended Heroes SIR Team Rocket's Mewtwo ex #281 PSA 10 GEM MINT,157721435,2026-10-02T19:18:56.452Z,660,488.483221,user,
page_value_vs_last_pull,2026-10-03,2023 Pokemon Sword & Shield Crown Zenith Full Art Mew #GG10 PSA 10 GEM MINT,98613137,2026-10-02T19:21:42.050Z,510,536.098244,phygitals_unvaulted,
page_value_vs_last_pull,2026-10-03,2014 Pokemon Japanese XY Promo Marumiya Pikachu #64 PSA 10 GEM MINT,75289897,2026-10-02T19:29:52.755Z,668,668,house,
page_value_vs_last_pull,2026-10-03,2022 Pokemon Sword & Shield Lost Origin Trainer Gallery CHR Gengar #TG06 PSA 10 GEM MINT,141888248,2026-10-02T20:30:52.059Z,550,550,house,
page_value_vs_last_pull,2026-10-03,2015 POKEMON XY BLACK STAR PROMOS TAG #XY69 RAYQUAZA EX PSA 9,118738412,2026-10-02T20:49:41.922Z,687.02,687.024817,house,
page_value_vs_last_pull,2026-10-03,2000 DANONE POKEMON STADIUM TIP SHINY HOLO #2 CHARIZARD PSA 9 MINT,63251949,2026-10-02T20:49:41.924Z,1064.08,1064.083089,house,
page_value_vs_last_pull,2026-10-03,2005 Pokemon Promo Japanese Mcdonalds Mudkip #83 PSA 10,103129130,2026-10-02T20:49:41.927Z,2328.07,2328.065909,house,
page_value_vs_last_pull,2026-10-03,"2005 Pokemon Japanese Golden Sky, Silvery Ocean 1st Ed Holo Jolteon #34 PSA 10",68649098,2026-10-02T20:49:41.929Z,940,940,house,
page_value_vs_last_pull,2026-10-03,2023 Pokemon Scarlet & Violet 151 Promo Ultra Premium Full Art Mewtwo #52 CGC 10 PRISTINE,6079753055,2026-10-02T20:49:41.930Z,751.85,751.85,house,
page_value_vs_last_pull,2026-10-03,2026 Pokemon Mega Evolution Ascended Heroes Special Illustration Rare Pikachu Ex #276 PSA 10,161435777,2026-10-02T20:51:22.650Z,2261.08,2261.075772,house,
page_value_vs_last_pull,2026-10-03,1999 Pokemon Jungle 1st Edition Eevee #51 PSA 10 GEM MINT,65437218,2026-10-02T20:51:22.656Z,700,700,house,
page_value_vs_last_pull,2026-10-03,2026 Pokemon Mega Evolution Ascended Heroes SIR Pikachu EX #277 PSA 10 GEM MINT,148708450,2026-10-02T20:51:22.657Z,700,700,house,
page_value_vs_last_pull,2026-10-03,2001 Pokemon Expedition Japanese 1st Edition Holo Tyranitar #127 PSA 9,145291416,2026-10-02T20:51:22.662Z,872.8,872.796576,house,
page_value_vs_last_pull,2026-10-03,2025 Pokemon Mega Evolution Phantasmal Flames MHR Mega Charizard X EX #130 CGC 10 GEM MINT,6184167081,2026-10-02T20:51:22.663Z,697.07,697.07,house,
page_value_vs_last_pull,2026-10-03,2001 Pokemon Neo Discovery 1st Edition Holo Forretress #2 PSA 10,73027306,2026-10-02T21:00:53.201Z,1287.52,2558.455042,user,
page_value_vs_last_pull,2026-10-03,2021 Pokemon Japanese Sword & Shield Eevee Heroes Full Art Leafeon VMAX #89 BGS 10 PRISTINE,0015678552,2026-10-02T21:26:02.702Z,919.27,919.273142,user,
page_value_vs_last_pull,2026-10-03,2023 POKEMON MEW EN-151 ILLUSTRATION RARE #173 PIKACHU PSA 10,93362226,2026-10-02T21:40:23.667Z,534.43,534.430542,house,
page_value_vs_last_pull,2026-10-03,2000 Topps Chrome Pokemon Tv Tekno Psyduck #54 PSA 8,128957481,2026-10-02T21:43:31.569Z,1741.56,1741.562246,house,
page_value_vs_last_pull,2026-10-03,2003 Pokemon Skyridge Holo Crobat #H5 CGC 10 GEM MINT,6209079007,2026-10-02T21:45:51.839Z,850,850,house,
page_value_vs_last_pull,2026-10-03,2011 POKEMON JPN B&W DARK RUSH 1ST ED #074 GARDEVOIR PSA 9,109432172,2026-10-02T22:07:01.870Z,1497.71,1497.712669,house,
page_value_vs_last_pull,2026-10-03,2019 Pokemon Japanese SM Promo Center Osaka DX Opening Pretend Comedian Pikachu #407 PSA 10 GEM,96262599,2026-10-02T22:18:39.176Z,870,870,house,
page_value_vs_last_pull,2026-10-03,2025 Pokemon Scarlet & Violet Prismatic Evolutions SIR Sylveon Ex #156 PSA 10 GEM MINT,108225079,2026-10-02T22:26:40.902Z,1453.98,1453.975608,house,
page_value_vs_last_pull,2026-10-03,2004 Pokemon EX Fire Red & Leaf Green Holo Moltres ex #115 PSA 9 MINT,74114229,2026-10-02T22:38:37.633Z,780,780,house,
page_value_vs_last_pull,2026-10-03,2026 Pokemon Mega Evolution Ascended Heroes SIR Pikachu ex #276 PSA 9 MINT,161401007,2026-10-02T23:43:36.311Z,729,729,house,
page_value_vs_last_pull,2026-10-03,2015 Pokemon XY Roaring Skies Alt Art M Rayquaza EX #105 PSA 8 NM-MT,93279961,2026-10-02T23:50:57.482Z,676,676,house,
page_value_vs_last_pull,2026-10-03,2018 Pokemon Japanese SM Promo Center 20th Anniversary Full Art Red's Pikachu #270 PSA 9 MINT,161485506,2026-10-02T23:56:22.467Z,540,540,house,
page_value_vs_last_pull,2026-10-03,2019 Pokemon Sun & Moon Promo Tag Team Tins Full Art Pikachu & Zekrom GX #SM168 PSA 10 GEM MINT,129175052,2026-10-03T00:16:10.512Z,3436.75,3436.754261,house,
page_value_vs_last_pull,2026-10-03,1999 Pokemon Base Set Holo Charizard #4 PSA 9 MINT,26031933,2026-10-03T00:16:42.062Z,3321.52,3321.516557,house,
page_value_vs_last_pull,2026-10-03,2019 Pokemon Sun & Moon Unified Minds Full Art Umbreon & Darkrai GX #125 PSA 10 GEM MINT,45031469,2026-10-03T01:02:36.505Z,609.99,553.784679,user,
page_value_vs_last_pull,2026-10-03,1999 Pokemon Base Set Holo Venusaur #15 PSA 9 MINT,26245605,2026-10-03T01:26:19.559Z,640,640,house,
page_value_vs_last_pull,2026-10-03,2002 Pokemon League Black Star Promo Snorlax #49 PSA 8 NM-MT,126534143,2026-10-03T01:27:20.433Z,520,520,house,
page_value_vs_last_pull,2026-10-03,1999 Pokemon Base Set 1st Edition Potion #94 PSA 10 GEM MINT,43264963,2026-10-03T01:43:48.974Z,577.45,577.447669,house,
page_value_vs_last_pull,2026-10-03,2001 Pokemon Japanese VS 1st Edition Lance's Ampharos #101 PSA 10 GEM MINT,61392601,2026-10-03T01:51:05.108Z,559.76,559.761528,house,
page_value_vs_last_pull,2026-10-03,1999 Pokemon Base Set 1st Edition Revive #89 PSA 10,49252057,2026-10-03T01:51:05.135Z,525.22,525.2158,house,
page_value_vs_last_pull,2026-10-03,1996 Pokemon Japanese Base Set Jynx #124 PSA 10 GEM MINT,127149981,2026-10-03T02:18:42.539Z,930,930,house,
page_value_vs_last_pull,2026-10-03,"2005 Pokemon Japanese Golden Sky, Silvery Ocean Holo Slowbro #23 PSA 10 GEM MINT",163784129,2026-10-03T02:18:42.540Z,940.96,940.955851,house,
page_value_vs_last_pull,2026-10-03,2019 Pokemon Sun & Moon Cosmic Eclipse Full Art Solgaleo & Lunala GX #216 CGC 10 GEM MINT,6213556082,2026-10-03T02:20:34.218Z,510,510,house,
page_value_vs_last_pull,2026-10-03,2000 Pokemon Gym Challenge 1st Edition Holo Misty's Gyarados #13 PSA 8 NM-MT,143500018,2026-10-03T02:24:12.982Z,520,520,house,
page_value_vs_last_pull,2026-10-03,1999 Pokemon Jungle Holo Prerelease Clefable #1 PSA 6,90741757,2026-10-03T02:29:19.856Z,667.8,667.801678,house,
page_value_vs_last_pull,2026-10-03,1999 Pokemon Fossil '00 Copyright Articuno #17 PSA 9 MINT,110804615,2026-10-03T02:56:35.628Z,579.62,579.620127,house,
page_value_vs_last_pull,2026-10-03,2015 Pokemon XY Mega Battle Deck Japanese M Rayquaza Ex #006 PSA 10,125376510,2026-10-03T03:00:09.717Z,844.09,844.089472,house,
page_value_vs_last_pull,2026-10-03,2024 Pokemon Scarlet & Violet Surging Sparks SIR Pikachu EX #238 PSA 10 GEM MINT,100554343,2026-10-03T03:52:20.963Z,781,781,house,
page_value_vs_last_pull,2026-10-03,2026 Pokemon Mega Evolution Ascended Heroes Mega Hyper Rare Mega Charizard Y Ex #294 PSA 10,159915556,2026-10-03T04:55:00.398Z,1797.64,1797.639715,house,
page_value_vs_last_pull,2026-10-03,2018 Pokemon Japanese Sun & Moon Promo Mimikyu Special Box Pikachu #199 PSA 10 GEM MINT,78947878,2026-10-03T04:56:14.295Z,2635.83,2635.832366,house,
page_value_vs_last_pull,2026-10-03,2016 Pokemon XY Japanese Promos Collabo Mignon Launch Campaign Pikachu #XYP PSA 10,49821969,2026-10-03T04:56:23.093Z,2726.53,2726.528,house,
page_value_vs_last_pull,2026-10-03,1999 Pokemon Base Set Shadowless 1st Edition Holo Chansey #3 BGS 9 MINT,0010619629,2026-10-03T04:56:32.699Z,2506.13,2506.129689,house,
page_value_vs_last_pull,2026-10-03,2017 Pokemon Japanese SM Promo Reopening Tohoku's Pikachu #088 PSA 10 GEM MINT,49658735,2026-10-03T04:56:48.710Z,1734.84,1734.842085,house,
page_value_vs_last_pull,2026-10-03,2000 Pokemon Team Rocket 1st Edition Holo Dark Raichu #83 BGS 9.5 GEM MINT,0013193355,2026-10-03T04:57:06.927Z,1805.39,1805.385972,house,
page_value_vs_last_pull,2026-10-03,2002 Pokemon Japanese Split Earth 1st Edition Holo Jolteon #37 PSA 10 GEM MINT,88660283,2026-10-03T04:59:02.999Z,1796.45,1796.45179,house,
page_value_vs_last_pull,2026-10-03,"2007 Pokemon Japanese PPP Promo Fan Club 10,000 Points Holo Darkrai #7 PSA 10 GEM MINT",136003383,2026-10-03T04:59:17.566Z,1911.59,1911.590865,house,
page_value_vs_last_pull,2026-10-03,2001 Pokemon Neo Revelation 1st Edition Holo Shining Gyarados #65 CGC 8,6173920003,2026-10-03T04:59:17.566Z,2719.21,2719.21,house,
page_value_vs_last_pull,2026-10-03,2005 Pokemon EX Emerald Holo Rayquaza #9 CGC 10 GEM MINT,1401031793004,2026-10-03T05:00:54.077Z,1815.29,1815.29,house,
page_value_vs_last_pull,2026-10-03,2021 Pokemon Japanese SWSH Eevee Heroes Alt Art Sylveon VMAX #93 BGS 10 PRISTINE,0017652993,2026-10-03T05:00:54.079Z,1556.73,1556.733627,house,
page_value_vs_last_pull,2026-10-03,2011 Pokemon Black & White Cracked Ice Holo Zoroark #71 PSA 10 GEM MINT,122653396,2026-10-03T05:00:54.081Z,2558.14,2558.135501,house,
page_value_vs_last_pull,2026-10-03,2001 Pokemon German Neo Revelation 1st Edition Holo Shining Gyarados #65 BGS 6 EXMT,0019975466,2026-10-03T05:00:54.082Z,1853.9,1853.899328,house,
page_value_vs_last_pull,2026-10-03,2025 Pokemon Japanese Mega Inferno X MUR Mega Charizard X ex #116 PSA 10 GEM MINT,159992355,2026-10-03T05:01:24.268Z,2238.43,2238.426403,house,
page_value_vs_last_pull,2026-10-03,2025 Pokemon Scarlet and Violet Prismatic Evolutions Special Illustration Rare Umbreon Ex #161 PSA 10,162283231,2026-10-03T05:01:24.270Z,5623.82,5623.82413,house,
page_value_vs_last_pull,2026-10-03,2010 Pokemon Reviving Legends Japanese 1st Edition Holo Umbreon #37 PSA 10,84200505,2026-10-03T05:01:24.271Z,1944.84,1944.840421,house,
page_value_vs_last_pull,2026-10-03,1999 Pokemon Base Set Shadowless 1st Edition Devolution Spray #72 PSA 10 GEM MINT,41651883,2026-10-03T05:02:29.621Z,1570.11,1570.105229,house,
page_value_vs_last_pull,2026-10-03,1999 Pokemon Base Set Shadowless Holo Charizard #4 BGS 7.5,0020097835,2026-10-03T05:02:29.622Z,2507.06,2802.370705,user,
page_value_vs_last_pull,2026-10-03,2009 Pokemon Melee Scramble Japanese Gyarados #6 PSA 10,73766638,2026-10-03T05:02:29.623Z,5964.4,5964.403939,house,
page_value_vs_last_pull,2026-10-03,2001 Pokemon Japanese Expedition 1st Edition Holo Mewtwo #118 PSA 9 MINT,133370520,2026-10-03T05:41:37.180Z,1069.76,1069.759327,house,
live_alt_vs_pull_value,2026-10-06,2012 Pokemon Japanese Black & White Promo Nobunaga's Ambition Holo Rayquaza #144 PSA 10 GEM,142059740,2026-09-26T13:52:40.624Z,1140.57,,,1050.712003
live_alt_vs_pull_value,2026-10-06,2016 Pokemon XY Evolutions Full Art M Charizard EX #101 PSA 10 GEM MINT,69197679,2026-09-26T21:02:18.904Z,660,,,580.443448
live_alt_vs_pull_value,2026-10-06,2024 Pokemon Japanese Scarlet & Violet Terastal Fest Ex SAR Sylveon ex #212 PSA 10 GEM MINT,103785478,2026-09-26T22:27:56.970Z,170,,,163.019368
live_alt_vs_pull_value,2026-10-06,2019 Pokemon Sun & Moon Unified Minds Full Art Mewtwo & Mew GX #71 PSA 10 GEM MINT,129168594,2026-09-27T06:54:52.503Z,950,,,935.924183
live_alt_vs_pull_value,2026-10-06,2022 Pokemon Sword & Shield GO Hyper Rare Mewtwo VSTAR #79 PSA 10 GEM MINT,134671793,2026-09-27T07:04:45.816Z,169.83,,,163.369862
live_alt_vs_pull_value,2026-10-06,2023 Pokemon Sword & Shield Crown Zenith Gold Rare Giratina VSTAR #GG69 PSA 10 GEM MINT,88728070,2026-09-27T07:05:44.600Z,533.19,,,492.09517
live_alt_vs_pull_value,2026-10-06,2019 Pokemon Sun & Moon Unified Minds Full Art Espeon & Deoxys GX #72 PSA 10 GEM MINT,129370788,2026-09-27T08:13:42.560Z,600,,,547.181951
live_alt_vs_pull_value,2026-10-06,2021 Pokemon Japanese SWSH Summer Promo Rengeki Vaporeon VMAX #187SP BGS 10 PRISTINE,0015595979,2026-09-27T08:28:36.061Z,8703.61,,,12377.576476
live_alt_vs_pull_value,2026-10-06,2019 Pokemon SM Cosmic Eclipse Alt Art Mega Lopunny & Jigglypuff GX #226 PSA 10 GEM MINT,48198589,2026-09-27T08:37:23.755Z,1184.29,,,1308.920508
live_alt_vs_pull_value,2026-10-06,2019 Pokemon Japanese SM Promo Dream League Booster Box Clefairy #381 PSA 10 GEM,65975855,2026-09-27T08:45:56.775Z,517,,,576.870506
live_alt_vs_pull_value,2026-10-06,1996 Pokemon Japanese Red Poker Set Nintendo Playing Card Horsea #116C PSA 10,73135132,2026-09-27T12:15:07.677Z,105.6,,,135.739061
live_alt_vs_pull_value,2026-10-06,2002 Pokemon Black Star Promo Center New York Ho-Oh #52 CGC 9.5 MINT+,1401032377020,2026-09-27T13:36:27.072Z,108.36,,,136.854319
live_alt_vs_pull_value,2026-10-06,1999 Pokemon Fossil 1st Edition Energy Search #59 PSA 10 GEM MINT,52882411,2026-09-27T16:02:42.840Z,109.07,,,102.101382
live_alt_vs_pull_value,2026-10-06,2022 Pokemon Sword and Shield Lost Origin Giratina V #186 PSA 10,101343021,2026-09-27T21:11:01.325Z,3168.69,,,3343.953968
live_alt_vs_pull_value,2026-10-06,2006 Pokemon EX Legend Maker Reverse Holo Torkoal #27 PSA 9 MINT,147777850,2026-09-28T01:55:12.370Z,142.82,,,131.569003
live_alt_vs_pull_value,2026-10-06,2026 Pokemon Mega Evolution Ascended Heroes Special Illustration Rare Mega Gengar Ex #284 PSA 10,160710066,2026-09-28T22:12:15.358Z,2043.91,,,1571.893976
live_alt_vs_pull_value,2026-10-06,2003 POKEMON SKYRIDGE #H13 KABUTOPS-HOLO PSA 5,121236118,2026-09-29T04:51:07.513Z,289.21,,,337.165442
live_alt_vs_pull_value,2026-10-06,2000 Topps Chrome Pokemon Pokemon Tv Charizard #6 PSA 10,69797374,2026-09-29T21:20:39.410Z,3282.85,,,3338.328975
live_alt_vs_pull_value,2026-10-06,2024 Pokemon Japanese Scarlet & Violet Terastal Fest EX SAR Vaporeon EX #205 PSA 10 GEM MINT,108065921,2026-09-30T04:23:38.576Z,110,,,100.011437
live_alt_vs_pull_value,2026-10-06,2001 Pokemon Japanese Meiji Promo Silver Foil Suicune PSA 10 GEM MINT,159237868,2026-09-30T17:12:26.756Z,612.94,,,782.088399
live_alt_vs_pull_value,2026-10-06,2000 Pokemon World Challenge Summer Promo Japanese Hokkaido Lucky Stadium PSA 9,28716583,2026-09-30T17:21:45.478Z,152.75,,,195.953171
live_alt_vs_pull_value,2026-10-06,2003 Pokemon Skyridge Holo Arcanine #H2 PSA 10,159693103,2026-09-30T17:22:08.729Z,8444.55,,,9933.990761
live_alt_vs_pull_value,2026-10-06,1999 Pokemon Japanese Gym 2 Yamabuki City Sabrina's Porygon #137 PSA 10 GEM MINT,165943028,2026-09-30T19:57:47.620Z,186.96,,,182.96031
live_alt_vs_pull_value,2026-10-06,2025 Pokemon Scarlet & Violet Black Bolt SIR Kyurem EX #165 PSA 10 GEM MINT,131648541,2026-09-30T20:01:52.892Z,165,,,142.907188
live_alt_vs_pull_value,2026-10-06,2006 Pokemon EX Holon Phantoms Holo Kabutops #9 CGC 9 MINT,6184537082,2026-09-30T20:17:06.437Z,132,,,170.096139
live_alt_vs_pull_value,2026-10-06,2009 Pokemon Japanese HGSS Collection 1st Edition Holo Prime Ampharos #34 PSA 10 GEM MINT,156460722,2026-09-30T22:03:38.820Z,1025,,,1119.391987
live_alt_vs_pull_value,2026-10-06,2026 Pokemon Mega Evolution Ascended Heroes MA Mega Gengar Ex #269 PSA 10 GEM MINT,156198342,2026-10-01T02:48:47.159Z,162.5,,,138.09802
live_alt_vs_pull_value,2026-10-06,2026 Pokemon Mega Evolution Ascended Heroes MA Mega Gengar ex #269 PSA 10 GEM MINT,165351990,2026-10-01T06:49:21.254Z,184.99,,,138.09802
live_alt_vs_pull_value,2026-10-06,1999 POKEMON JPN BULBASAUR DECK #29 BULBASAUR PSA 9,60326140,2026-10-01T14:54:45.782Z,149.78,,,165.260801
live_alt_vs_pull_value,2026-10-06,2000 Pokemon Japanese Neo 3 Holo Ho-Oh #250 PSA 9 MINT,119882265,2026-10-01T15:25:04.852Z,377.95,,,464.331972
live_alt_vs_pull_value,2026-10-06,1999 Pokemon Japanese Bandai Carddass Vending Series 5 Ash & Others #173 PSA 10 GEM MINT,88246233,2026-10-01T15:39:19.526Z,814.72,,,993.061842
live_alt_vs_pull_value,2026-10-06,2019 Pokemon XY Sword and Shield Promo V Starter Sets Purchase Campaign Japanese Holo Rayquaza #003SP PSA 10,167033427,2026-10-01T18:10:16.846Z,104.31,,,83.348194
live_alt_vs_pull_value,2026-10-06,1999 Pokemon Base Set Shadowless 1st Edition Holo Alakazam #1 PSA 9 MINT,18443031,2026-10-01T18:46:42.078Z,5349.63,,,6220.844509
live_alt_vs_pull_value,2026-10-06,2007 Pokemon Japanese Diamond & Pearl Dawn Dash 1st Edition Holo Leafeon LV.X PSA 10 GEM MINT,123068356,2026-10-01T21:31:05.457Z,2180.73,,,2497.638453
live_alt_vs_pull_value,2026-10-06,1999 Pokemon Base Set 1st Edition Red Cheeks Pikachu #58 PSA 9,51355186,2026-10-01T23:03:24.454Z,2394.96,,,2494.159797
live_alt_vs_pull_value,2026-10-06,2017 Pokemon Japanese Sun & Moon Promo Get Campaign Ash's Pikachu #71 PSA 10 GEM MINT,118257096,2026-10-02T09:34:47.953Z,966.94,,,972.750197
live_alt_vs_pull_value,2026-10-06,2000 Pokemon Neo Genesis 1st Edition Holo Pichu #12 PSA 8,113214322,2026-10-02T10:07:18.152Z,561.26,,,745.100653
live_alt_vs_pull_value,2026-10-06,2000 Pokemon Neo 2 Crossing the Ruins Japanese Holo Beedrill #15 PSA 10,92645979,2026-10-02T12:10:09.538Z,561.35,,,487.163369
live_alt_vs_pull_value,2026-10-06,2002 Pokemon Japanese McDonald's Promo Zapdos #024/P PSA 10 GEM MINT,51044214,2026-10-02T14:14:48.979Z,720,,,954.201256
live_alt_vs_pull_value,2026-10-06,1999 Pokemon Fossil 1st Edition Holo Articuno #2 PSA 9 MINT,27645467,2026-10-02T15:13:34.436Z,760,,,986.469838
live_alt_vs_pull_value,2026-10-06,2016 Pokemon XY Evolutions Holo Charizard #11 PSA 8 NM-MT,55612312,2026-10-02T17:30:20.785Z,130,,,106.243799
live_alt_vs_pull_value,2026-10-06,2026 Pokemon Mega Evolution Ascended Heroes Special Illustration Rare Pikachu Ex #276 PSA 10,161435777,2026-10-02T20:51:22.650Z,2261.08,,,1680.195756
live_alt_vs_pull_value,2026-10-06,2019 Pokemon Sun & Moon Hidden Fates Full Art Sylveon GX #SV76 PSA 10 GEM MINT,57331860,2026-10-02T21:03:34.013Z,412.72,,,343.266047
live_alt_vs_pull_value,2026-10-06,2003 Pokemon Skyridge Holo Crobat #H5 CGC 10 GEM MINT,6209079007,2026-10-02T21:45:51.839Z,850,,,1033.644402
live_alt_vs_pull_value,2026-10-06,2021 Pokemon Sword & Shield Celebrations Classic Collection Holo Charizard #4 CGC 9 MINT,6213343004,2026-10-02T23:44:41.682Z,138,,,116.457311
live_alt_vs_pull_value,2026-10-06,2019 Pokemon Sun & Moon Promo Tag Team Tins Full Art Pikachu & Zekrom GX #SM168 PSA 10 GEM MINT,129175052,2026-10-03T00:16:10.512Z,3436.75,,,1836.467396
live_alt_vs_pull_value,2026-10-06,2002 Pokemon Japanese Split Earth 1st Edition Holo Jolteon #37 PSA 10 GEM MINT,88660283,2026-10-03T04:59:02.999Z,1796.45,,,1282.969606
live_alt_vs_pull_value,2026-10-06,2011 Pokemon Black & White Cracked Ice Holo Zoroark #71 PSA 10 GEM MINT,122653396,2026-10-03T05:00:54.081Z,2558.14,,,5205.765038
live_alt_vs_pull_value,2026-10-06,2001 Pokemon Japanese Expedition 1st Edition Holo Mewtwo #118 PSA 9 MINT,133370520,2026-10-03T05:41:37.180Z,1069.76,,,1107.206328
live_alt_vs_pull_value,2026-10-06,2017 Pokemon Japanese Sun & Moon Promo Easter's Pikachu #55 PSA 9 MINT,157074463,2026-10-03T08:26:09.254Z,1151.5,,,1213.91103
live_alt_vs_pull_value,2026-10-06,2008 Pokemon Japanese Stormfront 1st Edition Holo Charizard #92 PSA 10 GEM MINT,66464848,2026-10-03T08:42:02.450Z,5711.51,,,5918.575807
live_alt_vs_pull_value,2026-10-06,1999 Pokemon Game Holo Gyarados #6 PSA 8,74668703,2026-10-03T15:26:30.588Z,123.49,,,113.431854
live_alt_vs_pull_value,2026-10-06,2022 Pokemon Sword & Shield Silver Tempest Full Art Ho-Oh V #187 PSA 10 GEM MINT,108285204,2026-10-03T16:53:51.024Z,104.59,,,112.990208
live_alt_vs_pull_value,2026-10-06,2006 Pokemon Ex Legend Maker Holo Regice #90 PSA 8.5,26062895,2026-10-03T17:06:09.708Z,2896.74,,,3627.508908
live_alt_vs_pull_value,2026-10-06,2011 Pokemon Call Of Legends Holo Ho-Oh #SL5 CGC 5.5 EX+,1401009459146,2026-10-03T19:12:55.155Z,293.32,,,400.508517
live_alt_vs_pull_value,2026-10-06,2022 Pokemon Sword & Shield Astral Radiance CHR Starmie V #TG13 PSA 9 MINT,124770488,2026-10-03T22:01:33.512Z,103.2,,,108.004643
live_alt_vs_pull_value,2026-10-06,2015 Pokemon XY Roaring Skies Alt Art M Rayquaza EX #105 PSA 8 NM-MT,93279961,2026-10-04T00:42:46.386Z,676,,,772.824732
live_alt_vs_pull_value,2026-10-06,2000 Pokemon Gym Challenge 1st Edition Holo Erika's Venusaur #4 BGS 9 MINT,0020347341,2026-10-04T00:42:46.388Z,945,,,856.013736
live_alt_vs_pull_value,2026-10-06,1999 POKEMON BASE SET SHADOWLESS #15 VENUSAUR-HOLO PSA 6,119103859,2026-10-04T01:42:29.385Z,349.87,,,339.02685
live_alt_vs_pull_value,2026-10-06,2021 Pokemon SWSH Promo Celebrations Classic Collection Holo Birthday Pikachu #24 PSA 10 GEM,158254606,2026-10-04T05:53:58.367Z,219.99,,,180.345625
live_alt_vs_pull_value,2026-10-06,2005 Pokemon Promo Japanese Mcdonalds Mudkip #83 PSA 10,103129130,2026-10-04T07:11:47.332Z,2328.07,,,2295.105846
live_alt_vs_pull_value,2026-10-06,1999 Pokemon Jungle 1st Edition Holo Victreebel #14 PSA 8 NM-MT,45943350,2026-10-04T13:05:25.691Z,122.62,,,125.858609
live_alt_vs_pull_value,2026-10-06,2026 Pokemon Mega Evolution Ascended Heroes Special Illustration Rare Mega Froslass Ex #275 PSA 10,156302874,2026-10-04T19:56:44.632Z,186.15,,,122.796007
live_alt_vs_pull_value,2026-10-06,2017 Pokemon Sun and Moon Promo Japanese Champions League 2018 Yokohama Umbreon Gx #125SMP PSA 10,76987978,2026-10-05T03:44:20.271Z,1999.88,,,1451.674729
live_alt_vs_pull_value,2026-10-06,2008 Pokemon Japanese Promo DP Card Exchange Holo Pichu #112 BGS 10 PRISTINE,0015183379,2026-10-05T05:32:17.877Z,2924.07,,,3935.630144
live_alt_vs_pull_value,2026-10-06,2000 Pokemon Gym Challenge 1st Edition Holo Giovanni's Machamp #6 PSA 10,26841697,2026-10-05T07:27:40.621Z,2121.43,,,2034.560807
live_alt_vs_pull_value,2026-10-06,2015 POKEMON JPN XY PROMO PIKACHU MEGA CAMPAIGN PONCHO-WEARING PIKACHU PSA 10,82283688,2026-10-05T07:29:12.368Z,2586.4,,,2428.696511
live_alt_vs_pull_value,2026-10-06,1998 Pokemon Vending Series 3 Japanese Pokemon Machine PSA 10,143217732,2026-10-05T07:30:37.413Z,1617.08,,,1172.661377
live_alt_vs_pull_value,2026-10-06,2022 Pokemon Japanese SWSH Space Juggler Alt Art Origin Forme Palkia V #71 PSA 10 GEM MINT,119312935,2026-10-05T09:37:36.026Z,162.92,,,124.214784
live_alt_vs_pull_value,2026-10-06,1999 Pokemon Base Set Shadowless Super Potion #90 PSA 10 GEM MINT,127700474,2026-10-05T09:45:58.141Z,156,,,174.968631
live_alt_vs_pull_value,2026-10-06,2023 Pokemon Sword & Shield Crown Zenith Full Art Mewtwo VSTAR #GG44 PSA 10 GEM MINT,125134878,2026-10-05T14:00:49.722Z,560,,,437.218212
live_alt_vs_pull_value,2026-10-06,1999 Pokemon Jungle 1st Edition Jolteon #20 PSA 10,44086735,2026-10-05T16:15:17.259Z,760.34,,,776.873751
live_alt_vs_pull_value,2026-10-06,2026 Pokemon Mega Evolution Ascended Heroes SIR Pikachu EX #277 PSA 10 GEM MINT,148708450,2026-10-05T17:46:18.567Z,700,,,668.461082
live_alt_vs_pull_value,2026-10-06,2007 Pokemon EX Power Keepers Reverse Holo Charizard #6 CGC 9 MINT,6225862079,2026-10-05T17:48:14.231Z,964,,,1141.285507
live_alt_vs_pull_value,2026-10-06,2022 Pokemon Japanese SWSH VSTAR Universe Gold Rare Origin Forme Dialga VSTAR #260 PSA 10 GEM,98654132,2026-10-05T19:13:29.802Z,168,,,143.870489
live_alt_vs_pull_value,2026-10-06,2019 Pokemon Japanese SM Strength Expansion Night Unison Holo Greninja PSA 10 GEM MINT,136891630,2026-10-05T19:42:51.647Z,197.5,,,123.228704
live_alt_vs_pull_value,2026-10-06,2019 Pokemon Sun & Moon Hidden Fates Holo Moltres & Zapdos & Articuno GX #44 PSA 10 GEM MINT,165153045,2026-10-05T22:49:58.460Z,190,,,143.241979
live_alt_vs_pull_value,2026-10-06,2017 Pokemon Sun and Moon Promo Pokemon Card Friendly Shop Purchase Campaign Pikachu #227SMP PSA 9,53846813,2026-10-05T23:09:12.631Z,130.33,,,123.963034
live_alt_vs_pull_value,2026-10-06,2021 Pokemon Sword & Shield Evolving Skies Rainbow Rare Glaceon VMAX #208 PSA 10 GEM MINT,122163528,2026-10-05T23:52:48.983Z,105.6,,,116.22148
live_alt_vs_pull_value,2026-10-06,2000 Pokemon Base Set 2 Holo Charizard #4 CGC 9 MINT,6160220011,2026-10-06T00:01:51.752Z,1000,,,994.997577
live_alt_vs_pull_value,2026-10-06,2006 Pokemon Promo Japanese 4th Season Subscription Holo Lugia Ex #31 PSA 10,26951024,2026-10-06T00:30:17.014Z,5380.41,,,6822.497109
live_alt_vs_pull_value,2026-10-06,2019 Pokemon Japanese SM Promo Center Osaka DX Opening Pretend Comedian Pikachu #407 PSA 10 GEM,96262599,2026-10-06T00:53:06.409Z,870,,,874.591786
live_alt_vs_pull_value,2026-10-06,2022 Pokemon Start Deck 100 Japanese Snorlax #342 PSA 10,169270483,2026-10-06T04:25:25.972Z,168.41,,,172.317358
live_alt_vs_pull_value,2026-10-06,2005 Pokemon EX Unseen Forces Holo Entei Gold Star #113 BGS 8 NM-MT,0016772594,2026-10-06T04:29:21.019Z,1677.54,,,1914.588551
live_alt_vs_pull_value,2026-10-06,2023 Pokemon Sword and Shield Black Star Promo Prerelease Staff Holo Gengar #241 PSA 9,156657366,2026-10-06T04:29:55.380Z,2361.33,,,2759.363318
live_alt_vs_pull_value,2026-10-06,2023 Pokemon Scarlet & Violet Promo Obsidian Flames Center ETB Full Art Charmander #44 PSA 10,130185461,2026-10-06T04:34:39.735Z,5905.36,,,4944.604755
live_alt_vs_pull_value,2026-10-06,1999 Pokemon Base Set Shadowless Holo Charizard #4 BGS 7.5,0020097835,2026-10-06T04:35:02.377Z,2785.34,,,2785.342742
live_alt_vs_pull_value,2026-10-06,2002 Pokemon the Town On No Map Japanese Holo 1st Edition Arcanine #017 PSA 10,52369863,2026-10-06T04:35:02.378Z,2778.98,,,3275.522214
live_alt_vs_pull_value,2026-10-06,2009 Pokemon Melee Scramble Japanese Gyarados #6 PSA 10,73766638,2026-10-06T04:35:15.753Z,5964.4,,,5510.658977
live_alt_vs_pull_value,2026-10-06,2009 Pokemon Melee Scramble Japanese Lucario #12 PSA 10,138239741,2026-10-06T04:36:12.383Z,2134.12,,,2541.774007
live_alt_vs_pull_value,2026-10-06,2025 Pokemon Inferno X Japanese Special Art Rare Mega Charizard X Ex #110 PSA 10,130891611,2026-10-06T04:36:58.548Z,821.74,,,780.118408
live_alt_vs_pull_value,2026-10-06,1999 Pokemon Base Set Shadowless 1st Edition Devolution Spray #72 PSA 10 GEM MINT,41651883,2026-10-06T04:38:32.973Z,1570.11,,,1635.294798
live_alt_vs_pull_value,2026-10-06,2025 Pokemon Japanese Mega Inferno X MUR Mega Charizard X ex #116 PSA 10 GEM MINT,159992355,2026-10-06T05:28:11.698Z,2238.43,,,1781.207497
live_alt_vs_pull_value,2026-10-06,2004 Pokemon Japanese Play Promo Battle Spring Road Holo Master Ball #18 PSA 10 GEM MINT,65918041,2026-10-06T08:04:55.542Z,1084.36,,,1172.969743
live_alt_vs_pull_value,2026-10-06,2026 Pokemon Mega Evolution Ascended Heroes Mega Attack Rare Mega Gengar Ex #269 PSA 10,167021663,2026-10-06T09:19:34.427Z,151.27,,,138.09802
live_alt_vs_pull_value,2026-10-06,2023 POKEMON MEW EN-151 ILLUSTRATION RARE #176 POLIWHIRL PSA 10,86369599,2026-10-06T09:48:25.339Z,250.38,,,251.292836
live_alt_vs_pull_value,2026-10-06,2004 Pokemon EX Team Rocket Returns Reverse Holo Dark Tyranitar #19 CGC 7.5 NRMT+,6166257089,2026-10-06T10:20:51.405Z,529.27,,,584.195037
live_alt_vs_pull_value,2026-10-06,2025 Pokemon Mega Evolution SIR Mega Latias ex #181 PSA 10 GEM MINT,157629304,2026-10-06T10:20:58.837Z,180,,,146.195165
live_alt_vs_pull_value,2026-10-06,2024 Pokemon Scarlet & Violet Surging Sparks IR Ceruledge #197 PSA 10 GEM MINT,120478052,2026-10-06T11:01:52.220Z,186.34,,,148.535004
live_alt_vs_pull_value,2026-10-06,2000 Pokemon Gym Challenge 1st Edition Master Ball #116 PSA 10,50949562,2026-10-06T11:02:27.572Z,501.46,,,488.510461
