card_name,cert_number,pack,buyback_at_utc,buyback_day,usdc_paid,pull_value_usd,alt_value_that_day_usd,alt_history_stale,cardladder_value_usd,group,seconds_pull_to_buyback,tx_url
2016 Pokemon Japanese XY 20th Anniversary 1st Edition Full Art Pikachu EX #94 BGS 9.5 GEM MINT,0015103474,Diamond Pack,2026-06-09T08:50:32.541Z,2026-06-09,5063.479821,,5630.697708,false,,neither,,https://solscan.io/tx/2KWDr7WE6GfbrfY7MiSeQFngrxPqk7Njcxe6BfK2Gzqa7CzurjAcpofU7Dgzjos7CagY3nsm4ZPoDDuzWE2Pws95
2005 Pokemon Pokepark Premium Files Forest Japanese Holo Pokepark's Pikachu #4 PSA 9,154348525,Black Pack,2026-06-11T14:44:18.569Z,2026-06-11,2449.417198,,2314.290783,false,,neither,,https://solscan.io/tx/hzuuhnzsXXPM4EeSK1zdiLQm7kTmVDcgoV3P1fSHE1Sy41tVU2MCPE18HiJqy1x2LjqpXEkRSX38dVmv1S494zX
1999 Pokemon Base Set Shadowless 1st Edition Lass #75 PSA 10 GEM MINT,54260092,Black Pack,2026-06-15T18:34:55.712Z,2026-06-15,4402.01675,,4870.441541,false,,neither,,https://solscan.io/tx/2GPHedZQv8dgtURp79sdgw5JowzghAusKQbxq1t1s6oEHSqQB4KnbQbj1hUPXZv15xLfRqfJYjzinYmHHtt8mtNj
2016 Pokemon Japanese XY 20th Anniversary 1st Edition Full Art Pikachu EX #94 BGS 9.5 GEM MINT,0015103474,Black Pack,2026-06-15T23:22:59.777Z,2026-06-15,5525.485678,,5765.364344,false,,neither,,https://solscan.io/tx/3URC3Ag7iLcMx4ZBdrHKa9QRhnidfBK87WjanWSetWCQsfbWXvUGyccFTq6tV6CfHwVS55TzS28MW7gq23r4NPuP
2021 Pokemon XY Sword and Shield Promo Japanese Stamp Box Pikachu #227 PSA 9,154817886,Diamond Pack,2026-06-16T21:34:28.142Z,2026-06-16,2780.186464,,2777.789834,false,,neither,,https://solscan.io/tx/5vQxtuhrGqkafHGzYdzQS4yn7T8nDGCcUP1W6NYfwQXTCMjZSS6VdE2kpQXzfoSiUuyTGnu3AQKrAL5obizgjEs5
1999 Pokemon Base Set Shadowless 1st Edition Lass #75 PSA 10 GEM MINT,54260092,Diamond Pack,2026-06-17T04:12:51.785Z,2026-06-17,4402.01675,,4825.335629,false,,neither,,https://solscan.io/tx/4UKHtQ76C6hevWrYLY8U8j7rbbg3HehdS21Nedmsf2KbzWWxFAEy7hX9QzH1uNo1mEQZtzUTDwaz1AyCrvCfW8oH
2015 Pokemon XY and Break Promo Japanese the Archdjinni of the Rings Giveaway Hoopa #155 PSA 10,85219444,Diamond Pack,2026-06-17T15:37:32.908Z,2026-06-17,2872.602601,,,,,neither,,https://solscan.io/tx/5hFKTszoggb3FDGG1hSscrywWg9pGNWaHwYouECahKqQKXtc9a74uEbSYsTsHynM4SBdFL3VWZc57PjiDDjnU9MH
2004 Pokemon Japanese Black Deck Kit Holo Rocket's Moltres ex #14 PSA 10 GEM MINT,26401285,Black Pack,2026-06-19T00:36:28.970Z,2026-06-19,1776.273262,,,,,neither,,https://solscan.io/tx/2nhFU9vkEC2JGQTEQd79u8ZcVxouED5qxMoRFPSxETBJQZA73YQ4mkzTfCW7s6kkrnxVL3znWu4CmQkk2JPojeT6
2004 Pokemon Japanese Black Deck Kit Holo Rocket's Moltres ex #14 PSA 10 GEM MINT,26401285,Black Pack,2026-06-19T10:04:32.534Z,2026-06-19,1776.273262,,,,,neither,,https://solscan.io/tx/2DgkQNYCi6ddA2PJK3grxUoTpCBTc5BcbCH6NxXCAJfRb3yjBbxTbrzrqaoLo6CsdjtnFvYdGPrBBrgMk3d7U1c7
1999 Pokemon Fossil 1st Edition Holo Aerodactyl #1 PSA 10,27665526,Diamond Pack,2026-06-20T19:40:13.712Z,2026-06-20,5066.664052,,5213.949027,false,,neither,,https://solscan.io/tx/Qk4CWUPpFoovtpC2SULPXZUQyAhGpMjarZ3QerN57TZWsBDMpLXyYA5GAxfp4snsvj3cqaCgBHsrH99sEnf8eTQ
1999 Pokemon Base Set 1st Edition Beedrill #17 PSA 10,29094605,Diamond Pack,2026-06-22T15:19:24.391Z,2026-06-22,3559.848208,,,,,neither,,https://solscan.io/tx/4vanDgtDnz3p8YEwagNPQRuYJR2arURsPGg4bykenyqiZTExzg1UR48uQGVW3CAAqDtW516V7evUANhnMiCqEwnL
1999 Pokemon Base Set 1st Edition Beedrill #17 PSA 10,29094605,Diamond Pack,2026-06-22T15:20:51.208Z,2026-06-22,3559.848208,,,,,neither,,https://solscan.io/tx/3XJqBXdHxWHemyLpCggY4dtYg9AZFBZFx7qtgxrk4FRU3P2eLfhHPKDYeSNQ1r2G85GRtmLnGh4DyfT1J86x3zNd
2018 Pokemon Japanese Sun & Moon Promo Center Yokohama's Pikachu #280 PSA 10 GEM MINT,78812580,Black Pack,2026-06-23T13:17:36.675Z,2026-06-23,2434.056632,,2773.26376,false,,neither,,https://solscan.io/tx/2ujydxPPaPLY4964xNMHbw4F6i2w12i6Tr9jrBJnXht7x1nDb9PCAK6uEgroZCvUzNJvRGNMc5ah49SBG3vdTCY4
2018 Pokemon Sun and Moon Promo Munch A Retrospective Japanese Psyduck #286SMP PSA 9,126952817,Black Pack,2026-06-25T11:22:48.980Z,2026-06-25,2071.68212,,,,,neither,,https://solscan.io/tx/5xb82dbckzrJTHbi7wEJf4pYyyriszgHGc9nxbYhBfMsAuEecEctRD69PaxsKvwujYmQMXbUnNtpQ29AV7Jq5HJi
2026 Pokemon Mega Evolution Ascended Heroes Special Illustration Rare Pikachu Ex #276 PSA 10,158353814,Black Pack,2026-06-26T03:40:46.463Z,2026-06-26,2529.201411,,,,,neither,,https://solscan.io/tx/2UDhm9HuA1N6Pwj8jtkCD8k24sJQFe4JvqrqW3itty1kFV7BBEbSMo8Bfmu7c5DRVTqkK8SJkDmQ7KHHVaGJccTE
2018 Pokemon Japanese Sun & Moon Tag Bolt Full Art Gengar & Mimikyu GX #103 PSA 9 MINT,70996386,Black Pack,2026-06-26T12:41:51.836Z,2026-06-26,1408.129408,,1461.668645,false,,neither,,https://solscan.io/tx/3KKQPXaLuSYbTj7rfGbF6no5NKRpyuSgu3XpbtBk4k86LRz4bAqUaWTLWVUAZS5qXBy6uFRn7KsYSE88VjRwFBeu
1999 Pokemon Base Set 1st Edition Dragonair #18 PSA 10,42418118,Diamond Pack,2026-06-26T22:11:32.866Z,2026-06-26,5059.238485,,5193.011629,false,,neither,,https://solscan.io/tx/yX2fPSrnooQaSNzLMRFVMg81qgeHreVWS3h834ymgWLdNg1B9fJPp3cuStTTuEggoEshv4oqcEFxQUhvD2APWDc
2018 Pokemon Japanese Sun & Moon Tag Bolt Full Art Gengar & Mimikyu GX #103 PSA 9 MINT,70996386,Black Pack,2026-06-26T23:04:52.219Z,2026-06-26,1408.129408,1656.622834,1461.668645,false,1500,neither,43,https://solscan.io/tx/5P3ucetw7xgk8jgFmRMvEwpaxiT1EaLj6bk2cN8uZnHUnFzVMDWTJYAyYb2QPAzyjWsx8f917hQX7qUDPmRur3DU
2018 Pokemon Sun and Moon Promo Munch A Retrospective Japanese Psyduck #286SMP PSA 9,126952817,Black Pack,2026-06-27T06:46:57.329Z,2026-06-27,2071.68212,2437.273082,,,2600,neither,14,https://solscan.io/tx/4yeiRsrohrvBYQsWPrsPGPdV1MF6K4BzeMLcJ4nR4Jq7dK1GjogwxoNyLn3M9P8rwhSaB8WN8553HYzr1QFnAu5R
2006 Pokemon Ex Crystal Guardians Reverse Holo Charizard #4 BGS 9,0016921238,Diamond Pack,2026-07-02T20:04:07.194Z,2026-07-02,3470.63785,3470.637851,3697.677201,false,3350,neither,27,https://solscan.io/tx/5CS3cYrpaSL1dUFNUWSfjS2X17NHezYonkcq7QwenkEpu5kAMJvwcVBx9yMRH3LNVwprrrw47Ny2suCZNupTkFyh
1999 Pokemon Base Set Holo Charizard #4 PSA 9,79814820,Diamond Pack,2026-07-02T20:05:25.193Z,2026-07-02,3667.223455,3667.223455,3391.590222,false,3720,neither,20,https://solscan.io/tx/VYJXNMG4kuMrMBo8MwEX3aBYuTtEdTa4SD8U8zrqvFpeV59SJv7fZ8fDMnDGuor9NTdhmivmbWsFKYUBvTaY6uk
2005 Pokemon Ex Unseen Forces Holo Flareon #5 PSA 10,128834045,Diamond Pack,2026-07-02T20:10:39.464Z,2026-07-02,3342.710826,3342.710827,3342.710827,true,2722,neither,14,https://solscan.io/tx/9AVirBhH4wK249zgDpxR6GmRrZfANM4Db3tQwXY69tyPNiXxHfDHtmuwp8cYF28gb9WqAiakyXhczKCsvYpfCzS
1999 Pokemon Base Set Holo Charizard #4 PSA 9,79814820,Diamond Pack,2026-07-02T20:26:09.343Z,2026-07-02,3667.223455,3667.223455,3391.590222,false,3720,neither,1264,https://solscan.io/tx/4w6z9Ym2siMbCcVjfVJQkPDsp1PFGtudGF3dpoY8nfjkLnzYS98dPjpGRdJXyxZDXzRYt9yhdjV6VDW6xhzrKEFB
2000 Pokemon Team Rocket 1st Edition Holo Dark Machamp #10 PSA 10,46772698,Diamond Pack,2026-07-02T21:23:48.371Z,2026-07-02,3121.242103,3121.242103,3121.242103,true,4000,neither,133,https://solscan.io/tx/3veEot5rca8RBecwSpTYQ6i674kdZpaPvCK9EGKCmBxy1xdmTTmHuHmQRwkTSPfd1zXj6y94iixCCs3toxoNNTAx
2015 Pokemon XY and Break Promo Japanese the Archdjinni of the Rings Giveaway Hoopa #155 PSA 10,85219444,Black Pack,2026-07-02T21:53:49.117Z,2026-07-02,2321.351162,2523.207786,,,2320,neither,27,https://solscan.io/tx/4Xc4SjA7tjF9Jb8WXvWxkfbWbBvQiFf7JWc2vtcSk6f9SWFRtNpKE2h4XKF2pr8dFUuNZDBenLmRR5dyQjBTCpu8
2000 Pokemon Japanese Awakening Legends Holo Celebi #251 PSA 10 GEM MINT,27501815,Black Pack,2026-07-03T09:45:24.329Z,2026-07-03,1440.645716,1565.919257,1578.73218,false,1500,neither,19,https://solscan.io/tx/2bQBLCycKbMti524Kdxc7SYHs59ZhJSuTB75zo7jzKKvjZUg5HPecZVg7kZENZJCnTaQjwRmKjds5DqukSF6ctjB
1999 Pokemon Base Shadowless 1st Edition Thin Stamp Holo Hitmonchan #7 BGS 9.5 GEM MINT,0018063051,Diamond Pack,2026-07-03T19:32:06.296Z,2026-07-03,4684.070365,4684.070366,5238.509609,false,3851,neither,65,https://solscan.io/tx/2x8rL8PTkCivSwNmw9xYGELsaaFajKECpdpufSzg4Raz2KPoFPbizz2eiYvVqWWH5M3YQRFtDAQTKYDZkpuki91G
2000 Pokemon Team Rocket 1st Edition Holo Dark Machamp #10 PSA 10,46772698,Diamond Pack,2026-07-04T03:39:23.364Z,2026-07-04,3121.242103,3121.242103,3121.242103,true,4000,neither,41,https://solscan.io/tx/CW18doNL1SJkM6FZFHdygnYENTx53HpVTx5RTXY8qXCt4dfYSRxtxhSzsy6svn7PMH4mUYsRJeg4jMNVdqnEjrr
2016 Pokemon XY Fates Collide Full Art Alakazam EX #125 PSA 10 GEM MINT,100015256,Diamond Pack,2026-07-06T03:45:23.463Z,2026-07-06,4318.932439,4318.93244,4318.93244,true,4200,neither,15,https://solscan.io/tx/3K8YZchbv86Z9SzjJjcdo84i2wvdUBC6i5eyQdLHZ9tSxwNbYqzZkRjq2oxcQGLpiNdJEKNKASRDgyd73zRLRjDs
2018 Pokemon Sun and Moon Promo Munch A Retrospective Japanese Psyduck #286SMP PSA 9,155807572,Black Pack,2026-07-06T05:24:31.309Z,2026-07-06,2043.795028,,2122.631392,false,,neither,,https://solscan.io/tx/2MPfJV7VXBSMxs2pQa6kGGuGw9p71hvCA5ZvnMAMfs6eWvcNzha2wtrSCnmhgcw5zHsghsxNbEKkzuzsb6fc4xp2
2006 Pokemon Ex Crystal Guardians Reverse Holo Charizard #4 BGS 9,0016921238,Diamond Pack,2026-07-06T07:55:39.306Z,2026-07-06,3248.187927,3248.187927,3674.563993,false,3350,neither,20,https://solscan.io/tx/36CBPwXwkKrLjWFafKUxoW1rSvcau31Bqw7b7iyiUjxhvqnTNhTx1QKUgovKqo5Y5KiL8rxmuqzoX5Eh34hecXFU
1999 Pokemon Base Shadowless 1st Edition Thin Stamp Holo Hitmonchan #7 BGS 9.5 GEM MINT,0018063051,Diamond Pack,2026-07-06T17:29:15.863Z,2026-07-06,4776.7076,4776.7076,5228.876817,false,3851,neither,428,https://solscan.io/tx/QsFP4cvGnS2y55kNsfDvbwWE6KPD8u8mXqVae7F39RjoouZ91YTjyQ3wTQYeHhbPbGms73ZvLSKj26Ba8zK6Y4w
2018 Pokemon Sun and Moon Promo Munch A Retrospective Japanese Psyduck #286SMP PSA 9,155807572,Black Pack,2026-07-07T04:26:52.219Z,2026-07-07,2043.795028,2221.516335,2122.891513,false,2225,neither,34,https://solscan.io/tx/52WgzScDwpxAXgmRuFwNTB1EJ9LVRoGR4ePBiGWhaaC8z3GaYifnrNYxs4CfLtxc91eAnNaWm1soHgGxdRPkM2i4
2018 Pokemon Japanese Sun & Moon Promo Center Yokohama's Pikachu #280 PSA 10 GEM MINT,78812580,Black Pack,2026-07-07T12:33:31.891Z,2026-07-07,2149.731904,2336.665114,2467.471945,false,1825,neither,14,https://solscan.io/tx/41sDVwibDjvo37Kf3XCuH7cfgZMtXjJsZhN7rp29fW9GwcTqVQonSVNy5aWnYbDFGqMKJdFQdjFgiabHGe7WJ4jW
2016 Pokemon XY Fates Collide Full Art Alakazam EX #125 PSA 10 GEM MINT,100015256,Diamond Pack,2026-07-07T22:21:35.270Z,2026-07-07,4318.932439,4318.93244,4318.93244,true,4200,neither,31,https://solscan.io/tx/4Ksi5siBNVojawtM3JeZvCuzz7EQ5cbEBzRtEJXEVg56LGFUA63AkwFN4ocKT2PJLZm1ZYNc6SeyznVJzieLMetG
2017 Pokemon XY Black Star Promo Premium Trainer Full Art Yveltal EX #XY150a PSA 10 GEM MINT,41932569,Diamond Pack,2026-07-07T23:14:25.778Z,2026-07-07,6428.204016,6428.204016,6428.204016,true,6750,neither,31,https://solscan.io/tx/46u7bKZG6pWbPM2p6mke3MXwxZ7HsJUBaCJaSKn1nWVXndCgbrxy1yCWAEBdh5AhWqBVYcp8EbNvdrtd7hdZ9D8A
1999 Pokemon Base Set 1st Edition Kadabra #32 PSA 10,27931951,Diamond Pack,2026-07-07T23:15:11.162Z,2026-07-07,3630.401038,3630.401039,3449.770091,false,3370,neither,33,https://solscan.io/tx/4DDhsETtcDou8sx8A9tJKFdQDbLHVeYx4NSYRMgZwH9ckj8U7Qk15NXm3G8tsiaDH6smoetzjG3KKmmWZ6GqPFuu
1999 Pokemon Base Set 1st Edition Kadabra #32 PSA 10,27931951,Diamond Pack,2026-07-07T23:24:18.530Z,2026-07-07,3630.401038,3630.401039,3449.770091,false,3370,neither,14,https://solscan.io/tx/3djnrKiWS1gs43aJkd5U9ACiFQ41hnQTRfj6N8tsTGZkokgbwH6F8u5yNvqERQuU6izPSQjDrML9nJ44Ceq6UQj3
2003 Pokemon Skyridge Holo Vaporeon #H31 PSA 8 NM-MT,47638532,Black Pack,2026-07-08T03:10:01.143Z,2026-07-08,1416.776948,1539.974944,1503.44259,false,1576,neither,34,https://solscan.io/tx/3fZsERa457B4taVNRPb5YDK3yguPsjfXe4fmTrpMdLU79ijD7FZQp2oPgAtggU6tpVFkZKYk3pA7oB6qWc5DAtui
1999 Pokemon Jungle 1st Edition Holo Venomoth #13 PSA 10,27489323,Diamond Pack,2026-07-09T01:28:03.490Z,2026-07-09,6169.65408,6169.65408,4300.891651,false,4469,over_110_both,106,https://solscan.io/tx/4VBSw3mM9nSARMNpNTvxPjSVGJkHHCtGfJ1cUhAa7p7zvS7vQqEoXGm3pP633EzhGX4VQaBQ9T1UJc4XVfEC1FMt
1999 Pokemon Jungle 1st Edition Holo Vileplume #15 PSA 10,30309830,Diamond Pack,2026-07-09T01:31:10.363Z,2026-07-09,3430.122178,3430.122178,2778.932474,false,2224,over_110_both,174,https://solscan.io/tx/4qV61Rkv3YY8W3MtkQd45cNBfn9ddDAFUQUiR2G3eV5DKC5dovv4sKbRpSz8sfTGG6US9QwWy9ix5aKetckhnTk2
1999 Pokemon Fossil 1st Edition Holo Kabutops #9 PSA 10,27764427,Diamond Pack,2026-07-09T01:33:44.857Z,2026-07-09,3600.172019,3600.17202,3579.459356,false,3480,neither,13,https://solscan.io/tx/eorfw3p4cimN7agXEFWB6Efvmnraco7dxvkzCwCiQYBNWuCFM6Fx3ziP1aKGgqLTNRPCUxshZd6YDRuu9YMwcgv
1999 Pokemon Fossil 1st Edition Holo Kabutops #9 PSA 10,27764427,Diamond Pack,2026-07-10T01:57:30.609Z,2026-07-10,3453.5174,3453.517401,3591.899695,false,3146.4,neither,28,https://solscan.io/tx/4CGQV7TL8VsTLAvthtHLtShfY6HQ4UHqrRAtaL6kcrcHQrPFq8uwZZGW437RHMFozLr8r1jwBgKseEM8u6f89o4x
2021 Pokemon Sword and Shield Fusion Strike Secret Rare Gengar Vmax #271 CGC 10,1401023537003,Black Pack,2026-07-10T04:05:40.616Z,2026-07-10,1380.4876,,1340.889302,false,,neither,,https://solscan.io/tx/5XJQaW5quQtQNEcxeEvPjCWPfGp9yLDK2qPmXRgKTtvttfjuKW7B7ETEvYGqPXnotJhuwvobvNTpBJreAiMf4G4h
2002 Pokemon Legendary Collection Reverse Holo Dark Slowbro #8 PSA 10 GEM MINT,28256403,Diamond Pack,2026-07-10T04:41:29.686Z,2026-07-10,6703.161301,,7202.779377,false,,neither,,https://solscan.io/tx/3diLwsfCkwC39vcoZt5wZUzutL4XFSFd4J8AXJrSDcpfk3bKjMFZtvqbWWDUcVSZpWBfP3cT12KMd7v52SX5oFYM
1999 Pokemon Jungle 1st Edition Holo Victreebel #14 PSA 10,42755729,Diamond Pack,2026-07-10T07:49:46.437Z,2026-07-10,4354.209695,4354.209695,4254.795794,false,4581,neither,22,https://solscan.io/tx/82QbZ7YNqtxxeehTLGdtTcERLDVyEGVWxxJpZvSBSRRkqwWzsYt9jCnWgf5p44rjiNrrLdT5UovawCc19oQchpZ
1999 Pokemon Base Set 1st Edition Dragonair #18 PSA 10,42418118,Diamond Pack,2026-07-10T14:48:55.259Z,2026-07-10,5394.419108,5394.419108,5047.710378,false,5039,neither,28,https://solscan.io/tx/qNFUjwak85qKLCY5VMpdznPoGSbURFWcUqABopLB2hN9hQprjUUJ6wJ9NJ3erKM9YHjje14VaCRaq4gzvvCnHmt
2002 Pokemon Legendary Collection Reverse Holo Dark Slowbro #8 PSA 10 GEM MINT,28256403,Diamond Pack,2026-07-10T14:51:21.342Z,2026-07-10,6703.161301,6703.161301,7202.779377,false,5579,neither,45,https://solscan.io/tx/5J3DmkgXK2zCZvGvsxEtezB29BuyjKqATLdaZqgQRFpASLQDrjcDJziPFV95LpJygKr9QrrW7Z41UoCrXTnrVR3W
1999 Pokemon Base Set 1st Edition Super Energy Removal #79 PSA 10,21277012,Diamond Pack,2026-07-10T14:56:15.383Z,2026-07-10,3819.616869,3819.61687,3651.99216,false,4265,neither,22,https://solscan.io/tx/4FYh1hbz36KfeQ7t6Pv9hVRpPSPGDuTagbtRuNDUAoSUQ3Jv6Tx5ia4VqvM1kZhXMLYZa5e8dM8mPUoDqP5infvQ
2019 Pokemon Sun and Moon Team Up Gengar/Mimikyu Gx #165 PSA 9,156018873,Black Pack,2026-07-10T15:16:58.578Z,2026-07-10,2206.811,2398.707609,2382.483878,false,2763,neither,25,https://solscan.io/tx/3xToG2AjdzR78Jqv9RHAt6RvvG5EhrTX3aarDhwhsrbWTFtPSZX5Svoyhc3gXdd45gsLCqknjxDY8JEviJMj6ERU
1999 Pokemon Base Set 1st Edition Bulbasaur #44 PSA 10,27412620,Diamond Pack,2026-07-10T18:59:57.394Z,2026-07-10,5420.565346,,6117.125024,false,,neither,,https://solscan.io/tx/2brrdxpbbvRgwGw3XZ9aJU2u4XYs6rN8LixUSx1Q8jBdfpuYEsCZQU6HnnamG2Aiuv6pYqM1jDJKgoKdGz5e9Lk
1999 Pokemon Base Set Shadowless 1st Edition Holo Chansey #3 PSA 8 NM-MT,44769882,Black Pack,2026-07-10T21:48:39.207Z,2026-07-10,1432.870408,,1234.242888,false,,neither,,https://solscan.io/tx/58TADFbk6t2WSWFzB5du756GkFsagPE4XURhr4MwQbr5kVHVxNq8aXibF1hYDrr9T1rCY3AoXDVeRrMCacGRwM8B
1999 Pokemon Wizards of the Coast Black Star Promo First Movie Mewtwo Strikes Back Pikachu #4 PSA 10,48559159,Black Pack,2026-07-11T02:35:58.628Z,2026-07-11,1471.573956,,1599.53691,true,,neither,,https://solscan.io/tx/374NLdpNrhUdKdeZqxm9JTgWByfescMr5uaA3BL9JrBCY5ogtY7DmsKTZb5zM37tCoMeYVYKSXUnZWDGdSJcXfgQ
1999 Pokemon Fossil 1st Edition Holo Aerodactyl #1 PSA 10,27665526,Diamond Pack,2026-07-11T02:41:29.928Z,2026-07-11,5009.934715,,4992.120639,false,,neither,,https://solscan.io/tx/32FiNubq8McyGRvjP6qUcV4YR654tRd1T9uvwJ4RDYYkCB8o9Mc3Cmn6GsYE6Td86DWrLiZz6evUBFsVhYt5f1n5
1999 Pokemon Base Set 1st Edition Super Energy Removal #79 PSA 10,21277012,Diamond Pack,2026-07-11T02:42:10.869Z,2026-07-11,3819.616869,3819.61687,3606.276149,false,4265,neither,19,https://solscan.io/tx/3iy1xCSNakGtRhQ4hpkWzJ82JpbARcf26cigdWyXN3owTLF43sfKneVQoWuDRDaPiZr9zojW2sKSFhNUFhq8UhD1
1999 Pokemon Jungle 1st Edition Holo Victreebel #14 PSA 10,42755729,Diamond Pack,2026-07-11T15:13:25.902Z,2026-07-11,4354.209695,4354.209695,4252.259764,false,4578,neither,12,https://solscan.io/tx/3JigFj3qm6UkcJChoRNdDPjZyGQah7481WUMvksdaXFTFybaiTfDwSTGDJ9MGmP1TYp3s7pLHRRvZhnKssUBQvm5
1999 Pokemon Base Set Holo Raichu #14 PSA 10 GEM MINT,40944219,Diamond Pack,2026-07-11T15:13:42.857Z,2026-07-11,3022.3018,3022.301801,3223.26279,false,2599.99,neither,12,https://solscan.io/tx/3fCvdeWdAFWgT1LxwFarFwGB9bRphECqn8DJfcHFwXnUZbV6Gx7vFKYNdK4GAjVhSJDHjifYyqVDpNHnLMwoJxM1
2000 Pokemon Gym Heroes 1st Edition Holo Sabrina's Gengar #14 PSA 9 MINT,114015442,Diamond Pack,2026-07-11T22:52:30.052Z,2026-07-11,3302.454685,3302.454685,3211.817924,false,3300,neither,24,https://solscan.io/tx/4fhgXNrNqaWWduFmQSftuLxcmEeub8jb9ANJLp79raH1oy4Ne2g48trmUeDWtsohcrVFwCe7ZWMboQmejUaYEXVX
2003 Pokemon Ex Ruby and Sapphire Holo Mewtwo Ex #101 CGC 10,1401028129002,Black Pack,2026-07-12T17:37:22.377Z,2026-07-12,3356.3348,3648.19,2922.833772,false,2828,over_110_both,21,https://solscan.io/tx/5Vn8EtJGzTtb5Lj1voUKvoQNvXMSstRsaZBpbScbQZaupmdnNymSi4UwxHPjik8njRFUSwMgVsiJwBYJJhQLUjbd
1999 Pokemon Base Set Shadowless 1st Edition Holo Chansey #3 PSA 8 NM-MT,44769882,Black Pack,2026-07-12T17:38:01.620Z,2026-07-12,1432.870408,1557.467835,1235.482406,false,1175,over_110_both,30,https://solscan.io/tx/42tHc5c7baX4YWsUdVGu8DBWvym5FoYbMrxoB5xhdPzKXTdwmj1YxQZnLowwNPixi5oUUrNcuhpkyLNhSySok5jz
1999 Pokemon Base Set Holo Raichu #14 PSA 10 GEM MINT,40944219,Diamond Pack,2026-07-12T17:42:34.503Z,2026-07-12,3022.3018,3022.301801,3297.932869,false,2599.99,neither,17,https://solscan.io/tx/2RTWbBDy6XHWp1FBkAeF1BnHbCBrM8sjZYVfoAoxuVx68HK7tf9rTYdChSFQu6fYi7Cv4g3W9aFZ5EV9V9kxoLNU
2000 Pokemon Japanese Awakening Legends Holo Celebi #251 PSA 10 GEM MINT,27501815,Black Pack,2026-07-12T22:30:41.968Z,2026-07-12,1434.91184,1559.686784,1559.686784,true,1500,neither,26,https://solscan.io/tx/3z5rJiiiX4Y4mFZxuhVoYxsrCxjKQ3VKhfhUBxmjLaLoQySPh3vX5JZqLwZmU2azQasD5KJDoLP5eYve9i7roJG5
2019 Pokemon Sun and Moon Limited Collection Master Battle Set Japanese Pikachu #400 PSA 10,119564618,Diamond Pack,2026-07-13T03:16:51.388Z,2026-07-13,4168.327414,4168.327415,4168.327415,true,4798.26,neither,16,https://solscan.io/tx/3rdKuN4FJnw7nacoM9uYm4uef2XvpvRCum8mqyS1Vto5kdCAqKDvu4acgdqddMUzMGRG1upSuP6W6eLDRLPCpKgW
2017 Pokemon XY Black Star Promo Premium Trainer Full Art Yveltal EX #XY150a PSA 10 GEM MINT,41932569,Diamond Pack,2026-07-13T03:23:12.657Z,2026-07-13,6428.204016,6428.204016,6428.204016,true,6750,neither,8,https://solscan.io/tx/5VeFhTZS6uMyLmBfNz8cdMX2m7kynAKzXzHjSgsvqWrXyYgeuWd9sckFAf8ipCrBmD96jyrQZJCAEf5782n7byCV
2006 Pokemon EX Holon Phantoms Holo Gyarados Gold Star #102 BGS 8 NM-MT,0018243575,Diamond Pack,2026-07-13T03:27:40.325Z,2026-07-13,5538.224968,5538.224969,5538.224969,true,6300,neither,12,https://solscan.io/tx/4JcLcju87oXX3KDLiF3RuSWa3FkPVWy1HFso8HpxVa8EvvEKEDfitPGf81JNVautgtrMqKvSsDsmiF95F6CfhQmT
2004 Pokemon Japanese Clash Of The Blue Sky Holo Latios Gold Star #66 PSA 9 MINT,52654830,Diamond Pack,2026-07-13T03:27:51.991Z,2026-07-13,6183.446548,6183.446549,5996.338799,false,6984,neither,10,https://solscan.io/tx/2QXo3yrgBc8yd6gFbRhFDKtkZBYfq7sWmH32oYCCZPxCv2tV6oN9VzzDbyxcNDR5GMgHVMLoL3GDoUWXZ2fzHUUA
1999 Pokemon Base Set 1st Edition Holo Raichu #14 CGC 10,6012895067,Diamond Pack,2026-07-13T03:28:06.163Z,2026-07-13,6449.71,6449.71,5566.625069,false,6342,neither,10,https://solscan.io/tx/5NXxmNw89KWEC4jmTJDTJAJufwq3Z1h9PoK97h6nAdPCn3y5sSe9Tzae7PT3UkVmkxcGPqC7ijwHYooE3bbPErTS
2003 Pokemon Ex Ruby and Sapphire Holo Mewtwo Ex #101 CGC 10,1401028129002,Diamond Pack,2026-07-13T03:30:06.138Z,2026-07-13,3648.19,3648.19,2955.6962,false,2828,over_110_both,6,https://solscan.io/tx/dhFpTDd6AtQS5JTkfMq7dVfnYBSy6obyYL9MoeCgbCqE74oNKWtbWdKnACdGp3FjubTkLUAQXWGTxDDoWqa4G5y
1999 Pokemon Base Set 1st Edition Ivysaur #30 PSA 10,42127295,Black Pack,2026-07-13T15:48:35.381Z,2026-07-13,2216.308385,2409.030854,2409.030854,true,2025,neither,12,https://solscan.io/tx/4ir5kMh97zqYamqFwFXTT1hCXxokCD191S8cT2ssE1ToXin3KNDsrC8dFjZfUqyLhdS5QJon1qMEnEg5ypxZZZLY
1998 Pokemon Game Boy Promo Japanese Holo Dragonite #149 PSA 10,155012902,Diamond Pack,2026-07-13T23:35:32.588Z,2026-07-13,3289.223854,3289.223855,,,3160,neither,1269,https://solscan.io/tx/2HoBBtSjwbrVMoPhMiRZ9tMnxLGQvoG8BLcPL1xmqkFKP3dYgHmcsWX5M47sWdE6NUGpkpGW9ZmYmH2tiikXgvJY
1999 Pokemon Base Set 1st Edition Bulbasaur #44 PSA 10,27412620,Diamond Pack,2026-07-14T00:00:48.987Z,2026-07-14,5420.565346,,5971.1169,false,,neither,,https://solscan.io/tx/4VKTDueGU9fUqm67iQ1XxeHFYzxvfgCTK93wppmUexc2Wv4ZhSQMeMt2eUpvwMD6H7oUppjFRwYRRejzW9kKjjET
1999 Pokemon Jungle 1st Edition Holo Nidoqueen #7 PSA 10,27502635,Diamond Pack,2026-07-14T00:32:48.845Z,2026-07-14,4825.650502,4825.650503,4628.757775,false,4050,neither,27,https://solscan.io/tx/3wPaZXc6KTmH1UaP3xRHzFvKJsdcTLXLDMoMahdYyLX52oA6WWjQ9SCsSLH3cuHmzKrU2XytamAmiJMuD26gaxQb
1998 Pokemon Kuchiba City Gym Deck Japanese Level 15 Lt. Surge's Pikachu #025 PSA 10,141133640,Black Pack,2026-07-14T02:19:53.973Z,2026-07-14,1930.323267,2098.177464,2058.518881,false,2699.99,neither,12,https://solscan.io/tx/4XFXf3PZnbhN5VMXxsNEPm5EyCrUYU3JSGfmKAvAQ4N5bvf3DaNdTJ8Pgz5xS7Yfmds9pMpM57ZeZrdvU6Ba6kvW
2005 Pokemon Play Promo Japanese Holo _____'s Kyogre #019 PSA 10,41109332,Black Pack,2026-07-14T02:21:32.168Z,2026-07-14,1655.851398,1799.838477,1528.135019,false,1644,neither,11,https://solscan.io/tx/35ygJ2Tum56bUxdFDzg4KqBhbSGHapDSCpD7THpUcaxDue2mSTZrPTRTtBxJNyoEHHkUJaMcvP12bdcYMYNaBAFS
1999 Pokemon Jungle 1st Edition Holo Nidoqueen #7 PSA 10,27502635,Black Pack,2026-07-14T02:22:21.650Z,2026-07-14,4439.598462,4825.650503,4628.757775,false,4050,neither,13,https://solscan.io/tx/5ThMLKLAj3KNuTqRT7TEVQKu4BtuaMWFufdT8rAfszGigRYQcdzJcCgE5YmwVfwQp93Ko7a3yKqbyaoa6pqdrHot
1998 Pokemon Promo Japanese White Star 2nd Anniversary Pikachu Birthday #025 PSA 10,05386295,Diamond Pack,2026-07-14T03:16:27.669Z,2026-07-14,9450.966233,,8855.846571,false,,neither,,https://solscan.io/tx/2HHmKTHAjmhivNvj2g8ATXECWKALC4sigoB4Anxz1PECH6WcC9s6Z55ZP3CGLbaco4NH7wRJHv23Lw9YvT6LmMgs
2019 Pokemon Sun and Moon Limited Collection Master Battle Set Japanese Pikachu #400 PSA 10,119564618,Diamond Pack,2026-07-14T03:16:59.515Z,2026-07-14,4168.327414,,4168.327415,true,,neither,,https://solscan.io/tx/5pbNTaxr94zbJCV5eyE48TaJ3nsZRoiizUDWs7Bm3mXhGG31CiRmo1nXB21gf25EoBjoTzpGMdZNRRiGPJxZjcT
2000 Pokemon Neo Genesis 1st Edition Holo Lugia #9 PSA 8 NM-MT,151931587,Diamond Pack,2026-07-15T04:48:45.407Z,2026-07-15,4888.771306,4888.771307,5026.988593,false,5399,neither,7,https://solscan.io/tx/3b6zRLDgzACvpJ4uW9cs2UcdTq3THATEzGpsoRDX49yp7tNa5sL9ypHNJeN2usxBv9AxKftN7qwXHickR7DwYaEw
2000 Pokemon Gym Heroes 1st Edition Holo Sabrina's Gengar #14 PSA 9 MINT,114015442,Diamond Pack,2026-07-15T04:48:58.877Z,2026-07-15,3354.871047,3354.871048,3208.779246,false,3300,neither,7,https://solscan.io/tx/3romYX5nTvERBvmztUe3CwpadqcNiHyydx9rrjYPoeWBmVtS85Zdne5ZsoHR2wRtAhcpXupGfhSkD77mtjXk2uPe
2002 Pokemon Legendary Collection Reverse Holo Psyduck #88 BGS 9 MINT,0018749101,Black Pack,2026-07-15T16:11:08.117Z,2026-07-15,1463.294165,1590.537136,1831.060402,false,1383,neither,584,https://solscan.io/tx/5qUrVbikJaeZQH1Ek7Jz3YAEcwAiu8GcQdxTnSPf9wwq8pLX7MbfuFayio4uqWh9TQsCazgxcwwEMqqB3ZTjEHDd
2022 Pokemon Sword and Shield Lost Abyss Japanese Giratina V #111 PSA 10,68269813,Black Pack,2026-07-15T23:24:03.627Z,2026-07-15,2014.118208,2189.258922,1970.434619,false,2100,neither,10,https://solscan.io/tx/wv1Wcvh63361mj72jbC6ipwA6PKM5XDuKGJdJwcT6FtT7oYH7EqfvBKG3tuCnqwxQaGAaHmNNiEubZP1zrUPWXZ
2025 Pokemon Scarlet and Violet Destined Rivals Special Illustration Rare Team Rocket's Mewtwo Ex #231 BGS 10,0018874521,Black Pack,2026-07-15T23:25:03.987Z,2026-07-15,1650.426216,1793.941539,1706.443503,false,1850,neither,13,https://solscan.io/tx/GQx5WvaYTaS1y9XWDbNwwk7Ms4i6nGXwYeRwXSdUjh1jYwywNfsfXrwbfeAPzSGtQUkLkUJUkj2bwfFj8YVZSp4
2001 Pokemon Corocoro Comics Promo Japanese Holo Shining Mew #151 PSA 8,154053482,Black Pack,2026-07-16T14:55:31.558Z,2026-07-16,2289.85664,2488.974609,2488.974609,true,2258,neither,11,https://solscan.io/tx/3PGvAuRdcWfdyEu5AgwKDJWAmr8DNU5xdSaea93wgLirhyCFftbsiJmRhzo5QuQBJFpEr76NSHdMDhuKsQNZdR1m
2006 Pokemon EX Holon Phantoms Holo Gyarados Gold Star #102 BGS 8 NM-MT,0018243575,Diamond Pack,2026-07-16T20:29:47.824Z,2026-07-16,6792.188324,6792.188325,5538.224969,true,6245,neither,106,https://solscan.io/tx/4xFyrP64fiS7w8tuXqfb9RNJF2hrshXKBenxG8A1WYZsCLiDRLMFVVLAwtmzEmJJqT4NfUTvcBN16XkfjLwApbkS
1999 Pokemon Base Set 1st Edition Holo Raichu #14 CGC 10,6012895067,Diamond Pack,2026-07-16T22:07:56.811Z,2026-07-16,6501.483264,6501.483264,5577.227028,false,6318,neither,23,https://solscan.io/tx/2ajSz2VSwWxw7tmiTi5nKh2w4D6FHPe2XetzMPft68hjUusr12Ywz4ZP4zHGZ8S5VvoXuXTpBV1eRCaMWGtSxNkF
1998 Pokemon Kuchiba City Gym Deck Japanese Level 15 Lt. Surge's Pikachu #025 PSA 10,141133640,Black Pack,2026-07-16T22:11:10.757Z,2026-07-16,1930.323267,2098.177464,2028.837929,false,2699.99,neither,17,https://solscan.io/tx/4gAhqycNZdwDsmwH1K4ZsmKEacXTmJx4WH9VyxGzqAm2iCQfPGn6tycXAhP5yFfdmzQhFHKbq5DfLEvGtx7nh1E5
1998 Pokemon Game Boy Promo Japanese Holo Dragonite #149 PSA 10,155012902,Black Pack,2026-07-16T22:11:57.218Z,2026-07-16,2916.138227,3169.715465,,,3435,neither,20,https://solscan.io/tx/4f5GpzZVcwqxmRvDBBHZd5Cot5LAfmuQdBJjen3bDWeYfyUWd6JNhY8NewE9RPuMuDeUCKSRV9rZCCGpzmTEZqMr
2000 Pokemon Neo Genesis 1st Edition Holo Lugia #9 PSA 8,146850369,Diamond Pack,2026-07-17T02:04:15.933Z,2026-07-17,4888.771306,4888.771307,5064.480726,false,4800,neither,19,https://solscan.io/tx/H7z5LFF4LkVcFNddKTTE9d9SHZceA3UX8dQDYNWp4trowVffgp2oyhMaUGvcxWGAUZDUmEq2CWuYZKzhPRrA6dn
2026 Pokemon Mega Evolution Ascended Heroes Special Illustration Rare Mega Gengar Ex #284 PSA 10,160656178,Black Pack,2026-07-17T02:09:10.201Z,2026-07-17,2199.665971,2390.941273,2246.098121,false,2699.99,neither,15,https://solscan.io/tx/5kCxEBxSGq1TYkEY2r1fcBqXk5HG4rjZaDxF3b2BjkqN5DMssEn7LF5v7ofCmZ4pSRpBjyE61F3kTedSvMSRgVV7
2019 Pokemon Sun and Moon Team Up Gengar/Mimikyu Gx #165 PSA 9,156018873,Black Pack,2026-07-17T03:54:07.012Z,2026-07-17,2106.068858,,2427.173618,false,,neither,,https://solscan.io/tx/3DVT7JFVoSrT5Bo4FQGYcWLGTy7eP67QxQCt36JHn14j2xMVA1wVuz6xxScy1iCSeKZi76SPpjL6autjckw1dGrz
2016 Pokemon XY Promo Special Box Japanese Holo Luigi Pikachu #295 PSA 10,162733587,Black Pack,2026-07-17T04:25:54.045Z,2026-07-17,6183.331924,,6738.268963,false,,neither,,https://solscan.io/tx/Qh7XimQnQAqVXZWK794TZWHJD6WvKM93iEyqsL1pw5Pd6w8wU6s9Fr4wo3uA6haViCemPwssYv8UtDZarCWQ5GB
2006 Pokemon EX Crystal Guardians Holo Alakazam Gold Star #99 PSA 8 NM-MT,25168316,Diamond Pack,2026-07-17T05:53:33.497Z,2026-07-17,3169.398707,3169.398708,3169.398708,true,3850,neither,11,https://solscan.io/tx/2J3uUtkwFDnkUJFT24B1da87xqieTnSYyUbq4cM6SkyoU2BLsyZBDNDYHsLhe29q6EH2S1x7cpD39NQQmdQWYT2U
2019 Pokemon Sun and Moon Black Star Promo Pikachu/Eevee Gx Special Collection Eevee Gx #SM233 PSA 10,62005704,Diamond Pack,2026-07-17T07:02:51.343Z,2026-07-17,4306.597152,4306.597153,4438.554318,true,5471,neither,10,https://solscan.io/tx/ej2UfofXdjKdPuSpDP9kTrDSHfBv8T2CByrDvPpZiyfsqeiaFEYRNNePQTBBkKF2J6pU2fxota6vXJB9CaHRt8X
2002 Pokemon Expedition Holo Machamp #16 PSA 10,89136375,Diamond Pack,2026-07-17T07:03:07.231Z,2026-07-17,3072.090943,3072.090944,2941.071747,false,2457.6,neither,10,https://solscan.io/tx/5hDcew12DW3aCqB1ZZuMkEQwa35aXicSDNBbLmm2wPbQVDUw6qzU4QJezK86HLQsE4kb44zMQ6SAHqf3GdGb2Se1
2026 Pokemon Mega Evolution Ascended Heroes Mega Hyper Rare Mega Charizard Y Ex #294 PSA 10,158855153,Black Pack,2026-07-17T08:28:07.388Z,2026-07-17,2262.122283,2458.828569,2438.180674,false,2198,neither,50,https://solscan.io/tx/jrRjTbJXj9o6T5JFiv2bmQHCe3e9QucwK6Ldk2iSRf5LsZvyp8s4EAtRecuqeT2wwGtcpsVQ7MB9yxd16HAS3mA
1999 Pokemon Base Set 1st Edition Holo Blastoise #2 PSA 8,22059862,Diamond Pack,2026-07-17T16:35:46.212Z,2026-07-17,4555.453614,4555.453615,4939.148313,false,5200,neither,11,https://solscan.io/tx/Nb2tvT7Lu8eCs8AufWtzamuNx7Z6uhiZMkCnm9yKXbaKVvw4AtGbK39yE6YytQkpHXTkKQ8tWtqRVKvRD2KPJ32
1998 Pokemon Vending Series 3 Japanese Ooyama's Pikachu #025 PSA 9,83673034,Black Pack,2026-07-18T06:07:01.107Z,2026-07-18,2307.7096,2508.38,,,2276.01,neither,249,https://solscan.io/tx/4Udk5U4jk8P6vccsMs8EZnttjzzYCibdtBW9FQrPdhSpuziwgY42Kw9rA5CPdLhSNbsZwuRmyubhbNoUbhuZRKYv
1999 POKEMON GAME | 1ST EDITION #6 GYARADOS-HOLO PSA 8,77805528,Black Pack,2026-07-18T06:10:43.026Z,2026-07-18,1973.725822,2145.354155,2229.678026,false,2128,neither,16,https://solscan.io/tx/hYtMuS3qG2K2HT9cgTyRuZr24JpPG9aLSvqfY7Szn2qBHTTmrVncDqYHSYrwLVLYPsTfcr1xzH2jeq2kLqiFLZV
2016 Pokemon XY Promo Special Box Japanese Holo Luigi Pikachu #295 PSA 10,162733587,Diamond Pack,2026-07-18T13:03:23.198Z,2026-07-18,7069.877041,7069.877042,6704.399806,false,6300,neither,41,https://solscan.io/tx/RVSg2LR83BhPphyzBY2pPKtU7rxeN3xXGs8Qu4R5dtg2WoRZHgwBF6Y3uWZRxPoCXxgrteNoQyVHcp1dE9fs2eS
2002 Pokemon Expedition Holo Machamp #16 PSA 10,89136375,Diamond Pack,2026-07-18T13:04:04.934Z,2026-07-18,3072.090943,3072.090944,2959.864904,false,2457.6,neither,19,https://solscan.io/tx/2vDkUu31Mzf5W5c8rygPbGoBEQC2hvVNYzVh1PhnRHymfRjDruTTSetC3XXdH1V514BCKVSYowkwqx6ZsXzgtu6L
1997 Pokemon Rocket Gang Japanese Holo Dark Charizard #6 PSA 10,153843195,Diamond Pack,2026-07-18T13:05:01.153Z,2026-07-18,4910.575284,4910.575284,4910.575284,true,3553.2,neither,20,https://solscan.io/tx/2jr4x1goYUHnxDkamRnsVzxu6W51jYzyMcNdLCG37TNtY6QjE5XrM2ZDntZy9oEboAAQe45TXcsrWbSEXXcBWy8F
2003 Pokemon Skyridge Holo Raichu #H25 PSA 10,28994765,Diamond Pack,2026-07-19T03:15:30.607Z,2026-07-19,5907.766562,,6928.714417,false,,neither,,https://solscan.io/tx/3zadm6ER5ckQiMf2ZmqFyCWhSzqxMCicP9Pe89EVWvjKDBaj6X2FGqYWetaAEoCkn4JLPgTf3YZdzAqUcbXQp2V8
1997 Pokemon Rocket Gang Japanese Holo Dark Charizard #6 PSA 10,153843195,Diamond Pack,2026-07-19T13:06:50.328Z,2026-07-19,4910.575284,4910.575284,4910.575284,true,3553.2,neither,26,https://solscan.io/tx/5AJipqbVyZHgpJAFCfuQxaUX3nAd3zLimKF12u1zi2iAuCfh7HB2VEdpLgKEsqMEwok3SmYTviwLe5uVHVhrfAMw
2026 Pokemon Mega Evolution Ascended Heroes Special Illustration Rare Mega Gengar Ex #284 PSA 10,159945977,Black Pack,2026-07-21T02:09:12.649Z,2026-07-21,2122.875905,2307.47381,2111.392776,false,2100,neither,111,https://solscan.io/tx/3ewXXF3znKGcdcSeDkewbmFQkEBndXBbnKqbHvZECAoavK6YFsJmYmkfv1v3NBhej1TZL4PNFvywBUpa8RiLxqFz
2005 Pokemon Play Promo Japanese Holo _____'s Kyogre #019 PSA 10,41109332,Black Pack,2026-07-21T12:49:58.897Z,2026-07-21,1398.007576,1519.573453,1460.521454,false,1525,neither,125,https://solscan.io/tx/56Cn4Wnqp42qn1JpPfen4SEeuiPTxaWXcpMkp41CzaJ3R7vQn42kwsHNWJWyJZCjuztN74K6LySHnk9YTy4mc3aj
1999 POKEMON GAME | 1ST EDITION #6 GYARADOS-HOLO PSA 8,77805528,Black Pack,2026-07-22T04:09:17.927Z,2026-07-22,1973.725822,2145.354155,2239.745739,false,2130,neither,1749,https://solscan.io/tx/5YW4fUy8LVwB6b8EExEVhgPSXX4uUNSEnGmupqApwKi4PiZn1vhKoaU6DL3Cmd9REs6nuyLFNmCdejphLDeTqjiG
2000 Pokemon Neo Genesis 1st Edition Holo Lugia #9 PSA 8,146850369,Diamond Pack,2026-07-22T05:17:16.153Z,2026-07-22,4888.771306,4888.771307,5195.252597,false,4800,neither,23,https://solscan.io/tx/34o52kh3VnpGFiPVHo3x9GnLXg7FUERm9GFnsH5vEU5JDWJLcifUBhdx3SGspXhLA4V2Yzy7GcWwtgVFpMCjgfoo
2000 Pokemon Gym Challenge 1st Edition Sabrina's Gengar #29 CGC 10 GEM MINT,6039273230,Black Pack,2026-07-22T19:47:49.494Z,2026-07-22,1954.475858,2124.430281,2205.980351,true,1616,neither,43,https://solscan.io/tx/3Lkrx4n8TedrqGekSm3Uy2g9kmmx4RGXqnVNJZKbtWpDZbcRJKbTJw6WrCvSyT6zkNETB29czhBVQw1Fa1JUwR76
2026 Pokemon Mega Evolution Ascended Heroes Special Illustration Rare Mega Gengar Ex #284 PSA 10,160656178,Black Pack,2026-07-23T16:39:38.859Z,2026-07-23,2122.875905,2307.47381,2219.293426,false,2225,neither,18,https://solscan.io/tx/41ajZ1jx1gQvAB5BdMKKj76UgmXiG8baywqQTfSZ5cZS3HFyEqvCxSEnGhDSMsd1Y363J5QfeguAY7vhroD9XfTX
2017 Pokemon the Best of XY Japanese Reverse Holo Lugia #102 PSA 10,151046044,Black Pack,2026-07-24T02:03:06.210Z,2026-07-24,1600.109129,1739.249054,1309.04166,false,1325,over_110_both,91,https://solscan.io/tx/2iZsM6q3rcQq22WwmKCrVmUWxN8esrqAGXv183swQ7hEqBU2EV8vnuk9Yan73EAmnXhskF71ERMsH9CAxfrLPpms
2014 Pokemon Phantom Gate Japanese 1st Edition Gengar Ex #90 PSA 9,105147177,Black Pack,2026-07-25T21:00:10.028Z,2026-07-25,1777.935764,1932.538875,1957.87444,false,2200,neither,42,https://solscan.io/tx/2YgxuPVS5u19WWafBURCwktky3iLxpZHy4zxNbxRxwrM3DvzGQ6GCLj7JJhLD6uGXZTzb1SPdCSSaUkGK4q137cv
2017 Pokemon Sun and Moon Promo Japanese Champions League 2018 Yokohama Umbreon Gx #125SMP PSA 10,44520335,Black Pack,2026-07-26T06:45:17.702Z,2026-07-26,1839.888457,1999.878758,1630.405393,false,1336.8,over_110_both,114,https://solscan.io/tx/z2316XeCH9sUsFbaK66tAEkyzF56jJaHuCbLHuidBrL3LnXL2NvF4pKCD8SZ67GqiEmMSgyzjZBLQQhtHbGpaBM
2019 Pokemon Sun and Moon Black Star Promo Power Partnership Tins Mew/Mewtwo Gx #SM191 PSA 10,146028663,Black Pack,2026-07-27T17:13:17.663Z,2026-07-27,1404.820356,1526.978649,1692.391235,false,1850,under_90_both,15,https://solscan.io/tx/4P7tWXJXwh1p8HsFd4vcCrzbLbwyn1WkqPPz5GkroQrwagsCtHkd7bMBpBCyx5cBCy8wzeMoQbhrXsefjMGkT6Q6
2016 Pokemon Sun and Moon Promo Japanese Special Box Pretend Grunt Pikachu Pretend Team Skull Pikachu #013SMP PSA 9,156402480,Diamond Pack,2026-07-31T16:23:08.216Z,2026-07-31,6476.85802,6476.858021,6293.486276,false,6250,neither,24,https://solscan.io/tx/2DpRvs8odpXyHaK7gA3Fmuz3DMbtaBttZB5FrCn9U7Bv5awgUUyQVvHUbDLfJceujvbPZeAjsbFkKKPXNBFZpoBz
1999 Pokemon Base Set 1st Edition Holo Blastoise #2 PSA 8,22059862,Diamond Pack,2026-07-31T16:24:30.174Z,2026-07-31,4841.153435,4841.153436,5067.342253,false,4200,neither,17,https://solscan.io/tx/28kBg9AptUdz1z7K9RwpR9bLumAd6jnn6ya91FGwwXEmhBu7hQm5sJXc2phB13pBiz3aXqQKrNJFHR7ePpQdhrGV
2021 Pokemon SWSH Evolving Skies Alt Art Umbreon Vmax #215 BGS 10 PRISTINE,0013497140,Black Pack,2026-08-02T01:53:11.637Z,2026-08-02,4889.805259,5315.005717,4865.884521,false,4251,neither,875,https://solscan.io/tx/4XvzD9HMKZr8syV7nYpkHPzLW4PrWG6X3wndYmwVuD4dKDyGRTyNiQeHJ4knST87n46evkG54m6Gkfg47qeivoCX
2025 Pokemon Scarlet and Violet Prismatic Evolutions Special Illustration Rare Umbreon Ex #161 PSA 10,162442981,Diamond Pack,2026-08-02T07:30:24.426Z,2026-08-02,6074.450461,,5839.467815,false,,neither,,https://solscan.io/tx/4PuWhmjgAeYKAMjL6H9tbZenfvtt4emM3m5JpA2TqPUotm3ZCJo2FbPMMYQsxTBWMVsDHPVNK9a2DN4kk26vda3U
2002 Pokemon the Town On No Map Japanese Holo 1st Edition Arcanine #017 PSA 10,52369863,Black Pack,2026-08-04T08:13:09.490Z,2026-08-04,2640.262136,2869.850149,2823.739969,false,2788,neither,29,https://solscan.io/tx/3wDEo57mBnK5aZSDL6pz6QQQuvsusaJTsGChPZi1CiQvNMzpyq2VXNU1VYDYBwCifB5PXksZuAmdw2UqCUDtnpR4
2019 Pokemon Sun and Moon Unbroken Bonds Gardevoir/Sylveon Gx #205 PSA 10,132428742,Diamond Pack,2026-08-06T03:04:17.672Z,2026-08-06,4746.580255,4746.580256,4465.741822,false,4990.9,neither,15,https://solscan.io/tx/5y4WDNh9thKzGqQzvMtiahnsV7poWitp3ysKgqEsPGQEt4vW6Mm9bE3Jei2Efc3WhUXd9Z83BccLmL5gf9TPYjfL
2001 Pokemon Black Star Promos Ny Pokemon Center Opening Lucky Stadium #41 PSA 10,41014990,Diamond Pack,2026-08-06T03:05:28.229Z,2026-08-06,4974.929867,4974.929868,5367.158506,false,6441.12,neither,15,https://solscan.io/tx/21ZY96wTE4CvdKQsibLPd8zgrjqtDcVwBZrBMM9g6Z3uZZtD5k3BV1dNunhbHERUXCPDjs2pqhY3GxabYtyBeK97
2001 Pokemon Expedition Japanese Holo Dragonite #126 PSA 10,94137932,Diamond Pack,2026-08-06T03:06:34.556Z,2026-08-06,6325.664319,6325.66432,6383.163473,false,6813,neither,8,https://solscan.io/tx/3H8geJswjFoz3DuK2g7EiRpGF8rvydSiywZA1W1jKEMJJUAmsnX4PZbeVkUR4Lx53XaXJ7AeE7xXoYvrJWdesYFd
1999 Pokemon Jungle 1st Edition Holo Nidoqueen #7 PSA 10,28398002,Diamond Pack,2026-08-06T05:19:17.217Z,2026-08-06,4589.22536,4589.22536,5280.331173,false,3536,neither,8,https://solscan.io/tx/PZC3jhJJJUc44HtFAW7SGVu6kLgR8KRi2dTcLtZ2Sija4XenMfWBwQRCgbkmYBsu5nG3vdgGpdFX63tT2Ki4YU2
2019 Pokemon Sun and Moon Unbroken Bonds Gardevoir/Sylveon Gx #205 PSA 10,132428742,Diamond Pack,2026-08-06T05:20:00.243Z,2026-08-06,4746.580255,4746.580256,4465.741822,false,4990.9,neither,8,https://solscan.io/tx/3joTwaYFRxPvBxxSvwrZp7ZvFoyGFS1dVMuZWuPrHac5e4G32sXhs9Ndu8BygcQBwXtV93X4DPF8fe8i7GtKzJm8
2000 Pokemon Team Rocket 1st Edition Dark Charizard #21 PSA 10 GEM MINT,40685430,Diamond Pack,2026-08-06T10:51:33.515Z,2026-08-06,3323.896018,3323.896018,2918.317923,false,2750,over_110_both,11,https://solscan.io/tx/48erctKtGUo28h1iF5PBnYh6jYapZMdpVMfEPopicqMANYsoy4iUG23AhZyTgPsrZyLwAdCz7BA5HH2WvBJwxWdu
1999 Pokemon Jungle 1st Edition Holo Nidoqueen #7 PSA 10,28398002,Diamond Pack,2026-08-07T18:44:01.018Z,2026-08-07,4589.22536,4589.22536,5225.588622,false,3548,neither,15,https://solscan.io/tx/tnnwgK59ozFUqSUhHrqc95JhNe1c7poy6aao2wKNzP4zfjMzy2id3k5XQYjquvucZW6vV6JYVy8i7xAfTtnaXa3
2025 Pokemon Mega Evolution Phantasmal Flames Special Illustration Rare Mega Charizard X Ex #125 PSA 10,156768373,Black Pack,2026-08-10T02:34:58.151Z,2026-08-10,1828.465696,1987.462713,1847.109404,false,1950,neither,9,https://solscan.io/tx/4tZppK3iLaBNomRVkrkoXEmhkF2Fk43FFmsRxNKMtFxDRHq29rXGEoF4dZbJRAgw8jvZWaZYf9JoxpMXXAsnYVzC
2005 Pokemon Ex Unseen Forces Holo Entei Gold Star #113 PSA 9,66518835,Black Pack,2026-08-10T02:35:40.920Z,2026-08-10,2062.824751,2242.200817,2491.182705,false,2149,neither,10,https://solscan.io/tx/3uLg4ukmDr3GURhvYG6asQuddLGow139bJQnZtop8jzYVaKe5nu7TghpYJYdCkjcnrxS7Ts7BNbp9eGwA6JZEwza
1998 Pokemon Vending Series One Japanese Chansey #113 PSA 10,82969823,Diamond Pack,2026-08-10T23:13:45.068Z,2026-08-10,3909.885731,3909.885731,4256.658573,false,5000,neither,84,https://solscan.io/tx/37b8MzraSytY4J5EBp3TNFXReNykTZrEaGtLuG4g9mMUbJqnCC5dEeKgZxPadSTzuzCstFfhp3E1vqHaHYtEBTnv
2000 Pokemon Team Rocket 1st Edition Dark Charizard #21 PSA 10 GEM MINT,40685430,Diamond Pack,2026-08-10T23:19:02.991Z,2026-08-10,3118.706406,3118.706406,3036.435072,false,2750,neither,53,https://solscan.io/tx/3Xd6yCgczFdbwa9foZt6hYPqearQGNoY7eVPopJwhXogFtxg7exCtLs2ed3FARjeT6trfS8mqDKwpMhHR75ZCeYT
2002 Pokemon Japanese Ecard Promo Holo Blastoise #013P PSA 10,75891105,Diamond Pack,2026-08-10T23:21:24.607Z,2026-08-10,4084.961251,4084.961251,3423.569163,false,1499.99,neither,121,https://solscan.io/tx/yG1nQ4pLZaQ26rS5XaM1i9LADJSTCobm6aioXncwj76KJ2WtKG1MBQCqxMg7RdwUSZJjvRGwN5KGTeazt65zggg
2002 Pokemon Japanese Ecard Promo Holo Blastoise #013P PSA 10,75891105,Diamond Pack,2026-08-10T23:24:36.722Z,2026-08-10,4084.961251,4084.961251,3423.569163,false,1499.99,neither,11,https://solscan.io/tx/VHLT19ErKaBqdRqmodk78Sj9mRzXqcfiyoP9g6SmQdrfg5aN8wAE2WELeoZtjNMAuVXCQyLZoEVWkVDaJmmmaec
2016 Pokemon XY Promo Japanese Premium Champion Pack Jirachi #235XYP PSA 10,134846538,Diamond Pack,2026-08-11T10:07:57.204Z,2026-08-11,4048.098366,4048.098366,3445.412584,false,3200,over_110_both,11,https://solscan.io/tx/2QvtQqV34cVg9ur25VVz4ePQKAuM9resDk5cS68n58WN11KmLs14wcc3EsRuQ8azBCXPbS9GCnmN569pNL43bFGR
2000 Pokemon Neo Genesis 1st Edition Holo Typhlosion #18 PSA 10,41037878,Diamond Pack,2026-08-11T10:12:43.065Z,2026-08-11,5527.557491,5527.557492,5591.772093,false,5373,neither,15,https://solscan.io/tx/33bAdbyJmZmY77tCWkqoYHRGzUfE3WAuDq3M1ohh5NBTQP3DAQZerDtZPZGbWDDKkZ7NmnRy4SjbMgD6LoDZGxsd
2003 Pokemon Japanese Magma VS Aqua 1st Edition Holo Espeon #040 PSA 10 GEM MINT,26782982,Diamond Pack,2026-08-11T18:14:57.203Z,2026-08-11,3597.70495,3597.70495,3154.911619,true,2097.6,neither,10,https://solscan.io/tx/5YQ2eDViaYEtHMgoAo9U3ocxpvgWG6K7gqsNby63f63vTfBrYY35dnnaHeup8W5aQXjkBXe1Q68Got7XFEefeb8Y
2019 Pokemon Sun and Moon Unbroken Bonds Gardevoir/Sylveon Gx #205 PSA 10,132428742,Diamond Pack,2026-08-15T05:53:41.158Z,2026-08-15,4569.534801,4569.534801,4495.295188,false,5500,neither,103,https://solscan.io/tx/4ZGQ4dky8XeieGncrje4LQwgP1am5ComtSxQSEWzzURraVQ8PWSBHyD93sExYMaeWzHjyaChMQPZ5PiKohvpfEn4
2000 Pokemon Team Rocket 1st Edition Holo Dark Dragonite #5 CGC 10 GEM MINT,6096980052,Diamond Pack,2026-08-15T05:55:22.794Z,2026-08-15,3024.1,3024.1,2527.453653,false,2250,over_110_both,13,https://solscan.io/tx/5tETrtj4fNTUp6zn4fF9rikFZz7iucwY5rGR4xrgLBN2pXjcNeFfhp7oQcMnfadKptxsN62VGrM65TZHHsjAYCL4
2003 Pokemon Japanese Magma VS Aqua 1st Edition Holo Espeon #040 PSA 10 GEM MINT,26782982,Diamond Pack,2026-08-15T05:56:28.254Z,2026-08-15,3597.70495,3597.70495,3154.911619,true,2638,over_110_both,11,https://solscan.io/tx/2UDaoXv2RBAPbTRAo9qtgcXVeAJ7DWbtr2c483ufiQpX2wNNsX8BdYe4i9xjXPNWGvz1Tbp2ESYYUrRWCeNV1TSW
2023 Pokemon Paldea Evolved Portuguese Illustration Rare Magikarp #203 PSA 10,97052659,Diamond Pack,2026-08-15T05:57:52.955Z,2026-08-15,3142.09761,3142.097611,3142.955571,false,2704,neither,20,https://solscan.io/tx/3AkKCfvRBpz2BTgKeJMevMDtHS6roePF6S4F8N4MFv24dz3GG13nNScWeJso5gcodCy4qqHrsFAdTwe2YQXTfnhH
2005 Pokemon Ex Unseen Forces Holo Entei Gold Star #113 PSA 9,66518835,Black Pack,2026-08-15T05:58:12.156Z,2026-08-15,1860.394531,2022.167969,2511.709095,false,2101,under_90_both,714,https://solscan.io/tx/61TsbYn8U8tfBxfnbCS7SQ8S7yH8NXPhVa4N8YpDbVDo2iARgExEAVacNjR1JG64XmapKznDWSmDjyYi6Cbcou4f
2000 Pokemon Team Rocket 1st Edition Holo Dark Dragonite #5 CGC 10 GEM MINT,6096980052,Diamond Pack,2026-08-15T05:59:18.143Z,2026-08-15,3024.1,3024.1,2527.453653,false,2250,over_110_both,11,https://solscan.io/tx/39CVU5Moy2dJHVYHDDhj7SdhnnBQZ7P6jfKpmnCPrmyx6JgYgKAJ8FicJezXTb17PFQyAexb1ZvdTqFPqi3XhqCm
2006 Pokemon EX Crystal Guardians Holo Alakazam Gold Star #99 PSA 8 NM-MT,25168316,Diamond Pack,2026-08-16T22:35:30.628Z,2026-08-16,3700.981461,3700.981462,3169.398708,true,3900,neither,12,https://solscan.io/tx/3Gy532SMJMs2zMYvHhVuFo8UrgYkQEghpnpKiMqTrkquwDCSox8giEKsmRjxwoqtieSoi5kQKL4uwj6aHyrLwdMo
2001 Pokemon Neo Revelation 1st Edition Holo Entei #6 CGC 10,4317662079,Black Pack,2026-08-17T14:24:35.796Z,2026-08-17,2482.5096,2698.38,2486.053551,false,3148,neither,9,https://solscan.io/tx/3FDtfHuUHm1YDCepp6vwULvAqCBZmM7aypegsa4mwJjWSRHvh7on4x9WGXmTPU8aibwyP7vxkkLgVayPxva66KmL
2021 Pokemon Sword and Shield Eevee Heroes Japanese Hyper Umbreon Vmax #095 PSA 10,64414906,Diamond Pack,2026-08-17T14:24:53.543Z,2026-08-17,4863.842701,4863.842702,5112.652456,true,5565.17,neither,10,https://solscan.io/tx/oMVTQyHZkWpWysXZvVibi8c4ZG4sbMeCX9GRYzhejvEhmSVgeZtwaHPLRT1y7BCoqLmyn7XvKFfk8oHNf2MzTom
2015 Pokemon XY Promo Japanese Pokemon Center Hiroshima Gyarados #XYP PSA 10,78526684,Diamond Pack,2026-08-17T14:25:33.701Z,2026-08-17,7534.549399,7534.549399,7819.844285,false,5520,neither,9,https://solscan.io/tx/5upfqUXqbmKEWXsVxkbv1TFsTUsEcKsWQAYHbTtP4jUTc4X9x6DceKuS8MnEZd26jCmWiUT8dkT6j1XEUE4DxhBn
2005 Pokemon Golden Sky Silvery Ocean Japanese 1st Edition Entei Gold Star #19 PSA 9,98205222,Diamond Pack,2026-08-17T14:26:39.659Z,2026-08-17,3010.393401,3010.393402,2978.583601,false,2296,neither,9,https://solscan.io/tx/3pwHbsgan76yJrqpr2r7rXX7Njeih3gJCakzDxjtZwTJYM9NHr1tVr6EDbgmB3aypKgHkv3qg141y5VWqquiqmnR
2022 Pokemon Sword and Shield Lost Origin Giratina V #186 BGS 10,0015190463,Diamond Pack,2026-08-17T14:28:31.448Z,2026-08-17,4506.489499,4506.489499,4232.02728,false,5331,neither,10,https://solscan.io/tx/4puxHAQcTjFWQ26hrLuGPcc7cbWqqjxKzwq6kZmQFk7PYBDhQXCPgsUiPWxUwogwf9UB53a1MNccbRNZgtbbo2Ef
2014 Pokemon Japanese XY Gaia Volcano Full Art Groudon EX #73 PSA 10 GEM MINT,67712905,Black Pack,2026-08-17T17:55:13.514Z,2026-08-17,2070.016212,2070.016213,2158.736231,false,1675,neither,7,https://solscan.io/tx/37bfpQPzFwurSYtDv74aG2zwWzTnoVUywyLYbQ7B5paTX3JdurrGCrqZCu4N8d8NxEWzBjWK8W4qwucfX7Gyyw2J
2003 Pokemon EX Dragon Holo Plusle #8 PSA 10 GEM MINT,65711192,Black Pack,2026-08-17T18:02:18.190Z,2026-08-17,1878.193411,1878.193412,1750.446088,false,1100,neither,8,https://solscan.io/tx/22LnFfFVLDgKpukWKt1wbW91NcsStERGivdRxkfE1zNE384kwxJTKrgtsZ4XFvYWCdyuwREULrLPW3c8yZmRphYD
2000 Pokemon Neo Genesis 1st Edition Holo Lugia #9 PSA 8 NM-MT,151931587,Diamond Pack,2026-08-17T18:06:13.462Z,2026-08-17,5219.237837,5219.237837,5461.080281,false,5100,neither,8,https://solscan.io/tx/4B313YgwXqgg92ZFZh5qsaQDzD54TpZwxGUWbVH2WKnSrt7RJES2moV22iahr3B1faejRQcGPtvZtXdpb5Roanaq
2010 Pokemon Black and White Promo Japanese White Collection 15th Anniversary Zekrom #055 PSA 10,42705500,Black Pack,2026-08-17T18:13:53.987Z,2026-08-17,9995.909836,9995.909836,9995.909836,false,8500,neither,7,https://solscan.io/tx/379fzzW4Pbq3UvhRrApceAUcHaRjrbwYDe4tV7UhdfhNtxw1pFxSH7Q1qrFFuARvb8fApdXVp2fC7dp12y5fEFtK
1999 Pokemon Jungle 1st Edition Holo Vileplume #15 PSA 10,25502396,Black Pack,2026-08-17T18:17:12.974Z,2026-08-17,2870.01306,2870.01306,2870.01306,false,2222,neither,8,https://solscan.io/tx/5RJGTGsCeYULVxQj3EMBhg66kU4C4ACtfdmgZVzEv8d24y76PffRoWNzJbjW1ZCirvDxiBrWi1UJZHJuL7QdkCrC
2000 Pokemon Neo Genesis 1st Edition Holo Feraligatr #4 PSA 10,42495000,Diamond Pack,2026-08-17T18:20:54.187Z,2026-08-17,6895.058661,6895.058662,5991.71488,false,5760,over_110_both,10,https://solscan.io/tx/3hg1Anpa2hkMpAa7Uqmnz87BFWb3eQRJQb3NYXCJzhRqn7FuraeZCqXFqsGXtS1mDuaSL99GHAnJzKuKxtWsr5nW
2019 Pokemon Sun and Moon Black Star Promo Power Partnership Tins Mew/Mewtwo Gx #SM191 PSA 10,146028663,Black Pack,2026-08-17T18:21:05.838Z,2026-08-17,2925.893332,2925.893333,2882.896083,false,3240,neither,7,https://solscan.io/tx/4nJsHdQpFo25qRkoog8Me163QXNfHS2JEuZ9EZ89xSZ14wX3kEcipYT85r8cDyqb9su63CJMUpC36h4dbZshdKPW
1999 Pokemon Base Set 1st Edition Holo Raichu #14 CGC 10,6012895067,Diamond Pack,2026-08-17T19:14:18.707Z,2026-08-17,6167.76,6167.76,6167.755122,false,7989,neither,95,https://solscan.io/tx/53TxE5QoeMQtdD36D5CkJw1sdbqZ1oYocZKwatEXKsbhDa3aSpY8sywGPhi53oTPNhLNiZ7LpjH2fNT5hKvCFGGA
2004 Pokemon Kids Wb Promo Poke Card Creator Contest Pikachu #5 BGS 8.5,0018764101,Diamond Pack,2026-08-17T19:14:58.413Z,2026-08-17,6561.849554,6561.849555,6561.849555,false,9975,neither,653,https://solscan.io/tx/5fPXTC8TDGkkLVMqBPCQDWCdj6qdYHpf1gxsEQZ3sqwWSj5P46zEC7bY8mRunTzFL3Mnwct3G9Ayk35UgkbJZ9Uz
2015 Pokemon XY Promo Japanese Holo Pretend Magikarp Pikachu #150 PSA 9,24507087,Diamond Pack,2026-08-17T19:19:21.938Z,2026-08-17,6723.174002,6723.174003,6723.174003,false,9659,neither,208,https://solscan.io/tx/5EiqYWAPXQKg9xmWKDFzxtAJyjVvmTZW7qP4qo3upKbnoNRCQQLwGjvTAPyYSjWmms1TPvMpQLB8wcxnswGopDrZ
2025 Pokemon Scarlet and Violet Prismatic Evolutions Special Illustration Rare Umbreon Ex #161 PSA 10,162442981,Diamond Pack,2026-08-17T19:20:25.827Z,2026-08-17,5623.824129,5623.82413,5283.859576,false,5455,neither,24,https://solscan.io/tx/47xKMTo7zxpKzZDhHZS5TMmbqaWQewyBANozcCAqgSVBYV7NPSV9HS9tvuTatixN1rj2amKTVDAoSPCaYoMAwtnf
2000 Pokemon Neo 2 Crossing the Ruins Japanese Holo Umbreon #197 PSA 10,83918044,Diamond Pack,2026-08-17T19:23:17.464Z,2026-08-17,5789.388316,5789.388317,5456.47447,false,5149,neither,19,https://solscan.io/tx/HNA6SXYG3Dg7drQhJwTb7AYeHj5Ps9Lm2Wti4qavj2EmZ7zcSNDFU8NA7kzymK9Ps4YmdNipmiU32n8UiF7JZmB
2003 Pokemon EX Dragon Holo Plusle #8 PSA 10 GEM MINT,65711192,Black Pack,2026-08-18T03:01:02.238Z,2026-08-18,1878.193411,1878.193412,1783.268842,false,1100,neither,299,https://solscan.io/tx/4MQAFqYgBrMtLYZWNvFbnBPdWgLLbnzogiA7pS71YCrywjao2xy1EnnftYGRnWjEvzf3zGXDPZvtr6T8jTU6r1xt
2000 Pokemon Gym Heroes 1st Edition Holo Lt. Surge's Magneton #8 PSA 10,41641113,Black Pack,2026-08-19T16:04:29.904Z,2026-08-19,1792.064856,1792.064857,1747.90517,false,1500,neither,31,https://solscan.io/tx/SvxvF1GTyJtCrbmymVrvG65xVnDVH7VtAWhMFcPQbGmobYHoML3gpJ6yhzsg482hng3xsPm7g2g99LKe1YZSGcy
2002 Pokemon Expedition Holo Machamp #16 PSA 10,89136375,Black Pack,2026-08-19T16:40:40.998Z,2026-08-19,2974.418212,2974.418213,2974.418213,true,2878,neither,42,https://solscan.io/tx/5gubxZjRzAqyGo7ZH3fnHiW8okcWHAh7q8wUFDH6vH2XQW4Q4QLgeLLoiykTwg5iZqv2kgZHFRasZ73Wv7r6iR2U
2000 Pokemon Gym Heroes 1st Edition Holo Lt. Surge's Magneton #8 PSA 10,41641113,Black Pack,2026-08-19T16:42:03.837Z,2026-08-19,1792.064856,1792.064857,1747.90517,false,1500,neither,10,https://solscan.io/tx/3TunNvcuwhwH58Ui4c96xjC4e5uKZBphi9UKdwSfJ761MizniqmPBMbnQmC5NekL1xaBJA2CvGxWnmMVvCa9iVL3
2021 Pokemon SWSH Evolving Skies Alt Art Umbreon Vmax #215 BGS 10 PRISTINE,0013497140,Diamond Pack,2026-08-21T09:08:39.868Z,2026-08-21,5045.34,5045.34,4784.699853,false,4925,neither,70,https://solscan.io/tx/5Hrm6SaFWAwNaBEFPD3Rw8MG19saLbjpq4CFomdMBhnvyxS35WqTMuhCTHHMHE5wb9GpUC3gVeG7P3EJrd4eiCLM
2003 Pokemon Aquapolis Holo Umbreon #H29 BGS 8.5,0020282864,Black Pack,2026-08-21T09:12:13.197Z,2026-08-21,2798.77,2798.77,2798.773708,true,2100,neither,16,https://solscan.io/tx/2AuMN5qzQNox4LWeSTdqK4xMuRX82BFYAfkq4YeHeAnfRxLkCsBmi3Mh2U1rmjvhYQ2YsAD4J4vzv6TF3xHuyd6N
2001 Pokemon Neo 4 Darkness and To Light Japanese Shining Tyranitar #248 PSA 7,107551021,Black Pack,2026-08-21T09:12:49.726Z,2026-08-21,2294.31,2294.31,2459.231308,false,2080,neither,11,https://solscan.io/tx/54Sg2hb8GmPeJ4VLN2JNfTQfALhneLgULQ9qBagsnF4NSLqdSGgFyeFtSZNcP2uGS7WfMc75EeGp7FcJNPoRtyH
1995 Pokemon Topsun Japanese Blue Back Kabutops #141 PSA 10,86546014,Black Pack,2026-08-21T09:14:02.322Z,2026-08-21,1586.26,1586.26,1787.408092,false,1037,neither,9,https://solscan.io/tx/y8maYfk7uaGfp7AgqtT8Eu232jvERvG9UfKVA66teAvHHGRHwjZnKMSiVajJ23xqfm9m7vyT7xZz1vL3pSyo7ck
2010 Pokemon Reviving Legends Japanese Holo 1st Edition Umbreon #37 PSA 10,137117227,Black Pack,2026-08-21T19:08:58.415Z,2026-08-21,1944.84,1944.84,1944.840421,true,1925,neither,15,https://solscan.io/tx/vpRDkMJidyc4H3dVWxFA8HjwgUqpniekoHbjqn7mXvFHdf13FiCvt73Jc2JNoL6WD61m93mBQqtSMW5M6Q1nkBB
2001 Pokemon Neo 4 Darkness and To Light Japanese Shining Tyranitar #248 PSA 7,107551021,Black Pack,2026-08-23T19:51:52.701Z,2026-08-23,2294.31,2294.31,2549.876757,false,2080,neither,12,https://solscan.io/tx/4fYBGBt1WvV8tYuSLY2GAu1uFef99niQb29fgYostpYwUC1X7cRGRjwhWi7WrmGjzdVn9qL3VCcqu8Zus8AwmayP
2014 Pokemon Japanese XY Gaia Volcano Full Art Groudon EX #73 PSA 10 GEM MINT,67712905,Black Pack,2026-08-24T02:59:38.325Z,2026-08-24,2070.02,2070.02,2230.37627,false,1700,neither,13,https://solscan.io/tx/53WibCchEMi3xNVmMmParT5ZNxyqgaxDDmCK6GMBfXiW8vuYBjepeKiUR9yXJqiN9R7gsH4wQtB8Zv9b2TA2fpbJ
2001 Pokemon Neo Revelation 1st Edition Holo Entei #6 CGC 10,4317662079,Black Pack,2026-08-24T19:09:19.178Z,2026-08-24,2561.03,,2570.264072,false,,neither,,https://solscan.io/tx/2dve24McFcMhcJix8duGJ3rWoTNHQ8qZvX6oZgV9kNXvkuVuBbnWr9kT68foaDy4qwZzoRF8tMfyhzzHRRzW5voK
2013 Pokemon Black and White Legendary Treasures Holo Charizard #19 PSA 10,27686628,Black Pack,2026-08-24T19:19:27.224Z,2026-08-24,5494.45,,5845.786322,false,,neither,,https://solscan.io/tx/2qTr8qGUn9x2ZsnHbJDdjLFQSKNJSzz11xjgsjGCXvjtM4hPPQfnzLUfWAFnWVinN7Zoic6SbkN5r7VzTEFWC6Wx
2017 Pokemon Japanese SM To Have Seen The Battle Rainbow Full Art Charizard GX #52 PSA 10 GEM,45710015,Black Pack,2026-08-24T20:17:32.902Z,2026-08-24,1839.93,,1564.179329,false,,neither,,https://solscan.io/tx/4yptUnQy6WpaPrvdoGRptiSwptVjgC4BbA6x2mLyJR8LqywsmGZRsgqBWaksPjUKyxFH8427pQMTwLVxLTMAEhrs
2003 Pokemon Skyridge Holo Raichu #H25 PSA 10,28994765,Diamond Pack,2026-08-24T22:34:02.099Z,2026-08-24,6244.74,,6244.737285,true,,neither,,https://solscan.io/tx/24SDWMmCpe2ayTLCSnYowCYzBQAjVzLtyQgWyUqLueBM8EyWHFDQ2TbqxNKWxSKvhCmUVnAmdCPXdJHK27nPzShD
2016 Pokemon Japanese XY Promo Premium Champion Pack Full Art Jirachi #235 PSA 10 GEM MINT,131864105,Diamond Pack,2026-08-25T04:54:35.749Z,2026-08-25,3448.04,3448.04,3337.62472,false,3350,neither,9,https://solscan.io/tx/ZcSj2iciXUCnd2e1WhyUXVZdngHejxMpVMYJmQisAXBYmwcaLwvWwDKWnWvZW2AHiSJBqjGSBRS8HXDpRDQv6WE
2023 Pokemon Paldea Evolved Portuguese Illustration Rare Magikarp #203 PSA 10,97052659,Diamond Pack,2026-08-25T04:55:17.159Z,2026-08-25,3302.1,3302.1,3146.547746,false,2521.7,neither,14,https://solscan.io/tx/3nrBFqvgdpunsnVoA9uzPScTXG4CDZyAKeGMKu8sfea4tFUzF9juCaAK64KXK6WZTCdv49ee8b4pE1NRkLMr8z5t
2016 Pokemon Sun and Moon Promo Japanese Special Box Pretend Grunt Pikachu Pretend Team Skull Pikachu #013SMP PSA 9,156402480,Diamond Pack,2026-08-25T04:55:38.300Z,2026-08-25,6155.63,6155.63,6155.634937,true,5819,neither,15,https://solscan.io/tx/enrz1fZnyNojqXB16r9yCj35KxNmVwHQYBZUX6XkzB4Pae23LBwL7z6HosaaWjXRPnt4T2jVC37KaPkCWh7ecrN
1999 Pokemon Base Set Shadowless Holo Charizard #4 BGS 8 NM-MT,0012696895,Diamond Pack,2026-08-25T05:01:23.932Z,2026-08-25,3475,3475,3938.727607,false,3475,neither,12,https://solscan.io/tx/4qm43esUv15z7ufu4dpjajeiWbrCn9sTLoWsAJnuMLzTQj7tAJty2oCFqAdBFvt4C6czaiaPwc8rqYJWynCWKJq2
2000 Pokemon Gym Challenge 1st Edition Holo Koga's Beedrill #9 PSA 10,45556473,Diamond Pack,2026-08-25T05:04:16.519Z,2026-08-25,3970.64,3970.64,3470.8616,false,3253,over_110_both,12,https://solscan.io/tx/53um3ybfV3trWBB4wHSLoiig9eZm7MPTJByEeg91s1w4AQGwhYzmYR9whgrjSNhP7PdQaVJS1MRUwuN6NwS3rEfo
2016 Pokemon Japanese XY Promo Premium Champion Pack Full Art Jirachi #235 PSA 10 GEM MINT,131864105,Diamond Pack,2026-08-25T05:05:35.871Z,2026-08-25,3448.04,3448.04,3337.62472,false,3350,neither,10,https://solscan.io/tx/3jCPVPzWZE6Q6iMUkggxesxDeJggR5WDKGtrhyb1S6cxL8fi9vLK59gf4ZE4De4dAYDVDmLXHCNy18gVnpNK1Bmd
2001 Pokemon Expedition Japanese Holo Dragonite #126 PSA 10,94137932,Diamond Pack,2026-08-25T05:05:58.619Z,2026-08-25,6715,6715,5720.188331,false,5600,over_110_both,15,https://solscan.io/tx/2K9TNUGDuJQhepQiugRJwpzghyjtKXy8h5X2QYwX7Xhcy36yBHg8n3G41PG4j7du4mmCaVUAt5TXfHaVtvcccKrW
1999 Pokemon Japanese Movie Promo Ancient Mew II PSA 10 GEM MINT,142306052,Black Pack,2026-08-25T08:31:49.961Z,2026-08-25,2919.95,2919.95,2919.94873,true,3150,neither,611,https://solscan.io/tx/4xEGtQGu32B9mJ2fT1VmcULoRFtZkBaunKa1FjvYJxyj9ZYnU1UvQf5kJmi4dwJPfSc3eHPu7VdzLTro8uFVmrrc
1999 Pokemon Jungle 1st Edition Holo Vileplume #15 PSA 10,25502396,Black Pack,2026-08-25T11:11:17.417Z,2026-08-25,2870.01,2870.01,2870.01306,true,2197,neither,16,https://solscan.io/tx/3GFXUQpGbBMNunmFjpmkhAxW5TxFYdsEW2MpXc3MkMMisopiKu5N9gBZdWxPTv5Qkwj7i3AJWYZTfG9JGuQSbmEk
1999 Pokemon Fossil 1st Edition Holo Raichu #14 PSA 10,27489310,Diamond Pack,2026-08-25T13:59:25.726Z,2026-08-25,6185.44,6185.44,6185.441903,true,6300,neither,9,https://solscan.io/tx/4RMbEK4m76kdDjrdwx3uyzVeQvhC7heDxUNPRaNLxc46n44MRCujokUcJ32LMYDMu9QmPJneKkZRhK2gJkWe19F9
2015 Pokemon XY Promo Japanese Pokemon Center Hiroshima Gyarados #XYP PSA 10,78526684,Diamond Pack,2026-08-25T14:01:59.047Z,2026-08-25,7048.65,7048.65,8132.551806,false,5470,neither,9,https://solscan.io/tx/56Un8xiQXZk236JV2LnZgHi4aNBAHoEHyDjYCrkqkDRcAVdZ83uFsy8omtUM7mmLXX5WFjNN76PicA6Sk1MD9Za7
2003 Pokemon EX Dragon Holo Dragonite EX #90 CGC 10 GEM MINT,1401026611033,Diamond Pack,2026-08-25T14:10:43.434Z,2026-08-25,3119.28,3119.28,3423.223914,false,3067,neither,15,https://solscan.io/tx/57hxbacJFcMwjTMRt439BZVL7A9KBWhVk3DbHRn91vSJXdzoDVT9Yye6Gtce38tPUwQt7ua2H1iQCFcRfQPszDkG
2000 Pokemon Gym Challenge 1st Edition Holo Koga's Beedrill #9 PSA 10,45556473,Diamond Pack,2026-08-25T14:11:19.893Z,2026-08-25,3970.64,3970.64,3470.8616,false,3253,over_110_both,9,https://solscan.io/tx/1278iD4gbZik7Ci7tUfj32pVsZmN7xzcqodY4DsB8Njc43xThex1jwEqEzYegAeMBt1nfAMsysWnG3f7J3PqjJ6t
2000 Pokemon Gym Challenge 1st Edition Holo Giovanni's Machamp #6 PSA 10,43481613,Black Pack,2026-08-25T14:13:04.114Z,2026-08-25,2121.429999,2121.43,1801.209772,false,1825,over_110_both,9,https://solscan.io/tx/3JMcyeMhxg1Co4EgbWAr78sB9CEQo52vjwCBv9Q33o9uh7oHUbWjeR8peLYxH73x1QWFHPfuveypjJ7PfAoYnfD8
2018 Pokemon Sun and Moon Promo Munch A Retrospective Japanese Psyduck #286SMP PSA 9,126952816,Black Pack,2026-08-25T14:21:53.441Z,2026-08-25,2080.659999,2080.66,2292.554706,false,2275,neither,7,https://solscan.io/tx/2jZ87sisaHTH3HVoGWciKSTWE6Vv47yM8pMNxn7vfv7mxfG4xQxJxHtghQBpQ54Ssc9jESGqYLhyxaJzoTZru5DF
1996 Pokemon Base Set Japanese Holo Gyarados #130 PSA 10,62005549,Black Pack,2026-08-25T16:12:32.929Z,2026-08-25,2076.29,2076.29,1959.329911,false,1945,neither,9,https://solscan.io/tx/23XxskgCj22zWcKUUMzqMq7NHsqeMRPq58eu4YtuUtbQtMb6TXXw8sSp3mWcVoLNtobmEPuvgfpciHGFDzTxWiSh
1999 Pokemon Jungle 1st Edition Holo Vileplume #15 PSA 10,25502396,Black Pack,2026-08-25T16:26:29.261Z,2026-08-25,2870.01,2870.01,2870.01306,true,2197,neither,6,https://solscan.io/tx/2QfvzmKTSotUYKXCmsL482hTEESonga4BznKtmkQ4Q3t5YLfozjLdhg1RptPpjeo4dF9bvsKaq9MrqUYHKUWo6JY
2003 Pokemon Japanese Play Promo 3000 Points Holo Minun #5 PSA 10 GEM MINT,48897935,Black Pack,2026-08-25T16:26:38.638Z,2026-08-25,1833.53,1833.53,1555.36458,false,1464,over_110_both,6,https://solscan.io/tx/3eeLv7Z6F4rt5Ze1tEVBDLzJxXFGJAjpx81N3EfAvhzn13TfYRbYjZ7Miz2Y4G8Q3sYpgFbMZjbzCRQGpChLxpC
2003 Pokemon Japanese Play Promo 3000 Points Holo Minun #5 PSA 10 GEM MINT,48897935,Black Pack,2026-08-25T16:27:50.753Z,2026-08-25,1833.53,1833.53,1555.36458,false,1464,over_110_both,8,https://solscan.io/tx/3RTZBkibGFz7z6NtLH6HiAwHuaRgVtmZ71tPiGhdsNLGFNnvNuJ6q1c9i7A9VjNjBEc7Tefc1sEHrjZw1LuTERyG
1999 Pokemon Japanese Movie Promo Ancient Mew II PSA 10 GEM MINT,142306052,Black Pack,2026-08-26T04:11:03.850Z,2026-08-26,2919.95,,2919.94873,true,,neither,,https://solscan.io/tx/n54LJ3ch9ntbnPFrjcq83AYZadftcsLXBs6aVeAPoSxFJLHWp2QYYDFs9iV1LcNrpMkphLq3GrhguLX9WXKoET6
2018 Pokemon Sun and Moon Promo Munch A Retrospective Campaign Japanese Eevee #287 PSA 10,70654953,Black Pack,2026-08-26T07:03:07.491Z,2026-08-26,5762.58,5762.58,5528.876971,false,6418.98,neither,181,https://solscan.io/tx/5EWLHvLrwZQhfoXLbTubsUsUBGfJuqeS5Yw7McRq85R1arW3oDxMjTTSh6ZFw21nneQ8EYKv2WEoDy1bzXcp7YE2
1996 Pokemon Base Set Japanese Holo Gyarados #130 PSA 10,62005549,Black Pack,2026-08-26T14:48:27.152Z,2026-08-26,2076.29,2076.29,1990.024661,false,1945,neither,13,https://solscan.io/tx/22nnEA9ZXGJTUeob8EMkYPNmsjX2HocvhUwWfcgbTkFX1Szdk7hQzEiqBczgSBMHnHggr4jFBFsbGcYJJ49jZyZF
2006 Pokemon Miracle Crystal Japanese 1st Edition Holo Celebi Gold Star #4 PSA 9,68889469,Diamond Pack,2026-08-27T21:55:28.888Z,2026-08-27,3124.24,3124.24,3456.539321,false,2845.24,neither,6,https://solscan.io/tx/2ABVigbMCkPuUP4RsfaK2TicSLtDVZWT6GJtdcf27yDyBwxoRi95mosho3ipaSb7SiAg7LymQSPHNUG92LSNJ11r
2026 Pokemon Mega Evolution Ascended Heroes Special Illustration Rare Pikachu Ex #276 PSA 10,159882616,Black Pack,2026-08-28T19:09:06.245Z,2026-08-28,2261.08,2261.08,2009.858176,false,2100,neither,13,https://solscan.io/tx/3y63Qrkh4sW6h2CMatvoMxKKyy4bRnho1WDfdC6NLRSp73XpxT1u6jqwuHCNsW1D2LxW9dNwMSNXT4aPuzYbnd1h
1999 Pokemon Base Set Holo Charizard #4 PSA 9,72953305,Diamond Pack,2026-08-28T19:16:22.029Z,2026-08-28,3321.52,3321.52,3158.212716,false,3312,neither,14,https://solscan.io/tx/5i9QYFqvqM5fJgRcaY3Vw24g9JMUJenLZa8BzVrPzvYeG9BiNYfMnywCnpBzDQJdb4YaQZTyRNq48mxhytwGHwC1
1999 Pokemon Base Set Shadowless Holo Charizard #4 BGS 8 NM-MT,0012696895,Diamond Pack,2026-08-28T23:19:11.552Z,2026-08-28,3475,3475,3969.944348,false,4400,under_90_both,221,https://solscan.io/tx/5gvK89VxP8R1GLf2QvMKpcy8jU5ttf4kvoZFfLSUPLzStdR6P3gBucopsqtZSTBHpYRDoaF3UDdWn4qdQk993qKg
2001 Pokemon Expedition Japanese 1st Edition Holo Blastoise #108 PSA 10,87284396,Black Pack,2026-08-29T02:50:13.514Z,2026-08-29,2657.01,2657.01,2820.639566,false,2750,neither,6,https://solscan.io/tx/uwqwZwAbvY6Dgwoooz9Geas38Npw3c6rWfV5EMrNd7oF61JCwNcUkZ5exX1evRRN1VJrCnjcsEZ6iVZC5fKVnud
2026 Pokemon Mega Evolution Ascended Heroes Special Illustration Rare Pikachu Ex #276 PSA 10,159882616,Black Pack,2026-08-29T03:17:38.584Z,2026-08-29,2261.08,2261.08,2040.746682,false,2100,neither,7,https://solscan.io/tx/4og3Sza4vPASsRJcMRZEvW14f5TwtWgbb41qFcpiVSoqRMUng9sYabQE1i6kmRUNXnNUHzcsYbt9M8THx7DPMtNQ
2010 Pokemon Reviving Legends Japanese Holo 1st Edition Umbreon #37 PSA 10,137117227,Black Pack,2026-09-01T19:47:39.689Z,2026-09-01,1944.84,1944.84,1944.840421,true,1525,neither,20,https://solscan.io/tx/QpR2iKnHtaxA6kwB4wFzqrSqGgTCEEs44WbREqbe3CsK2KnY3zYVAjM3uQ2XGaJyqnNxNff4W33aBxJycHRpoXk
2006 Pokemon Miracle Crystal Japanese 1st Edition Holo Celebi Gold Star #4 PSA 9,68889469,Black Pack,2026-09-02T04:49:25.362Z,2026-09-02,3124.24,3124.24,3527.514088,false,3102,neither,26,https://solscan.io/tx/3Zr23xSj2mw7eKdUk3d5kysTfkjx5ygptDsennKAjYSL1CwDidNFhwALZSHcz46cYQmL9fHMaombKbeCrTbMjfou
2010 Pokemon Reviving Legends Japanese Holo 1st Edition Umbreon #37 PSA 10,137117227,Black Pack,2026-09-02T09:35:46.079Z,2026-09-02,1944.84,1944.84,1944.840421,true,1525,neither,32,https://solscan.io/tx/4C7ZoV2hEnjBB9znqrRWfZqzBDPsrG1p6y2zcWjr8fK76n7o81tJsF4Q82rdwG7ymVbKznp9xg4AV4gLCRwQP2SU
2026 Pokemon Mega Evolution Ascended Heroes Special Illustration Rare Mega Gengar Ex #284 PSA 10,156640881,Black Pack,2026-09-02T17:53:40.475Z,2026-09-02,2043.91,2043.91,1817.911067,false,1975,neither,154,https://solscan.io/tx/2e1LQz664WbCWwxjwX7fugChSY3UEQ3sP3FVH9DubcqqVVNmT8ocwLqHdJfxTYSeAA1E8UAYAWB97uJzppgnZzCK
2026 Pokemon Mega Evolution Ascended Heroes Special Illustration Rare Mega Gengar Ex #284 PSA 10,156640881,Black Pack,2026-09-02T18:04:29.416Z,2026-09-02,2043.91,2043.91,1817.911067,false,1975,neither,29,https://solscan.io/tx/5s3BYndf9KPmLymerhJe5xCZGNJHckbRDwFoMmdpC33bZk6xfBEmTLPQXe2bj3tj75tdJGCMScSuLLYKsVtetV55
1999 Pokemon Base Set Holo Charizard #4 PSA 9,72953305,Diamond Pack,2026-09-02T23:23:40.118Z,2026-09-02,3321.52,3321.52,3317.830896,false,3312,neither,60,https://solscan.io/tx/3GixZkwudvwiWqwoyaNbjMCfBjd4KQamRL7y6opkGdhHpHcWa8CsFBfXgUaonSUuEKxEZXecEQjhcyM8VpwaZVxD
2016 Pokemon Japanese XY Mythical & Legendary Dream Shine 1st Edition Full Art Mew #17 PSA 10,78544827,Black Pack,2026-09-02T23:28:52.842Z,2026-09-02,1917.86,1917.86,1923.433605,false,1825,neither,17,https://solscan.io/tx/394f6Rrviy79qe3jUKi63ke7BfAVDZUyrAh1g8WsdFBFGQLzdMtGM6gAKaKsseQpjbcYgmLMqAdXKRiAcxC75Vz8
1999 Pokemon Fossil 1st Edition Holo Raichu #14 PSA 10,27489310,Diamond Pack,2026-09-03T09:46:44.767Z,2026-09-03,6185.44,6185.44,6185.441903,true,5972.78,neither,91,https://solscan.io/tx/62jNoDkW7cYEkjQ1c5qCM2q2jPYTvZhkXZysdbkU7rcHoSLiTL1j1F93zMsZDH8JHqrhoGYhfQKQSsr5CWXErV5u
2000 Pokemon Gym Heroes 1st Edition Holo Sabrina's Gengar #14 PSA 9,52178648,Diamond Pack,2026-09-03T10:07:00.630Z,2026-09-03,3142.48,3142.48,3934.538911,false,3800,under_90_both,108,https://solscan.io/tx/4cxqpvheAKZTUWsYU2tTUeJSBwSkxzD8dxuFDvrosyDbWU1f3Pd8rEcNaSLjL3wDvMFvsmTs6iPQcfsoBas4969
2002 Pokemon Legendary Collection Reverse Holo Tentacruel #66 PSA 10 GEM MINT,28317630,Diamond Pack,2026-09-04T01:31:24.756Z,2026-09-04,3181.22,3181.22,16521.24131,false,5520,neither,31,https://solscan.io/tx/5JUvvFyoHA6vbvrRgScu95uaYNz48Spiyx7BAgZxVz9HijM5U3W5XA2z4dQRpzcE1bxxDcpUHT6SpG9ra9fgi1JJ
2003 Pokemon Skyridge Holo Raichu #H25 PSA 10,28994765,Diamond Pack,2026-09-04T05:36:45.923Z,2026-09-04,6244.74,6244.74,6244.737285,true,6219,neither,30,https://solscan.io/tx/3DUmvzy57YCcnV53WDNxJCgmR3N8jSSAQ3G45XB5Eun8L22ye5gSRD9MezUU8zbAYFtGmCHVYDcH7T8nFMhYHXV7
2016 Pokemon XY Promo Japanese Premium Champion Pack Jirachi #235XYP PSA 10,134846538,Diamond Pack,2026-09-04T11:47:59.755Z,2026-09-04,3565.29,3565.29,3198.886243,false,2325,neither,22,https://solscan.io/tx/4E3FSKpZvH4gNFUmAoMCqJuqP6bUjURb1Z4deAV8UrGjzPZnan8ZBfo3JSjuEtegqfMm7Jb3xNoeBsgcjGCrm7ex
2004 Pokemon Play Promo Japanese Holo Celebi #12 PSA 10,130064757,Black Pack,2026-09-04T22:12:18.827Z,2026-09-04,1911.73,1911.73,1648.852821,false,1525,over_110_both,20,https://solscan.io/tx/eieYbyTobNsSPAmkZroVKwrXX2693XDNYw4oSvYktFfaivzGe9gsnbooyDrEAxgZGUr7mcor5U5QpZsogQru3ws
2013 Pokemon Black and White Legendary Treasures Holo Charizard #19 PSA 10,27686628,Black Pack,2026-09-07T06:27:28.515Z,2026-09-07,5494.45,5494.45,7002.408187,false,5900,neither,90,https://solscan.io/tx/5jUwoxNkZspQC5yPB1Gu6fkotLWuzfUf9KRGHs59M88MBiP2j2rQvmd5BMijDL2j4E6b4MKNDmzaCCGWVRRLLrJf
2005 Pokemon Master Kit Side Deck Japanese 1st Edition Holo Aura's Lucario Ex #006 PSA 10,70056085,Black Pack,2026-09-07T06:28:37.192Z,2026-09-07,4967.31,4967.31,4967.308521,true,4735,neither,25,https://solscan.io/tx/5AN43sYGpPJ9njhWRUk7gD3izUVdMcZp1SuSSzrPwrfXi7fmoKrstaD3RxJZwtPmMw1mi1RsntG3rFQVXPpazJyY
2001 Pokemon Expedition Japanese 1st Edition Holo Blastoise #108 PSA 10,87284396,Black Pack,2026-09-07T06:40:40.397Z,2026-09-07,2657.01,2657.01,2854.149783,false,2880,neither,16,https://solscan.io/tx/3o2rZs2CiZgxJvxX3Dec78BwMr8gL9WZgemvsfdiAX38oHdWXuR2Wyu6bc1S1hnTYoCBsdRvwD1WYzbufPjDPVYZ
2004 Pokemon Kids Wb Promo Poke Card Creator Contest Pikachu #5 BGS 8.5,0018764101,Diamond Pack,2026-09-07T06:51:20.034Z,2026-09-07,6561.85,6561.85,6561.849555,true,4800,neither,67,https://solscan.io/tx/57qtgccBaAdJpG9Q1guLYcxJftBmyk4aCrPhWKsSpK7RxVwaBbPgx2HbE8JgoCkwP4tXBVUCGHAeGi4sbKvGPGc
2003 Pokemon Aquapolis Holo Umbreon #H29 BGS 8.5,0020282864,Black Pack,2026-09-07T06:59:54.669Z,2026-09-07,2798.77,2798.77,2798.773708,true,2173,neither,103,https://solscan.io/tx/FRRzNUBBuqeeHDXzXLgMaQEQjYTwoo3Ej2Gb755a4MPgtYgDzgWv2bH1h2MpfcfnUFXn77NeTSVdg2MCMWXr1XF
2007 Pokemon Gold Star Ex Power Keepers Holo Vaporeon #102 PSA 8,68065355,Diamond Pack,2026-09-07T07:03:41.642Z,2026-09-07,3321.39,3321.39,3797.691079,false,3800,under_90_both,17,https://solscan.io/tx/5VvBqnCqJxEYNCnYJ6yUDYh2FtnZTmywkKwjaaoWpQhy5242NjKVe4qAsTfb1X8niLA2ttRrvfpHZceXAY4zXmsi
2021 Pokemon Sword and Shield Evolving Skies Secret Rare Rayquaza Vmax #218 PSA 10,136991950,Black Pack,2026-09-07T08:37:03.929Z,2026-09-07,2626.47,2626.47,2626.468173,true,2125,neither,644,https://solscan.io/tx/3gXBJrUNJkmiBHjU8KM2wKX7b5EpnFDu4rF5nv4wUW7D2AY3qK15k14T2YWfVboEef8YhaB6F9SkkvCULrABEkcD
1999 Pokemon Spanish Base Set Booster Pack Charizard PSA 10 GEM MINT,47494747,Black Pack,2026-09-07T16:07:21.655Z,2026-09-07,1949.36,1949.36,761.401938,false,1467,neither,62,https://solscan.io/tx/cjxsZaPd2bp211iAS7NLLyiZsyDnBMmWnoNjsXC3muLDnbaErfqUkThyiTMcjDHjAh9W4J86qQ1ehu7FMT9GEvQ
2001 Pokemon Neo Revelation 1st Edition Holo Shining Gyarados #65 BGS 8,0020233719,Black Pack,2026-09-07T16:14:35.294Z,2026-09-07,2996.43,2996.43,2996.425678,true,3232,neither,46,https://solscan.io/tx/QA8g62Vq5aVMGDYfeKX3RcmUwJqDiq4NLdbtZQ8739uBrWQSpeFzpokQXzwFYwiyPSviiNgvxyVTqxx8vQmDhfD
1999 Pokemon Japanese Gym 2 Holo Rocket's Mewtwo #150 PSA 10 GEM MINT,70604609,Black Pack,2026-09-07T16:18:14.439Z,2026-09-07,2838.38,2838.38,2838.376243,true,2600,neither,111,https://solscan.io/tx/nxW1dK4AJgkY7LJYrBaG5NQwGkJE2vG32iniw7qWwrc7iRw4xscqk4FeADWQbAhfiELX2iRcZ3oZZs6aCGdgTVC
2019 Pokemon Sun and Moon Black Star Promo Tag Team Tins Pikachu/Zekrom Gx #SM168 PSA 10,57955602,Black Pack,2026-09-07T16:21:49.892Z,2026-09-07,3436.75,3436.75,3193.452917,false,3180,neither,132,https://solscan.io/tx/22P9D1Wka8kdmLJk9rVs7vdXtYHxo6SGiLDYx68BPPhXdmUvCEVY3r2EbhWdFHXF49J2e1RqZWnyoprFqVJyB4Nf
2002 Pokemon Expedition Reverse Holo Blastoise #37 PSA 10,78683480,Black Pack,2026-09-07T16:22:54.944Z,2026-09-07,2481.21,2481.21,5337.526031,false,1168,neither,17,https://solscan.io/tx/5tFaKXT5S7PGnWDbDZV9HaP9rrkbK1cDLwbAmY9k2eexyPgW8Yyb7c1RLnT95p18sDJgGfKtdbnz2i3hmZcwEFWv
1999 Pokemon Japanese Movie Promo Ancient Mew II PSA 10 GEM MINT,142306052,Black Pack,2026-09-07T16:26:48.952Z,2026-09-07,2919.95,,2919.94873,true,,neither,,https://solscan.io/tx/sdpz8jYQdrfcAFmw2xS1ZFagPraydQEz1WLtQemJFjyHzTKQu5Yw8o745HdmsPwQBk8RPygnN5eKyLmMuqvrFEm
2004 Pokemon Ex Hidden Legends Holo Registeel Ex #99 PSA 10,120579498,Black Pack,2026-09-07T16:44:34.856Z,2026-09-07,2526.32,2526.32,3304.440391,false,2880,under_90_both,39,https://solscan.io/tx/SnqKSo5MA2cjBQYcdf3x9B3Ntc2Z8N44U1BrgESBxKXcpWYumUcJ91tEJoxCYzCEaLZjQLyT9EeMpVEEz5Ta3jo
1999 Pokemon Spanish Base Set Booster Pack Charizard PSA 10 GEM MINT,47494747,Black Pack,2026-09-07T16:47:35.339Z,2026-09-07,1949.36,1949.36,761.401938,false,1467,neither,12,https://solscan.io/tx/4t2BKEXWZw6AQSkHVKpyTzFzrCAtac4hYs6JtZRbw3n6CMAMntiRRx35qG1Ejcsx6dnd4hPmsvyBWVGSuJSgnGoi
2000 Pokemon Neo 2 Crossing the Ruins Japanese Holo Umbreon #197 PSA 10,29090974,Black Pack,2026-09-07T16:48:10.824Z,2026-09-07,5789.39,5789.39,5813.413811,false,5000,neither,17,https://solscan.io/tx/5nZ3nfYuinM3eR9hLLfgjDgCLbuVRxBdqeo98hNVFEe8BAQmEzgcHCEvGPTwedM4MX3uS79zMcJYFarpdn8x2qPM
2010 Pokemon HeartGold & SoulSilver Triumphant Holo Magnezone #96 PSA 10 GEM MINT,96605353,Black Pack,2026-09-07T16:51:05.164Z,2026-09-07,1637.02,1637.02,2598.50498,false,2250,under_90_both,10,https://solscan.io/tx/5rCDpASRZU2ep4LFwkiLX2XZbwcu8BBKwudWQHSXoAgvHWX7sKG2XfYXhUXuKoKvocD6D5y1eiJpSH6ehDLQsaQ9
1996 Pokemon Japanese CoroCoro Comic Promo Glossy Jigglypuff #39 CGC 5 EX,6194082073,Black Pack,2026-09-07T16:52:13.360Z,2026-09-07,1623.65,1623.65,705.208537,false,492,neither,21,https://solscan.io/tx/5MeMs6TkycJt67n1CkS9mWWaHTcoQdc6zbGgPxTRwcMds9RFSTUHz2n9YRtJTHQgEgDdffnMFLWFbrwgHyXwDVEY
2003 Pokemon Skyridge Holo Politoed #H23 PSA 10 GEM MINT,28721420,Black Pack,2026-09-07T16:52:29.586Z,2026-09-07,5069.14,5069.14,4941.685042,false,5500,neither,14,https://solscan.io/tx/5Fz6UkFBk7VXJcmZHN4GQUJbB3iP8a6svEieJNLhRLuwZRwo4auCuMLJEzjdpoadV2cFCa9gyxoECHEbQu5MAEsq
2005 Pokemon Golden Sky Silvery Ocean Japanese 1st Edition Entei Gold Star #19 PSA 9,98205222,Black Pack,2026-09-07T16:56:36.902Z,2026-09-07,2978.58,2978.58,2978.583601,true,2859,neither,13,https://solscan.io/tx/F3pb47ze8AswkrYqN9TM38hYWdJz2YbVEqcJs3ZoSyChzcKeL44AS1y2ybEeb6sdnaQvBaZFhxfQSTrkkYPdb8F
2019 Pokemon Sun and Moon Black Star Promo Tag Team Tins Pikachu/Zekrom Gx #SM168 PSA 10,57955602,Black Pack,2026-09-07T17:04:45.548Z,2026-09-07,3436.75,3436.75,3193.452917,false,3180,neither,10,https://solscan.io/tx/2YrJpCmHapfBdvekbEGikXBFzXVxLkjwp5KDFwNJpVta3e9oRFBm64kdVje3UWvKypjbKZEaEGzbFhoC2SfgDQup
2003 Pokemon EX Dragon Holo Dragonite EX #90 CGC 10 GEM MINT,1401026611033,Black Pack,2026-09-07T17:05:53.181Z,2026-09-07,3119.28,3119.28,3996.278789,false,3168,neither,19,https://solscan.io/tx/24Nkie8wEUbdJzuByBLqobyCwnrsxsk3uU1LRamMzEfKPFYoWtsoAkEoSDmv4eBZnKxx3HxGeRg7QKig82MmZKeS
2005 Pokemon Master Kit Side Deck Japanese 1st Edition Holo Aura's Lucario Ex #006 PSA 10,70056085,Black Pack,2026-09-07T17:08:12.959Z,2026-09-07,4967.31,4967.31,4967.308521,true,4735,neither,11,https://solscan.io/tx/3czj3vUkesTSi2hnxLudQdsyc3ftkiyqe5UeQdTZviyUFc57DxxKiYs45Zc4ZNBjieQFHF7nJfRhLdkQNASiMpdo
2002 Pokemon Expedition Reverse Holo Blastoise #37 PSA 10,78683480,Black Pack,2026-09-07T17:09:10.413Z,2026-09-07,2481.21,2481.21,5337.526031,false,1168,neither,16,https://solscan.io/tx/2XmpNsp5Yh7bdzVayMNzLC37ejoTSeyv2dtUAAewhyBrZLu9nm6R2LiedK87rUHWkkhpjgkqsqvcAT3vzYBHBASH
2000 Pokemon Neo Genesis 1st Edition Holo Kingdra #8 PSA 10,25690228,Black Pack,2026-09-07T17:09:32.524Z,2026-09-07,2605.56,2605.56,3639.27601,false,3411.1,under_90_both,18,https://solscan.io/tx/5t9K2DCGoNXmXCCorzK6gWmQzpVsjaX8ad9EWwS5GWjCPat6S1Hv96uPpot8qDPB8FnnUGC4BKUAkGhq4oqaKzcy
1999 Pokemon Japanese Gym 2 Holo Rocket's Mewtwo #150 PSA 10 GEM MINT,70604609,Black Pack,2026-09-07T17:10:20.181Z,2026-09-07,2838.38,2838.38,2838.376243,true,2600,neither,13,https://solscan.io/tx/62cZnK17syWt9WLRU7KQ8YmRuLcXSSQSU5rBzPRqUwRbHt4zDqBvHce68Q8Ewmi7Me629DY712wx7v2NSWmgdeGd
2010 Pokemon Reviving Legends Japanese Holo 1st Edition Umbreon #37 PSA 10,84977635,Black Pack,2026-09-07T17:15:21.926Z,2026-09-07,1944.84,1944.84,1944.840421,true,1751,neither,10,https://solscan.io/tx/5GGZafQhR6PJsZ84YWvsRMeE3U2e4DXXLL6TqX8TH1r2fHWSjHaUmtMKVRLDWqs3APnW926hYcAXY6hkVNXvb5fz
2025 Pokemon Mega Evolution Phantasmal Flames Special Illustration Rare Mega Charizard X Ex #125 PSA 10,151814714,Black Pack,2026-09-07T17:15:59.045Z,2026-09-07,1887,1887,1832.658086,false,1976,neither,10,https://solscan.io/tx/FwUgRszN1RzH4m6vyna71kKhMcYe57pFFEcnnmjy6TnJDWRBMwAWjNHqtw3ZEHpdhR9ed8pm6aMuR9nMTs6gUA3
1998 Pokemon Vending Series 3 Japanese Pokemon Machine PSA 10,70779402,Black Pack,2026-09-07T17:18:51.416Z,2026-09-07,1617.08,1617.08,1297.982488,false,1595.95,neither,11,https://solscan.io/tx/37Dk86NgSeMNvrGF3ahGgjinSjfDwFx68ozwGRGUM6PTtpLr6qE6debik81eSDBvnuhN5ZaZqwJ2ZTFCxJr6oqnp
1999 Pokemon Japanese Gym 2 Holo Rocket's Mewtwo #150 PSA 10 GEM MINT,70604609,Black Pack,2026-09-07T17:19:21.032Z,2026-09-07,2838.38,2838.38,2838.376243,true,2600,neither,15,https://solscan.io/tx/4g2BRcrnQpEg8DqLxYgLkaqf7ki7d4g3k2wRgocKP7wRHtjLHNJZEwkj1L9a6EUjkzC77Tawn5c9bh66h1fb876R
2000 Topps Pokemon TV Charizard #6 PSA 10 GEM MINT,41543071,Black Pack,2026-09-07T17:21:10.278Z,2026-09-07,3199.63,3199.63,2641.34917,true,3750,neither,11,https://solscan.io/tx/67pfu93vs3eYUP5tZHcVZokfuVZg3AkvRnhsVRMLc7g4nYBfcjE8fpTBcbwmrmju5EJm364z9Vi79CzhVm7CAc2G
2008 Pokemon Japanese Promo DP Card Exchange Holo Pichu #112 BGS 10 PRISTINE,0015183379,Black Pack,2026-09-07T17:22:22.156Z,2026-09-07,2924.07,2924.07,2924.072084,true,2545,neither,12,https://solscan.io/tx/2SUXhFAeiPCCYXVTx7ELjEW5yNG3eUFH7GeYRPzH1FR61JgVhQCzw99rrPAMhdX4PW2voEJECQMwBH2S6DicGkL3
1998 Pokemon Vending Series 3 Japanese Pokemon Machine PSA 10,70779402,Black Pack,2026-09-07T17:22:50.140Z,2026-09-07,1617.08,1617.08,1297.982488,false,1595.95,neither,8,https://solscan.io/tx/2EbAFS3C2uY1x9yGmSPcx1HuQMV7YfjMKGpzrkWEuzHzms5nQRE5ZX1CjS9BZRuG58jUP32L5Ud9nVr1rvnxmXMS
1999 Pokemon Base Set Shadowless 1st Ed. Thin Stamp Holo Nidoking #11 BGS 8.5,0012578416,Black Pack,2026-09-07T17:23:35.192Z,2026-09-07,2946.58,2946.58,2946.578915,true,811,neither,12,https://solscan.io/tx/4ucKKxwoPMFUyp1uCz6c3Jv11ebjS6PjCr4CRHYa6GMXxmY2Z3SnM88Kq1cCr3kp7pZz8KRxoVpUJAm73ynYDEwG
2018 Pokemon Japanese Sun & Moon Promo Center Yokohama's Pikachu #281 PSA 10 GEM MINT,88462091,Black Pack,2026-09-07T17:24:53.785Z,2026-09-07,1849.68,1849.68,1611.081681,false,1705,neither,11,https://solscan.io/tx/2nJxRmiL99M9MXhqjZHeMVtCakdP2tSHbbYNFXUnqo8ppaPGrexGH7gLN6Wixp1HxEgDq9xNz5oH5c7u23GZHrZ3
2000 Pokemon Gym Challenge 1st Edition Holo Brock's Ninetales #3 PSA 10,40894132,Black Pack,2026-09-07T17:26:45.550Z,2026-09-07,2090.67,2090.67,2247.975897,false,2475,neither,10,https://solscan.io/tx/g5cE8qZeJGL4pmxeJgPvddRS8XjTks3Hhazkz9wHRwcQaaYfKryNeUL5TsRdYYWJUPB3xx8w51wZ6X5YLLE8aQX
2002 Pokemon the Town On No Map Japanese Holo 1st Edition Arcanine #017 PSA 10,52369863,Black Pack,2026-09-07T17:28:33.154Z,2026-09-07,2844.75,2844.75,2713.472759,false,3041.42,neither,14,https://solscan.io/tx/AkUcUsvq9KZY5YMBgdnzPXRxUsoC2U15GSi4gGifMMDR3yXNWjBxndQc6mc6L4QRuiP7zKtABzw7NQNZQjnx1on
2010 Pokemon HeartGold & SoulSilver Triumphant Holo Magnezone #96 PSA 10 GEM MINT,96605353,Black Pack,2026-09-07T17:29:51.992Z,2026-09-07,1637.02,1637.02,2598.50498,false,2250,under_90_both,10,https://solscan.io/tx/aVAoRm7rQeCdNwkECHYgyNiSMkGqobnSR34KgjrTASwrzQgfrLFDntDJymw87PZc44dZi6s5LgZyvAsDak8uxjL
1996 Pokemon Base Set Japanese Holo Charizard #006 PSA 9,54041878,Black Pack,2026-09-07T17:30:39.830Z,2026-09-07,2853.3,2853.3,3038.377204,false,3150,neither,14,https://solscan.io/tx/m5XMjmfv6L6A8sCXL1W6pFm5wYzPvQV19C2U8fYKFW4qn8y9bjaQCJVTgCihFozm9K4XJXHAp6Q6aQiTTVd9fUN
1999 Pokemon Base Set Shadowless 1st Ed. Thin Stamp Holo Nidoking #11 BGS 8.5,0012578416,Black Pack,2026-09-07T17:34:27.239Z,2026-09-07,2946.58,2946.58,2946.578915,true,811,neither,13,https://solscan.io/tx/4RfDDBaKQDXtCpFBeQPHY6vRTaWnqBXZXstHkmeGuBHTVR61mQekW85KTZG5YR9hmSvvsXVw7ArcXeKrkeBkiKsP
2000 Topps Pokemon TV Charizard #6 PSA 10 GEM MINT,41543071,Diamond Pack,2026-09-07T21:50:58.895Z,2026-09-07,3199.63,3199.63,2641.34917,true,3750,neither,17,https://solscan.io/tx/3TYYCo8oz7BepdVWyaSnh4qPK9dDNjVqAzxT9DwrCGH7YvVPXFukWbapS9mNcGHz6i3Z2MPaTK6wcuaLyTHtCVfQ
2010 Pokemon Reviving Legends Japanese Holo 1st Edition Umbreon #37 PSA 10,84977635,Black Pack,2026-09-08T01:59:10.104Z,2026-09-08,1944.84,1944.84,1944.840421,true,1751,neither,11,https://solscan.io/tx/5NeMKLBibqvuTmYUiGamLaECur2uYR84gKApSf5DcUCuctVUyRj6qgEnwZjCedrcTfXcPm9qkhqLRnSoKv3rWjJj
2010 Pokemon Reviving Legends Japanese Holo 1st Edition Umbreon #37 PSA 10,84977635,Black Pack,2026-09-08T02:27:22.732Z,2026-09-08,1944.84,1944.84,1944.840421,true,1751,neither,13,https://solscan.io/tx/2cMPfT6id9TjgfSZbqM3x8DBjossF1PXb91RQBaTxPDht3ZVvGY71qszufvRRSghH68Fq5vhvCxrqFyoCNKsTVDq
2025 Pokemon Mega Evolution Phantasmal Flames Special Illustration Rare Mega Charizard X Ex #125 PSA 10,151814714,Black Pack,2026-09-08T02:29:07.856Z,2026-09-08,1887,1887,1776.864113,false,1925,neither,10,https://solscan.io/tx/5PEub57ytijmUeBS5HGjQs2BSEm1dGD5GBBFoahwbLpzEEZb6ZXYcbrPCetqRipervL38kJ9dhcYyfi1zgToVx3T
2009 Pokemon Japanese Melee! Scramble Lucario #12 PSA 10 GEM MINT,67733129,Black Pack,2026-09-08T02:29:30.833Z,2026-09-08,2403.84,2403.84,2272.813005,false,2299.99,neither,20,https://solscan.io/tx/5hjKCsMKZUKQVn9xG27yJCSKhYRbtS6mpx4iTZk4VZBAHL4j4pJLtxpXzDVWt7h6nBMQPuy34SQ33ybW5VeEZkcS
1996 Pokemon Base Set Japanese Holo Charizard #006 PSA 9,54041878,Black Pack,2026-09-08T02:33:02.561Z,2026-09-08,2853.3,2853.3,2992.901178,false,3150,neither,50,https://solscan.io/tx/fkJHB1DtkWatdtaY5sfhtS8c91aJFffbmTtk4G57S8WDmNvX152ctZqthS1YNEg8PaBDFwoFA5ft6cCPkicApib
2007 Pokemon Gold Star Ex Power Keepers Holo Vaporeon #102 PSA 8,68065355,Diamond Pack,2026-09-08T02:57:26.368Z,2026-09-08,3321.39,3321.39,3805.894604,false,3920,under_90_both,10,https://solscan.io/tx/5T3VombQKfCvcgCfYiScrv9vnaFTvCdyMiEN4cWnjrggf8GyzcRG91Aby2hfxXrjrXhwxAcBuvGuMq1RsvGKrYhz
2022 Pokemon Sword & Shield Lost Origin Alt Art Giratina V #186 BGS 9.5 GEM MINT,0017456082,Black Pack,2026-09-08T03:13:53.764Z,2026-09-08,2023,2023,1887.272986,false,1981,neither,12,https://solscan.io/tx/4WSTztatqQPo29D7ePBVZNM4Ezv1CiSjjKahe5FY8Et4eBvfXequFQDYcWoXhp5NkEPXHwwBGTVRiM6tLVMYMTBA
2009 Pokemon Japanese Melee! Scramble Lucario #12 PSA 10 GEM MINT,67733129,Black Pack,2026-09-09T04:11:25.892Z,2026-09-09,2403.84,,2292.205705,false,,neither,,https://solscan.io/tx/67MwqAXE3gNzNgiRrvuKSwk9gH9MEnFwcMn5BggNiTMY8xqZe7pdSbx5tGXtG5WTzahZysUgnsHDgRu6xZz7C9Cj
1999 Pokemon Base Set Shadowless 1st Edition Dragonair #18 PSA 10 GEM MINT,41283468,Black Pack,2026-09-09T05:15:10.153Z,2026-09-09,5858.17,,6080.187028,false,,neither,,https://solscan.io/tx/2Kbnrqy4gtjCgxTbDNDVm7niG7cCU8zokqKs7JuiKVgnDCVhhsjjebPRsRVrKh63bbP8Zy4kGoJ3MTHZq9kiexvB
1999 Pokemon Movie Promo Japanese Ancient Mew II PSA 10,04241180,Black Pack,2026-09-09T05:17:16.364Z,2026-09-09,2920.38,,2413.970923,false,,neither,,https://solscan.io/tx/2ALUNxcoHSPxN2YmjuQPyY71esb9yPqXCBKxJTtHPjzjMzdgEBbQuoRncSv6DXh5QD5RrQbjithrJLkcMqZrzJfH
2018 Pokemon Japanese Sun & Moon Promo Center Yokohama's Pikachu #281 PSA 10 GEM MINT,88462091,Black Pack,2026-09-09T13:19:48.480Z,2026-09-09,1849.68,,1584.234359,false,,neither,,https://solscan.io/tx/3yDcQhr9jvXdMNPxKSSEGifvH9LDZv5EgYK3Es8ityvnFkh5TtrSpryEwgySeHQjk38Nh4gtugCBvhbVf4t8aXjQ
1999 Pokemon Base Set 1st Edition Haunter #29 PSA 10,28992689,Black Pack,2026-09-10T04:08:38.894Z,2026-09-10,1620.08,,2311.117114,false,,neither,,https://solscan.io/tx/48dahFLCuD6mB4hfw3JZUrq9vgskBYxqn2Ln9jvtuNGL7h62X9xm2SXKNfCzHh6mnQUmQnU5rbSmJjSkscBLcjW
2002 Pokemon the Town On No Map Japanese Holo 1st Edition Arcanine #017 PSA 10,52369863,Black Pack,2026-09-10T04:09:15.037Z,2026-09-10,2844.75,,2777.38286,false,,neither,,https://solscan.io/tx/4nCKy5NktGSQex5Be6siE2YjQXVsaAscLpuW181y4KFdpBvsJUfcjgeh3e6WRksfYCVZtrkGH4PnXR7jgU6Lxn7o
1996 Pokemon Base Set Japanese Holo Charizard #006 PSA 9,54041878,Black Pack,2026-09-10T04:11:43.025Z,2026-09-10,2853.3,,2919.45588,false,,neither,,https://solscan.io/tx/2sQ7Q4Bc7L3XrNt25q9wvGY66zTXp8Ytpt2EM43JYCeRfuncX68b1HSbCwe3da3A6oSXGk78zBetBFVG69CGEf2Y
2000 Pokemon Neo Genesis 1st Edition Holo Lugia #9 PSA 8,136992631,Black Pack,2026-09-10T04:16:00.846Z,2026-09-10,5219.24,,5219.237837,true,,neither,,https://solscan.io/tx/3KDVUUj553SnMa9M5v1JfV8nAeN55b9uZmHYUG2RHoaCGVEGHwSeDboXCuoEo4L2YCq1RzqmdbFuF4f2WQcrcJE6
2001 Pokemon Neo Revelation 1st Edition Holo Crobat #4 PSA 10,64454736,Black Pack,2026-09-10T04:47:09.517Z,2026-09-10,2266.23,,2385.653909,false,,neither,,https://solscan.io/tx/4Ny3HRi1gPGzxbBedYqAesv9Tj8gK25E3kjqaVRXD4HNjY5ngdSZqDoTC2fHRXZ1bTXY41jzoZ6jM7eztBC7gtLx
2025 Pokemon Scarlet and Violet Collect 151 Journey Simplified Chinese Art Rare Pikachu #172 PSA 10,127309438,Black Pack,2026-09-10T04:47:23.492Z,2026-09-10,2903.57,,2822.135838,false,,neither,,https://solscan.io/tx/4HwDvor5d25En6w4kyLxy3ZwxYyheYNK1HSLWYLWWGrnjZDkge2G12Z9UBDW7BmzZJR9F1mtBurKbF3hscMAagGj
2000 Pokemon Team Rocket Holo Dark Charizard #4 CGC 10,6184892003,Black Pack,2026-09-10T04:48:56.552Z,2026-09-10,1682.5,,1770.666212,false,,neither,,https://solscan.io/tx/44SBtobMgTTv9baMAJhSWzdLAHYHrrNbw2f9haD9oWU72gwFLjKF1Gs2SEj4oEMq23hAFxsfk4DgRxbbh6AtjoqH
2006 Pokemon EX Crystal Guardians Reverse Holo Bulbasaur #45 PSA 10 GEM MINT,43346337,Black Pack,2026-09-11T03:53:48.051Z,2026-09-11,2486.59,2486.59,5568.97809,false,3189,neither,143,https://solscan.io/tx/5M5TEs53QM7pyGr5Rhgru3gNs37CJfbRZTVVYjpPHR4NZ2YRPJvT8EGJBiqjsP465bESh5j58nC9NA216btx9jsu
2000 Pokemon Neo Genesis 1st Edition Holo Lugia #9 PSA 8,136992631,Black Pack,2026-09-12T00:31:39.778Z,2026-09-12,5219.24,5219.24,5219.237837,true,5280,neither,277,https://solscan.io/tx/4CJx1kENeLYc7YnfwkBcwFm8pF7VrWoTRage9USmWjm1yTBearWHkQxZwq2CTrj7xNHNWUYqZ15YjSEGqmkf71DS
2000 Pokemon Team Rocket Holo Dark Charizard #4 CGC 10,6184892003,Black Pack,2026-09-12T05:57:14.817Z,2026-09-12,1682.5,1682.5,1831.163444,false,2180,neither,13,https://solscan.io/tx/688cZYDNMVDRhV9nF8myAPPrLqbcB1izzXXhN4h2Q4Bny2oyouTXxWL2SQpcoLRjBe1Rrz4qVNKhNjvXJJg4FKw
2007 Pokemon Japanese Diamond & Pearl Dawn Dash 1st Edition Holo Glaceon LV.X PSA 10 GEM MINT,71091461,Black Pack,2026-09-12T05:59:26.465Z,2026-09-12,2222.4,2222.4,1864.284648,false,1647.95,over_110_both,12,https://solscan.io/tx/jARgvcxAfxXuQWE88ocMKHgkssUZBssZqYYaA7G8EeX2HFUhRu7tXzwv8zue9CNGBtvaMwcWMX3r8NNdCH1rzjP
2007 Pokemon Japanese Diamond & Pearl Dawn Dash 1st Edition Holo Glaceon LV.X PSA 10 GEM MINT,71091461,Black Pack,2026-09-12T06:03:50.326Z,2026-09-12,2222.4,2222.4,1864.284648,false,1647.95,over_110_both,26,https://solscan.io/tx/4CaCWJSSsrReduREGCv9oahFSEkAMSHqZz44tmtcLTW1G2bdYNijSmrv3Qvv2g4ChG3hP9skvQ279VyMsEH9tz2S
1999 Pokemon Japanese Gym 2 Trainer Koga's Ninja Trick PSA 10 GEM MINT,48561531,Black Pack,2026-09-12T16:36:42.421Z,2026-09-12,1733.64,1733.64,1733.641364,true,1899,neither,21,https://solscan.io/tx/383B6xC5tKcbdEnjz385mhpCcpwNQiA7wLUPP2efRXmVs9BGhALroPLXMkN6f6n4LNW74paxgA6iKiHEEutF2Pa9
2000 Pokemon Neo Genesis 1st Edition Holo Lugia #9 PSA 8,136992631,Black Pack,2026-09-13T22:30:56.447Z,2026-09-13,5219.24,5219.24,5219.237837,true,5280,neither,25,https://solscan.io/tx/5y38FkP8hh628FF43oxqP9mJJaoF28YZQGqmxH9vm669kDF1WTte9npELNPyUqSB2KjQ6ztjPjfmZesGgk3DgGaU
1999 Pokemon Base Set Holo 1st Edition Raichu #14 PSA 9,154763373,Diamond Pack,2026-09-14T18:18:48.055Z,2026-09-14,3163.75,3163.75,3529.562315,false,4342,under_90_both,103,https://solscan.io/tx/5XugYPn9Gkr1nZ6dwbRffmjpEHbVHQiuDeg86xAJSShU1bo5NVNj2kYaPpWZexQQ9DgWrd4WQqDwSB2dtMy1Lyy8
2021 Pokemon XY Sword and Shield Promo Japanese Stamp Box Pikachu #227 PSA 9,143857464,Black Pack,2026-09-14T19:53:55.157Z,2026-09-14,2376.1,2376.1,1977.864896,false,1913,over_110_both,15,https://solscan.io/tx/39DU3NQikUgYPAfCXXYpfZeXB8NygrawQ7CbLE92EXXbkHF4VV81nmaiQPFKoBRCBpFZTUC7Nox1f7E3CuypsJnj
2005 Pokemon EX Emerald Reverse Holo Rayquaza #9 PSA 8 NM-MT,72331441,Diamond Pack,2026-09-15T07:42:46.170Z,2026-09-15,3009.58,3009.58,3009.580183,true,4000,neither,14,https://solscan.io/tx/2KgJQyFQyoCeBumUuj9H5dMBoHRiNfFq8gyyR5qXZbGrZCE6iheXRa4bzmqoqaa2Ww741Vt8RVEUT1k5FjaqBaMh
2002 Pokemon Legendary Collection Reverse Holo Dark Slowbro #8 CGC 10 GEM MINT,4149683008,Black Pack,2026-09-15T07:44:17.877Z,2026-09-15,1551.71,1551.71,3174.779145,false,3120,under_90_both,15,https://solscan.io/tx/2R9Y97pEk5gQhBcnQ7nJPWFVUchK9SyPfa3Rb5hpkzCJsQ3k9DvnGkGowGEnxtSeJknEtsN6vzkqk4sbd7WaTnJV
2021 Pokemon Sword & Shield Evolving Skies Alt Art Umbreon VMAX #215 PSA 9 MINT,122658234,Black Pack,2026-09-15T07:47:23.523Z,2026-09-15,2019.59,2019.59,1929.290564,false,2015,neither,18,https://solscan.io/tx/5Jy6QgtMDgEtBA51hWZTgfXzXygb3SbLsZ9JZHAZgzoqApk6Vyb9zEmdna6STfGXfpNfB37D9JyJ71TM9vDrcUku
2003 Pokemon Skyridge Holo Politoed #H23 PSA 10 GEM MINT,28721420,Black Pack,2026-09-15T07:47:57.820Z,2026-09-15,5069.14,5069.14,5042.941896,false,5200,neither,13,https://solscan.io/tx/32rvk5YykE8D1bh1XRmszXNV4SR46Fm1FCmhMLRECTirTAHkRz8s5b1FCHbiQrS5petLkGPKvLNSRq6m5aANLPWp
1999 Pokemon Jungle No Symbol Holo Vileplume #15B PSA 10,27445950,Black Pack,2026-09-15T07:50:20.835Z,2026-09-15,2431.97,2431.97,3212.093684,false,1932,neither,20,https://solscan.io/tx/5gkLn84EN3R4tjPAL7Qw3PDQmab3hAfqAzG6yZg7HU7CT2mGsRSmhziFnEcWSeZMWbmrDfWgqDJ2kEofkgxLw6PV
1996 Pokemon Japanese Base Set Holo Hitmonchan #107 PSA 10 GEM MINT,94964303,Black Pack,2026-09-15T07:53:13.716Z,2026-09-15,1583.74,1583.74,1681.698646,false,1222,neither,22,https://solscan.io/tx/3wwDrZUoNh2zNjyDu498Z5kiLxe8sPsh5pTbZWixBe8FQFQGgzhcL4pLE8MoP4G83uLxvxUj1ku73FFZFcLzxiGR
2021 Pokemon XY Sword and Shield Promo Japanese Stamp Box Pikachu #227 PSA 9,143857464,Black Pack,2026-09-15T07:54:50.065Z,2026-09-15,2376.1,2376.1,1976.179958,false,1913,over_110_both,13,https://solscan.io/tx/2dWFe6qimhJjVFH7KrnZbNt3wcvvVwgPofDRoRsacRq2oRd2drVourJbfgkYeqEXLUiFRWYvTNnBWbEhrAURZKsB
2002 Pokemon Legendary Collection Reverse Holo Caterpie #69 PSA 10 GEM MINT,28256413,Diamond Pack,2026-09-16T02:04:34.194Z,2026-09-16,5492.2,5492.2,3260.102734,false,4131,over_110_both,155,https://solscan.io/tx/5CerCmcRCNvwSydh7PZ3AAkQiVtxwoDXqAnxo6NEy2yZB92mPYN1J9h7q8FWEnbh4qZZ4GBykeFRD4Q8E3STx3T1
2005 Pokemon Ex Delta Species Holo Latios #9 PSA 10,28601599,Diamond Pack,2026-09-16T03:49:50.031Z,2026-09-16,3650,3650,,,4578,neither,15,https://solscan.io/tx/4A7qXsZGMNveRWDb1HwFuJyU8z31u7nvQUwdmjNMEJSwU5McTUgdENYSLxDYh4f3MiwzrqBtntKJGJe87wZndL2z
2002 Pokemon Neo Destiny 1st Edition Holo Dark Donphan #3 PSA 10,56446289,Black Pack,2026-09-16T08:00:01.350Z,2026-09-16,2718.9,2718.9,3567.648289,false,2533,neither,257,https://solscan.io/tx/4K22QdqZdtmEu4hcVUAhHzhZqczBP877UeR4ZiXYRWo1grxfGXA2YTtiqqFFZweGMsXn1LCQJgggFQQ1XgLiLoZn
2002 Pokemon Legendary Collection Reverse Holo Caterpie #69 PSA 10 GEM MINT,28256413,Black Pack,2026-09-16T08:16:49.645Z,2026-09-16,5492.2,5492.2,3260.102734,false,4131,over_110_both,789,https://solscan.io/tx/34zMvDc21s7Zq5izsCoRp8NqMwdfnLChHrB4vECGJdA4vhmYgqQdsX2jgJDGgwyKSjWKtQ83Htd2iFvf3NY5HsWF
1999 Pokemon Fossil 1st Edition Holo Hypno #8 PSA 10,51203726,Black Pack,2026-09-16T08:17:56.601Z,2026-09-16,2145.239999,2145.24,2263.90027,false,2192,neither,28,https://solscan.io/tx/42HtcYqi8k7bFkmQFQpLGrUGPsyHzmDVZeSsPsixj68pce3Zy7HHHuZd9TUb3CpphRMWUvFmFyvZwJf2C7nXh8pY
1996 Pokemon Japanese Base Set Holo Hitmonchan #107 PSA 10 GEM MINT,94964303,Black Pack,2026-09-16T08:19:15.717Z,2026-09-16,1583.74,1583.74,1707.754559,false,1635,neither,15,https://solscan.io/tx/5gw1mfy7wZ8bkygCs5U5FFJVT2WbKyLzn5eZoSYa4v5ohFmRNVav19nt62g3bq35LrKuioaKhudMnEJgmp5Cb3Ga
2010 Pokemon HeartGold & SoulSilver Triumphant Holo Yanmega #98 PSA 10 GEM MINT,95363507,Black Pack,2026-09-16T08:20:37.728Z,2026-09-16,1684.65,1684.65,2785.939435,false,2789,under_90_both,12,https://solscan.io/tx/58SLiAajRUaUxe3mXkwNBDzd8u2h5Tf1CVcJuQsp4KmSDwSb1MbTAGjtHPEvSwf66saGr4a18Cib4DsKqjPuihGT
2002 Pokemon Neo Destiny 1st Edition Holo Dark Donphan #3 PSA 10,56446289,Black Pack,2026-09-16T08:20:51.741Z,2026-09-16,2718.9,2718.9,3567.648289,false,2533,neither,12,https://solscan.io/tx/2XkxVrkRVV1b3w998GoY3sTgr65C31YmrA5tBinRdv24ZXA6pkppMD2UbUvmkMuV4HftepydXvBu1367YKdWVvbk
2010 Pokemon HeartGold & SoulSilver Triumphant Holo Yanmega #98 PSA 10 GEM MINT,95363507,Black Pack,2026-09-16T08:22:23.255Z,2026-09-16,1684.65,1684.65,2785.939435,false,2789,under_90_both,25,https://solscan.io/tx/38aS27PtvfTTHrWjHpar5ikuKHZvh6KYcgQMNAgKAioAJB92LDwDRHNJ3cyXBbqhwdko6pF7yGf9dpELAh7ozg3N
2022 Pokemon Sword & Shield Lost Origin Alt Art Giratina V #186 BGS 9.5 GEM MINT,0017456082,Black Pack,2026-09-16T08:43:53.912Z,2026-09-16,2023,2023,2040.759368,false,2148,neither,15,https://solscan.io/tx/5NstqfiF73GT77fz8LCfdnUp3SFeP7rRngE94LDZYkWcLE1NKHfK6HfBSJD5XHAzbWiWA35fkz2CHUusXUTFwgFG
1999 Pokemon Japanese Gym 2 Trainer Koga's Ninja Trick PSA 10 GEM MINT,48561531,Black Pack,2026-09-16T09:20:06.541Z,2026-09-16,1733.64,1733.64,1733.641364,true,1700,neither,59,https://solscan.io/tx/gAxpGi8fvxbwYE4GiSJqjWnxzMhK7CHjG4RPf9BEbu8grb5SsaWNkFsCRdU8VWP8smBZWNoWfxwCCDMpK4m7JvN
1999 Pokemon Base Set 1st Edition Haunter #29 PSA 10,28992689,Black Pack,2026-09-16T09:36:37.425Z,2026-09-16,1620.08,1620.08,2458.893697,false,1831,neither,45,https://solscan.io/tx/5QtV94YjvCGu31UqhQBNMHTmgnP63wURRZAdDmYkLnSpdnVJjpfrEno5ptNR6uGrPH13a6bMrZJMoJDF6wMYrKQn
2002 Pokemon Expedition Holo Venusaur #30 PSA 10,41067350,Diamond Pack,2026-09-17T00:48:35.862Z,2026-09-17,5405.64,,6346.181592,false,,neither,,https://solscan.io/tx/5gH4HQR9RnVxDvLu6e5jYpwnMqB6VM6JQUXqUZCNZ362zxeWrYmCvhFe4hQ5rKVixoXLJuhZ6gVM1dPmkDEzkHq3
2002 Pokemon Expedition Holo Venusaur #30 PSA 10,41067350,Black Pack,2026-09-17T08:35:34.181Z,2026-09-17,5405.64,,6346.181592,false,,neither,,https://solscan.io/tx/5FUWnwN6wdmppBK4arWg74gjh3rGgoWdH6vCeHr7kaw6LXiXr86Z5TWKZvtYU4Q3FtSYBKXcFiyAwUhL6t7Ber4L
2021 Pokemon Sword & Shield Evolving Skies Alt Art Umbreon VMAX #215 PSA 9 MINT,122658234,Black Pack,2026-09-17T14:33:20.650Z,2026-09-17,2019.59,2019.59,1910.40313,false,2000,neither,9,https://solscan.io/tx/EJQiA4zUzLXshEbiCFemkDdkmtw5pa6rTshTCvrUjv5hgByKdX61uyWsMSeRd46voaoexbXGXmLMF2HFqthtjHk
1999 Pokemon Jungle No Symbol Holo Vileplume #15B PSA 10,27445950,Black Pack,2026-09-17T15:17:24.034Z,2026-09-17,2431.97,2431.97,3298.374042,false,2036,neither,50,https://solscan.io/tx/4kotyPanRmnq9zRg1SfzejX5qiFwxqkyjDYUX4a2cbEywaPCYq6bKtQShrevs7eqgZYZeYMn5t1GDuWkp3eKAw8o
2002 Pokemon Legendary Collection Reverse Holo Dark Slowbro #8 CGC 10 GEM MINT,4149683008,Black Pack,2026-09-17T15:30:25.689Z,2026-09-17,1551.71,1551.71,3161.053953,false,3120,under_90_both,13,https://solscan.io/tx/2wQLAaMHaTRhXoSQp24SSVaXj81UA3VS79sWLsVUEStqkxEvA158CWgCHgz1R2JpJFp1Mn1CKGV4XBLruy5zzK7m
2005 Pokemon EX Delta Species Reverse Holo Bagon #58 PSA 10 GEM MINT,125616401,Black Pack,2026-09-17T15:37:26.854Z,2026-09-17,1716.09,1716.09,2699.928516,false,1240,neither,734,https://solscan.io/tx/4X7ebSFoSKNwDtZbjJGHz6rKwHhwvsdP2XZDRKCdYu1gLi2oCQFiq3BKUoUnztEYAqQEWjcxeqXDgqZQhLZbfgyJ
2002 Pokemon Legendary Collection Reverse Holo Potion #110 PSA 10 GEM MINT,27319679,Black Pack,2026-09-17T16:15:16.929Z,2026-09-17,2420.71,2420.71,3511.070896,false,4806,neither,12,https://solscan.io/tx/26WGDHJzNQNzYGVv1TYaEDDBDWs4piuaQ8YVXb2zkcWkbL9URnbfpYUadA5cgodSNqvy1gMXFYrxJuoktCjaWCiP
2003 Pokemon Aquapolis Holo Octillery #H20 PSA 10,42162390,Black Pack,2026-09-17T16:15:54.261Z,2026-09-17,1787.74,1787.74,2935.556391,false,2999.99,under_90_both,34,https://solscan.io/tx/67SqZzZu6RjXGr1fx73jjjVsh7UBPg27D6nmQTq25prBBRNJkA8wJCxETTydygGcCYsJ5bQEke85k7ZT6xGGiDLE
2005 Pokemon EX Delta Species Reverse Holo Bagon #58 PSA 10 GEM MINT,125616401,Black Pack,2026-09-18T11:07:09.041Z,2026-09-18,1716.09,1716.09,2688.76168,false,1244,neither,15,https://solscan.io/tx/B6QSFL5BUcr9tQ6xgVQ11T3vKKoMhvfD2cQo6nVJSzbUZ9Xmf9jQPq8u3kgo26xojfBuNFn887N4ExNWw2PjGVB
1999 Pokemon Fossil 1st Edition Holo Hypno #8 PSA 10,51203726,Black Pack,2026-09-18T11:10:45.558Z,2026-09-18,2145.239999,2145.24,2438.591476,false,2172,neither,133,https://solscan.io/tx/3j5XtksC1VqNih3HeBtogqnrZeBpHjZQWbwvA6ruMtbGxhE1cQed7kf8PrrbNq8ecv2kKSckTdXNKUbpBxjZrzwe
2003 Pokemon EX Sandstorm Holo Solrock #13 PSA 10 GEM MINT,66112966,Black Pack,2026-09-18T11:11:14.935Z,2026-09-18,2708.61,2708.61,3522.889929,false,3043,under_90_both,19,https://solscan.io/tx/1QKuxDJwXvDNfRLEq54wz1FVKKtRWLYLLuMs3pxv3BY2yCc7JdiDVDpfN32memoa3vxta7U3f6ng5155RkiDnns
2002 Pokemon Legendary Collection Reverse Holo Potion #110 PSA 10 GEM MINT,27319679,Black Pack,2026-09-18T13:34:45.784Z,2026-09-18,2420.71,2420.71,3508.515357,false,4822,neither,16,https://solscan.io/tx/4etCnPRqgJjxbSWC6BsgNXyK2sH7pEvkbzn4ZcJPoP958sDVwCy8zLka2CfguiZ1BsGdMjdGhKJCCkwTTBo85wmm
2003 Pokemon EX Sandstorm Holo Solrock #13 PSA 10 GEM MINT,66112966,Black Pack,2026-09-18T18:16:28.142Z,2026-09-18,2708.61,2708.61,3522.889929,false,3043,under_90_both,9,https://solscan.io/tx/3MLtY3aVSY2QVykQfM6ZnyRxgt5t7mJGofREXfQcnWSz1th6BiFHyCLaM6BHKnPFtRxBEzjettaBfY21VmmNmfmF
1999 Pokemon Base Set Holo 1st Edition Raichu #14 PSA 9,154763373,Diamond Pack,2026-09-19T04:15:10.658Z,2026-09-19,3163.75,3163.75,3759.304543,false,4800,under_90_both,15,https://solscan.io/tx/4HxkUpwpQoAPK14mzSnxnZFyqxaXim1Bxw97yXaL7vv9AUJhJyUJ5zieN27LiKEsTbA7LgSQpFtHdvfwJupscPeH
2018 Pokemon Sun and Moon Japanese Team Rainbow Rocket's Ambition Pretend Boss Pikachu Team Galactic #194SMP PSA 10,49305385,Diamond Pack,2026-09-19T04:17:39.426Z,2026-09-19,3261.4,3261.4,3261.400481,true,2851,neither,14,https://solscan.io/tx/3RTvXYNrVXMS5o6nsC39uu1ZkH9oMrJYU6z3zjTY8mtAtJBPLY1G45QUMY8gJNrQpNvJUQhDSpiGuKtQm2Gm6Jsg
2019 Pokemon Japanese Sun & Moon HR Competition Full Art Mewtwo GX #363 PSA 10 GEM MINT,50350668,Diamond Pack,2026-09-19T04:20:27.600Z,2026-09-19,3153.47,3153.47,3153.468645,true,3335,neither,7,https://solscan.io/tx/4buY2qH7x7DFTszDpJTRzTQfKA41dW85Teopi65oTC9LLNhuZ7JCWPtrX22M4KT3ZvBF9GXoKJU5yCHFfkpAGyU1
2016 Pokemon XY Pokekyun Collection Japanese 1st Edition Flareon Ex #007 PSA 10,136500290,Diamond Pack,2026-09-19T04:28:36.455Z,2026-09-19,3456.95,3456.95,3456.948686,true,3850,neither,9,https://solscan.io/tx/2igctjC6otGXBbUm9u9P61tevtA1RisgNniLc2DR9kcJoQKfTqSiTXoGfEEKbXPUMevXahmEfkbjaqoXSxtVZp7k
1996 Pokemon Japanese Base Set No Rarity Symbol Pikachu #25 PSA 9 MINT,91390356,Diamond Pack,2026-09-19T04:31:07.344Z,2026-09-19,3591.42,3591.42,3591.421609,true,6000,neither,121,https://solscan.io/tx/2ed3cUf5tmDVjgCJkv6ysFiWGHJarnc53s7H1wo7cibCfNskS1ttc41wzRqAn2SFytKGt8gdXLBGg5E8JqBtn1cb
2002 Pokemon Legendary Collection Reverse Holo Caterpie #69 PSA 10 GEM MINT,28333872,Diamond Pack,2026-09-19T07:04:46.894Z,2026-09-19,5492.2,5492.2,3578.683759,false,4206,over_110_both,15,https://solscan.io/tx/297xquvzggevzMDPiaQNvKtC4qwVaoSCp4nJeffPVv28QPggaAgm1A6ZZnT5dhFBxcvqEWWu45iAJSpHHBFHRvVx
2002 Pokemon Split Earth Japanese 1st Edition Holo Umbreon #72 PSA 9,79160997,Diamond Pack,2026-09-19T07:05:08.238Z,2026-09-19,3629.87,3629.87,4209.410745,false,4600,under_90_both,14,https://solscan.io/tx/RLUEMnvrPCDqCNEw8JJssfgQjmoNqgs3Uki9vngCAGiDQtKD4GWi5a2TtBMZfJYcF762fLRXgdbpWRmMEE48KHs
2012 Pokemon Japanese Black & White Spiral Force 1st Ed Deoxys EX #25 PSA 10 GEM,80539046,Diamond Pack,2026-09-19T10:52:50.030Z,2026-09-19,3412.91,3412.91,3412.909812,true,830,neither,10,https://solscan.io/tx/Zv5xjRXcw3QRikZtuPiGLNSF2XJ9MVNQrPYpVRhgUMd3tyFGn8fxeNJw2DuL7cm8b2EDpPsJ8TaRa3pi6UG31rD
2002 Pokemon Split Earth Japanese 1st Edition Holo Umbreon #72 PSA 9,79160997,Diamond Pack,2026-09-19T10:53:53.864Z,2026-09-19,3629.87,3629.87,4209.410745,false,4600,under_90_both,11,https://solscan.io/tx/uNWEbNss5xNkm6Q9QsAUp6G5Bz1WavrazukJrEB5LELhppZssHmYF9YhKjDu9jYFSLnpnrgkr6AckSvtrryPWxf
2004 Pokemon Ex Fire Red and Leaf Green Holo Charizard Ex #105 BGS 9,0018455429,Diamond Pack,2026-09-19T10:57:13.619Z,2026-09-19,3743.62,3743.62,3743.616943,true,3719,neither,13,https://solscan.io/tx/Lo497mrAFikHhZmb4nWuzHz8zijHNt5kXobMiYRE99ZKWv5CVLR26CzgFCXRx6MwUiSpSXq7nREJ1pGXEABFTy3
2018 Pokemon Sun and Moon Japanese Team Rainbow Rocket's Ambition Pretend Boss Pikachu Team Galactic #194SMP PSA 10,49305385,Diamond Pack,2026-09-19T10:57:31.633Z,2026-09-19,3261.4,3261.4,3261.400481,true,2851,neither,13,https://solscan.io/tx/3Ase9FFKP6e56ReazkGZFkVhcvKopabZ9t9dDjx62fnFPF83d1pyBjALCGpNmKfrUpsbauyi5kHT6LmJWyTYnjny
2005 Pokemon EX Emerald Reverse Holo Rayquaza #9 PSA 8 NM-MT,72331441,Diamond Pack,2026-09-20T09:04:54.867Z,2026-09-20,3009.58,3009.58,3009.580183,true,4000,neither,65,https://solscan.io/tx/4sfcf1jQnbJnm4imc7BWX4GsKKDTEvZJWp9tGBVAExKS9UErfL41G9DHni8hfTtJj3gyqgaNRMxb1ZyJpnjdAQzu
2005 Pokemon Ex Delta Species Holo Latios #9 PSA 10,28601599,Diamond Pack,2026-09-20T09:13:01.320Z,2026-09-20,3650,3650,,,4300,neither,479,https://solscan.io/tx/39wCQg4bXDJx4HtHza5n5haoS8maCH3yPgfjcYJpamiuBiUD96zHNM3TLBPYpEvkENc5uVAz7uMb9ZfpXqWeYej7
2002 Pokemon Neo Destiny 1st Edition Holo Light Azumarill #13 PSA 10,25331979,Diamond Pack,2026-09-20T10:01:18.840Z,2026-09-20,3661.86,3661.86,3661.860443,true,3950,neither,2724,https://solscan.io/tx/1e3Mapr6n7z3ALy6ipw5bqZPX3eqpa9WvzrN6vr7BKBvm2BMbxRyJvCzUqZF9q5axjprTRRjp23iywHJndFudSE
2003 Pokemon Promo Japanese 7-11 Fair Campaign Torchic #18 PSA 10,109374063,Diamond Pack,2026-09-21T08:28:24.233Z,2026-09-21,3802.43,3802.43,3802.429509,true,3241,neither,14,https://solscan.io/tx/3SPQhCuH5FgCvo8xYxkSjPKWKFszXrXq4PfkXv4QGd6aZkzr8sE7qZCtwwRu8RXhkN18Xvm1zPihTEaW6GjpSP3b
1999 Pokemon Base Set Shadowless 1st Edition Dragonair #18 PSA 10 GEM MINT,41283468,Black Pack,2026-09-21T08:31:40.308Z,2026-09-21,5858.17,5858.17,6409.164817,false,5522.4,neither,74,https://solscan.io/tx/GZQjjeExVtC5euqN7am9i62SmuvqEQidJMuApLHoZCn7yk9x4puP1VEmhz5cHMwWdpkbnh1TRxnwELmRg5UkRqd
2004 Pokemon EX Team Rocket Returns Holo Treecko Gold Star #109 CGC 8.5 NM-MT+,4220562004,Black Pack,2026-09-21T09:47:37.806Z,2026-09-21,6106.24,6106.24,6106.244702,true,6407,neither,1538,https://solscan.io/tx/5SAGuo84DEs9xUjKCznkT3LFb5iZF49XTtmX4RdUchMctuDfhxfuNdLm56aYYuxXNHRUWwA7bLveWsK61twZUBJK
2000 Pokemon Gym Challenge 1st Edition Holo Brock's Ninetales #3 PSA 10,40894132,Black Pack,2026-09-21T10:04:57.074Z,2026-09-21,2090.67,2090.67,2396.521067,false,1830,neither,7,https://solscan.io/tx/5anNaMCHJzq3PEHQkJbEAaBJt9HXr3Dk8D2YvuD4aKwMWbZcfu76ULNCPFGuF3kNu8ZahRCAm7c8XucC3uRoa5Zu
2004 Pokemon EX Team Rocket Returns Holo Treecko Gold Star #109 CGC 8.5 NM-MT+,4220562004,Black Pack,2026-09-21T10:52:45.932Z,2026-09-21,6106.24,6106.24,6106.244702,true,6407,neither,5,https://solscan.io/tx/3eaxxodApjLbGEuUwvNxdtcydGn5BEhYwD4XXeM24qpYrFjuJq6ds1Hig3xAPoZrK57PWeBq7B3TwaFKJifFytWm
2004 Pokemon Play Promo Japanese Holo Celebi #12 PSA 10,78426517,Black Pack,2026-09-21T15:24:14.669Z,2026-09-21,1596.28,1596.28,1690.650488,false,1850,neither,16,https://solscan.io/tx/5KCHNSzcTZ8KuSkXX1QTw4yyx51mkW841TPnEwX6PLXvpBJQq99daEWUDQr8fWm5KZjLqpMDb5rpyZMMojc7Twf1
1999 Pokemon Base Set Shadowless 1st Edition Item Finder #74 PSA 10 GEM MINT,44354130,Black Pack,2026-09-21T15:45:38.548Z,2026-09-21,2578.96,2578.96,2578.957312,true,3140,neither,6,https://solscan.io/tx/VjFHHSQac37kt6GsxT4zUcAmZFES6DXA4nNp6Vjm821fZjbWGsVX2mKr2NcpTj5mdc5tS2TQj3gQAm1qyfDq535
2019 Pokemon Sun and Moon Team Up Gengar/Mimikyu Gx #53 PSA 10,52944273,Black Pack,2026-09-21T16:02:01.487Z,2026-09-21,2722.59,2722.59,2722.59233,true,2450,neither,7,https://solscan.io/tx/3pNjYRZDTk6CAX98jQQF1DB1fqiLA5NTshxBj4qWLBe1Lz8XtsgSqopLgYZUQZABmFYxhz1keGENgA2pD2ZcZpJW
2000 Pokemon Gym Challenge 1st Edition Holo Blaine's Charizard #2 BGS 9 MINT,0008201440,Black Pack,2026-09-21T16:02:25.505Z,2026-09-21,2746.27,2746.27,2746.26921,true,2427,neither,7,https://solscan.io/tx/3C13xpUAyfRi3ukZivy3YEXnxktjKVJqiHGbo9KHBgyLWfRz9q6i3tiUbvtst85SQBDQp2et2sw6TKTqBwDyXDU9
1999 Pokemon Base Set Shadowless 1st Edition Item Finder #74 PSA 10 GEM MINT,44354130,Black Pack,2026-09-21T16:04:26.585Z,2026-09-21,2578.96,2578.96,2578.957312,true,3140,neither,10,https://solscan.io/tx/sNtdVPQnzHasL3iozs2XpoubUpBSnkbyRibtWQvoW3Kdicy9doz526jdgYqghXAv78a4mbvRjgHw5FcDdtMmUUe
2012 Pokemon Japanese Black and White Dragon Blast 1st Edition Mew Ex #51 PSA 9,147804104,Black Pack,2026-09-21T16:04:32.429Z,2026-09-21,1841.42,1841.42,1841.423185,true,1020,neither,4,https://solscan.io/tx/56c1uJReUra25MAxdJsfZZ4kZA4j6ikMiRnAxLyUgF2Ai4ATK4fnVsrQD95ZXTzT8xqrW5pFyQK1FzMjE679cMpQ
2009 Pokemon Melee Scramble Japanese Gyarados #6 PSA 10,73766638,Black Pack,2026-09-21T16:04:37.019Z,2026-09-21,5964.4,5964.4,5964.403939,true,4200,neither,9,https://solscan.io/tx/3RvwGMKiZcnwaRKc4PyJioo3YajMJbF1EXyYc6PwGW4bcAs3MxCeqUGqZG1P4QEKs8ptnh9GajiE3VPQdkMVBgm6
1999 Pokemon Base Set Shadowless 1st Edition Item Finder #74 PSA 10 GEM MINT,44354130,Black Pack,2026-09-21T16:11:09.073Z,2026-09-21,2578.96,2578.96,2578.957312,true,3140,neither,6,https://solscan.io/tx/3Ts4K23V9ozqWf1BV1yn7h9rwuT1PjdmcbsAf2Su8n3MttdaQiAkYjqJ5dmAAE1Wpoef8nyCsQgBpftHpC2Nevom
2000 Pokemon Gym Challenge 1st Edition Holo Blaine's Charizard #2 BGS 9 MINT,0008201440,Black Pack,2026-09-21T16:11:25.751Z,2026-09-21,2746.27,2746.27,2746.26921,true,2427,neither,9,https://solscan.io/tx/2cGpHYyLiCRzcmc6qRHdcJbE4shrGdBB4GFRRVNnk8h3adDg19LU8nJUwWQS38BP53Ahij8jKaPDC3rRCeVka4eT
2018 Pokemon Japanese SM Promo Rainbow Rockets Ambition Pretend Boss Pikachu #193 PSA 10 GEM,78828224,Black Pack,2026-09-21T16:18:46.273Z,2026-09-21,2757.26,2757.26,2958.412154,false,2900,neither,91,https://solscan.io/tx/3jozDeU7mUnjHpVERnQJbNDRBGd77cGWbDj29g3uaUnDdYa5s4eeiNZuTFN4PqDqJVwKLtP5dWGfveQnZGAeDtFg
2016 Pokemon Japanese Sun & Moon Promo Special Box Pretend Grunt Pikachu #14 PSA 10 GEM MINT,51861302,Black Pack,2026-09-21T16:21:05.411Z,2026-09-21,2738.96,2738.96,2782.991333,false,2640,neither,6,https://solscan.io/tx/53Zw35aqxJ9JUCQFVD11fWMNueGkB5R7Aj537mguxeRTrFPJYv1kowcJqyqsh17esxv8ZukwZfNBj5upiQWZYYVR
2000 Pokemon Japanese Awakening Legends Holo Ho-Oh #250 PSA 10 GEM MINT,64192626,Black Pack,2026-09-21T16:23:54.325Z,2026-09-21,1675.01,1675.01,1732.072049,false,1500,neither,38,https://solscan.io/tx/5w9oWnNkdH2Ww48A1KuBVHFZN7qKPE9KREzhNApeF3ASvURqduejdhRHosameB7QEoLcTzMYtvN46bXrAcaDSeUk
2003 Pokemon Skyridge Reverse Holo Charizard #146 PSA 5,139040084,Black Pack,2026-09-21T16:24:09.396Z,2026-09-21,2720.73,2720.73,2720.731201,true,2615,neither,6,https://solscan.io/tx/3jCEqYHsKTsAgDRdgsyRyrE3Kbr9KoqwxiHuxmPNLyxSQABMS6RcpzDtT6Ni6v7PJxbGN2tV8EnKygqkjtnJaBRL
2003 Pokemon Skyridge Reverse Holo Charizard #146 PSA 5,139040084,Black Pack,2026-09-21T16:26:06.401Z,2026-09-21,2720.73,2720.73,2720.731201,true,2615,neither,13,https://solscan.io/tx/58DryAALu6YEmFTtH1gQ1z5jjFicNA4psrc9VzegGxfF6u7nrUy8QRvbC6G6sWgZdZW8LqDXVNmg9BBu1KQbthLi
2005 Pokemon EX Unseen Forces Holo Suicune Gold Star #115 PSA 8 NM-MT,105594426,Black Pack,2026-09-21T16:27:35.336Z,2026-09-21,2395.42,2395.42,2790.729924,false,2725,under_90_both,-53,https://solscan.io/tx/5iDheuQh6tDfhidqJ8yRoqm1tmbsedxnXkTvFGg3RhmiMe6VbYsvhpiFv3QT6xhwStxByzkDgzHSDYJeUVMzdN9H
2005 Pokemon EX Unseen Forces Holo Suicune Gold Star #115 PSA 8 NM-MT,105594426,Black Pack,2026-09-21T16:28:35.925Z,2026-09-21,2395.42,2395.42,2790.729924,false,2725,under_90_both,8,https://solscan.io/tx/AWxVPxsd6J8VXNrxDkofdxKd8EeLCNV7ytGFXMdYDoumSCNQiPdSWzva2FWwDwGNLQX68iGCV6tvVGxghamAfG5
2023 Pokemon Sword and Shield Black Star Promo Prerelease Staff Holo Gengar #241 PSA 9,156657366,Black Pack,2026-09-21T16:30:15.769Z,2026-09-21,2361.33,2361.33,2361.334552,true,4348,neither,9,https://solscan.io/tx/vW2aEn8M7N2o6ab6echuyYQ5Cn7cKKHXgkp35ebLDZke7b6NUGnfUJGqPiTW7ussuusDAu1b1PTjtPZJwmcpntb
2006 Pokemon Promo Japanese 4th Season Subscription Holo Lugia Ex #31 PSA 10,26951024,Black Pack,2026-09-21T16:38:06.208Z,2026-09-21,5380.41,5380.41,6220.428223,true,6000,under_90_both,8,https://solscan.io/tx/2BAgN6JrEGsUkFjgTgDF8LNNtA5Bs1bLEVSmf12BMdDL5XhAiz3Qe44wnW8oh5jcYQcnRjSE5Q43Yke7GHA8z8xR
2008 Pokemon Japanese Promo 10th Anniversary Pokemon Center Yokohama Pikachu #099 PSA 10,158839314,Black Pack,2026-09-21T16:45:15.087Z,2026-09-21,5768.9,5768.9,5768.898246,true,5981,neither,4,https://solscan.io/tx/5t5whnuP9twBeSBixk44wbMu4a1Qoeeri8A7V1wRWYBBExE2jwhWyxBnSChKTJqDM76r6FebuUFkykgwiiNfkNvU
1999 Pokemon Base Set Shadowless Holo Charizard #4 BGS 7.5,0020097835,Black Pack,2026-09-21T16:46:08.285Z,2026-09-21,2507.06,2507.06,2794.634618,false,2160,neither,6,https://solscan.io/tx/kGEN7r5HNA5Uhut7oDR8maGiyd1HcUV9ep6MCkuw3v8khp6XfwM4scYocy5XZuUxfRaF6pirxXoyoyEevXrQe8F
2000 Pokemon Neo Genesis 1st Edition Holo Feraligatr #5 BGS 9.5,0013049273,Black Pack,2026-09-21T16:49:02.231Z,2026-09-21,1884.38,1884.38,1884.383148,true,38003,neither,5,https://solscan.io/tx/anCWCamY5xqbQW87LjiyJHYxGCcndPYHvNRKWJyySZbtq4fkp3hXKwDFy8RXmv8TJMzBNADtscLZXAACUnbC9Cs
2000 Pokemon Gym Challenge 1st Edition Holo Blaine's Arcanine #1 CGC 10,6003818011,Black Pack,2026-09-21T16:50:13.409Z,2026-09-21,1768.22,1768.22,2175.401118,false,2883,under_90_both,6,https://solscan.io/tx/5bKL6yNmH2fgPWekwUkXCTdJWV4JQfiESBZYAhrexHCxepboYwg1DtAY1WD2bNuN7Zu9NQsSPBijNPsEWDTeiFaX
2021 Pokemon 25th Anniversary Creatures Deck Japanese Corporate History Charmander #2007 PSA 9,141682287,Black Pack,2026-09-21T16:50:16.268Z,2026-09-21,5297.44,5297.44,5297.436234,true,4307,neither,9,https://solscan.io/tx/SDRTXiynzfZrryAYEND4DEVx6NEXfUPrijw9iZve5prQkUUYa2GA9nrCLhEJhaTjAvMxz4ZimCCiw4vGKsFa1HR
2006 Pokemon Promo Japanese 4th Season Subscription Holo Lugia Ex #31 PSA 10,26951024,Black Pack,2026-09-21T16:50:26.056Z,2026-09-21,5380.41,5380.41,6220.428223,true,6000,under_90_both,7,https://solscan.io/tx/3QPSqDNKdoNgHqZ5KqAex3HBkLMt1HdrKykM1DnDkS2r4Mky8nxxXNHLHWGAjCyxbvZFUeQ4dw5tN9wfoa8xKkvU
2012 Pokemon Japanese Black and White Dragon Blast 1st Edition Mew Ex #51 PSA 9,147804104,Black Pack,2026-09-21T16:52:01.823Z,2026-09-21,1841.42,1841.42,1841.423185,true,1020,neither,2401,https://solscan.io/tx/32nyYkuDZghyDxbo13HppctZLD8jW1LSaL8HbiQcZNFEeh5bPus5PQbjpsVoAg7ryuJyBM3HzJpZi7t6QuoqBt1J
2000 Pokemon Gym Challenge 1st Edition Holo Blaine's Arcanine #1 CGC 10,6003818011,Black Pack,2026-09-21T16:52:16.768Z,2026-09-21,1768.22,1768.22,2175.401118,false,2883,under_90_both,7,https://solscan.io/tx/qQ3bhT8rr1wbuoewhi8N7v7EbUxgeNNdDzZzXg2L9u2m7JKmDYJdRBaeJuDrzopA5XcGpXqzEHtQCNEbcu9A1Nb
2004 Pokemon EX Team Rocket Returns Holo Treecko Gold Star #109 CGC 8.5 NM-MT+,4220562004,Black Pack,2026-09-21T16:52:27.236Z,2026-09-21,6106.24,6106.24,6106.244702,true,6407,neither,4,https://solscan.io/tx/2hMCQW1fhcS3zmUZmY4WVETLoTG2yAXqPfRN1N1vAzgjjHs6G25zxnr7ykqpky3HkRnBhhJQ7kYEvBA1wmSZgUss
2003 Pokemon Skyridge Reverse Holo Charizard #146 PSA 5,139040084,Black Pack,2026-09-21T16:59:14.462Z,2026-09-21,2720.73,2720.73,2720.731201,true,2615,neither,4,https://solscan.io/tx/4n6oVFQpCN4xMRpjRwsVzzy1xRC3SQPF3BEqYjiB3FZS81i6BCJfNsCmEUg1oQNqvc898N3RDprtHwd4h6DsXKJH
1999 Pokemon Base Set Shadowless Holo Charizard #4 BGS 7.5,0020097835,Black Pack,2026-09-21T16:59:17.590Z,2026-09-21,2507.06,2507.06,2794.634618,false,2160,neither,7,https://solscan.io/tx/Gt8BXqWuysjptpTytStkso2WTgui85xCEu4wmJoAyRdNCEAVZiR8Pzu6YjDn5gnPYRXc5LeN75HvyyGdASXcT1a
2000 Pokemon Neo Genesis 1st Edition Holo Feraligatr #5 BGS 9.5,0013049273,Black Pack,2026-09-21T16:59:39.737Z,2026-09-21,1884.38,1884.38,1884.383148,true,38003,neither,12,https://solscan.io/tx/5tVnSTXJRsi5VhFaXzTpRvEQcXVJmgF5pCBZWwFtHCG3oZrVvzjDTYqCaY5CkU7oqcMaqp5QNAdGHwMcuCDLXhdc
2008 Pokemon Japanese Promo 10th Anniversary Pokemon Center Yokohama Pikachu #099 PSA 10,158839314,Black Pack,2026-09-21T17:00:05.453Z,2026-09-21,5768.9,5768.9,5768.898246,true,5981,neither,5,https://solscan.io/tx/5S4D8ZRht7kJXpGAVPCmzXzrKrAKHvwgUaggdNGUkWkixJ2vSM9h7fPEBosMAG4vw26kGuMBBGhkNa98NEUnkf3L
2021 Pokemon 25th Anniversary Creatures Deck Japanese Corporate History Charmander #2007 PSA 9,141682287,Black Pack,2026-09-21T17:07:49.893Z,2026-09-21,5297.44,5297.44,5297.436234,true,4307,neither,4,https://solscan.io/tx/DmG8zZYuc6AuGthemprVCZWyDUnC5c3dju7sFW1nkbjCYJ8YQ7vdxHBEm4WSZ2tGuk7r9xRkek9evn1qmfgG1C7
2009 Pokemon Melee Scramble Japanese Lucario #12 PSA 10,42936003,Black Pack,2026-09-21T17:07:54.876Z,2026-09-21,2299.88,2299.88,2299.877274,true,2440,neither,9,https://solscan.io/tx/5U65LMSHFUWJxxjiZejyrNPoaERMF4MRgpQvpnXd327pGEVtcd47msAqJdAdGWBxdXhbR4otC1HAxNjUzzXxNZ6h
2021 Pokemon Sword and Shield Evolving Skies Secret Rare Rayquaza Vmax #218 PSA 10,156796215,Black Pack,2026-09-21T17:08:29.318Z,2026-09-21,2626.47,2626.47,2626.468173,true,2247,neither,6,https://solscan.io/tx/2WofY4vXPu4STfRoAsp54qTniUnmvh62R7wiKMVUwd6TJg34EZVTyRNuXQUN6KGb7dbHRaKgGXp4dATEYJHRz2yG
2000 Pokemon Gym Heroes 1st Edition Holo Misty's Tentacruel #10 PSA 10,27493787,Black Pack,2026-09-21T17:08:30.743Z,2026-09-21,1906.24,1906.24,2510.573363,false,2225,under_90_both,7,https://solscan.io/tx/sLZktj3ED1EJ74SsVTUNXsDeMHXECuGGQ1kcNcLU9cMLY4kkShYtkoDTg349tQF684k2huQRwp5Ejt8UucZcmXp
2002 Pokemon Japanese Promo Trainers Magazine Vol. 14 Flareon PSA 10 GEM MINT,48544852,Black Pack,2026-09-21T17:09:00.778Z,2026-09-21,1906.39,1906.39,2516.956092,false,2673,under_90_both,14,https://solscan.io/tx/3EHPjVUhyn5AGGqGTmi4LjFhe7LMponKKSraRMqDHKzpTkBW4TEnatww7mQPwrMKJtyvKgGMTQUuyM4gmnn9KNB
2025 Pokemon Mega Evolution Phantasmal Flames Special Illustration Rare Mega Charizard X Ex #125 PSA 10,156188662,Black Pack,2026-09-21T17:11:01.597Z,2026-09-21,1766.45,1766.45,1766.454856,true,1680,neither,8,https://solscan.io/tx/4wCpRo7MXpTA97bcnNX9TjzXYbdJNSqaHbZG8XysihxCDPn3RsWpEbEDoj3uuXr7QWgjuuXuQ8mMdHMmrVuRGWvW
2018 Pokemon Sun and Moon Promo Japanese Team Magma Team Rainbow Rocket's Ambition Pokemon Center Purchase Campaign Pretend Boss Pikachu Team Magma #193SMP PSA 10,44530306,Black Pack,2026-09-21T17:11:27.489Z,2026-09-21,2644.61,2644.61,2644.611074,true,2900,neither,12,https://solscan.io/tx/57w8WpWriJorEgFBFk72LTJfhD5X7m9d2BpCPVg7qToMHVC79uGCDXx7JZvuFLr5FkTqYB1iWt4t33fekdCr7Czm
2011 Pokemon Black and White Cracked Ice Holo Zoroark #71 PSA 10,122653413,Black Pack,2026-09-21T17:11:39.177Z,2026-09-21,2558.14,2558.14,2558.135501,true,2988,neither,3,https://solscan.io/tx/2p79DkUjyFCCZD1Hnj7wgi7NzPsqwhPP4MGeuArKze8NJ1PNUYBNJW3SDz7vDMVphk4MguYsesP8f69NamUioiPm
2000 Pokemon Team Rocket 1st Edition Holo Rainbow Energy #17 PSA 10,18447149,Black Pack,2026-09-21T17:12:12.531Z,2026-09-21,1912.33,1912.33,1912.330313,true,1563,neither,4,https://solscan.io/tx/zHFVDNGwRZPRX8ZydA3f9htQbwteaZ8bLcdyaV8kzUhxPy4X4ZHf4EtVSVAftns3Ynyg63VrjfYUUwmdCqiaLq6
2001 Pokemon Neo Revelation Holo Shining Gyarados #65 BGS 7.5 NRMT+,0017642168,Black Pack,2026-09-21T17:12:25.648Z,2026-09-21,2559.95,2559.95,2559.94849,true,2481,neither,5,https://solscan.io/tx/2L7rhm3pBabv3NWJznpnFnuid896pq4vUxoziUWGjBAXbmzMyK9AkhpY5beb2ZSSSy1JRcx2nru3vN8CwSTwh6KU
2000 Pokemon Gym Heroes 1st Edition Holo Erika's Clefable #3 PSA 10,26449862,Black Pack,2026-09-21T17:12:45.348Z,2026-09-21,2635.56,2635.56,3050.021017,false,3208,under_90_both,10,https://solscan.io/tx/5hWpRMeWnZX2VmsuXt3qtf6jRTX8oxjvtk5PNhuWiTd8BDD2TH2aK3XcPfXDfcQz577o6uMXQ9UtJWyJDwtGNFoK
2018 Pokemon Sun and Moon Promo Japanese Team Magma Team Rainbow Rocket's Ambition Pokemon Center Purchase Campaign Pretend Boss Pikachu Team Magma #193SMP PSA 10,44530306,Black Pack,2026-09-21T17:13:12.795Z,2026-09-21,2644.61,2644.61,2644.611074,true,2900,neither,4,https://solscan.io/tx/4yA3cKRYxsRB5XWKCRpFYN888Q89S3jNXVZMfjCfqNVkQJQRY9X1YYH2Kh6w579AGZCfPWktgKfS2bKNgMmzMYzC
1998 Pokemon Vending Series 3 Japanese Pokemon Machine PSA 10,143217732,Black Pack,2026-09-21T17:14:42.213Z,2026-09-21,1617.08,1617.08,1617.082175,true,1195,neither,3593,https://solscan.io/tx/52GDupfcgqNcyH4THtVoGdyzbi4teSX7XvNPXbKLtJrQpv29eAfAmKbcDr3WjpdojqPma4vixQETDtRL9GbnFnfN
2025 Pokemon Scarlet and Violet Black Star Promo Japanese Bwr Event Prize Victini #288SVP PSA 10,158402917,Black Pack,2026-09-21T17:15:24.010Z,2026-09-21,1548.15,1548.15,1555.398654,false,2075,neither,2221,https://solscan.io/tx/4gnGtcZ6AWt2HciZZdTH3bk5qyDD54GmiMQGmtHYjw2wucmjJKas2V9VxuMFetiXutKPm9WnYZjHCERvCnPcV9pu
1999 Pokemon Black Star Promo Wizards Of The Coast Trainer: Lucky Stadium #41 BGS 8 NM-MT,0018419614,Black Pack,2026-09-21T17:15:28.552Z,2026-09-21,1553.9,1553.9,2293.838741,true,2394,under_90_both,2499,https://solscan.io/tx/4nzM9Xp9PWbH1MRnZ9JArpkDYcELHCyVQ19d2bCLbTg9DaYUXbbXFpeHZEcYDCGAd642GAco6Cdve8GfiGkUYjGL
2000 Pokemon Japanese Awakening Legends Holo Ho-Oh #250 PSA 10 GEM MINT,64192626,Black Pack,2026-09-21T17:15:42.148Z,2026-09-21,1675.01,1675.01,1732.072049,false,1500,neither,2769,https://solscan.io/tx/4pXq2UVacPfLddhfWnX5vWRBTCvgAyDDzEaZyxaMdy8goDqAMUAdK4UdN8XfcGb8f3GU9at8ty8EbVhZpimPqUqz
2017 Pokemon Japanese SM Promo Reopening Tohoku's Pikachu #088 PSA 10 GEM MINT,49658735,Black Pack,2026-09-21T17:15:42.911Z,2026-09-21,1670.7,1670.7,1734.842085,false,1656.66,neither,2770,https://solscan.io/tx/3tjFpZ8KpLmhp63j6duvWgHz3ZHsXbvCcFh6E38seZms5REvzrgUFxBzWDtHuNnPs67KvyfGromsP2wwb8apKUr6
2004 Pokemon Play Promo Japanese Holo Celebi #12 PSA 10,78426517,Black Pack,2026-09-21T17:16:00.574Z,2026-09-21,1596.28,,1690.650488,false,,neither,,https://solscan.io/tx/AMzSEhULeZEgbRqwDzsKwBpVg5DtAvyMSbjummHb1v3BcRBGuWp53heeqK9EzEJR1qDazt7wrj9kpQSMtMLvoNK
2000 Pokemon Neo Genesis 1st Edition Holo Typhlosion #18 CGC 10 GEM MINT,6091943005,Black Pack,2026-09-21T17:16:01.152Z,2026-09-21,1529.07,,1529.074781,true,,neither,,https://solscan.io/tx/5rScVa9yW2Njn3qhztJXALvVxXSWmocx9ZbpPUDvqhJzzSopxpEHp15wiLC2v8ypZ5cpAvvi6MJq22udnSmD99HE
1998 Pokemon Vending Series 3 Japanese Pokemon Machine PSA 10,143217732,Black Pack,2026-09-21T18:12:01.057Z,2026-09-21,1617.08,1617.08,1617.082175,true,1195,neither,12,https://solscan.io/tx/2aV8c5Dkh3oh6wRniC6kuDGtVHekMAVRGty7FenqmhxnYdi8aqUTS79hG4M9wivJuKi9zu86rydzJue96GxFReRg
1999 Pokemon Fossil 1st Edition Dragonite #19 PSA 10,44231729,Black Pack,2026-09-21T18:12:07.655Z,2026-09-21,1629.86,1629.86,1629.861242,true,2200,neither,18,https://solscan.io/tx/21d56TAKTCqqnmK42JV3rKsgofGmyDhSmL7gdPF6qunt2i4hzDZ7qBkL3tA731Qv9KjdDELGeo1sJWdwQVrBqc9D
2001 Pokemon Neo Revelation Holo Shining Gyarados #65 BGS 7.5 NRMT+,0017642168,Black Pack,2026-09-21T18:12:10.841Z,2026-09-21,2559.95,2559.95,2559.94849,true,2481,neither,21,https://solscan.io/tx/4VhiiY9tCBVqExc1cwM45PQiLKkAwJKYDfNcDXPwnqAHq4e1wi3yHkUs8YVymD8Hr546ZrKTzgguxm7Svj9b7ZoG
2003 Pokemon Promo Japanese 7-11 Fair Campaign Torchic #18 PSA 10,109374063,Diamond Pack,2026-09-21T19:23:20.873Z,2026-09-21,3802.43,3802.43,3802.429509,true,3241,neither,276,https://solscan.io/tx/dZ9Diux1s8jHJmAwnnTmGcKwx2nJzWVGDM16fLVp1tKjYym16ns14cwFBNptREL7yNrFJ2gVbn2Qb4Q1quz4uUR
1999 Pokemon Base Set 1st Edition Lass #75 PSA 10,43625809,Diamond Pack,2026-09-21T19:24:26.095Z,2026-09-21,5978.5,5978.5,5289.443943,true,3660,neither,7,https://solscan.io/tx/2GutQu38c82ZoFMqtfcnf4KWcNEG2s6qBfpUJ7pkZx6gTUzSePWndSr8V6d3GfcdRn7yP1Se6LK2tiBXkrTeJJxr
2002 Pokemon Neo Destiny 1st Edition Holo Dark Crobat #2 PSA 10 GEM MINT,43422163,Diamond Pack,2026-09-21T19:24:39.006Z,2026-09-21,3931.98,3931.98,3931.983706,true,5760,neither,8,https://solscan.io/tx/3FYpR7YeTyTbhjVUC9HWgoHFkJWmDMaQgg6xRocWJvPmA5nKwJTNKqCnHEjcUUXJHVVEWDHTe4Q5AeQiyaidtSid
2008 Pokemon Japanese Promo 10th Anniversary Pokemon Center Yokohama Pikachu #099 PSA 10,158839314,Black Pack,2026-09-21T19:48:03.785Z,2026-09-21,5768.9,5768.9,5768.898246,true,5981,neither,23,https://solscan.io/tx/3hiDwy1rJfBjC67aHYrxW9RC4hAfmVRWSNFsUiRofunUUCnT9x5CLy1XobpDTABgKXjuqxeu1YSmi1j9kn3tVAdE
1999 Pokemon Fossil 1st Edition Dragonite #19 PSA 10,44231729,Black Pack,2026-09-22T03:34:25.722Z,2026-09-22,1629.86,1629.86,1629.861242,true,2200,neither,6,https://solscan.io/tx/2diXbAe8qWm5GgggN8eiM7SMRd6FCKgsvvZa6wqUjEfPfiXTkqJZDacQ173B1u72rXv13YzHhKiBnft76u1aMZuC
2000 Pokemon Gym Challenge 1st Edition Holo Giovanni's Nidoking #7 PSA 10,45104906,Black Pack,2026-09-22T03:40:25.798Z,2026-09-22,2454.98,2454.98,2879.255901,false,2800,under_90_both,6,https://solscan.io/tx/3XFtLFZXeSuZgGtp1pdZnP968EVR2KooeSYD8FR2xiAQ6PEwt1WHXJNUiiuxKrN3fGoW6ckYrx2ADbhMzdb4CYzR
2009 Pokemon Melee Scramble Japanese Lucario #12 PSA 10,42936003,Black Pack,2026-09-22T03:40:36.643Z,2026-09-22,2299.88,2299.88,2299.877274,true,2440,neither,4,https://solscan.io/tx/5iXQqAp6TC8HmQs8CfT9QgbFbwJXHr8dk9m9dWYMGzaBMfHYbSQM7ucApZduPjYwXjxrtPjpSSaH69nFHa6v4mMd
2001 Pokemon Vs Japanese 1st Edition Holo Rocket's Suicune #096 PSA 10,24920799,Black Pack,2026-09-22T03:40:38.272Z,2026-09-22,1538.18,1538.18,1520.831008,false,1325,neither,6,https://solscan.io/tx/2ud5h5wFyRw2SvxEnk4VtNCkENWxx9EXGuwwjfc8EXi3poQMHU151TpR5bJWqJiM4wjuUG7SwESzUyd6LGosof2Z
2018 Pokemon Japanese SM Promo Rainbow Rockets Ambition Pretend Boss Pikachu #193 PSA 10 GEM,78828224,Black Pack,2026-09-22T03:40:41.756Z,2026-09-22,2342.77,2342.77,2974.161596,false,2900,under_90_both,10,https://solscan.io/tx/2NfA7AH8xigzR9JJwJBQifiKZ54XLzFterQn9qpX463e1w51GYbjPj55WZR5UJrtHX8MBurYASErq8ySqVgziVDB
2015 Pokemon Japanese XY Bandit Ring 1st Edition M Rayquaza EX #95 PSA 9 MINT,27574963,Black Pack,2026-09-22T03:42:06.562Z,2026-09-22,1510.55,1510.55,1329.621281,false,1110,over_110_both,83,https://solscan.io/tx/24tWhv8GZPFp9eXvqHD94cMy1JXNwsUR5yoC5SUSLqHipGrTZ74Jx9GvttrNCB4JmDT2JPqoUdkKJKWU1tviqFr6
2001 Pokemon Neo Discovery Holo Umbreon #13 BGS 9,0018136903,Black Pack,2026-09-22T03:42:19.253Z,2026-09-22,1512.96,1512.96,1707.196132,false,2019,under_90_both,8,https://solscan.io/tx/5RBsr3q8bA3tuchEfy6C2SDQKnpcqCpyPtwY2jHgCjhVtrzHbGMD2nE3udMo6KUXDrDeyxvra4r2sZLUMu3ahYPR
2017 Pokemon Japanese SM Promo Reopening Tohoku's Pikachu #088 PSA 10 GEM MINT,49658735,Black Pack,2026-09-22T03:44:25.530Z,2026-09-22,1734.84,1734.84,1734.842085,true,1470,neither,7,https://solscan.io/tx/4JYjnFsn86RybM8xtGU4JgEtvi3ATt8rBWb9ixccCj4qrvDWkLxrASsP3MatYjKzDsqSRJrxoPQsAHvuQykt77fD
2019 Pokemon Sun and Moon Team Up Gengar/Mimikyu Gx #53 PSA 10,52944273,Black Pack,2026-09-22T03:47:23.584Z,2026-09-22,2722.59,2722.59,2722.59233,true,2640,neither,6,https://solscan.io/tx/4ppFsxSTGqSdxeo89k7HpuJsMd3Wc7eXKpBMZAq7q89TvbVjabGXBkZePKvVxsrSkuKbmfaXTHpfhK3P49s96iw1
2000 Pokemon Neo Genesis 1st Edition Holo Lugia #9 PSA 5,153323567,Black Pack,2026-09-22T07:16:19.598Z,2026-09-22,1895.93,1895.93,2179.520284,false,2677,under_90_both,24,https://solscan.io/tx/4eWhdVHrEA5sWdmpiP9LPQ1k1r27jfZY5qne6HDRZEePoCctst8zVMzp442re2AgC7yJAETnL3gRKSCpL9ZeT9gr
2002 Pokemon Japanese Promo Trainers Magazine Vol. 14 Flareon PSA 10 GEM MINT,48544852,Black Pack,2026-09-22T07:20:57.150Z,2026-09-22,1906.39,1906.39,2538.346768,false,2673,under_90_both,16,https://solscan.io/tx/4oiSN7wY8pKiKWWnhbvJ6k8CFkNMjnxx1mJWNyhWiCjHPW7A6upiN39XXwz3eXKVN3NHeHVdneEC8STa4NfJoUx8
1999 Pokemon Black Star Promo Wizards Of The Coast Trainer: Lucky Stadium #41 BGS 8 NM-MT,0018419614,Black Pack,2026-09-22T07:26:29.461Z,2026-09-22,1553.9,1553.9,2293.838741,true,2395,under_90_both,61,https://solscan.io/tx/4G1p8aGnwxED2uk45bqRdK7LpngqkZLVuvWHXmLjDTvuQRwZupL6G7K1XbQohtAVHVHzHm4B4GBd5d3TmBiSn6et
2003 Pokemon Skyridge Holo Kabutops #150 CGC 10,4292377035,Diamond Pack,2026-09-22T10:33:31.913Z,2026-09-22,3147.02,3147.02,4176.419289,false,3229,neither,373,https://solscan.io/tx/47enWut4YmiXQZBUqBCC2JfxYoBW1eZsoncTwWNw1nLvHyqAriRWDEtQfPE1WfjmHcQrXwK1iM41iRgB8UFJWZ53
2025 Pokemon Scarlet and Violet Prismatic Evolutions Special Illustration Rare Umbreon Ex #161 PSA 10,162283231,Diamond Pack,2026-09-22T10:33:31.914Z,2026-09-22,5623.82,5623.82,5623.82413,true,5896.83,neither,35,https://solscan.io/tx/5YyTm78vVEt5y7My2Uaf5hQPXfDJojEKn31onoxaxKDDuRnyTzZj8aYADckRoo7f4ERWqLMTpcEbrBFGedtWsE6G
2008 Pokemon Japanese Stormfront 1st Edition Holo Charizard #92 PSA 10 GEM MINT,66464848,Diamond Pack,2026-09-22T10:33:32.162Z,2026-09-22,5711.51,5711.51,5711.506262,false,4956.59,neither,-10,https://solscan.io/tx/7dTg2CTgepTHNjDkBxADcrCbLMVyHfY7Q8pwYvVpy7uy9pSw5PDZf8ZCfDLDQTgY688D5pofJc8kb7HjQcSQcKz
2019 Pokemon Sun and Moon Black Star Promo Tag Team Tins Pikachu/Zekrom Gx #SM168 PSA 10,115696789,Diamond Pack,2026-09-22T10:33:32.162Z,2026-09-22,3563.03,3563.03,,,1825,neither,466,https://solscan.io/tx/eecoJuix42Fr6TACrLcEQzfqKcZ945jb99GPScRYaCcTQopyS6NDb9JBLeAciy55uMRwKYUnbC9a3hAqP7VLLVK
2000 Pokemon Neo Genesis 1st Edition Holo Pichu #12 CGC 10,6177352001,Diamond Pack,2026-09-22T10:33:32.163Z,2026-09-22,3824.95,3824.95,3824.946049,true,4055,neither,435,https://solscan.io/tx/5pCW8WPFVBarhDPGEpnFUU32X6vnxTuNoeTtBCjJDZ4Ao9sdVbdDvHnpysbY7wLjCqk88TFKv1AX2QLngMUyB3da
2016 Pokemon XY Promo Japanese Premium Champion Pack Jirachi #235XYP PSA 10,156603287,Diamond Pack,2026-09-22T10:33:32.168Z,2026-09-22,3565.29,3565.29,3565.287198,true,2700,neither,35,https://solscan.io/tx/2bY25gceAo7NUZdb4LChQ388X44Jxn1LpGRWJ28iZrZ7TvraJSAJy6VgNTh4MHkvP4sf1Swc2LE3fEuFmvpCYhhs
1999 POKEMON BASE SET UNLIMITED #4 CHARIZARD-HOLO PSA 9,10075313,Diamond Pack,2026-09-22T10:34:02.177Z,2026-09-22,3321.52,3321.52,3321.516557,true,3705,neither,20,https://solscan.io/tx/3Z1SPeMPeBu7F8Deve1tJQV8c2jn7WseLnzMLDKZRkVggaua3LnLB5MmKo8ABXobUg2djtdxhMQu4EJT34ytJXAk
2008 Pokemon Japanese Stormfront 1st Edition Holo Charizard #92 PSA 10 GEM MINT,66464848,Diamond Pack,2026-09-22T10:34:02.409Z,2026-09-22,5711.51,5711.51,5711.506262,false,4956.59,neither,20,https://solscan.io/tx/4iRG65Utybt14UQGT7t3LAK1gKJkojH8jX6BX5j7wXtGSD37s433fByNvZVucknp6CkLKNf6ZdTk1s3YhuAeobU4
1999 Pokemon Base Set Holo Charizard #4 PSA 9 MINT,26031933,Diamond Pack,2026-09-22T10:34:15.654Z,2026-09-22,3321.52,3321.52,3321.516557,true,3705,neither,11,https://solscan.io/tx/3aibhmEvg2D1ghJVR6b7zNxXBTDgiNpju8FjGvF97g4wY7AaQ7dZJqEvxu4BDHBtv6xJJN3pXcvT2wYkJKhuD1bv
2012 Pokemon Japanese Black & White Spiral Force 1st Ed Deoxys EX #25 PSA 10 GEM,80539046,Diamond Pack,2026-09-22T10:35:30.934Z,2026-09-22,3412.91,3412.91,3412.909812,true,903,neither,34,https://solscan.io/tx/6332UpMScmR4F5h3iEhR9fQF2vznzMt328M7E3Mkziqx2867pjcRDhDWL4FwFWAFafebem8V86QkMCAHMjTWWrJv
2018 Pokemon Sun and Moon Japanese Team Rainbow Rocket's Ambition Pretend Boss Pikachu Team Galactic #194SMP PSA 10,49305385,Diamond Pack,2026-09-22T10:35:31.347Z,2026-09-22,3261.4,3261.4,3261.400481,true,2851,neither,45,https://solscan.io/tx/4yuLAAwQ5BkPkU5o33H3CFnSwZvGpPBSGwP3DEn3Pn7ftKfjfJCESgDwBN2kmwpNt41FB7BTHWGeXgyuSB86apMB
2014 Pokemon Japanese XY Promo Pikachu Outbreak! #70 PSA 10 GEM MINT,69485693,Diamond Pack,2026-09-22T10:35:31.765Z,2026-09-22,3071.81,3071.81,3071.811107,true,2312,neither,13,https://solscan.io/tx/wurtYcyypXfRGV1cU7hrKfhjb9Ab3SSqQ5eeGSNCMArWsTpvoyw5coS743YdZn98Edir9uusv3W9BZ9cuDVz171
2016 Pokemon Japanese XY Promo Premium Champion Pack Jirachi #235 PSA 10 GEM MINT,25917033,Diamond Pack,2026-09-23T02:19:44.614Z,2026-09-23,3448.04,3448.04,3448.038219,true,2700,neither,47,https://solscan.io/tx/5GDqFdqG5sGBK3vrtsvnZddJ9Vwepy1jWk9PJ2rN5MeTYxdrDD69mQ63dmDgLRoRo75hzhZzFEc45DVpDq8Da9tJ
2021 Pokemon Japanese Sword & Shield High-Class Deck Gengar VMAX #20 BGS 10 PRISTINE,0015360690,Diamond Pack,2026-09-23T02:19:57.795Z,2026-09-23,3625.94,3625.94,3625.942609,true,4946,neither,60,https://solscan.io/tx/4ZRwrzdXA5iFQhcwjQyuBibpqk2NhmCkhQ7GsrLyHD2aoiJt8VAcMksQCLsZCVV9JfcFsNVk5a8mie9rgQE1y9bG
1996 Pokemon Japanese Base Set No Rarity Symbol Pikachu #25 PSA 9 MINT,91390356,Diamond Pack,2026-09-23T03:17:15.626Z,2026-09-23,3591.42,3591.42,3591.421609,true,6000,neither,11,https://solscan.io/tx/4JM77rJNyjKHd6hKP9PUUU3Y9rzbrpyRhxWMEJjgBqvkSnWhR3KqCV13mBLnNAzcdSih8wKkz56FsK5zgMiW2XS7
2011 Pokemon Black and White Cracked Ice Holo Zoroark #71 PSA 10,122653413,Black Pack,2026-09-23T03:43:16.447Z,2026-09-23,2558.14,2558.14,2558.135501,true,3253,neither,17,https://solscan.io/tx/1JYGxBM3dMMpLAYkSEQYuXb3VDFJLfMQFfBLvXjU5wcr6u29P33ZBL6CBCQUnw7E89SQApG44txWGrQAjctfE1q
2017 Pokemon Sun and Moon Promo Japanese Champions League 2018 Yokohama Umbreon Gx #125SMP PSA 10,76987978,Black Pack,2026-09-23T03:44:24.965Z,2026-09-23,1999.88,1999.88,,,1831,neither,147,https://solscan.io/tx/5racsXrPZY2HfKedbuCDUU8nSky2ULT6feYTwVJNFxy3W5BGMB5icTNcaGog1FX3L5dYsnstf15xV4RnMb7WwJ1j
2002 Pokemon Neo Destiny 1st Edition Holo Dark Crobat #2 PSA 10 GEM MINT,43422163,Diamond Pack,2026-09-23T03:50:57.786Z,2026-09-23,3931.98,3931.98,3931.983706,true,4999,neither,13,https://solscan.io/tx/3sMgnTCS3UsvY2JvuPcwzY1YyJR68AytdkpUrYzohcTZk3cpMZEjAGNpuYFTY85qX4o9cvuHExbkcfvp3suDmEaV
2003 Pokemon Skyridge Holo Kabutops #150 CGC 10,4292377035,Diamond Pack,2026-09-23T03:51:29.428Z,2026-09-23,3147.02,3147.02,4302.701359,false,4999,under_90_both,15,https://solscan.io/tx/3DXwVpxLbE4nWM11R19oNeCL6KPQK7f59TuNAX1SFKpjfWP2HsergGFu2ZaSFjWjKQCeabKdSX6YHv44VvbWfU5J
1999 Pokemon Gym 2 Challenge From the Darkness Japanese Holo Sabrina's Gengar #094 CGC 9.5,6048110015,Black Pack,2026-09-23T03:53:06.039Z,2026-09-23,1639.15,1639.15,1639.148253,true,1350,neither,42,https://solscan.io/tx/5M7L3HSp8vw2kAS4rXoRtsqoJHSfKabfnboJHjcp7KVG1kUzgjMMfCnPiQmUqEEdNnhR1kcDnL2MY4EBmftMNtgb
2022 Pokemon Sword and Shield Lost Abyss Japanese Giratina V #111 BGS 9.5,0014992117,Black Pack,2026-09-23T03:53:06.042Z,2026-09-23,1624.61,1624.61,1624.606768,true,1135,neither,42,https://solscan.io/tx/QdTxyvJSe9LZMX6i4nY2sNkakgup9mftFrBPs6CijN1fiaoLDpbVPh5Azg11AgQCkbSsjdQFfvWdWnBxyKuG3wp
1999 POKEMON BASE SET UNLIMITED #4 CHARIZARD-HOLO PSA 9,10075313,Diamond Pack,2026-09-23T03:53:07.888Z,2026-09-23,3321.52,3321.52,3321.516557,true,3705,neither,12,https://solscan.io/tx/4DuXPnz3CgtgPgByR1BBguQtTVYGX3m6v5oCwpeRLBvPTvxWTT147Kg3HTo1ikRxBfPe5L1QUN35iZeRETPhkz5i
2005 Pokemon EX Delta Species Holo Kyogre Gold Star #112 CGC 9 MINT,6137727004,Diamond Pack,2026-09-23T03:55:41.681Z,2026-09-23,4123.87,4123.87,4123.866151,true,8593,neither,20,https://solscan.io/tx/2rFHqGhLrwBCqXhGjy95Yb2qnf2GCUZip8hyvFHGgxWFxaesNESvmQHv69yuTNgSTwACcG8P6M1XDALZfDu2NnDg
2000 Pokemon Gym Heroes 1st Edition Holo Misty's Tentacruel #10 PSA 10,27493787,Black Pack,2026-09-23T03:56:08.970Z,2026-09-23,1906.24,1906.24,2548.483857,false,3999.99,neither,15,https://solscan.io/tx/31jXQrfAD3V8wcDXQDJ6AmwYo5GUC5KF72AFoP2jxjdkmFC7kbAFj178Rz4XDq2kR86MzdCTymTBLxCUynJG24Ma
2016 Pokemon XY Japanese Promos Collabo Mignon Launch Campaign Pikachu #XYP PSA 10,49821969,Black Pack,2026-09-23T03:56:37.436Z,2026-09-23,2726.53,2726.53,2726.528,true,2300,neither,19,https://solscan.io/tx/4DswmjcNbnnTb9FQ7gn9YerptajfVQ8t7S4zb4WvsbJyGo2BoYySQciiNxX9zy3hAnuNwy8UkXBxSjV6vxJEfaN5
2000 Pokemon Neo Genesis 1st Edition Holo Lugia #9 PSA 5,153323567,Black Pack,2026-09-23T03:59:17.147Z,2026-09-23,1895.93,1895.93,2162.9993,false,2730,under_90_both,16,https://solscan.io/tx/2KoZH6AfH3AXn5WCFCpi9jwMrPiq9y9oyGsTFGGuXfoP8EPaqVf443Sv8WXcyzYr1Y4Dq2TckpwbRfz1ahF4Rfa1
2009 Pokemon Melee Scramble Japanese Gyarados #6 PSA 10,73766638,Black Pack,2026-09-23T03:59:19.682Z,2026-09-23,5964.4,5964.4,5964.403939,true,3800,neither,18,https://solscan.io/tx/2RzRQYmQnjxL1JL61ru6GpsbEYLABZkMLjqweqeNuRwC5mGNkemotJwN6U75A33VcqLEegXarkNpxWBGNCKezFFk
2000 Pokemon Gym Heroes 1st Edition Holo Misty #18 PSA 10,26957898,Black Pack,2026-09-23T03:59:21.600Z,2026-09-23,2027.28,2027.28,2202.386285,false,2785,neither,20,https://solscan.io/tx/4dBEPPu7BKK6fQgz6mPZrYLDkMD6hSLh4mWZtFrJo3aCiFNjxD3EY35a8VwAsu1mBQYQDmnT4budQTF2RrT6Bg1d
2003 Pokemon Skyridge Holo Magneton #H19 PSA 10,41533561,Diamond Pack,2026-09-23T03:59:42.491Z,2026-09-23,3316.75,3316.75,2813.358506,false,2750,over_110_both,9,https://solscan.io/tx/8X3UxLMt7MEZctVzMnknRTSvA82ecTZ593S1mk74qXq4J1Gsmms9KuVWMLMM925e8Ut4aMNdFhRLkuMdCxNjEAj
2016 Pokemon XY Promo Japanese Premium Champion Pack Jirachi #235XYP PSA 10,156603287,Diamond Pack,2026-09-23T04:00:00.336Z,2026-09-23,3565.29,3565.29,3565.287198,true,2700,neither,10,https://solscan.io/tx/5bhVuFzKg5mawHx7jZMDruBvkuWjtPCooxxCgRVG8LGuCroztnkp24TS4Lk8wmBVZ6yJ2FmXMz1y8chmtmFSxPCE
2016 Pokemon XY Pokekyun Collection Japanese 1st Edition Flareon Ex #007 PSA 10,136500290,Diamond Pack,2026-09-23T04:00:06.560Z,2026-09-23,3456.95,3456.95,3456.948686,true,3150,neither,16,https://solscan.io/tx/28uAqerYsjUYVk1g7AQmbpYR1RHAsGEoY552dbDQda8aJs7wt5VCBjoYsZkJc5mv7iY19FDosz1X1TA5PjpdcLpR
2017 Pokemon Sun and Moon Promo Japanese Champions League 2018 Yokohama Umbreon Gx #125SMP PSA 10,76987978,Black Pack,2026-09-23T04:00:46.917Z,2026-09-23,1999.88,1999.88,,,1831,neither,30,https://solscan.io/tx/2g37h7fu7jEv4mXXMTnCboqABqyuLUFUV81fVaL3UESiqczyFU8QnC9JhM6LNGDpqZS7sKRezUqnuMHH7KVrSUw1
2017 Pokemon the Best of XY Japanese Shauna #185 PSA 10,106274470,Black Pack,2026-09-23T04:00:47.459Z,2026-09-23,2595.13,2595.13,2595.132797,true,3107,neither,31,https://solscan.io/tx/3yn76US44Si1PS3KfJrjWWhLJvN6eGskcFTmBTBAiKhtavgWSAmCEp1DZEABti9HHdYDAK1ggQuU5yfL3MdHKnnj
2016 Pokemon Japanese XY Promo Premium Champion Pack Jirachi #235 PSA 10 GEM MINT,25917033,Diamond Pack,2026-09-23T04:04:00.265Z,2026-09-23,3448.04,3448.04,3448.038219,true,2700,neither,12,https://solscan.io/tx/Lsj426SZhxdDQqBDRtA5WgH6ycbDgmdTxv6wuueUv7eG4K4EJm9E4PrEJzCq6AzeUAMMrGiLBAeb3hAZ7qkUUHn
2016 Pokemon XY Promo Japanese Premium Champion Pack Jirachi #235XYP PSA 10,156603287,Diamond Pack,2026-09-23T04:04:06.260Z,2026-09-23,3565.29,3565.29,3565.287198,true,2700,neither,18,https://solscan.io/tx/442faRnNtLCMj46mD8rsV4CCRCd5zErEFZAgUHjmThjKX5KP3tYPNGEt3sAtxVjQ4t9oWDujwqsNW7SoXViBzLKR
1999 Pokemon Base Set 1st Edition Lass #75 PSA 10,43625809,Diamond Pack,2026-09-23T04:25:31.779Z,2026-09-23,5978.5,5978.5,5289.443943,true,3930,neither,19,https://solscan.io/tx/nUAQNJJ7jnxFYfnJoDZCTq235GQ34VaVNqEnykii4fQ6tWnLsdunsNR12Xqoha4tXv2Nys9qrRUnMs3tKFG9kEL
2003 Pokemon Skyridge Holo Magneton #H19 PSA 10,41533561,Diamond Pack,2026-09-23T05:33:55.399Z,2026-09-23,3316.75,3316.75,2813.358506,false,2750,over_110_both,20,https://solscan.io/tx/h8TniUWm7CxP5MVBfsDXxYmsmZKribE9tEVuVwj9DhhWzo5y3j1fJBa4UsHA3U56u7Ba5dqULchmHEgJRKpAfW1
2026 Pokemon Mega Evolution Ascended Heroes Special Illustration Rare Mega Gengar Ex #284 PSA 10,160710066,Black Pack,2026-09-23T07:29:58.147Z,2026-09-23,2043.91,2043.91,2197.736216,false,2500,neither,112,https://solscan.io/tx/5vqNeRDpcuS6XSs2FAr3HqxfwTJ7tz3oKPkEzH4WJBfMCFDnRD6WJwuxATojujb9nL45TCSkrsCqCETG5XSdBXuW
2019 Pokemon Sun and Moon Team Up Gengar/Mimikyu Gx #53 PSA 10,52944273,Black Pack,2026-09-23T07:44:28.733Z,2026-09-23,2722.59,2722.59,2722.59233,true,2650,neither,68,https://solscan.io/tx/33fkD1DQpGbS3LoZ5jod6Z2RBSYdYfhLU7z2KkMoaK1Uv85vRYmFVFddPX4nXFqz8RH6iBJd6pq6WzWjCxJejAXz
2016 Pokemon Japanese Sun & Moon Promo Special Box Pretend Grunt Pikachu #14 PSA 10 GEM MINT,51861302,Black Pack,2026-09-23T07:49:46.823Z,2026-09-23,2738.96,2738.96,2788.367029,false,2640,neither,124,https://solscan.io/tx/22PUUSS3ic2xZ5aP4Xn3MKJPm6KUqX3ukG1B6qMdzWXrsgD2vCa285rw72mN5zFGwLQZ2VLxpuebUsfMNdG4Ck1o
2021 Pokemon Sword and Shield Evolving Skies Secret Rare Rayquaza Vmax #218 PSA 10,156796215,Black Pack,2026-09-23T07:50:27.124Z,2026-09-23,2626.47,2626.47,2626.468173,true,2297.01,neither,8,https://solscan.io/tx/2qkPGdLGp9vWzDuThdCA7WpnHHdx5AEX1EdWzZHP2RxokinsLyfNyRsHSDAV4TUC9jHWF3zEwyAnWanFQf28ywH7
2001 Pokemon Neo Revelation 1st Edition Holo Shining Gyarados #65 CGC 8,6173920003,Black Pack,2026-09-23T07:56:11.018Z,2026-09-23,2719.21,2719.21,2719.207103,true,3061,neither,339,https://solscan.io/tx/3xTejUAj97s2UK1C7xnJMwpjefbZA3wg6G7ybJTqc92tB4kXuVwRfZuxRxk9atDgjkEfjCc8xNm95yQJS7ottffk
2009 Pokemon Melee Scramble Japanese Lucario #12 PSA 10,42936003,Black Pack,2026-09-23T08:08:12.131Z,2026-09-23,2299.88,2299.88,2299.877274,true,2445,neither,172,https://solscan.io/tx/2pNa2a5m5wHcx5ysZpDEZTTogFjoyV7KrXnvhZ3KSAt5ism3rJkBCHAW59RMjkHceQKrDvKMaZW63TDDbb5T6HLN
2001 Pokemon German Neo Revelation 1st Edition Holo Shining Gyarados #65 BGS 6 EXMT,0019975466,Black Pack,2026-09-23T08:09:00.956Z,2026-09-23,1853.9,1853.9,1853.899328,true,2208,neither,5,https://solscan.io/tx/4cJvEAocg5XTsUqmpuGB9pFfgfGqvVfXhsyaJC2f5WCga4bLNeshR8EHLiyFQQ2L5aorgbGwaaEWpGNd7DMokkNg
2010 Pokemon Reviving Legends Japanese Holo 1st Edition Umbreon #37 PSA 10,107175454,Black Pack,2026-09-23T08:15:55.991Z,2026-09-23,1944.84,1944.84,1944.840421,true,1590,neither,12,https://solscan.io/tx/5sMYByTTz9T4BcBHLEatnpNPuftpASdM16rTzyKjZKrYcAWqNuwSfmLfPpJBBveyCXPA19E5QiJ6uv2Vkda4Yoe1
2016 Pokemon XY Break Mythical and Legendary Dream Shine Collection Japanese 1st Edition Mew #17 PSA 10,83848917,Black Pack,2026-09-23T08:16:57.077Z,2026-09-23,1904.73,1904.73,1904.733665,true,1710,neither,24,https://solscan.io/tx/5gaBCiqxiskpjw8W4SYno9U7ZxzVD1zTKVKsvBFHnjCV3Mz1W8RkVm2eHvvesFg9DxxBN6Z2TtA26TfQMSWHVvSd
2000 Pokemon Japanese Awakening Legends Holo Ho-Oh #250 PSA 10 GEM MINT,64192626,Black Pack,2026-09-23T08:18:25.569Z,2026-09-23,1732.07,1732.07,1732.072049,true,1500,neither,22,https://solscan.io/tx/fmq5gkPnR2eo5iJqUp7E9kAoZpcThWYm8tQhWRP2mz9nPGSQL93z7TyZ9X7N8pVgY5z1R2q3LpfbbLq5kMvFGPu
1999 Pokemon Gym 2 Challenge From the Darkness Japanese Holo Sabrina's Gengar #094 CGC 9.5,6048110015,Black Pack,2026-09-23T08:20:04.633Z,2026-09-23,1639.15,1639.15,1639.148253,true,1350,neither,69,https://solscan.io/tx/3zfwMYPpFVcTcFrHYuFeKe3gKJwvxFQYpjHDo2z6zzYgApiX6s9dWh7Jy2ewCAckejDJjttKq8UiFaY2UC1d7vPZ
2015 Pokemon Japanese XY Bandit Ring 1st Edition M Rayquaza EX #95 PSA 9 MINT,27574963,Black Pack,2026-09-23T08:20:11.253Z,2026-09-23,1510.55,1510.55,1326.798899,false,1110,over_110_both,76,https://solscan.io/tx/5VDCuoZzQFPu2XXeCFKUXw91Rohw33KrDh5eSJt4mhjkyAipnW3Zz5KmC2zaiwM4Bj1tXiefEdRcH4PUYfnpqau5
2008 Pokemon Japanese Stormfront 1st Edition Holo Charizard #92 PSA 10 GEM MINT,66464848,Black Pack,2026-09-23T08:25:46.642Z,2026-09-23,5711.51,5711.51,5711.506262,true,4956.59,neither,303,https://solscan.io/tx/2pvdxWGKNFTMVjb15pqEb4swqeS9JesnXZVPaKhbWa3Mxyhg6UH3xiTBZwYADyVPBdYQex9DHjZkK1bL4vmbbMC8
2001 Pokemon Neo Revelation 1st Edition Holo Shining Gyarados #65 CGC 8,6173920003,Black Pack,2026-09-23T08:28:40.854Z,2026-09-23,2719.21,2719.21,2719.207103,true,3061,neither,29,https://solscan.io/tx/3aSRvzm2gCidfoxrUcDjge1FXcBi4j7VinyToZmLMjpxu4yY6jCXupAvJ7JGRnVVfM7wgyvH2i8FNKn9oANvDK53
2015 POKEMON JPN XY PROMO PIKACHU MEGA CAMPAIGN PONCHO-WEARING PIKACHU PSA 10,82283688,Black Pack,2026-09-23T08:32:48.274Z,2026-09-23,2586.4,2586.4,2586.404696,true,2717,neither,8,https://solscan.io/tx/2o8c1vPkhR1eRJ79xwrUxD6VvHRTXcVre3tVXm1fMNVRftGC6gj7NMYGbtKtKqMijEwdkdEU2Yyr9TGHbYpueJ6
2002 POKEMON JPN THE TOWN ON NO MAP 1ST ED #038 ZAPDOS-HOLO PSA 10,109432146,Black Pack,2026-09-23T08:33:18.704Z,2026-09-23,1721.47,1721.47,1757.68302,true,1650,neither,13,https://solscan.io/tx/61jGwH5tzDjc2iGAkk1UdMPfXLFNTrkkYLanF9AJE6aH2MzTVUzi4oATvx23kYkUTPY5fAGWGjC4cV6pBGa5sNxv
2001 Pokemon Vs Japanese 1st Edition Holo Rocket's Wobbuffet #093 PSA 10,97907229,Black Pack,2026-09-23T08:33:47.754Z,2026-09-23,2184.39,2184.39,1921.137125,false,1475,neither,11,https://solscan.io/tx/4GNsZoZu4Qcy58kVrffs8rXq3K297Dzzf7UR9C2b2fTnLgJxicBYaWLnBaJpgiDx4UnjqeXuudrhDSESMQfGwNUR
2001 Pokemon Vs Japanese 1st Edition Holo Rocket's Suicune #096 PSA 10,24920799,Black Pack,2026-09-23T08:34:00.009Z,2026-09-23,1538.18,1538.18,1540.36978,false,1325,neither,9,https://solscan.io/tx/RYAoTHjkLWEFvFhr52ohQmo3t9HwTnZ6y8z4U8VjbpNKyeS1Jww8ZpDBkUjVZq8GVFRvg1GtBfvBc7XS3cL2qqx
2025 Pokemon Mega Evolution Phantasmal Flames Special Illustration Rare Mega Charizard X Ex #125 PSA 10,156188662,Black Pack,2026-09-23T08:35:52.778Z,2026-09-23,1766.45,1766.45,1766.454856,true,1650,neither,29,https://solscan.io/tx/5hcTxjo2Hen6nDWRUkrUyaU69sS6fn3xJ3RV3VsDrDQhZ7gcQYgAUwkd32J4Jy2CqDVLuJP6Xi5F3i1ykpvxRXw6
2000 Topps Chrome Pokemon Tv Tekno Psyduck #54 PSA 8,128957481,Black Pack,2026-09-23T08:35:55.843Z,2026-09-23,1741.56,1741.56,1741.562246,true,1505,neither,32,https://solscan.io/tx/3ovMfMHQ2ERkw3nfUq9zEhpZVhe2Zq1vzWDHSTN81iGDt8G3j9riN93dUidWLJ7EeLsWKCNMigL8zJNvFcoxG2H1
2018 Pokemon Sun and Moon Promo Japanese Team Magma Team Rainbow Rocket's Ambition Pokemon Center Purchase Campaign Pretend Boss Pikachu Team Magma #193SMP PSA 10,44530306,Black Pack,2026-09-23T08:36:01.096Z,2026-09-23,2644.61,2644.61,2644.611074,true,2900,neither,37,https://solscan.io/tx/5Z4HkFETiPCVobu1rptQE9CSHZ33AwpRK5ob1hwL1NppQCjzWkhg4CxTBjDMQSy2dACgEVCuw9yefqCFbgU43Xp8
2004 Pokemon EX Fire Red & Leaf Green Holo Gyarados ex #109 CGC 10 GEM MINT,6099435046,Black Pack,2026-09-23T08:36:41.125Z,2026-09-23,1594.64,1594.64,1594.642818,true,4299,neither,4,https://solscan.io/tx/2rfx2umK5gYw4ciw4ocSJJj2CnKTS71qb5NQ9XhcFWpKq5LAU5u4HP1UGzvPTSeEQLrTJE7jgvjSVNb31tMqijeH
1999 Pokemon Gym 2 Challenge From the Darkness Japanese Holo Sabrina's Gengar #094 CGC 9.5,6048110015,Black Pack,2026-09-23T08:38:48.847Z,2026-09-23,1639.15,1639.15,1639.148253,true,1350,neither,7,https://solscan.io/tx/57ZLKgsjSd3hpJYuxvDP6JGJbnwK19EQkisMRPgorntVArtM4shcjPSHoJsLBr7WgFz4hth83NXnudUbCcgNPgF4
2002 POKEMON JPN THE TOWN ON NO MAP 1ST ED #038 ZAPDOS-HOLO PSA 10,109432146,Black Pack,2026-09-23T08:39:38.416Z,2026-09-23,1721.47,1721.47,1757.68302,true,1650,neither,18,https://solscan.io/tx/29mMPeGDP7mqCo7rv6RckvAZqsPE9V1K5aao5fcmCfmxG4t24Ez1kVsxSdxXCiKjahP269wtYLvbvkeobHcVuHca
2000 Pokemon Japanese Neo Holo Typhlosion #157 PSA 10 GEM MINT,83688235,Black Pack,2026-09-23T08:39:57.647Z,2026-09-23,1646.73,1646.73,1646.725342,true,1799,neither,15,https://solscan.io/tx/Jv1BM1Ze3BVrHp1vWQZKstdbiL75hFnc9cozStCaZPtLfgxDFRbnfhoLVC8CmVDhhBNNQgAJbSDxw4ZX2DQTzDJ
2005 Pokemon Promo Japanese Mcdonalds Mudkip #83 PSA 10,103129130,Black Pack,2026-09-23T08:40:19.230Z,2026-09-23,2328.07,2328.07,,,1680,neither,7,https://solscan.io/tx/3Xjqvgwsp7gr6d1arDWxwLgUrrSWEv3DdL7BGg3Wv93hs4TkNEs6jNNc1VpN8vMBgaCZE2uxhDwETsKN72cqowrA
2009 Pokemon Advent of Arceus Promo Japanese Holo Pikachu M Lv X #043DPtP PSA 9,141248369,Black Pack,2026-09-23T08:40:26.614Z,2026-09-23,1506.18,1506.18,1340.795828,false,1450,neither,4,https://solscan.io/tx/4uLNVcuYAmpKUc6A3pN7ApBUCeSt12vWW1tnqud9sM2Kz2pYLNh2H237syd6qHkKES72xtKUyr5qVfqLoxnG9Zir
2005 Pokemon EX Unseen Forces Holo Entei Gold Star #113 BGS 8 NM-MT,0016772594,Black Pack,2026-09-23T08:41:13.234Z,2026-09-23,1677.54,1677.54,1677.540627,true,1934,neither,4,https://solscan.io/tx/fx36cG5HwC7TN2MaPdN1fzLPjwb5a6AH3qq3WjNncHthHrmZZaSYcH1BrkvaM1Fi1oAv42cNLUyVe2RX5Ym4G6t
2010 Pokemon Reviving Legends Japanese 1st Edition Holo Umbreon #37 PSA 10,84200505,Black Pack,2026-09-23T08:41:43.301Z,2026-09-23,1944.84,1944.84,1944.840421,true,1590,neither,6,https://solscan.io/tx/4KPBKr5EUMqMGQdWNKBvCETsfqMHLeCcgB4NTJoUwMiTPFEC3Nnc8he8Vmg4XLmHV8gUziG8c41syJNZHeH3REvG
2012 Pokemon Japanese BW Thunder Knuckle 1st Edition Full Art Latias EX #53 PSA 10 GEM MINT,67712896,Black Pack,2026-09-23T08:42:23.844Z,2026-09-23,1952.9,1952.9,1738.204239,false,1608,over_110_both,21,https://solscan.io/tx/32Vts1oLkxNiPKcjfYettEyyqyh3UPg2yGxRcKhA9RLh24Sb6EYDXVapGjmeWXvhU7bibmCQ6j4REnY6dHaX77fa
2015 Pokemon Japanese XY Promo Archdjinni Rings Giveaway Full Art Hoopa #155 PSA 10 GEM MINT,98763759,Black Pack,2026-09-23T08:45:26.018Z,2026-09-23,1940.39,1940.39,1940.389293,true,1825,neither,4,https://solscan.io/tx/3E2LHCCyNfBe21kM1cuEVVPv76xRsbANmN4wpRoox1Sr4L2MKMtyf17rpuEkrwxLsYJP9ykv4kYwUvtd37KofZJU
2025 Pokemon Scarlet and Violet Prismatic Evolutions Special Illustration Rare Umbreon Ex #161 PSA 10,162283231,Black Pack,2026-09-23T08:45:42.515Z,2026-09-23,5623.82,5623.82,5623.82413,true,5071,neither,13,https://solscan.io/tx/czCGxn6oFXT63ADwgnaESESrAQysxgyhChJicEZ3Jmbzc26UdYwDkYSihTEHqZdRLgbH89ULR8rnkaiXqxVbFjc
1999 Pokemon Black Star Promo Wizards Of The Coast Trainer: Lucky Stadium #41 BGS 8 NM-MT,0018419614,Black Pack,2026-09-23T20:31:20.725Z,2026-09-23,1553.9,1553.9,2293.838741,true,2864,under_90_both,66,https://solscan.io/tx/57RT8PVGbsRb9qv4WaGPi1SvpTvJY6AE4aweAL9fVfVQmQURZfMP8APUGrbUPtSNmYsUii9T8h3twAh42Nh6AhNu
2021 Pokemon 25th Anniversary Creatures Deck Japanese Corporate History Charmander #2007 PSA 9,141682287,Diamond Pack,2026-09-24T04:42:25.539Z,2026-09-24,5297.44,5297.44,5297.436234,true,4584,neither,9,https://solscan.io/tx/5ww6By4VYUdERvRSg7T36kHBHQHf5qxFDMsmsx62mTsWpjJKrSE4ad4pheaKNtYEeaZ7kC2sJF5Y7Kq525edvA3p
2004 Pokemon Ex Fire Red and Leaf Green Holo Charizard Ex #105 BGS 9,0018455429,Diamond Pack,2026-09-24T04:44:29.729Z,2026-09-24,3743.62,3743.62,3743.616943,true,4539,neither,23,https://solscan.io/tx/5XTcoxySxV3ns2ZbXyrEA1kEejEpL3wnwHG38sjjEE6rTTrxKRxHqPyBnhp2F8j6q36zJpyhL7sGmptwP7Bbzsw4
2019 Pokemon Japanese Sun & Moon HR Competition Full Art Mewtwo GX #363 PSA 10 GEM MINT,50350668,Diamond Pack,2026-09-24T04:45:15.679Z,2026-09-24,3153.47,3153.47,3153.468645,true,2850,neither,6,https://solscan.io/tx/2aXbYsVJYpmMeCksapHaAdGREC9sDiXnGm6dTmPCxmRzaXBEm64fswJ4Pr5rM1km2Xa26bqZnNRmB3PcWKTjb1Hs
2000 Pokemon Neo Genesis 1st Edition Holo Pichu #12 CGC 10,6177352001,Diamond Pack,2026-09-24T04:45:40.138Z,2026-09-24,3824.95,3824.95,3824.946049,true,7500,neither,4,https://solscan.io/tx/4X8DoxbGPQwC3gy6so5bGAtBUh6w8ipREDgusr75K4CTDbp6MkxQEVcrmykKmaWA31zLpgrCooE29SCHyTz2MtRc
2014 Pokemon Japanese XY Promo Pikachu Outbreak! #70 PSA 10 GEM MINT,69485693,Diamond Pack,2026-09-24T04:47:48.573Z,2026-09-24,3071.81,3071.81,3071.811107,true,3193,neither,197,https://solscan.io/tx/2MjrmeFH4PoRZTz1VHppXNn6u9z3dztYr47ZwDr3G7YhZbZ4t6wFHn9PfjxFyWrSnEciHuuR6yFiDjhpnEMFv6Xg
2018 Pokemon Sun and Moon Promo Japanese Pokemon Center Yokohama Reopening Yokohama's Pikachu #282SMP PSA 10,157278952,Black Pack,2026-09-24T05:45:56.515Z,2026-09-24,1552.64,1552.64,1368.885636,false,1202,over_110_both,21,https://solscan.io/tx/5Js1GjKJeDrLP2CqUvfkZh4JkYQ5SVmL4versFBQKxQgf1fmSb41ExxdtxqoZfv2iqp9B7DRXin6Sv3o4KEGmgWG
2025 Pokemon Scarlet and Violet Black Star Promo Japanese Bwr Event Prize Victini #288SVP PSA 10,158402917,Black Pack,2026-09-24T06:03:55.730Z,2026-09-24,1548.15,1548.15,1520.756097,false,2075,neither,28,https://solscan.io/tx/4wXzToa6UYefvf1CmCH913JdnAtG6e7KFj8dufxe5HCiBe5cHNcJgo8D96Eh7bevmLqkLqJHGxowV2DYnaizoc9m
2002 Pokemon Neo Destiny 1st Edition Holo Dark Crobat #2 PSA 10 GEM MINT,43422163,Diamond Pack,2026-09-24T06:37:44.413Z,2026-09-24,3931.98,3931.98,3931.983706,true,4999,neither,69,https://solscan.io/tx/4E1W7kQFXYKgjKMDZ1nPA749dyLBUEseefcLpcS6CXdszZqxmS6xpAGsyK4MTZrRCKsgRhdtfEATaAxoSrrhnDBn
2016 Pokemon XY Pokekyun Collection Japanese 1st Edition Flareon Ex #007 PSA 10,136500290,Diamond Pack,2026-09-24T06:37:55.996Z,2026-09-24,3456.95,3456.95,3456.948686,true,3460,neither,6,https://solscan.io/tx/2QWRbPL15K2Ah7Z39nYpWXUiQzLTseSAW7Uw9NXiByX94VQWRkscEnTTuEzViNMtfjJCS2HdUohYxJtijTu4XBST
2000 Pokemon Neo Genesis 1st Edition Holo Pichu #12 CGC 10,6177352001,Diamond Pack,2026-09-24T06:38:05.197Z,2026-09-24,3824.95,3824.95,3824.946049,true,7500,neither,6,https://solscan.io/tx/4b6TBbuUoz5PzkGLjvLYP5fnfQrRpZSdTydhh7CLkX1NVFz3zjLy5oPPstFCDsWrwk36y8pqQXtQPqa6JjytzSws
2021 Pokemon Japanese Sword & Shield High-Class Deck Gengar VMAX #20 BGS 10 PRISTINE,0015360690,Diamond Pack,2026-09-24T06:38:13.317Z,2026-09-24,3625.94,3625.94,3625.942609,true,5110,neither,5,https://solscan.io/tx/4PUseTmePmP8GMsKU7AQqsGse6aKRLeSZba5XywkLvSta5W3rfszHEXFTf7aGhJFhPwTy6kHr3YgFtgu7aSF6KzL
2001 Pokemon Neo Discovery 1st Edition Holo Tyranitar #12 BGS 9.5 GEM MINT,0012232597,Diamond Pack,2026-09-24T06:40:05.348Z,2026-09-24,3069.81,3069.81,3856.966169,false,6581,neither,-14,https://solscan.io/tx/4qwZ7VnNL3XhqdCuvvYD5U71vZ4ZsuwFPNXv7ZY68WB7TKd1X4TqLQ6JG4DVkgFsLeYgVKwh9UvVDdYM7f1Wjnpn
2001 Pokemon Neo Discovery 1st Edition Holo Tyranitar #12 BGS 9.5 GEM MINT,0012232597,Diamond Pack,2026-09-24T06:40:25.117Z,2026-09-24,3069.81,3069.81,3856.966169,false,6581,neither,5,https://solscan.io/tx/5JeyesUuDE4oq58rneDEY5LCAutMaD3MJEXG57e9g18zhFJdZN1HMNkpX9168isi1cNM2RH1oaQcYZ2VV1UtY4Mk
2022 Pokemon Sword and Shield Lost Origin Giratina V #186 PSA 10,101343021,Diamond Pack,2026-09-24T06:40:41.026Z,2026-09-24,3168.69,3168.69,3168.689187,true,3301,neither,5,https://solscan.io/tx/2ATksaXsyJLidLaZfyP6Q6meJry6FSjyz7DGNirqJfxKn5fkzqJ3WSXaARJGW625bcfeisPQNyiPdtxBb3mransg
2000 Pokemon Gym Challenge 1st Edition Holo Misty's Gyarados #13 PSA 10,29039255,Diamond Pack,2026-09-24T06:40:49.498Z,2026-09-24,5533.53,5533.53,5533.530204,true,8000,neither,73,https://solscan.io/tx/38kvV5GYrJsFF79AhL1kKfVkCPbQviJTJpdSFNmvXfJsYed6Dif1bDF4976frkDJeJnKQUVQ4tMAgZP47GhD44H3
2006 Pokemon Promo Japanese 4th Season Subscription Holo Lugia Ex #31 PSA 10,26951024,Diamond Pack,2026-09-24T06:40:58.728Z,2026-09-24,5380.41,5380.41,6220.428223,true,6000,under_90_both,5,https://solscan.io/tx/2mRzLyBif72h4vGiKg5kWbk9cRANgVscWqP1zooiGipogLJhuTfYRhQUrSA65PPt512nwghLP9Q5yBwSXihGbGwp
2014 Pokemon Japanese XY Promo Pikachu Outbreak! #70 PSA 10 GEM MINT,69485693,Diamond Pack,2026-09-24T06:41:19.129Z,2026-09-24,3071.81,3071.81,3071.811107,true,3193,neither,10,https://solscan.io/tx/2FUBtEznXer4PS3CTTFDR3UU1hHLzZNpPfc4yDbaRmSCBcyJGKiBw1hKD3ovSFNks8TNx6fnGiGRaMSjgTsQ7Zv
2003 Pokemon Skyridge Holo Crystal Kabutops #150 BGS 9.5 GEM MINT,0018827431,Diamond Pack,2026-09-24T06:41:19.352Z,2026-09-24,3503.06,3503.06,3503.061884,true,3379.99,neither,18,https://solscan.io/tx/3vhw7abWrxikDEWiJuaF1dDvtRzhvhjJhWWC4LoAfaNi1kcfeCRBirhBGVDPAv1UCakxb3K5vNtMMu3S9iWSmu9S
2022 Pokemon Sword and Shield Lost Origin Giratina V #186 PSA 10,101343021,Diamond Pack,2026-09-24T06:41:53.676Z,2026-09-24,3168.69,3168.69,3168.689187,true,3301,neither,5,https://solscan.io/tx/325szgQzfXi9WUstvMaBnBYK1RHKS8MYSviTsiUUK8A3vdhcoTvyqR8NkWnktwpWkH3qPdW2nHKp2ETWCphpoCAC
2004 Pokemon Ex Fire Red and Leaf Green Holo Charizard Ex #105 BGS 9,0018455429,Diamond Pack,2026-09-24T06:42:19.326Z,2026-09-24,3743.62,3743.62,3743.616943,true,4539,neither,6,https://solscan.io/tx/2dCw7YpZQbY6BvVUveFRpAfC7WCdH3NLVrFwA8kNm8pJYbwFih3ZMwc5rrjF3vQWamBZtY52CSSykcWwAvbkkMpg
2019 Pokemon Japanese Sun & Moon HR Competition Full Art Mewtwo GX #363 PSA 10 GEM MINT,50350668,Diamond Pack,2026-09-24T06:43:15.229Z,2026-09-24,3153.47,3153.47,3153.468645,true,2850,neither,7,https://solscan.io/tx/33Ehzp7Dm9b2vwB6UDma5f2a5CZV4EMXP8KHRDsMbYxtL2Vgb9WRsALbkddZkU3MX9zSLHaKWyyzHYKYZpYTzFid
2006 Pokemon EX Holon Phantoms Holo Latios #12 PSA 10 GEM MINT,71360077,Diamond Pack,2026-09-24T06:43:23.928Z,2026-09-24,3272.17,3272.17,3272.174392,true,4560,neither,5,https://solscan.io/tx/5aMUqCy2GowtVZGuocTuaLPVh3V2WBG7jiznz7GSd4UwZT4rmBuEd89rZaouGoYz1HR5vAsnM3VtN3RBdneQRVLs
2005 Pokemon Gift Box Mew Japanese Holo Mewtwo Gold Star #002 PSA 8,45557019,Diamond Pack,2026-09-24T11:49:25.015Z,2026-09-24,3423.54,3423.54,3423.541553,true,4050,neither,20,https://solscan.io/tx/2KzaxJzSJ4qQE4ex9Ff1tXpM36enh5v4UvhoX82bbcWikM3hMmC5k5AnyGwfLBzifkD83mxNcayAUvhzAFTkXKgH
2000 Topps Chrome Pokemon Pokemon Tv Charizard #6 PSA 10,69797374,Diamond Pack,2026-09-24T11:49:56.788Z,2026-09-24,3282.85,3282.85,3270.635093,false,3650,neither,12,https://solscan.io/tx/4cg9g4HaWtQnVjjpK2Yf3j69BfHxvctBmMbK7KqS8z41SrNpvEEgdjwhA2stUSuuk8V2Ln3eGbAgA6hJqFzh2w8R
2000 Topps Chrome Pokemon Pokemon Tv Charizard #6 PSA 10,69797374,Diamond Pack,2026-09-24T11:52:31.397Z,2026-09-24,3282.85,3282.85,3270.635093,false,3650,neither,12,https://solscan.io/tx/33ex8sNDt4Vo1KoQB72YjnK1dHbNStq9EYF4EJotU8MgJdhTCGtLbER7PhfaqigDFgmEcWk6zHEzvq4g9fZ4zmnD
2000 Topps Chrome Pokemon Tv Series 2 Gengar #94 PSA 10,63615523,Diamond Pack,2026-09-24T11:52:55.984Z,2026-09-24,3781.65,3781.65,,,6678,neither,22,https://solscan.io/tx/5fPUtAt2McdsojVkVefq3hh8LZhK94wJp2xXfDj3AKPPtS6LHbwG7v2xS3MzGiNsS6CKBYhAJoxKoZiFggQPHJU3
2005 Pokemon Gift Box Mew Japanese Holo Mewtwo Gold Star #002 PSA 8,45557019,Diamond Pack,2026-09-24T11:59:51.208Z,2026-09-24,3423.54,3423.54,3423.541553,true,4050,neither,-33,https://solscan.io/tx/2HxZbS7D2aR5bLh2jzG9tPq7QCyRv5G18NxgBSEnEitGFSfKNKVVoVUKGibfvfSGLrznrF9xHL3sJQEQ5zEfVpZ7
1996 Pokemon Base Set Japanese Holo Chansey #113 PSA 10,150108111,Diamond Pack,2026-09-24T12:00:20.427Z,2026-09-24,3395.43,3395.43,3395.428334,true,2100,neither,8,https://solscan.io/tx/2j16Bw6KvA5hXSM2NnyYzwTtDrey11UsvE5znhDiz5gqwfZfhiqEzDTJyA3bWiQSV2nPqgDGntzwDC5Xew2gZFY2
2005 Pokemon Gift Box Mew Japanese Holo Mewtwo Gold Star #002 PSA 8,45557019,Diamond Pack,2026-09-24T12:00:30.053Z,2026-09-24,3423.54,3423.54,3423.541553,true,4050,neither,6,https://solscan.io/tx/3uGAGRBQGyZqRKCNUydVLs9TQT1sLRqRZshukpTyEWTLv4HxcP8xUxXg5rpv5AEEdBhDCHYf5CrGYa3R4eDFNHLH
2006 Pokemon EX Holon Phantoms Holo Latios #12 PSA 10 GEM MINT,71360077,Diamond Pack,2026-09-24T12:00:55.575Z,2026-09-24,3272.17,3272.17,3272.174392,true,4560,neither,11,https://solscan.io/tx/35iTKupthcRNqdqPaSmYe9SdX6tEMyp2mbsLHB8afQmcgmwZJC7yeYDbqWHLt3wfKmxan4u15EnDdeaYoeFAdcXR
2002 Pokemon Neo Destiny 1st Edition Holo Light Azumarill #13 PSA 10,25331979,Diamond Pack,2026-09-24T12:01:01.184Z,2026-09-24,3661.86,3661.86,3661.860443,true,3950,neither,189,https://solscan.io/tx/59bgarFErxgS6JYgZ9pcXj3NAMDMyZ32BATwaKzoSB5hTrec34jXnxZJ92zZRcBXsf5nQFqYJ48WrTiqonb3xXof
1999 Pokemon Base Set Holo Charizard #4 PSA 9 MINT,26031933,Diamond Pack,2026-09-24T12:01:18.025Z,2026-09-24,3321.52,3321.52,3321.516557,true,3475,neither,6,https://solscan.io/tx/5CwZ5YDV9m6weRRjemVbqbuVR5zxnXYZNNpUmYUY3uSHT3nY4o5DqqZfSJhByhZwRc9TXPtWSQXQq1PKyh2iL1uQ
1996 Pokemon Base Set Japanese Holo Chansey #113 PSA 10,150108111,Diamond Pack,2026-09-24T12:02:04.513Z,2026-09-24,3395.43,3395.43,3395.428334,true,2100,neither,5,https://solscan.io/tx/492s6bZqw8ezTDd8gGAVrneHeuPoL2homcAEjcc4LYvZZckJLbLAedG5LNjjYeD3KYmKmaNuXvT7gsG4Yga7SJ36
2006 Pokemon EX Holon Phantoms Holo Latios #12 PSA 10 GEM MINT,71360077,Diamond Pack,2026-09-24T12:02:14.411Z,2026-09-24,3272.17,3272.17,3272.174392,true,4560,neither,6,https://solscan.io/tx/5qRwE4daK1PxPzcv7iou4cYziTEDXKQ9DTyRPxYj8koneDd5VydP94xrgYMLctzpBPc2UjL6xXT1FWyEjPfFS3y5
1999 Pokemon Fossil 1st Edition Holo Zapdos #15 PSA 10,44940465,Diamond Pack,2026-09-24T12:02:51.488Z,2026-09-24,3678.72,3678.72,3678.723484,true,4400,neither,10,https://solscan.io/tx/4os8yfUr2JCFCEGWPefsZVCvWxm8JSQrzNWeL6PcdDpMUEc2zm52LprRZQNdv9UEwphvtjRDtZigvQACnnATTfam
1996 Pokemon Japanese Base Set No Rarity Symbol Pikachu #25 PSA 9 MINT,91390356,Diamond Pack,2026-09-24T12:03:04.147Z,2026-09-24,3591.42,3591.42,3591.421609,true,6000,neither,9,https://solscan.io/tx/4NVnCZnbGLBvEPEpewBbqT1u9ZWZ9MWb2VzFk6fmQD7Gr7Fa8Mp763WoS3DCxieTvRXKjfs6Ak4G6LpGgvZTjkzY
2012 Pokemon Japanese Black & White Spiral Force 1st Ed Deoxys EX #25 PSA 10 GEM,80539046,Diamond Pack,2026-09-24T12:03:14.369Z,2026-09-24,3412.91,3412.91,3412.909812,true,730,neither,7,https://solscan.io/tx/7XB6wETtTTHbkD6TJUYgEqwrp9AsCZCxTeLdJcsyfayXPNr8YipdpnmkfKDYFvAV7UwdcCLeS595iu7vcxwSDwu
2001 Pokemon Vs Japanese 1st Edition Holo Rocket's Wobbuffet #093 PSA 10,97907229,Black Pack,2026-09-24T16:17:21.291Z,2026-09-24,2184.39,2184.39,1931.116594,false,1475,neither,58,https://solscan.io/tx/5WJHUVRBhvs3oPigF6zofaS2ibBJKcLvmm9vUYD6bCBmjGv3JwGqeLWmSzFWyripZuUmivFtqfGYAqmPY3cdPqk2
2023 Pokemon Sword and Shield Black Star Promo Prerelease Staff Holo Gengar #241 PSA 9,156657366,Black Pack,2026-09-24T17:10:27.462Z,2026-09-24,2361.33,2361.33,2361.334552,true,2275,neither,99,https://solscan.io/tx/2Gnhoe892FK4qxNhTdFAz37duAdigh3ARdsA1FDWS3ZjBX5QXrDrZgc9ecQtUipPRwq33vWtVM88Gca7AkwU9Eri
2021 Pokemon Japanese Sword & Shield High-Class Deck Gengar VMAX #20 BGS 10 PRISTINE,0015360690,Diamond Pack,2026-09-24T17:47:02.572Z,2026-09-24,3625.94,3625.94,3625.942609,true,5110,neither,22,https://solscan.io/tx/Q4R5Uwe3WKRF3HZDw3CCC9LG6Tm3jWsBAv9xgf5St2zMH3U6UHbaJxJNXhJFPcLcFdnL9UbbSyDAAkxckuxJV6U
2005 Pokemon EX Emerald Reverse Holo Rayquaza #9 PSA 8 NM-MT,72331441,Diamond Pack,2026-09-24T17:47:56.274Z,2026-09-24,3009.58,3009.58,3009.580183,true,3850,neither,21,https://solscan.io/tx/4dmzUJx7NfGvoxSbrvZjHoNDejP4wLduFTEaSK67StYrTEiYeWVcnfzWasnHPH2jaZu3um8Qt1ivkbc2TXr586Dd
1999 Pokemon Fossil 1st Edition Holo Zapdos #15 PSA 10,44940465,Diamond Pack,2026-09-24T17:51:56.556Z,2026-09-24,3678.72,3678.72,3678.723484,true,4400,neither,19,https://solscan.io/tx/25ef3HxaXoo396VxzrTKZh48DqVTbmy1rH8enPuT441Pf18DCE3EMKYgaNvFAENob6DRGKemPaVKoGQY6HLJSxE5
2023 Pokemon Scarlet & Violet Promo Obsidian Flames Center ETB Full Art Charmander #44 PSA 10,130185461,Diamond Pack,2026-09-24T17:52:40.341Z,2026-09-24,5905.36,5905.36,5905.355512,true,4983,neither,18,https://solscan.io/tx/ATJzW9fhGVCQekdp4jVW9NZ3DfZDXtvVSZ6kkY22Bjos77Yy8Sy7EhN1isNWiRbYEvpdw12WzG3NdULkGtAWpPy
1999 POKEMON BASE SET UNLIMITED #4 CHARIZARD-HOLO PSA 9,10075313,Diamond Pack,2026-09-24T17:53:06.415Z,2026-09-24,3321.52,3321.52,3321.516557,true,3475,neither,18,https://solscan.io/tx/4TqfgRFgGxC9aQgsRoLxUdLYprMWRecCrBrei7r64DG5bbPKqXqErPARSFrYfSCXTyCUEi3nfQjvC4iiYUcpUizC
1999 Pokemon Fossil 1st Edition Holo Zapdos #15 PSA 10,44940465,Diamond Pack,2026-09-24T17:53:45.587Z,2026-09-24,3678.72,3678.72,3678.723484,true,4400,neither,20,https://solscan.io/tx/2A7oW2HNFJRFfDGewSQ1rmT3iuDjqP3m1o7wKj73Xkfboj9ujCiFNBz6ftfNoF88nrJTgYBaJoMZR7ErATByccT1
2000 Pokemon Team Rocket 1st Edition Holo Dark Dragonite #5 BGS 9.5 GEM MINT,0012787614,Black Pack,2026-09-25T01:06:43.270Z,2026-09-25,2054,2054,,,3900,neither,15,https://solscan.io/tx/5SM1Tmx5uqU62LrLyuHXgpiS9Y5kCzaYD3H3c9aaWFMxH3S633fV3MhynxGQ7LYJpNZdhxrGy3u8eZQzDv8EcXqC
2012 Pokemon Japanese BW Thunder Knuckle 1st Edition Full Art Latias EX #53 PSA 10 GEM MINT,67712896,Black Pack,2026-09-25T13:10:26.586Z,2026-09-25,1952.9,1952.9,1671.396612,false,1608,over_110_both,19,https://solscan.io/tx/gPUuaJJZuiuA18huQaEjqMG4NQ6eKoxtkPizcHnTyD9Xhjjtzdk5F3Z6MZMk3JgQeZAetamCjsPXS5Q64jRGGjE
1999 Pokemon Base Set Shadowless 1st Edition Holo Chansey #3 BGS 9 MINT,0010619629,Black Pack,2026-09-25T15:10:04.156Z,2026-09-25,2506.13,2506.13,2506.129689,true,2615,neither,15,https://solscan.io/tx/1E3w8U1ufTzjb6UJ3aBn6GWc7UHuwq5dErTKro6Nhmo1m5rBwVKrarK8JtA1VRjRtVnuFSst6C7rAAitpvMHDPw
2019 Pokemon Chinese Sun and Moon Dreams Come True Set B Full Art Lillie #202 BGS 9.5 GEM MINT,0019806880,Black Pack,2026-09-25T15:10:20.414Z,2026-09-25,1657.22,1657.22,1657.220596,true,,neither,12,https://solscan.io/tx/2xqUmUnmQCpLL1ndp6jU3nkovu7r1FuCFAPM7Eg4968k7bYE7TUVJkzPzVvwsuZHG4YjnUCXqS2Gc7mFBtgNZuwD
2015 Pokemon Japanese XY Promo Archdjinni Rings Giveaway Full Art Hoopa #155 PSA 10 GEM MINT,98763759,Black Pack,2026-09-25T15:17:19.574Z,2026-09-25,1940.39,1940.39,1940.389293,true,1825,neither,13,https://solscan.io/tx/5fQBYpcWvMwBZtsun76SiXT7vn2tHLQyxAUoc45mPxkgMzfGjYAyPjpwZzuy8B1Y5HhXa1mHeguocK9axNywmVcp
2010 Pokemon Reviving Legends Japanese 1st Edition Holo Umbreon #37 PSA 10,84200505,Black Pack,2026-09-25T15:17:50.722Z,2026-09-25,1944.84,1944.84,1944.840421,true,1850,neither,13,https://solscan.io/tx/4R6zy25a74M8R5UnzjgcSPWm3p62Z4a1iAc3ycWQL2hdAt7MQ1Wbvc77pHF5KTohhGtSoZqbsywSd8i94NG3kDLJ
2019 Pokemon Sun & Moon Promo Tag Team Tins Full Art Pikachu & Zekrom GX #SM168 PSA 10 GEM MINT,129175052,Diamond Pack,2026-09-25T15:47:10.200Z,2026-09-25,3436.75,3436.75,3436.754261,true,1825,neither,227,https://solscan.io/tx/5qwqsnFUfbpgVDLC2zoCGGXu2iksggURpMDvGND5p6gHviMLFAcpCZgRa6aSUNDD8imefkZNxkKcEuhyjPd5Kkc5
2017 Pokemon the Best of XY Japanese Shauna #185 PSA 10,106274470,Black Pack,2026-09-25T15:50:12.910Z,2026-09-25,2595.13,2595.13,2595.132797,true,3443,neither,71,https://solscan.io/tx/4WX4cyfKcFyLarH27CDaQ9ezPNeNqSXF2GcPopveTHmy197iqc2YNC66QWr3o3Kqzfd7EvoDAhtuHkxXAnickPCd
2018 Pokemon Japanese Sun & Moon Promo Mimikyu Special Box Pikachu #199 PSA 10 GEM MINT,78947878,Black Pack,2026-09-25T15:57:25.049Z,2026-09-25,2635.83,2635.83,2635.832366,true,2950,neither,40,https://solscan.io/tx/65EDf1f23BPtptei1BFNaYNqT2ZGG9MvvyTgxEzxcXKGNeCPcJM6bYc5xUybEYu2Dchoxu8Z6gfGNyxmt4ZQAAaw
2015 Pokemon Japanese XY Promo Archdjinni Rings Giveaway Full Art Hoopa #155 PSA 10 GEM MINT,98763759,Black Pack,2026-09-25T15:59:31.532Z,2026-09-25,1940.39,1940.39,1940.389293,true,1825,neither,19,https://solscan.io/tx/5xDnZCLhkjJeASDQtNdhFhesVG3fUkLrSxrDVkTwCdCTwCu7b3H9ZAQxLWCNE95AZnzYe1pkLiVMrgQkWox4enFr
2000 Pokemon Team Rocket 1st Edition Holo Rainbow Energy #17 PSA 10,18447149,Black Pack,2026-09-25T20:21:26.546Z,2026-09-25,1912.33,1912.33,1912.330313,true,1563,neither,9,https://solscan.io/tx/topnkiZZdmvcL7Q3zGCP6JEKzyXDWsLdnL79G2TS8Ss74E8GPXCpbdow1af2mcyDLWUD2AhgWjf2GKtuXfVfUdf
1999 Pokemon Japanese Promo Double Black Star Grand Party Trainer PSA 9 MINT,02364969,Black Pack,2026-09-26T11:32:45.586Z,2026-09-26,2120.33,2120.33,2554.135183,false,2760.37,under_90_both,73,https://solscan.io/tx/3VCiXxZqHHPtHNXHjYs2EjZZyxi6EwsoYgXHHDn8TgUJRuEeUKTq9hw35R4mL8NUKa8QYi8PHHEkQTXt1bvKNvM3
2000 Pokemon Gym Challenge 1st Edition Holo Misty's Gyarados #13 PSA 10,29039255,Diamond Pack,2026-09-26T21:00:18.740Z,2026-09-26,5533.53,5533.53,5533.530204,true,8500,neither,10,https://solscan.io/tx/43M2E1RBM8WtrpwWv9VhVPC6MTXJVY6LRUyzDLP74pRipN8dEGFYPLnaV9MDpsrPNii3QFe74KeaY5gUtbmB6tur
2001 Pokemon Neo Discovery 1st Edition Holo Tyranitar #12 BGS 9.5 GEM MINT,0012232597,Diamond Pack,2026-09-26T21:00:29.054Z,2026-09-26,3069.81,3069.81,3879.666896,false,6715,neither,10,https://solscan.io/tx/4SEFdrUkF1xHHdwb2egfPJV52x9feP4xaPpburN6eEVDUCectGQWMCyisZvXkNcWk1adtwbmwuZgbYT1hwrpJiy
1999 Pokemon Base Set 1st Edition Red Cheeks Pikachu #58 PSA 9,51355186,Black Pack,2026-09-26T21:00:44.158Z,2026-09-26,2394.96,2394.96,2589.290297,false,2650,neither,9,https://solscan.io/tx/QqRq5JkSHQppE7C26iEdDBKuMHofFxwM21AESxUFVwPbp8xFdN44Mq58JPxBPRme8esWjmu2Sfc7ggJJFWP48Ee
2001 Pokemon Japanese Web 1st Edition Holo Moltres #43 PSA 10 GEM MINT,45380685,Black Pack,2026-09-26T21:00:51.783Z,2026-09-26,1546.59,1546.59,1546.588105,true,1470,neither,5,https://solscan.io/tx/SSFGwBwa5hNeBXqhYFqV8G94hxcmZxb4n388pe487jvYp5wpKefoo2GaWXcCyGQpRCstsquKJrTBHGVjrLgsbyj
2002 POKEMON JPN THE TOWN ON NO MAP 1ST ED #038 ZAPDOS-HOLO PSA 10,109432146,Black Pack,2026-09-26T21:01:02.231Z,2026-09-26,1721.47,1721.47,1757.68302,true,1650,neither,8,https://solscan.io/tx/3YNoJe1vw6a1QRmx8uuPrvBUptLzyCgTuTkqNqEU9Ffq1j95cJDaf8nPWNwiszAprAQKsjYKA8F5UfsrxFVPHvYj
2000 Topps Chrome Pokemon Tv Tekno Psyduck #54 PSA 8,128957481,Black Pack,2026-09-27T01:22:51.359Z,2026-09-27,1741.56,1741.56,1741.562246,true,1499,neither,17,https://solscan.io/tx/41xrLVmPqKdELLVtCJh4AJBjZ1jjUfmTdW1gbBv8ZdbGGYo8PrKEwGCzwKpf1f6V7mz37DdbnUQjKcEGe8s613Xe
2002 Pokemon Expedition Holo Raichu #25 BGS 9.5 GEM MINT,0012263162,Black Pack,2026-09-27T12:44:40.221Z,2026-09-27,1606.68,1606.68,2052.247095,false,5198,neither,124,https://solscan.io/tx/Bb7zc9oxVatPcCmn2n4t5zBcMAryz3LNusfWWu56q2S6K9LLK8QuEjzBeX4NHcSJgEN1MTkbxzWrBDGePdiFnsb
2010 Pokemon Reviving Legends Japanese Holo 1st Edition Umbreon #37 PSA 10,107175454,Black Pack,2026-09-27T14:43:15.746Z,2026-09-27,1944.84,1944.84,1944.840421,true,1525,neither,143,https://solscan.io/tx/5YGE7fuezXPVJ5FGqjT4MBvBEtwq4MLjvpURADzDpigNfKDLMidswodRZpz5GbrhunXos7Zf3WKKMcY97eh4a9rq
2016 Pokemon XY Japanese Promos Collabo Mignon Launch Campaign Pikachu #XYP PSA 10,49821969,Black Pack,2026-09-27T17:53:41.109Z,2026-09-27,2726.53,2726.53,2726.528,true,2300,neither,76,https://solscan.io/tx/4H2REXPuMdb2zEGo4NW8eMWzXNAhWaAPpwSa9dhxgb24mBxMSRCGz18wDSMYxmH3iBy7KAx4ZwZ7cTWW8hDnmsFb
2026 Pokemon Mega Evolution Ascended Heroes Mega Hyper Rare Mega Charizard Y Ex #294 PSA 10,159915556,Black Pack,2026-09-27T17:55:09.875Z,2026-09-27,1797.64,1797.64,1797.639715,true,1875,neither,41,https://solscan.io/tx/5WK4gUs1W93bDePXkyKLG67BtMhsCQnUKV7WMbZvPvFUwGyTj6WFmSkrPSsRimzGXMZK8VnzbnBA1iNjXDBGBwtc
1999 Pokemon Base Set Shadowless 1st Edition Devolution Spray #72 PSA 10 GEM MINT,41651883,Black Pack,2026-09-27T21:03:51.432Z,2026-09-27,1570.11,1570.11,1570.105229,true,1637.92,neither,26,https://solscan.io/tx/2tzQDYty2sLT9zrmpU7p5qQHS6NtaURVHM1PX5Q9pRmURc3c8duaDYwLsjJdkgynGSKooX2KjvLjMxkBFhV8FFyy
2005 Pokemon EX Unseen Forces Holo Entei Gold Star #113 BGS 8 NM-MT,0016772594,Black Pack,2026-09-27T21:04:13.201Z,2026-09-27,1677.54,1677.54,1677.540627,true,1991,neither,14,https://solscan.io/tx/4q51t5Rv5byyNWVGVRZdmcqDewKppmjvcNEATHDWc7Q6h3LpmhNBLjao2npweh426sqjr4NgdN1AwgauH11MCT7J
2004 Pokemon EX Fire Red & Leaf Green Holo Gyarados ex #109 CGC 10 GEM MINT,6099435046,Black Pack,2026-09-27T21:09:41.433Z,2026-09-27,1594.64,1594.64,1594.642818,true,4297,neither,11,https://solscan.io/tx/5gzwkPDSE6RYPuJiwGv8UHtDqdt6RxyzUKzrchMQq3PSwQR7LikmNZzZVZoEcDKTkH9m8j5iFRiPeJfgs9MgGmaW
2000 Pokemon Neo Genesis 1st Edition Holo Typhlosion #18 CGC 10 GEM MINT,6091943005,Black Pack,2026-09-27T21:09:59.553Z,2026-09-27,1529.07,1529.07,1529.074781,true,1690,neither,10,https://solscan.io/tx/42XtjnUn2x8PhPkqCN8rwK9XfHYo32NtuwHQXc6g7UV3HqEZheBYQYdqhKzLbt9MFDs9rxVyVtZdPxzGuaagpgbo
1999 Pokemon Base Set Shadowless 1st Edition Devolution Spray #72 PSA 10 GEM MINT,41651883,Black Pack,2026-09-27T21:10:15.821Z,2026-09-27,1570.11,1570.11,1570.105229,true,1637.92,neither,11,https://solscan.io/tx/4cbxG9H5rBj3wARccktrkftTPoL15vLgzd3UsYWKWZrPuXh1JMx3EUvWb93xC47E7CvY6aCSP1m7fwaidKSYRN26
2022 Pokemon Sword and Shield Lost Origin Giratina V #186 PSA 10,101343021,Diamond Pack,2026-09-27T21:11:16.362Z,2026-09-27,3168.69,3168.69,3168.689187,true,3793.94,neither,15,https://solscan.io/tx/4iEGM5jho1f4jjyfqi1JfB4yWSWZ6Diaig1yhypaQkAxgJaPJuMXJVuBUwsfzHXfa47Bi52V5vEG4SfTkGFoU5VG
2000 Pokemon Gym Challenge 1st Edition Holo Blaine's Charizard #2 BGS 9 MINT,0008201440,Black Pack,2026-09-27T21:11:43.110Z,2026-09-27,2746.27,2746.27,2746.26921,true,2100,neither,18,https://solscan.io/tx/3x55JbjrjkDiAKqWP9jM65G8VvdsJW59fdunkb5bCGo4ihhrp1hkFtJg1F7jBsJnZ1F4pRzLi5pJDGvMBVYLAHbc
2016 Pokemon Japanese XY Promo Premium Champion Pack Jirachi #235 PSA 10 GEM MINT,25917033,Diamond Pack,2026-09-27T21:12:57.581Z,2026-09-27,3448.04,3448.04,3448.038219,true,2700,neither,18,https://solscan.io/tx/3ydLttdtYRWFZAUXQqyPLDBLpw6URj5Jggm4aeUfcTaSGWsUXWQVh4aC4Fu64pSd6VNv75JZ23ZE62fwos8kGFU8
2016 POKEMON JPN XY PROMO #232 RAYQUAZA PSA 10,66264088,Diamond Pack,2026-09-27T21:13:23.876Z,2026-09-27,3616.27,3616.27,3616.269309,true,2025,neither,16,https://solscan.io/tx/5YkgYpu16txBiGcDG6GaPibs4xDq6TeC48Q3PcBjwymyYQorVb8bhpUPxoCMiugeT5xaxqcrPrT12qHnJFkhVaCn
2000 Pokemon Gym Challenge 1st Edition Holo Misty's Gyarados #13 PSA 10,29039255,Black Pack,2026-09-27T21:19:07.283Z,2026-09-27,5533.53,5533.53,5533.530204,true,8500,neither,318,https://solscan.io/tx/225oxm54FqtdGtHMqAKrxk7xKgk1StHaPtCkzPcsijPMa1hJA3MbLKVY98qgsvAvqoZK4MMiEBnUuvyZ6kvhhx6J
2003 Pokemon Skyridge Holo Crystal Kabutops #150 BGS 9.5 GEM MINT,0018827431,Diamond Pack,2026-09-27T21:22:15.019Z,2026-09-27,3503.06,3503.06,3503.061884,true,3800,neither,16,https://solscan.io/tx/w8yQVGvmw1srrjS7iLXiBb67L4mKJkjutWYnfK1eJ61kSyXR7xvRJze11DRcDfnwkitDWBzYEyzBTh4kPquajS7
2019 Pokemon Sun & Moon Promo Tag Team Tins Full Art Pikachu & Zekrom GX #SM168 PSA 10 GEM MINT,129175052,Diamond Pack,2026-09-27T21:22:35.625Z,2026-09-27,3436.75,3436.75,3436.754261,true,1700,neither,14,https://solscan.io/tx/5qmUXxzdCD9Ppq85zrrnPpJsmypWCdwTjUXtNPK1DnjqcXg3uHqcWiBdR7UQ46kyEvKaiXkjdEjv4C1y1DjsnpPE
2005 Pokemon Promo Japanese Mcdonalds Mudkip #83 PSA 10,103129130,Black Pack,2026-09-27T22:54:13.799Z,2026-09-27,2328.07,2328.07,,,1680,neither,26,https://solscan.io/tx/3PX1bvDZyDoRLUpXYtHC9QMjfzj9hoEVDg7MSBXq4yuVfg65hDUvnLMGXKuopMgT9veeL5VGv9AZpzo4sMFmxt8j
2007 Pokemon Dp Promo Dp Tag Battle Japanese Touch Exchange! #NNO PSA 10,102427650,Black Pack,2026-09-27T22:55:10.243Z,2026-09-27,1608.84,1608.84,1608.840438,true,3222,neither,19,https://solscan.io/tx/2oSyskB83Nph2uanxhbynA5JD1mWZ4oA3JMGrNPnQyg5cKschwg6HHse6me2Zs15TgYndHeezmhANZEK3hfkH3fu
2011 Pokemon Black & White Cracked Ice Holo Zoroark #71 PSA 10 GEM MINT,122653396,Black Pack,2026-09-27T22:55:48.857Z,2026-09-27,2558.14,2558.14,2558.135501,true,3179,neither,20,https://solscan.io/tx/2dWNfWVBhnGv7NFQqnkmZMd6PmXv98UJxzSJBRqZgQeRwVT9XfeqpaQQ861mAKKxcv6ahmb3gwELobvLX2wnRpkb
2012 Pokemon Japanese Black and White Dragon Blast 1st Edition Mew Ex #51 PSA 9,147804104,Black Pack,2026-09-28T19:23:57.204Z,2026-09-28,1841.42,1841.42,1841.423185,true,1020,neither,9,https://solscan.io/tx/5wi1Jv2i4UuDWQWGnpfUee7cDUvFprZMSF8VytEThtZNzPRS1q4xaBpXjaWN1Tt8Jv1LERoKCEMNF8kzG76XC6MM
2015 POKEMON JPN XY PROMO PIKACHU MEGA CAMPAIGN PONCHO-WEARING PIKACHU PSA 10,82283688,Black Pack,2026-09-28T19:24:00.566Z,2026-09-28,2586.4,2586.4,2586.404696,true,2130,neither,13,https://solscan.io/tx/2iA7GmE6gHUHp141yB3kEUw7aniwgjcn9HNiu1RrwE82pavKM6rRzefKYSshonr8oBqnSvmjtwJW3qiJuXEamdG3
2011 Pokemon Black and White Cracked Ice Holo Zoroark #71 PSA 10,122653413,Black Pack,2026-09-28T21:29:01.102Z,2026-09-28,2558.14,2558.14,2558.135501,true,6300,neither,35,https://solscan.io/tx/E4AXr1ddbUCP2xVtEpVJiUmzz8RjYoTtAqMdCoVi5KYu4rtpFMLnKhHL2W319j3rFkZUAkez8xJvcnBCJrXh2Fw
2000 Pokemon Japanese Neo Holo Typhlosion #157 PSA 10 GEM MINT,83688235,Black Pack,2026-09-28T21:37:19.167Z,2026-09-28,1646.73,1646.73,1646.725342,true,1475,neither,130,https://solscan.io/tx/5XfU3NCQAHcQcdGWuPQUr2wksTntvn93eZWaeK8PbvKRgppsuCzSPkNGXp7GZodm388goLp7HTA6gWUvsnNc4BRa
2023 Pokemon Scarlet & Violet Promo Obsidian Flames Center ETB Full Art Charmander #44 PSA 10,130185461,Black Pack,2026-09-28T23:57:55.071Z,2026-09-28,5905.36,5905.36,5905.355512,true,4800,neither,37,https://solscan.io/tx/2UHCKKZ1D9VC6wgvbhAXA9zmcdPeCBXHHGtN3PPmiBedmJ8yXJafMKDU4rza44XrHdds1cK9pb3CMHuqEYh8WqmK
2000 Pokemon Gym Heroes 1st Edition Holo Erika's Clefable #3 PSA 10,26449862,Black Pack,2026-09-28T23:58:31.556Z,2026-09-28,2635.56,2635.56,3167.222491,false,3850,under_90_both,22,https://solscan.io/tx/3VQMfDep5vyHtyon4Wr3Tb5qULdcjoWC1t1JjbD3VWEPUgEjag1kJhvwhQR32xs6CTaPKNezoJwa95ncqTiz99zM
1999 Pokemon Base Set Shadowless 1st Edition Holo Alakazam #1 PSA 9 MINT,18443031,Diamond Pack,2026-09-28T23:58:58.384Z,2026-09-28,5349.63,5349.63,5613.392065,false,4650,neither,19,https://solscan.io/tx/xH98Jm1qzjQgwmrykPWdg9fGP7TPpyMtwk8fMznAWFSL8g2coabwhmUpiLrxyPRsznbUddFWYMMcyhztUVRwfTb
2011 Pokemon Black & White Cracked Ice Holo Zoroark #71 PSA 10 GEM MINT,122653396,Black Pack,2026-09-29T00:03:38.016Z,2026-09-29,2558.14,2558.14,2558.135501,true,6300,neither,26,https://solscan.io/tx/62m9Zr4NF5Rc4fVzh6bn1YaMyNLpKY2pFYUVnM45Z6dqcw7YbRC9rjvLCBKEZEQTcZUdQszrJ7MKCTQeqQxnh84s
2019 Pokemon Sun and Moon Black Star Promo Tag Team Tins Pikachu/Zekrom Gx #SM168 PSA 10,115696789,Diamond Pack,2026-09-29T00:40:07.586Z,2026-09-29,3563.03,3563.03,,,1875,neither,15,https://solscan.io/tx/HsmS6D9Fbajt8PETM34exQzG7evv2XWxScG12gZ6x6awyV2FR7SLPFUTmUNRgjKrB2VjgZPMidYac5ZgoXTKpAx
2009 Pokemon Melee Scramble Japanese Lucario #12 PSA 10,138239741,Black Pack,2026-09-29T00:41:09.789Z,2026-09-29,2134.12,2134.12,2134.119189,true,2300,neither,9,https://solscan.io/tx/2CgCMT8wCsZjrrF4EnLs2fsp7u5iRj7NQBizGCQtSNa3ShDi6xX1fiCkMhbLtcMVSMq4fxswREtBhHNRXPaubP22
2000 Pokemon Team Rocket 1st Edition Holo Dark Dragonite #5 BGS 9.5 GEM MINT,0012787614,Black Pack,2026-09-29T01:50:24.190Z,2026-09-29,2054,2054,,,4100,neither,13,https://solscan.io/tx/5RxmNMQ53Cda31yhG6g7YprbSV4jjky3iJuyTT2tAWccRWuuXYV6FoRo4YzSHdobSDgtrYp6naNfbwJSTwms5cLH
2007 Pokemon Japanese Diamond & Pearl Dawn Dash 1st Edition Holo Leafeon LV.X PSA 10 GEM MINT,123068356,Black Pack,2026-09-29T01:50:46.001Z,2026-09-29,2180.73,2180.73,2391.7133,false,2400,neither,19,https://solscan.io/tx/2BjJB3suDwFJuwQ6bMTvoHkYNR4fwJ2DH9TUJbemC4RfRZPbixSCbHRit6rEi2peh8BEu1cByjqWuokYnbCxaVjN
2000 Pokemon Gym Challenge 1st Edition Holo Giovanni's Machamp #6 PSA 10,100147007,Black Pack,2026-09-29T01:50:59.931Z,2026-09-29,2121.429999,2121.43,1992.27786,false,3299.99,neither,11,https://solscan.io/tx/cGYKorMJSr8RiAWYL4iNmaj8NB4a6HX3sdBpGBsseUCaE2XVf5NdjnT97NK4k2NjMQSi5crQa8N4sQjAB9jdRBf
2015 Pokemon Japanese XY Promo Mega Campaign Poncho-Wearing Pikachu #203 BGS 9.5 GEM MINT,0018420306,Black Pack,2026-09-29T01:51:21.585Z,2026-09-29,1910,1910,,,1380,neither,-2,https://solscan.io/tx/4MNYi7mHXdr4rU6JkzpaiopMpiv3SCFPx7QmkNY6ULrz149hPRqo4tpgPT3tcQWtasMW2dbqPZ1ZcNcw5ykGm5Wt
2015 Pokemon Japanese XY Promo Mega Campaign Poncho-Wearing Pikachu #203 BGS 9.5 GEM MINT,0018420306,Black Pack,2026-09-29T01:51:34.884Z,2026-09-29,1910,1910,,,1380,neither,11,https://solscan.io/tx/524j2dR1Cb57G9s7253AK3xyNLCTFNHU2rQrsGgp8jhimS1h2pyKzhwS2vJxDFCuZS5sucf5AcvaT7MSzUdSsi1c
2001 Pokemon Neo Revelation 1st Edition Holo Blissey #2 BGS 9.5 GEM MINT,0014074466,Black Pack,2026-09-29T02:59:27.683Z,2026-09-29,1692.69,1692.69,1692.692592,true,4920,neither,-37,https://solscan.io/tx/3wDnUMH9PtR1j3xYGcKyRkohTbBv4DzFgrSUYBaun8MtWMKg6arZ1qJw7JbyffGzvc5kE6hY3pbPKuzc17Ji8pMX
2001 Pokemon Japanese Web 1st Edition Holo Moltres #43 PSA 10 GEM MINT,45380685,Black Pack,2026-09-29T02:59:41.321Z,2026-09-29,1546.59,1546.59,1546.588105,true,1470,neither,28,https://solscan.io/tx/4XZFLdzWBiSBX2q8K2Xm9nJQ15nJPXDinUcHiEc9Mznpu8Ggy8BBBqbcm5kdoKXujpSeefJyaGNnVDbfzEV7RbXH
2018 Pokemon Japanese Sun & Moon Promo Mimikyu Special Box Pikachu #199 PSA 10 GEM MINT,78947878,Black Pack,2026-09-29T02:59:53.698Z,2026-09-29,2635.83,2635.83,2635.832366,true,2950,neither,40,https://solscan.io/tx/27KZV8YdqfwdJiAwkyo7TxJaTrCe3CeJYKj7DpYVJocEvkEnLvnbiPwT8cezVzYYB8Dq9Nnr57H56GwJtLoZeGcy
2021 Pokemon Japanese SWSH Eevee Heroes Alt Art Sylveon VMAX #93 BGS 10 PRISTINE,0017652993,Black Pack,2026-09-29T03:00:01.043Z,2026-09-29,1556.73,1556.73,1556.733627,true,1875,neither,48,https://solscan.io/tx/HfY37gy5Re8M9zmFWXzLD4f2vDkCAzPezA2cW9KV2mkiKf5QaKynJn3pdNmFEYAUgpCiG2aahJTuZNX6Sriqw18
2001 Pokemon Neo Revelation 1st Edition Holo Blissey #2 BGS 9.5 GEM MINT,0014074466,Black Pack,2026-09-29T03:00:16.700Z,2026-09-29,1692.69,1692.69,1692.692592,true,4920,neither,12,https://solscan.io/tx/52oLQiJbz2mLav9fHEwCTVXMsvkmLtW1TsxAVakeHHrsYVLxzvJgmvvwDfsLzH1LFfhRTbPxEkNYqXhLGgF1NKYp
2021 Pokemon Sword and Shield Evolving Skies Secret Rare Rayquaza Vmax #218 PSA 10,156796215,Black Pack,2026-09-29T03:00:19.409Z,2026-09-29,2626.47,2626.47,2626.468173,true,2074.93,neither,15,https://solscan.io/tx/4gH2psK1nfYVGa1yzMfw7swEwt8ypisiyosJxsPzD4UK7Q1xKhSVMHapJELAVX5T9fqVsL1bgkT7qKHqyJ2fhkZz
1999 Pokemon Base Set French 1st Edition Holo Charizard #4 BGS 7.5,0020292532,Black Pack,2026-09-29T03:00:26.382Z,2026-09-29,2107.09,2107.09,2107.085202,true,1871,neither,22,https://solscan.io/tx/2y4UgygCBaRCeiSQNWXuEdyxJgBk1X93sEdZkU5WY1KP55w538fWdguG6j7MEAGwnaTDqrGDR93WhuzXfbaEzjFX
1999 Pokemon Base Set 1st Edition Red Cheeks Pikachu #58 PSA 9,51355186,Black Pack,2026-09-29T03:13:11.702Z,2026-09-29,2394.96,2394.96,2578.539168,false,2650,neither,18,https://solscan.io/tx/4Va814f8H25yG3ckZYhNPLkghfypnMinvWzmaNK7URz9ShezvXnCHPYttskGfbSb1jyMC3Ay2yJxvf1Nrm9ofTh7
2007 Pokemon Fan Club Promo Japanese 10000 Exp Points Holo Darkrai #007PPP PSA 10,41592726,Black Pack,2026-09-29T03:13:21.161Z,2026-09-29,1946.12,1946.12,1946.118842,true,2000,neither,6,https://solscan.io/tx/RK2FkS7Y9pKcx3ssk53bJTVjNKHPmmpCU8Jp342YRm4u4XzVC7hsrWdWMr5a6EuLcC6Stto5aqW9X3ajBFvaWYy
2001 Pokemon Japanese Web 1st Edition Holo Moltres #43 PSA 10 GEM MINT,45380685,Black Pack,2026-09-29T03:14:17.324Z,2026-09-29,1546.59,1546.59,1546.588105,true,1470,neither,109,https://solscan.io/tx/L7MLGT2ac4dtPexmpqj2PRZHTM5UeUqPXM5spxJukkgoAe3XhqmT6F7Mp49ZGkF35Lejqqk8Z4VwdpF9TFWHCqJ
2010 Pokemon Reviving Legends Japanese Holo 1st Edition Umbreon #37 PSA 10,107175454,Black Pack,2026-09-29T03:14:22.520Z,2026-09-29,1944.84,1944.84,1944.840421,true,1440,neither,105,https://solscan.io/tx/5jSx9u7sTRtjmULiTySemuroMC1W57ineK6JNpcNbiHy4tqt76U8bvyX5vtPGQXzpsvFcu4nPE2bConHTpbt9QBK
2001 Pokemon Neo Discovery Holo Umbreon #13 BGS 9,0018136903,Black Pack,2026-09-29T03:15:32.668Z,2026-09-29,1512.96,1512.96,1825.280055,false,1345,neither,12,https://solscan.io/tx/27quYcKg499LXVknvqebjAdMFZvaACVhv22ujpTBWnPwaeNtcZr13Ktuot6nvkVK9VDiogp77hk4YJTNArZ86fjx
2007 Pokemon Dp Promo Dp Tag Battle Japanese Touch Exchange! #NNO PSA 10,102427650,Black Pack,2026-09-29T07:48:11.713Z,2026-09-29,1608.84,1608.84,1608.840438,true,3223,neither,15,https://solscan.io/tx/35xWXWCe9vb8b2f13VtokFqbC8UniUEmK9XnHiBmqvV8dWD8PAVrcPApVFL3KHXDTQ3puCbVpVL9mZEF3LGuVZff
2009 Pokemon Melee Scramble Japanese Lucario #12 PSA 10,138239741,Black Pack,2026-09-29T07:55:56.328Z,2026-09-29,2134.12,2134.12,2134.119189,true,2300,neither,-18,https://solscan.io/tx/64hrBG2Y76fRuFV3v3mTmUrcaGKcA3KjdL4Ds9rX2HbDmq8jqqrDupjTQXVNDbn4u7nkbCbrjv6CDRY8BoZLkvrS
2009 Pokemon Melee Scramble Japanese Lucario #12 PSA 10,138239741,Black Pack,2026-09-29T07:56:31.237Z,2026-09-29,2134.12,2134.12,2134.119189,true,2300,neither,17,https://solscan.io/tx/2WfGtWKbCHbFUdXyH1m1FXvfqHk8AQfPPw4Yp5kkaCCBxWLKQhe9iq4iFngH3vnkjY1r8vonCcbogkWYeAiYrsgy
2001 Pokemon Neo Discovery Holo Umbreon #13 BGS 9,0018136903,Black Pack,2026-09-29T07:57:03.218Z,2026-09-29,1512.96,1512.96,1825.280055,false,1345,neither,19,https://solscan.io/tx/4pwhDtH6xFtxZvTBdMwzzzkuGUjNoDoL7exGBD3HMbZKRj327tzgYsppmqDmzPkiaYdT55cp5rZnECuivQ2d8p6N
2025 Pokemon Scarlet and Violet Black Star Promo Japanese Bwr Event Prize Victini #288SVP PSA 10,157617698,Black Pack,2026-09-29T08:00:15.968Z,2026-09-29,1548.15,1548.15,1488.308066,false,1170,neither,18,https://solscan.io/tx/5kHkrwUmB1174npiAF2BFqMaRcszNNzbqNuKqf2KLMXbvyXE5Sfdiz87ayyKrvA7gnt4JMjt7mPUb7ccHqnTYMMJ
2016 Pokemon XY Fates Collide Umbreon Ex #55 PSA 10,94914185,Black Pack,2026-09-29T08:00:35.723Z,2026-09-29,1598.29,1598.29,1277.839239,false,1250,over_110_both,16,https://solscan.io/tx/4AqNUu1zAzSzk9YgoMmKGv4ajfYWaUzbtbtViWPm1YjH6Ma13nLjfqTrAPF1JD9MYBsNFQxrQFYB9iXxjYn2ToMF
2006 Pokemon Ex Crystal Guardians Holo Charizard #4 PSA 9,41212941,Black Pack,2026-09-29T08:01:18.513Z,2026-09-29,2287.27,2287.27,2287.272936,true,2499,neither,-45,https://solscan.io/tx/5HstTShuP9EXtZUkB4EtoSixcCm7zwdm3KxkmFf4arCuT7QWeQDgsccLCK5AYb3rezoZyLefFMn7hskdJsyMGoE5
2007 Pokemon Fan Club Promo Japanese 10000 Exp Points Holo Darkrai #007PPP PSA 10,41592726,Black Pack,2026-09-29T08:01:39.210Z,2026-09-29,1946.12,1946.12,1946.118842,true,2000,neither,16,https://solscan.io/tx/4dGi8bEbefS41DLR6HEqa78TivzwEDjr21U9wHy4o4UR1DM3jMqfv1ozBsgdqxR1pf6Z5UDmv5WQCM4vd3XFTZni
2009 Pokemon Advent of Arceus Promo Japanese Holo Pikachu M Lv X #043DPtP PSA 9,141248369,Black Pack,2026-09-29T08:01:57.859Z,2026-09-29,1506.18,1506.18,1378.643452,false,1250,neither,15,https://solscan.io/tx/5j8ZwK8ZbijZsmgg8XtsVWrkAQP8f9zbX6LqiL3VKXn6n49YnruadV84Rr9QKCp8B4Z83RaoKkuCXswfXJ8ZPrYL
2006 Pokemon Ex Crystal Guardians Holo Charizard #4 PSA 9,41212941,Black Pack,2026-09-29T08:02:15.133Z,2026-09-29,2287.27,2287.27,2287.272936,true,2499,neither,12,https://solscan.io/tx/2kvDH6KsU2CT4JsjhkNDsvkXXE8k2sb2x5SdSSPmk8n1WK7P1kWo9xuKGwcF6TJjiAfJD4g4Rqf1d8MZsmmxr59M
2000 Pokemon Neo Genesis 1st Edition Holo Feraligatr #5 BGS 9.5,0013049273,Black Pack,2026-09-29T08:02:37.333Z,2026-09-29,1884.38,1884.38,1884.383148,true,38003,neither,18,https://solscan.io/tx/2wBVZPvXaTVJM1PnargN8f66KpwUL9MgqekCuH89tTy2mbA4c5wAXAKQaS92XUdemz7TfgnsqMbnS5ZQmawuRUQ3
2002 Pokemon Japanese Split Earth 1st Edition Holo Jolteon #37 PSA 10 GEM MINT,88660283,Black Pack,2026-09-29T08:03:10.529Z,2026-09-29,1796.45,1796.45,1796.45179,true,821,neither,27,https://solscan.io/tx/4WqrUr6HrCFAk5wVdbMVFo2MRu2mD4PBjUY8KSs5VMPXQ5Q3JS6rDtb2WwB98NJJUnGHbPEypDPiZdWyyQUgm4xp
2007 Pokemon Dp Promo Dp Tag Battle Japanese Touch Exchange! #NNO PSA 10,102427650,Black Pack,2026-09-29T08:03:33.297Z,2026-09-29,1608.84,1608.84,1608.840438,true,3223,neither,14,https://solscan.io/tx/54ejdLP8D4U9SqLA2Eioyq4HowHqB3DQi77wcPnSj7Y7ZhnppfWnWooJsK3N3tTh9pNxdk2N2GhUdMMAThvLgt32
2000 Pokemon Japanese Neo Holo Typhlosion #157 PSA 10 GEM MINT,83688235,Black Pack,2026-09-29T12:22:07.535Z,2026-09-29,1646.73,1646.73,1646.725342,true,1475,neither,31,https://solscan.io/tx/dpXgGEZhYFbSwfCZGUTUtj2fnGT1SWarrBf1AyxPRw9QL2zXrazSZ1bdgyZqfnS9ZWmjuGyA5JTWPXwL3gnuej3
2005 Pokemon EX Emerald Holo Rayquaza #9 CGC 10 GEM MINT,1401031793004,Black Pack,2026-09-30T10:00:02.077Z,2026-09-30,1815.29,1815.29,1815.285172,true,4046,neither,90,https://solscan.io/tx/2kYaM3Bxo6Pgzmb8Q9hTKKSW2EJfb8dKfgZh2znLY1HVjww7hmZb66nS6c1BuL3PfFnb4ohbASWVcmvhDFToYB66
2017 Pokemon the Best of XY Japanese Shauna #185 PSA 10,106274470,Black Pack,2026-09-30T10:03:12.690Z,2026-09-30,2595.13,2595.13,2595.132797,true,2037,neither,26,https://solscan.io/tx/gjzic4KkKM5ytvqdnLrsp4hK46evnCXnF2aLrbXEkfizcVSC8CYnZTKBYirCx6SVrZrzCGNGW8hg2zrzv1ZxwPP
2016 Pokemon XY Fates Collide Umbreon Ex #55 PSA 10,94914185,Black Pack,2026-09-30T10:03:54.980Z,2026-09-30,1598.29,1598.29,1242.21258,false,1325,over_110_both,26,https://solscan.io/tx/2Do4uuJktQMhDzsyTQj25wKPwNZDrv7ZzovEyeEuMyoznqciUeLfZaqqJCRfxfwGDK9ghbuC3MDeC9EYrPxeycji
2002 Pokemon Japanese Split Earth Holo Vaporeon #27 PSA 9 MINT,126913904,Black Pack,2026-09-30T10:18:10.256Z,2026-09-30,1771,1771,,,800,neither,21,https://solscan.io/tx/3qUPekc91ahMDXprQXVFesmxSZLvgHgJSYrts3RfVvm49CM68j5aSWWH3kQDAKFvQzCoUHb3nqy2xrVhUVr2uPjP
2019 Pokemon Sun and Moon Black Star Promo Tag Team Tins Pikachu/Zekrom Gx #SM168 PSA 10,93798187,Black Pack,2026-09-30T11:20:17.200Z,2026-09-30,1877.92,1877.92,1877.920144,true,1890,neither,27,https://solscan.io/tx/217LNArHARednaJsdqDKeDrdykqNK9DQhnSvbUioCrBATiz6r2q4eyF5u85NTBHGA1GRbxbDTnazgfXWoTRQUZiF
2016 POKEMON JPN XY PROMO #232 RAYQUAZA PSA 10,66264088,Diamond Pack,2026-09-30T14:05:21.641Z,2026-09-30,3616.27,3616.27,3616.269309,true,1974,neither,15,https://solscan.io/tx/5eeuF78WT66b5wyajKP3kmFub6XPxgbNSinwPWRbzqajB5HM7AkSBtDcGG4hzVioX1QXQaLcWBdrmiMYmEpdPPxi
"2007 Pokemon Japanese PPP Promo Fan Club 10,000 Points Holo Darkrai #7 PSA 10 GEM MINT",136003383,Black Pack,2026-09-30T14:05:47.408Z,2026-09-30,1911.59,1911.59,1911.590865,true,2000,neither,15,https://solscan.io/tx/48iXGUZ2txNFu984hbpQpyKWmerjsSDwzR2Ypi3pCWcLnf3hgjFZFoSfMcM8S7E97N2AZt3LtWthTvumi55QxaiP
2005 Pokemon EX Unseen Forces Holo Entei Gold Star #113 BGS 8 NM-MT,0016772594,Black Pack,2026-09-30T14:06:06.339Z,2026-09-30,1677.54,1677.54,1677.540627,true,2093,neither,14,https://solscan.io/tx/K4LgRL8XJ26j1NErCpLGGqRRRYaPATad37vgqr2DEcr1YDhC3CSvemDn4arKgfEKBpXuy9qod5dpGnJTWe5wjTe
2026 Pokemon Mega Evolution Ascended Heroes Mega Hyper Rare Mega Charizard Y Ex #294 PSA 10,159915556,Black Pack,2026-09-30T14:06:19.438Z,2026-09-30,1797.64,1797.64,1797.639715,true,1780,neither,10,https://solscan.io/tx/2VXSwxYVPGemvyNwffWzf9b4BbCCpracDqn7sHJoRbnExaUGzi9RwPUQFZG95sLE1eWk1V5VEGg74gHtYiVcU4z6
2021 Pokemon Japanese SWSH Eevee Heroes Alt Art Sylveon VMAX #93 BGS 10 PRISTINE,0017652993,Black Pack,2026-09-30T16:24:15.473Z,2026-09-30,1556.73,1556.73,1556.733627,true,1903,neither,126,https://solscan.io/tx/2jPsBzYU1DkGcY6mgTQyqgJYBS2k7yQcCAsWdvPQwtRwBJXqfPrWNJp6z2N7D4UqVamedKCETq6YhM3fpSNvzmk4
2023 Pokemon Sword and Shield Black Star Promo Prerelease Staff Holo Gengar #241 PSA 9,156657366,Black Pack,2026-09-30T16:24:15.474Z,2026-09-30,2361.33,2361.33,2361.334552,true,2275,neither,18,https://solscan.io/tx/2QdEE6HSRhCFTWCNaW7MzHhxjxCffaUJudgXs7PhRywh5s5PNqi9LRiR239NNSk13zdxMxuePnRRBWKje9FQSHYj
2016 Pokemon XY Fates Collide Umbreon Ex #55 PSA 10,94914185,Black Pack,2026-09-30T16:24:36.573Z,2026-09-30,1598.29,,1242.21258,false,,neither,,https://solscan.io/tx/2sKrEH73UKevcnsVFHE5Aa7Nzi3suUhK4VCNPVaqXvGF7xt8ZKL76SMDBUgkJqLHVnxgECFyhrJetMicFX8jRSrf
2007 Pokemon Fan Club Promo Japanese 10000 Exp Points Holo Darkrai #007PPP PSA 10,41592726,Black Pack,2026-09-30T16:24:51.666Z,2026-09-30,1946.12,1946.12,1946.118842,true,2000,neither,12,https://solscan.io/tx/2hgAPhX2KSgoSxXE4am5uaUkeqMsgXSCN5U2sa1PZfjeZJVhUsqhFG4yghYDRQ5vX6M3VJS26JAoc4BNBJDAmTn2
2015 POKEMON JPN XY PROMO PIKACHU MEGA CAMPAIGN PONCHO-WEARING PIKACHU PSA 10,82283688,Black Pack,2026-09-30T16:26:15.737Z,2026-09-30,2586.4,2586.4,2586.404696,true,2650,neither,19,https://solscan.io/tx/vWpNmasCdAhRFi1HSw7woaJuxi5SCzD2mDdFTYi6uyeFnjvr6DNJk8qZH2VeV8ATKttacn2Sv6gp3WtvLCPSVCn
2022 Pokemon Sword and Shield Lost Abyss Japanese Giratina V #111 BGS 9.5,0014992117,Black Pack,2026-09-30T16:26:36.555Z,2026-09-30,1624.61,1624.61,1624.606768,true,1100,neither,17,https://solscan.io/tx/VTn5eXE8i2SEQjYUjsUoULRTwBRyZvh7fT2iiAiH7aAR4tTpJiXAzp9pzAfaE887QgQAEXdx7hzrCNLRXrvduWJ
2002 Pokemon Expedition Holo Raichu #25 BGS 9.5 GEM MINT,0012263162,Black Pack,2026-09-30T16:30:44.908Z,2026-09-30,1606.68,1606.68,2047.597315,false,5198,neither,14,https://solscan.io/tx/32WNJJRDTfruXERksrFdgq1Xea93AVDmB72ar53ESswL31e2kZT8zLBiUxKH8jKonRBWDm8dV5mjQ4WFpgNwtHEb
2025 Pokemon Mega Evolution Phantasmal Flames Special Illustration Rare Mega Charizard X Ex #125 PSA 10,156188662,Black Pack,2026-10-01T01:20:21.851Z,2026-10-01,1766.45,1766.45,1766.454856,true,1539,neither,38,https://solscan.io/tx/4XcBsND1s1eRZsNTGQ5x3a7GKam5yz15jcFSDoB8Vin9MFj7myEbRbUPAFNRm7Zfp5frJbHCs8u3T7NHHvD3U9u9
2000 Pokemon Team Rocket 1st Edition Holo Dark Dragonite #5 BGS 9.5 GEM MINT,0012787614,Black Pack,2026-10-01T13:16:49.642Z,2026-10-01,2054,2054,,,4100,neither,508,https://solscan.io/tx/5q2sHtYmWWv5hHJTTnANRvZnvCa5nzX8XYMNkXBXv2byAkVNSwD3dK1DHVeLkToD88LbGaWoNGrZjTQemoRqx89f
2015 Pokemon Japanese XY Promo Mega Campaign Poncho-Wearing Pikachu #203 BGS 9.5 GEM MINT,0018420306,Black Pack,2026-10-01T18:45:30.910Z,2026-10-01,1910,1910,,,1380,neither,100,https://solscan.io/tx/yq7QQ73jDVGS6s9xhnL5c5v4PwJFxnSRM7MQcc5DMTe727nmi94FioZDtzfTujPkGwoKtKK5b84WBXLJTyHhL1b
"2007 Pokemon Japanese PPP Promo Fan Club 10,000 Points Holo Darkrai #7 PSA 10 GEM MINT",136003383,Black Pack,2026-10-01T23:01:13.307Z,2026-10-01,1911.59,1911.59,1911.590865,true,2000,neither,64,https://solscan.io/tx/P69gKUkyEZuF928gPDnBv8BZxyUqtaZ1C1FWbYhb8FKM2hmtaPeLqGhRaxu1Bc2saRspSQyXggeB94yAU3RJFG1
2019 Pokemon Sun and Moon Black Star Promo Tag Team Tins Pikachu/Zekrom Gx #SM168 PSA 10,93798187,Black Pack,2026-10-01T23:06:58.783Z,2026-10-01,1877.92,1877.92,1877.920144,true,1890,neither,409,https://solscan.io/tx/3eZ6spkprYmUs6vnKR9L9JV31zmywPMnC72b5XL7Phju39DNzhGKNyMTwezVay2EdrDBPxY5rQmG3dtuw7mHGJFY
2000 Pokemon Team Rocket 1st Edition Holo Rainbow Energy #17 PSA 10,18447149,Black Pack,2026-10-02T01:45:50.666Z,2026-10-02,1912.33,1912.33,1912.330313,true,1710,neither,15,https://solscan.io/tx/5a3gaJFodVvrAtbr5HqzFUtAdspS3DqZmTWu7ANgdjUKY55SggmM4mn6moq9AZMGP4ogDcGHKHaNLtbi18phVnfN
2000 Topps Chrome Pokemon Tv Tekno Psyduck #54 PSA 8,128957481,Black Pack,2026-10-02T21:44:37.471Z,2026-10-02,1741.56,1741.56,1741.562246,true,1589,neither,66,https://solscan.io/tx/2fW9vVUvUJuZvHy9C6MGrkG1z2xmZw3TC5puvFMjbaX2dHyrz3KocT2saJEWYbKSiGmaEtjTrssp5PnDHZYjas95
2019 Pokemon Sun & Moon Promo Tag Team Tins Full Art Pikachu & Zekrom GX #SM168 PSA 10 GEM MINT,129175052,Diamond Pack,2026-10-03T00:16:27.540Z,2026-10-03,3436.75,3436.75,3436.754261,true,1890,neither,17,https://solscan.io/tx/2dqGADNXM126ww9J4eke5pU7UZ2rP68UJhS6KADxbbcTNzQDHYCJ8ocXLhkfieRjmrUtUbqwWtUg6ArzRYuprHNi
1999 Pokemon Base Set Holo Charizard #4 PSA 9 MINT,26031933,Diamond Pack,2026-10-03T00:17:01.195Z,2026-10-03,3321.52,3321.52,3321.516557,true,3525,neither,19,https://solscan.io/tx/5mcXBobh8c4SJdrbsYCKVU29Ppt46YYyKPvFNhc7gkG1puhnMAKe4Vztonk1K9fY1s676mqkbmEG1Q1GLHpzKxTj
2026 Pokemon Mega Evolution Ascended Heroes Mega Hyper Rare Mega Charizard Y Ex #294 PSA 10,159915556,Black Pack,2026-10-03T04:55:20.088Z,2026-10-03,1797.64,1797.64,1797.639715,true,1875,neither,20,https://solscan.io/tx/2PkzmtP81dUhLBTdrcYYmTZjXq163j6HjCNV2DXNfHQ9KFugy8wWHeRAUxjfsHchAYuJELwbJjE6xYzoi7BCVMNY
2002 Pokemon Japanese Split Earth 1st Edition Holo Jolteon #37 PSA 10 GEM MINT,88660283,Black Pack,2026-10-03T04:56:01.768Z,2026-10-03,1796.45,1796.45,1796.45179,true,821,neither,39,https://solscan.io/tx/4wRgXDFVBbYg8oKkmK5LEM4QT65ZgfB1p9w2crVGvFQjaMoykkh5Y1W7uHxeTxae2apXWAHAarSmzHrWmrc5zPMR
2018 Pokemon Japanese Sun & Moon Promo Mimikyu Special Box Pikachu #199 PSA 10 GEM MINT,78947878,Black Pack,2026-10-03T04:56:20.048Z,2026-10-03,2635.83,2635.83,2635.832366,true,2660,neither,6,https://solscan.io/tx/5HqZMF7pXFL1WW6HQPCVq9qDUBaD7CnnPVtueJcDnGjs47Ry79tpfxrvNCen6VzpVESyDeDCR7FYLLqyseXbzM6C
2016 Pokemon XY Japanese Promos Collabo Mignon Launch Campaign Pikachu #XYP PSA 10,49821969,Black Pack,2026-10-03T04:56:30.274Z,2026-10-03,2726.53,2726.53,2726.528,true,2300,neither,7,https://solscan.io/tx/3afsamJQxDEo17E2Z7nCYTeQNky7NaMHrrTy9TD4nPtjwtHJ2rtTZeuYxXYhQQ2YyVjLKYBD6hBHTbxXzUEVXtET
1999 Pokemon Base Set Shadowless 1st Edition Holo Chansey #3 BGS 9 MINT,0010619629,Black Pack,2026-10-03T04:56:44.816Z,2026-10-03,2506.13,2506.13,2506.129689,true,2619,neither,12,https://solscan.io/tx/4kAXKHW2MV9sPApUgBFMUPhzdab9edwfjaUr9MkNBHuwhyreGGiV8ckFENXAnATWybz9ueudbHa1kwSAr2GGxxam
2017 Pokemon Japanese SM Promo Reopening Tohoku's Pikachu #088 PSA 10 GEM MINT,49658735,Black Pack,2026-10-03T04:56:55.145Z,2026-10-03,1734.84,1734.84,1734.842085,true,1587.78,neither,6,https://solscan.io/tx/5Yx3b5rtsX93ynhAZM969dRd7o6bnXLKAMRjz9sk9EUJWRzsUeGfDNdWZMUZt7RPTk6R6tAuYRvt1oJbkmjvLqUd
2005 Pokemon EX Emerald Holo Rayquaza #9 CGC 10 GEM MINT,1401031793004,Black Pack,2026-10-03T04:57:02.298Z,2026-10-03,1815.29,1815.29,1815.285172,true,4150,neither,5,https://solscan.io/tx/2p2GfKHodHjatHBoshyXXqocNgd5Yn7MMzq3XmHu5PPPjGGPbQu28HYUcx8aWtSQCdcNrHTqEEvX7JWV51UQZoZ1
2000 Pokemon Team Rocket 1st Edition Holo Dark Raichu #83 BGS 9.5 GEM MINT,0013193355,Black Pack,2026-10-03T04:57:36.896Z,2026-10-03,1805.39,1805.39,1805.385972,true,1999.99,neither,30,https://solscan.io/tx/oiBfEkWbmVFet9HLrqKLPm72wsYBU9gZP58yHkWEjheqYgCpScBLWBeimWQJUcj8B6VjLgCgtfQbAdpbWt6VSpB
"2007 Pokemon Japanese PPP Promo Fan Club 10,000 Points Holo Darkrai #7 PSA 10 GEM MINT",136003383,Black Pack,2026-10-03T04:59:31.356Z,2026-10-03,1911.59,1911.59,1911.590865,true,1753.2,neither,14,https://solscan.io/tx/4CiPeQyJNsPtrmS8LNminZiXRDZpBBkKPs2iWKD1zotpjS3SAapYvdFsN7XoAYwc6BMZo9JSyW5CAGV1qayYpo11
2002 Pokemon Japanese Split Earth 1st Edition Holo Jolteon #37 PSA 10 GEM MINT,88660283,Black Pack,2026-10-03T05:00:00.635Z,2026-10-03,1796.45,1796.45,1796.45179,true,821,neither,58,https://solscan.io/tx/2K7NEtu5o1PScwgqybfZTtsatNzYEGMKrh2ZYNFRzXGkKKstyeiFEku4kFBVFZdkrio8gsb83evv4WgqZ6opoefQ
2025 Pokemon Japanese Mega Inferno X MUR Mega Charizard X ex #116 PSA 10 GEM MINT,159992355,Black Pack,2026-10-03T05:00:38.074Z,2026-10-03,2238.43,2238.43,2238.426403,true,2774.26,neither,-46,https://solscan.io/tx/28E1xYe6jDFBq3acNusnpJkSAxcF18EecS6bb4h4erPmo7yeaJEW4RHwTcL5C8MXnhV6k56HAXK7e1vMdTNTsaiG
2001 Pokemon Neo Revelation 1st Edition Holo Shining Gyarados #65 CGC 8,6173920003,Black Pack,2026-10-03T05:00:42.360Z,2026-10-03,2719.21,2719.21,2719.207103,true,3061,neither,85,https://solscan.io/tx/23HGVoEjj1Wf2sXpXbz386ktvTmhjfPTZDuuFuDg3MistcFFwj6tte2N9X8zab29FwbvrtzZkYCan8HqbCVvPLBX
2005 Pokemon EX Emerald Holo Rayquaza #9 CGC 10 GEM MINT,1401031793004,Black Pack,2026-10-03T05:01:02.832Z,2026-10-03,1815.29,1815.29,1815.285172,true,4150,neither,9,https://solscan.io/tx/5PDR1rvreCoxK5edpNzXXPHRYD7DHDNj6NoSLWrWrNcJ4rPhMPc7Lxbq92BGbxvWjcL7ACwaXAg1kMsYEuPPq3f8
2011 Pokemon Black & White Cracked Ice Holo Zoroark #71 PSA 10 GEM MINT,122653396,Black Pack,2026-10-03T05:01:09.346Z,2026-10-03,2558.14,2558.14,2558.135501,true,6300,neither,15,https://solscan.io/tx/eykae2Zy9k7oJxhdXvdDAKoknrZ8tDUmrNhJ6TgkkprVzpy5h8tPSNCi967294BQdDKjvHzXrhZkTy6xVVfb73G
2021 Pokemon Japanese SWSH Eevee Heroes Alt Art Sylveon VMAX #93 BGS 10 PRISTINE,0017652993,Black Pack,2026-10-03T05:01:12.724Z,2026-10-03,1556.73,1556.73,1556.733627,true,1868,neither,19,https://solscan.io/tx/2p8KWuoK5X7qE48TRbt1mqaZtw9i6Die7bYHd2vrmD25v5gVR3xeRYtaGnbKkGqSju5CveZDZWddfcTnJKB4C6Aa
2001 Pokemon German Neo Revelation 1st Edition Holo Shining Gyarados #65 BGS 6 EXMT,0019975466,Black Pack,2026-10-03T05:01:19.595Z,2026-10-03,1853.9,1853.9,1853.899328,true,2394,neither,26,https://solscan.io/tx/jkorVx1xqtaa1eZmuTefRiG5siqqBR76yRgg4ZmuhDKhnHaXeb5qfvSXLszDUZACKokg43brcnZ3zZivQ6T5BcS
2025 Pokemon Japanese Mega Inferno X MUR Mega Charizard X ex #116 PSA 10 GEM MINT,159992355,Black Pack,2026-10-03T05:01:46.737Z,2026-10-03,2238.43,2238.43,2238.426403,true,2774.26,neither,22,https://solscan.io/tx/4vxJA8kmnYFRZX7vZzETT5jbA1VnuDkMmnZRtZ6Nrs97o4tiwXVFf1VxNmio19MMtui5WutHRyR3MzDTUUtznQma
2010 Pokemon Reviving Legends Japanese 1st Edition Holo Umbreon #37 PSA 10,84200505,Black Pack,2026-10-03T05:01:54.681Z,2026-10-03,1944.84,1944.84,1944.840421,true,1700,neither,30,https://solscan.io/tx/5RnBAneDyN4cMosuXTS9De8MaTGJfU5HoV5GdsWXQPCPa3F8xJLusuaFmqLFmqAsPAeqiLorub2AfYGbSj7TMk33
2025 Pokemon Scarlet and Violet Prismatic Evolutions Special Illustration Rare Umbreon Ex #161 PSA 10,162283231,Black Pack,2026-10-03T05:01:57.097Z,2026-10-03,5623.82,5623.82,5623.82413,true,5399,neither,33,https://solscan.io/tx/XezytL8QFbk2vFVEGp3jQ1dSEZkuDzwPJZKS19n11Jj2nBY78DpRpzM9Ty2p8x1iH7f1QGRiqXjWSkMZBAoVNtc
1999 Pokemon Base Set Shadowless 1st Edition Devolution Spray #72 PSA 10 GEM MINT,41651883,Black Pack,2026-10-03T05:03:01.194Z,2026-10-03,1570.11,1570.11,1570.105229,true,2189,neither,32,https://solscan.io/tx/VhnSUMEEJbC6zyb6YmCyW7hFMBeohvbaGh4sneTeHGUKAM3sJGuGqo5GHcz6HxCTADmMVi7MTRan3S1Axgg5cLe
2009 Pokemon Melee Scramble Japanese Gyarados #6 PSA 10,73766638,Black Pack,2026-10-03T05:03:29.571Z,2026-10-03,5964.4,5964.4,5964.403939,true,3800,neither,60,https://solscan.io/tx/2BG3FpT24ARqnMtW7CXpHeT1Jdbpz3VRAUMtqfCRzgk4S5Mw3DcV2WZH1mFaDkDKSnKmajN1nkwujMcS56KNcrkS
